student_key,course_key,avg_score_so_far,max_score_so_far,min_score_so_far,pass_assessment_count,latest_assessment_score,fail_assessment_count,early_exercise_avg,late_exercise_avg,assignment_avg_score,score_trend,academic_period_key,snapshot_date,risk_label
2,1,70.53999999999999,100.0,0.0,10,44.8,5,95.0,72.0,34.9,-23.0,1,2026-07-01,1
4,1,83.28666666666666,100.0,60.0,15,61.9,0,79.0,98.0,68.95,19.0,1,2026-07-01,1
5,1,86.00666666666666,100.0,10.0,14,93.05,1,71.0,97.0,91.525,26.0,1,2026-07-01,0
7,1,53.53333333333333,80.0,31.0,9,68.0,6,51.0,59.0,49.5,8.0,1,2026-07-01,1
8,1,57.940000000000005,94.0,0.0,11,71.05,4,46.0,52.0,82.525,6.0,1,2026-07-01,1
9,1,67.83733333333333,100.0,0.0,12,52.28,3,94.0,40.0,70.14,-54.0,1,2026-07-01,0
10,1,60.08181818181818,95.0,10.0,6,84.7,5,56.25,70.0,64.85,13.75,1,2026-07-01,1
11,1,77.07142857142857,100.0,0.0,12,0.0,2,88.0,78.0,55.333333333333336,-10.0,1,2026-07-01,1
12,1,79.43333333333334,100.0,40.0,14,87.0,1,86.0,79.0,71.0,-7.0,1,2026-07-01,0
13,1,98.49333333333334,100.0,88.7,15,88.7,0,100.0,100.0,94.35,0.0,1,2026-07-01,0
14,1,82.82142857142857,100.0,0.0,13,0.0,1,90.0,91.0,54.66666666666666,1.0,1,2026-07-01,0
15,1,88.74666666666667,100.0,70.0,15,81.1,0,92.0,94.0,77.05,2.0,1,2026-07-01,0
16,1,68.83333333333333,100.0,0.0,12,20.25,3,86.0,66.0,49.125,-20.0,1,2026-07-01,0
17,1,35.857142857142854,100.0,0.0,3,0.0,4,73.33333333333333,0.0,3.0,0.0,1,2026-07-01,1
18,1,0.0,0.0,0.0,0,0.0,6,0.0,0.0,0.0,0.0,1,2026-07-01,1
19,1,93.65333333333334,100.0,70.0,15,93.15,0,90.0,97.0,94.075,7.0,1,2026-07-01,0
20,1,53.875,100.0,20.0,4,65.0,4,100.0,20.0,47.25,-80.0,1,2026-07-01,1
21,1,67.8875,100.0,26.5,7,62.3,1,97.5,70.0,62.9,-27.5,1,2026-07-01,0
22,1,96.584,100.0,88.13,15,88.13,0,98.0,97.0,94.065,-1.0,1,2026-07-01,0
23,1,85.1,100.0,55.5,15,74.0,0,94.0,91.0,64.75,-3.0,1,2026-07-01,0
24,1,83.38888888888889,100.0,38.5,8,75.5,1,96.25,0.0,81.75,0.0,1,2026-07-01,1
25,1,77.36,100.0,46.2,13,46.2,2,81.0,83.0,64.6,2.0,1,2026-07-01,1
26,1,38.083333333333336,70.0,0.0,4,0.0,8,56.66666666666666,36.0,24.0,-20.666666666666664,1,2026-07-01,1
27,1,51.68461538461538,80.0,30.0,6,46.45,7,60.0,50.0,44.225,-10.0,1,2026-07-01,1
28,1,26.125,95.0,0.0,1,0.0,3,0.0,95.0,0.0,0.0,1,2026-07-01,1
29,1,75.61428571428571,100.0,56.05,14,56.05,0,83.0,85.0,57.025,2.0,1,2026-07-01,0
30,1,41.66666666666666,95.0,5.5,4,5.5,5,52.5,0.0,36.0,0.0,1,2026-07-01,1
31,1,90.15333333333334,100.0,65.8,15,65.8,0,97.4,90.0,80.4,-7.400000000000006,1,2026-07-01,0
32,1,84.09285714285714,100.0,59.0,14,59.4,0,91.25,98.0,59.2,6.75,1,2026-07-01,0
33,1,88.39666666666668,100.0,60.0,15,91.3,0,78.0,100.0,86.7375,22.0,1,2026-07-01,1
34,1,76.96153846153847,100.0,20.0,11,83.0,2,81.0,73.33333333333333,78.25,-7.666666666666671,1,2026-07-01,1
35,1,84.97333333333333,100.0,70.35,15,70.35,0,87.8,90.0,74.175,2.200000000000003,1,2026-07-01,1
36,1,67.6,90.0,35.0,13,64.5,2,67.0,63.0,74.75,-4.0,1,2026-07-01,0
37,1,77.27142857142857,95.0,55.0,14,81.4,0,79.0,73.75,80.7,-5.25,1,2026-07-01,0
38,1,67.25333333333333,92.0,35.0,12,79.65,3,62.0,59.0,85.825,-3.0,1,2026-07-01,1
39,1,81.94266666666667,100.0,61.57,15,61.57,0,94.0,82.0,65.285,-12.0,1,2026-07-01,0
40,1,62.392857142857146,100.0,19.0,12,19.0,2,75.0,72.5,35.5,-2.5,1,2026-07-01,1
41,1,38.9,60.0,0.0,5,46.0,5,40.0,55.0,30.666666666666668,15.0,1,2026-07-01,1
42,1,84.34615384615384,100.0,60.0,13,60.0,0,91.0,93.33333333333331,72.0,2.3333333333333286,1,2026-07-01,0
43,1,82.27857142857144,100.0,45.0,13,85.95,1,85.0,88.0,73.475,3.0,1,2026-07-01,1
44,1,83.9076923076923,100.0,67.9,13,67.9,0,93.0,88.33333333333333,71.95,-4.666666666666671,1,2026-07-01,0
45,1,89.08666666666666,100.0,65.0,15,79.15,0,88.0,92.0,86.575,4.0,1,2026-07-01,0
46,1,72.78666666666666,90.0,40.0,14,69.65,1,69.0,82.0,65.325,13.0,1,2026-07-01,1
47,1,83.44666666666667,100.0,60.0,15,75.85,0,81.0,87.0,81.925,6.0,1,2026-07-01,1
48,1,72.25733333333332,100.0,25.0,12,51.43,3,86.0,56.0,75.715,-30.0,1,2026-07-01,1
49,1,63.333333333333336,100.0,29.0,8,64.5,1,65.0,80.0,62.75,15.0,1,2026-07-01,1
50,1,46.2,84.0,20.0,6,51.3,7,40.0,33.333333333333336,67.65,-6.666666666666664,1,2026-07-01,0
51,1,87.73571428571428,100.0,50.0,14,97.9,0,89.0,82.5,93.95,-6.5,1,2026-07-01,0
52,1,71.03333333333333,100.0,50.0,15,68.0,0,82.0,67.0,61.5,-15.0,1,2026-07-01,0
53,1,57.03333333333333,100.0,19.7,7,19.7,5,72.0,50.0,44.6,-22.0,1,2026-07-01,1
54,1,74.99230769230769,100.0,30.0,10,76.45,3,67.5,97.5,62.225,30.0,1,2026-07-01,1
55,1,45.13636363636363,75.0,0.0,4,44.0,7,48.75,20.0,59.5,-28.75,1,2026-07-01,1
56,1,78.56666666666666,100.0,0.0,14,84.0,1,92.0,59.0,87.0,-33.0,1,2026-07-01,0
57,1,57.333333333333336,100.0,10.0,5,62.0,1,100.0,0.0,58.5,0.0,1,2026-07-01,1
58,1,26.375,55.0,0.0,4,53.75,8,17.5,6.666666666666667,54.375,-10.833333333333332,1,2026-07-01,1
59,1,55.67777777777778,85.0,29.0,6,36.05,3,78.33333333333333,55.0,45.525,-23.33333333333333,1,2026-07-01,1
60,1,90.91333333333334,100.0,80.0,15,84.15,0,91.8,91.0,89.575,-0.7999999999999972,1,2026-07-01,0
61,1,91.0,100.0,60.0,15,80.0,0,98.0,88.0,85.5,-10.0,1,2026-07-01,0
62,1,74.58,95.0,50.0,15,88.35,0,79.0,69.0,76.175,-10.0,1,2026-07-01,1
63,1,79.5,100.0,40.0,13,65.5,1,88.0,75.0,74.75,-13.0,1,2026-07-01,1
64,1,48.73,80.0,10.0,7,65.65,3,40.0,50.0,61.325,10.0,1,2026-07-01,1
65,1,83.24666666666667,95.0,58.0,15,88.4,0,83.8,90.0,73.2,6.200000000000003,1,2026-07-01,0
66,1,74.21333333333334,100.0,30.0,14,72.35,1,66.0,77.0,81.675,11.0,1,2026-07-01,1
67,1,87.22666666666667,100.0,67.7,15,67.7,0,96.0,86.0,76.85,-10.0,1,2026-07-01,0
68,1,75.48666666666666,100.0,30.0,12,41.65,3,72.0,90.0,60.325,18.0,1,2026-07-01,1
69,1,71.59466666666667,100.0,47.21,13,47.21,2,74.0,75.0,63.605,1.0,1,2026-07-01,0
70,1,95.83733333333332,100.0,88.28,15,88.28,0,98.0,96.0,92.64,-2.0,1,2026-07-01,0
71,1,54.642857142857146,80.0,0.0,10,66.0,4,55.0,42.0,73.0,-13.0,1,2026-07-01,1
72,1,75.97333333333333,100.0,40.0,14,96.3,1,80.0,62.0,89.65,-18.0,1,2026-07-01,0
73,1,53.4,100.0,0.0,5,0.0,5,80.0,75.0,9.333333333333334,-5.0,1,2026-07-01,1
74,1,76.5,95.0,30.0,14,50.0,1,76.0,81.0,71.0,5.0,1,2026-07-01,0
75,1,73.39285714285714,100.0,40.0,11,41.0,3,70.0,93.75,57.5,23.75,1,2026-07-01,0
76,1,64.23333333333333,100.0,20.0,11,45.0,4,76.0,61.0,52.5,-15.0,1,2026-07-01,0
77,1,70.47,100.0,38.0,9,89.35,1,70.0,100.0,71.675,30.0,1,2026-07-01,0
78,1,76.72142857142856,100.0,50.0,14,73.3,0,71.25,78.0,82.9,6.75,1,2026-07-01,1
79,1,70.85714285714286,100.0,40.0,13,63.0,1,86.0,65.0,58.25,-21.0,1,2026-07-01,0
80,1,81.77333333333333,100.0,65.0,15,79.3,0,86.0,78.0,81.15,-8.0,1,2026-07-01,0
81,1,35.906666666666666,75.0,10.0,4,48.8,11,15.0,55.0,38.4,40.0,1,2026-07-01,1
82,1,92.12666666666668,100.0,70.0,15,88.7,0,90.0,93.0,93.85,3.0,1,2026-07-01,0
83,1,68.04,100.0,40.0,12,45.3,3,69.0,79.0,51.65,10.0,1,2026-07-01,1
84,1,83.09333333333333,100.0,69.0,15,70.2,0,84.0,92.0,69.6,8.0,1,2026-07-01,0
85,1,69.76666666666667,100.0,0.0,10,0.0,5,79.0,100.0,15.5,21.0,1,2026-07-01,1
86,1,57.76666666666667,100.0,20.0,8,68.1,4,65.0,43.333333333333336,66.05,-21.666666666666664,1,2026-07-01,1
87,1,59.17857142857143,100.0,0.0,9,56.0,5,55.0,75.0,49.0,20.0,1,2026-07-01,1
88,1,74.33333333333333,100.0,0.0,7,86.5,2,75.0,0.0,84.75,0.0,1,2026-07-01,0
89,1,14.0,38.0,0.0,0,38.0,8,0.0,0.0,28.0,0.0,1,2026-07-01,1
90,1,87.90666666666667,100.0,79.0,15,82.55,0,92.0,89.0,80.775,-3.0,1,2026-07-01,0
91,1,84.86,100.0,50.0,15,84.95,0,74.0,92.0,89.975,18.0,1,2026-07-01,0
92,1,78.85,100.0,43.5,9,72.5,1,78.33333333333333,100.0,77.5,21.66666666666667,1,2026-07-01,1
93,1,32.19230769230769,60.0,0.0,3,23.0,10,41.0,26.666666666666668,26.25,-14.333333333333332,1,2026-07-01,1
94,1,53.785714285714285,90.0,17.0,8,17.0,6,75.0,56.25,23.25,-18.75,1,2026-07-01,0
96,1,68.36,100.0,1.2,11,1.2,4,82.0,88.0,22.6,6.0,1,2026-07-01,1
97,1,76.825,100.0,55.5,12,55.7,0,88.33333333333333,72.5,77.85,-15.833333333333329,1,2026-07-01,1
98,1,51.275,100.0,0.0,5,73.1,3,40.0,0.0,69.55,0.0,1,2026-07-01,1
99,1,74.25,100.0,0.0,13,79.0,1,90.0,53.75,77.0,-36.25,1,2026-07-01,0
100,1,41.15,75.0,0.0,5,0.0,5,61.25,50.0,21.75,-11.25,1,2026-07-01,1
101,1,71.86666666666666,90.0,43.0,13,67.0,2,74.0,82.0,55.0,8.0,1,2026-07-01,1
102,1,10.375,25.0,0.0,0,0.0,8,16.666666666666668,20.0,2.0,3.333333333333332,1,2026-07-01,1
103,1,89.96666666666667,100.0,40.0,13,93.0,2,97.0,100.0,66.5,3.0,1,2026-07-01,0
104,1,91.53333333333332,100.0,75.0,15,94.0,0,96.0,86.0,93.0,-10.0,1,2026-07-01,0
105,1,65.48333333333333,90.0,25.0,10,65.65,2,76.0,57.5,60.325,-18.5,1,2026-07-01,1
106,1,48.75714285714286,100.0,0.0,8,32.8,6,46.0,60.0,41.4,14.0,1,2026-07-01,1
107,1,68.35714285714286,100.0,30.0,13,77.0,1,70.0,65.0,71.5,-5.0,1,2026-07-01,0
108,1,58.46428571428572,85.0,0.0,12,76.0,2,70.0,38.75,65.75,-31.25,1,2026-07-01,0
109,1,68.95454545454545,90.0,43.5,10,85.0,1,67.5,82.5,70.0,15.0,1,2026-07-01,0
110,1,51.2,70.0,27.0,6,58.5,4,56.66666666666666,50.0,53.75,-6.666666666666664,1,2026-07-01,1
111,1,81.69999999999999,100.0,63.3,13,63.3,0,99.0,76.66666666666667,66.15,-22.33333333333333,1,2026-07-01,1
112,1,67.51428571428572,100.0,30.0,12,52.85,2,53.75,82.0,64.425,28.25,1,2026-07-01,0
113,1,31.466666666666665,75.0,0.0,5,62.0,10,17.0,19.0,68.5,2.0,1,2026-07-01,1
114,1,80.2,100.0,60.0,15,86.0,0,83.0,81.0,75.25,-2.0,1,2026-07-01,0
115,1,73.57142857142857,100.0,50.0,14,65.0,0,84.0,70.0,65.0,-14.0,1,2026-07-01,0
116,1,50.48333333333333,78.0,0.0,4,73.45,2,0.0,0.0,75.725,0.0,1,2026-07-01,1
117,1,92.2,100.0,50.0,15,91.5,0,100.0,100.0,70.75,0.0,1,2026-07-01,0
118,1,79.42,100.0,30.0,14,94.65,1,72.0,80.0,88.825,8.0,1,2026-07-01,0
119,1,69.7,100.0,10.0,11,77.5,4,80.0,67.0,59.25,-13.0,1,2026-07-01,0
120,1,88.57857142857142,100.0,64.0,14,83.05,0,100.0,92.0,73.525,-8.0,1,2026-07-01,0
121,1,48.625,80.0,18.5,5,31.75,3,65.0,55.0,46.375,-10.0,1,2026-07-01,1
122,1,92.64,100.0,78.73,14,78.73,0,100.0,96.25,80.86500000000001,-3.75,1,2026-07-01,0
123,1,34.05,63.0,0.0,4,63.0,6,36.25,25.0,42.0,-11.25,1,2026-07-01,1
124,1,80.41333333333334,95.0,69.0,15,72.1,0,83.0,85.0,70.55,2.0,1,2026-07-01,0
125,1,85.4,100.0,70.0,15,73.5,0,88.0,92.0,72.75,4.0,1,2026-07-01,0
126,1,65.63333333333334,100.0,0.0,12,54.0,3,72.0,55.0,71.5,-17.0,1,2026-07-01,0
127,1,38.95454545454545,85.0,0.0,6,0.0,5,42.0,85.0,26.0,43.0,1,2026-07-01,1
128,1,67.86666666666666,85.0,51.0,12,68.7,0,66.25,81.66666666666667,63.35,15.416666666666671,1,2026-07-01,1
129,1,55.0,100.0,20.0,8,30.0,4,58.0,55.0,55.0,-3.0,1,2026-07-01,1
130,1,64.725,100.0,23.0,6,57.4,2,76.66666666666667,0.0,66.2,0.0,1,2026-07-01,1
131,1,87.54666666666667,100.0,76.35,15,76.35,0,91.0,84.0,87.675,-7.0,1,2026-07-01,0
132,1,79.64999999999999,100.0,50.0,14,95.55,0,78.0,72.5,91.775,-5.5,1,2026-07-01,0
133,1,24.685714285714287,50.0,0.0,1,28.9,6,50.0,0.0,29.45,-50.0,1,2026-07-01,1
134,1,54.333333333333336,95.0,20.0,7,62.0,5,36.66666666666666,72.5,53.0,35.833333333333336,1,2026-07-01,1
135,1,78.47857142857143,100.0,37.0,12,50.35,2,96.0,90.0,43.675,-6.0,1,2026-07-01,1
136,1,73.15714285714286,83.85,65.0,14,83.85,0,75.0,71.0,75.925,-4.0,1,2026-07-01,0
137,1,78.88000000000001,100.0,50.35,15,50.35,0,89.0,88.0,52.425,-1.0,1,2026-07-01,1
138,1,74.6923076923077,100.0,30.0,11,88.5,2,71.25,78.75,77.75,7.5,1,2026-07-01,1
139,1,45.61538461538461,80.0,0.0,8,65.0,5,46.0,26.666666666666668,63.0,-19.33333333333333,1,2026-07-01,1
140,1,5.5,20.0,0.0,0,0.0,4,20.0,0.0,0.0,0.0,1,2026-07-01,1
141,1,55.29,100.0,30.0,8,43.78,6,61.0,40.0,65.64,-21.0,1,2026-07-01,1
142,1,89.41428571428571,100.0,75.0,14,95.9,0,92.5,90.0,87.45,-2.5,1,2026-07-01,0
143,1,45.142857142857146,90.0,0.0,3,0.0,4,55.0,30.0,54.0,-25.0,1,2026-07-01,1
144,1,62.5,95.0,0.0,7,87.0,3,60.0,72.5,58.0,12.5,1,2026-07-01,0
145,1,58.875,100.0,0.0,5,0.0,3,77.5,0.0,43.333333333333336,0.0,1,2026-07-01,1
146,1,60.07142857142857,75.0,14.5,6,55.5,1,72.5,0.0,65.25,0.0,1,2026-07-01,1
147,1,65.25,100.0,12.75,6,12.75,4,92.5,40.0,50.375,-52.5,1,2026-07-01,1
148,1,58.28888888888889,100.0,30.0,5,55.8,4,93.33333333333331,30.0,45.9,-63.33333333333333,1,2026-07-01,1
149,1,87.92857142857143,100.0,62.75,14,62.75,0,99.0,97.5,64.375,-1.5,1,2026-07-01,0
150,1,90.15,100.0,49.0,12,95.3,2,97.0,100.0,72.15,3.0,1,2026-07-01,0
151,1,53.9,100.0,0.0,6,0.0,4,45.0,80.0,0.0,35.0,1,2026-07-01,1
152,1,19.5,38.0,0.0,0,38.0,8,5.0,10.0,33.5,5.0,1,2026-07-01,1
153,1,52.29230769230769,65.0,10.0,10,60.4,3,51.0,45.0,62.7,-6.0,1,2026-07-01,1
154,1,11.4,50.0,0.0,1,0.0,4,0.0,50.0,0.6666666666666666,0.0,1,2026-07-01,1
155,1,0.0,0.0,0.0,0,0.0,6,0.0,0.0,0.0,0.0,1,2026-07-01,1
156,1,84.06,100.0,50.0,15,82.7,0,82.0,83.0,88.35,1.0,1,2026-07-01,1
157,1,19.15,80.0,0.0,2,0.0,8,29.0,0.0,10.666666666666666,-29.0,1,2026-07-01,1
158,1,8.25,33.0,0.0,0,0.0,8,0.0,0.0,22.0,0.0,1,2026-07-01,1
159,1,34.5,90.0,0.0,2,0.0,4,75.0,0.0,14.0,0.0,1,2026-07-01,1
160,1,12.5,50.0,0.0,2,0.0,6,0.0,0.0,25.0,0.0,1,2026-07-01,1
161,1,20.166666666666668,50.0,0.0,1,0.0,5,36.66666666666666,0.0,0.0,0.0,1,2026-07-01,1
162,1,29.791666666666668,80.0,0.0,5,0.0,7,49.0,40.0,0.0,-9.0,1,2026-07-01,1
163,1,67.22222222222223,100.0,0.0,7,0.0,2,90.0,100.0,0.0,10.0,1,2026-07-01,1
164,1,0.0,0.0,0.0,0,0.0,3,0.0,0.0,0.0,0.0,1,2026-07-01,1
165,1,33.0,80.0,0.0,2,0.0,3,75.0,0.0,0.0,0.0,1,2026-07-01,1
166,1,5.5,20.0,0.0,0,0.0,4,20.0,0.0,0.0,0.0,1,2026-07-01,1
167,1,0.0,0.0,0.0,0,0.0,5,0.0,0.0,0.0,0.0,1,2026-07-01,1
168,1,23.375,85.0,0.0,1,0.0,3,85.0,0.0,0.0,0.0,1,2026-07-01,1
169,1,0.0,0.0,0.0,0,0.0,6,0.0,0.0,0.0,0.0,1,2026-07-01,1
170,1,0.0,0.0,0.0,0,0.0,4,0.0,0.0,0.0,0.0,1,2026-07-01,1
171,1,0.0,0.0,0.0,0,0.0,7,0.0,0.0,0.0,0.0,1,2026-07-01,1
2,1,70.53999999999999,100.0,0.0,20,44.8,10,95.0,72.0,34.9,-23.0,1,2026-07-07,1
4,1,83.28666666666666,100.0,60.0,30,61.9,0,79.0,98.0,68.95,19.0,1,2026-07-07,1
5,1,86.00666666666666,100.0,10.0,28,93.05,2,71.0,97.0,91.525,26.0,1,2026-07-07,0
7,1,53.53333333333333,80.0,31.0,18,68.0,12,51.0,59.0,49.5,8.0,1,2026-07-07,1
8,1,57.940000000000005,94.0,0.0,22,71.05,8,46.0,52.0,82.525,6.0,1,2026-07-07,1
9,1,67.83733333333333,100.0,0.0,24,52.28,6,94.0,40.0,70.14,-54.0,1,2026-07-07,0
10,1,60.08181818181818,95.0,10.0,12,84.7,10,56.25,70.0,64.85,13.75,1,2026-07-07,1
11,1,77.07142857142857,100.0,0.0,24,0.0,4,88.0,78.0,55.333333333333336,-10.0,1,2026-07-07,1
12,1,79.43333333333334,100.0,40.0,28,87.0,2,86.0,79.0,71.0,-7.0,1,2026-07-07,0
13,1,98.49333333333334,100.0,88.7,30,88.7,0,100.0,100.0,94.35,0.0,1,2026-07-07,0
14,1,82.82142857142857,100.0,0.0,26,0.0,2,90.0,91.0,54.66666666666666,1.0,1,2026-07-07,0
15,1,88.74666666666667,100.0,70.0,30,81.1,0,92.0,94.0,77.05,2.0,1,2026-07-07,0
16,1,68.83333333333333,100.0,0.0,24,20.25,6,86.0,66.0,49.125,-20.0,1,2026-07-07,0
17,1,35.857142857142854,100.0,0.0,6,0.0,8,73.33333333333333,0.0,3.0,0.0,1,2026-07-07,1
18,1,0.0,0.0,0.0,0,0.0,12,0.0,0.0,0.0,0.0,1,2026-07-07,1
19,1,93.65333333333334,100.0,70.0,30,93.15,0,90.0,97.0,94.075,7.0,1,2026-07-07,0
20,1,53.875,100.0,20.0,8,65.0,8,100.0,20.0,47.25,-80.0,1,2026-07-07,1
21,1,67.8875,100.0,26.5,14,62.3,2,97.5,70.0,62.9,-27.5,1,2026-07-07,0
22,1,96.584,100.0,88.13,30,88.13,0,98.0,97.0,94.065,-1.0,1,2026-07-07,0
23,1,85.1,100.0,55.5,30,74.0,0,94.0,91.0,64.75,-3.0,1,2026-07-07,0
24,1,83.38888888888889,100.0,38.5,16,75.5,2,96.25,0.0,81.75,0.0,1,2026-07-07,1
25,1,77.36,100.0,46.2,26,46.2,4,81.0,83.0,64.6,2.0,1,2026-07-07,1
26,1,38.083333333333336,70.0,0.0,8,0.0,16,56.66666666666666,36.0,24.0,-20.666666666666664,1,2026-07-07,1
27,1,51.68461538461538,80.0,30.0,12,46.45,14,60.0,50.0,44.225,-10.0,1,2026-07-07,1
28,1,26.125,95.0,0.0,2,0.0,6,0.0,95.0,0.0,0.0,1,2026-07-07,1
29,1,75.61428571428571,100.0,56.05,28,56.05,0,83.0,85.0,57.025,2.0,1,2026-07-07,0
30,1,41.66666666666666,95.0,5.5,8,5.5,10,52.5,0.0,36.0,0.0,1,2026-07-07,1
31,1,90.15333333333334,100.0,65.8,30,65.8,0,97.4,90.0,80.4,-7.400000000000006,1,2026-07-07,0
32,1,84.09285714285714,100.0,59.0,28,59.4,0,91.25,98.0,59.2,6.75,1,2026-07-07,0
33,1,88.39666666666668,100.0,60.0,30,91.3,0,78.0,100.0,86.7375,22.0,1,2026-07-07,1
34,1,76.96153846153847,100.0,20.0,22,83.0,4,81.0,73.33333333333333,78.25,-7.666666666666671,1,2026-07-07,1
35,1,84.97333333333333,100.0,70.35,30,70.35,0,87.8,90.0,74.175,2.200000000000003,1,2026-07-07,1
36,1,67.6,90.0,35.0,26,64.5,4,67.0,63.0,74.75,-4.0,1,2026-07-07,0
37,1,77.27142857142857,95.0,55.0,28,81.4,0,79.0,73.75,80.7,-5.25,1,2026-07-07,0
38,1,67.25333333333333,92.0,35.0,24,79.65,6,62.0,59.0,85.825,-3.0,1,2026-07-07,1
39,1,81.94266666666667,100.0,61.57,30,61.57,0,94.0,82.0,65.285,-12.0,1,2026-07-07,0
40,1,62.392857142857146,100.0,19.0,24,19.0,4,75.0,72.5,35.5,-2.5,1,2026-07-07,1
41,1,38.9,60.0,0.0,10,46.0,10,40.0,55.0,30.666666666666668,15.0,1,2026-07-07,1
42,1,84.34615384615384,100.0,60.0,26,60.0,0,91.0,93.33333333333331,72.0,2.3333333333333286,1,2026-07-07,0
43,1,82.27857142857144,100.0,45.0,26,85.95,2,85.0,88.0,73.475,3.0,1,2026-07-07,1
44,1,83.9076923076923,100.0,67.9,26,67.9,0,93.0,88.33333333333333,71.95,-4.666666666666671,1,2026-07-07,0
45,1,89.08666666666666,100.0,65.0,30,79.15,0,88.0,92.0,86.575,4.0,1,2026-07-07,0
46,1,72.78666666666666,90.0,40.0,28,69.65,2,69.0,82.0,65.325,13.0,1,2026-07-07,1
47,1,83.44666666666667,100.0,60.0,30,75.85,0,81.0,87.0,81.925,6.0,1,2026-07-07,1
48,1,72.25733333333332,100.0,25.0,24,51.43,6,86.0,56.0,75.715,-30.0,1,2026-07-07,1
49,1,63.333333333333336,100.0,29.0,16,64.5,2,65.0,80.0,62.75,15.0,1,2026-07-07,1
50,1,46.2,84.0,20.0,12,51.3,14,40.0,33.333333333333336,67.65,-6.666666666666664,1,2026-07-07,0
51,1,87.73571428571428,100.0,50.0,28,97.9,0,89.0,82.5,93.95,-6.5,1,2026-07-07,0
52,1,71.03333333333333,100.0,50.0,30,68.0,0,82.0,67.0,61.5,-15.0,1,2026-07-07,0
53,1,57.03333333333333,100.0,19.7,14,19.7,10,72.0,50.0,44.6,-22.0,1,2026-07-07,1
54,1,74.99230769230769,100.0,30.0,20,76.45,6,67.5,97.5,62.225,30.0,1,2026-07-07,1
55,1,45.13636363636363,75.0,0.0,8,44.0,14,48.75,20.0,59.5,-28.75,1,2026-07-07,1
56,1,78.56666666666666,100.0,0.0,28,84.0,2,92.0,59.0,87.0,-33.0,1,2026-07-07,0
57,1,57.333333333333336,100.0,10.0,10,62.0,2,100.0,0.0,58.5,0.0,1,2026-07-07,1
58,1,26.375,55.0,0.0,8,53.75,16,17.5,6.666666666666667,54.375,-10.833333333333332,1,2026-07-07,1
59,1,55.67777777777778,85.0,29.0,12,36.05,6,78.33333333333333,55.0,45.525,-23.33333333333333,1,2026-07-07,1
60,1,90.91333333333334,100.0,80.0,30,84.15,0,91.8,91.0,89.575,-0.7999999999999972,1,2026-07-07,0
61,1,91.0,100.0,60.0,30,80.0,0,98.0,88.0,85.5,-10.0,1,2026-07-07,0
62,1,74.58,95.0,50.0,30,88.35,0,79.0,69.0,76.175,-10.0,1,2026-07-07,1
63,1,79.5,100.0,40.0,26,65.5,2,88.0,75.0,74.75,-13.0,1,2026-07-07,1
64,1,48.73,80.0,10.0,14,65.65,6,40.0,50.0,61.325,10.0,1,2026-07-07,1
65,1,83.24666666666667,95.0,58.0,30,88.4,0,83.8,90.0,73.2,6.200000000000003,1,2026-07-07,0
66,1,74.21333333333334,100.0,30.0,28,72.35,2,66.0,77.0,81.675,11.0,1,2026-07-07,1
67,1,87.22666666666667,100.0,67.7,30,67.7,0,96.0,86.0,76.85,-10.0,1,2026-07-07,0
68,1,75.48666666666666,100.0,30.0,24,41.65,6,72.0,90.0,60.325,18.0,1,2026-07-07,1
69,1,71.59466666666667,100.0,47.21,26,47.21,4,74.0,75.0,63.605,1.0,1,2026-07-07,0
70,1,95.83733333333332,100.0,88.28,30,88.28,0,98.0,96.0,92.64,-2.0,1,2026-07-07,0
71,1,54.642857142857146,80.0,0.0,20,66.0,8,55.0,42.0,73.0,-13.0,1,2026-07-07,1
72,1,75.97333333333333,100.0,40.0,28,96.3,2,80.0,62.0,89.65,-18.0,1,2026-07-07,0
73,1,53.4,100.0,0.0,10,0.0,10,80.0,75.0,9.333333333333334,-5.0,1,2026-07-07,1
74,1,76.5,95.0,30.0,28,50.0,2,76.0,81.0,71.0,5.0,1,2026-07-07,0
75,1,73.39285714285714,100.0,40.0,22,41.0,6,70.0,93.75,57.5,23.75,1,2026-07-07,0
76,1,64.23333333333333,100.0,20.0,22,45.0,8,76.0,61.0,52.5,-15.0,1,2026-07-07,0
77,1,70.47,100.0,38.0,18,89.35,2,70.0,100.0,71.675,30.0,1,2026-07-07,0
78,1,76.72142857142856,100.0,50.0,28,73.3,0,71.25,78.0,82.9,6.75,1,2026-07-07,1
79,1,70.85714285714286,100.0,40.0,26,63.0,2,86.0,65.0,58.25,-21.0,1,2026-07-07,0
80,1,81.77333333333333,100.0,65.0,30,79.3,0,86.0,78.0,81.15,-8.0,1,2026-07-07,0
81,1,35.906666666666666,75.0,10.0,8,48.8,22,15.0,55.0,38.4,40.0,1,2026-07-07,1
82,1,92.12666666666668,100.0,70.0,30,88.7,0,90.0,93.0,93.85,3.0,1,2026-07-07,0
83,1,68.04,100.0,40.0,24,45.3,6,69.0,79.0,51.65,10.0,1,2026-07-07,1
84,1,83.09333333333333,100.0,69.0,30,70.2,0,84.0,92.0,69.6,8.0,1,2026-07-07,0
85,1,69.76666666666667,100.0,0.0,20,0.0,10,79.0,100.0,15.5,21.0,1,2026-07-07,1
86,1,57.76666666666667,100.0,20.0,16,68.1,8,65.0,43.333333333333336,66.05,-21.666666666666664,1,2026-07-07,1
87,1,59.17857142857143,100.0,0.0,18,56.0,10,55.0,75.0,49.0,20.0,1,2026-07-07,1
88,1,74.33333333333333,100.0,0.0,14,86.5,4,75.0,0.0,84.75,0.0,1,2026-07-07,0
89,1,14.0,38.0,0.0,0,38.0,16,0.0,0.0,28.0,0.0,1,2026-07-07,1
90,1,87.90666666666667,100.0,79.0,30,82.55,0,92.0,89.0,80.775,-3.0,1,2026-07-07,0
91,1,84.86,100.0,50.0,30,84.95,0,74.0,92.0,89.975,18.0,1,2026-07-07,0
92,1,78.85,100.0,43.5,18,72.5,2,78.33333333333333,100.0,77.5,21.66666666666667,1,2026-07-07,1
93,1,32.19230769230769,60.0,0.0,6,23.0,20,41.0,26.666666666666668,26.25,-14.333333333333332,1,2026-07-07,1
94,1,53.785714285714285,90.0,17.0,16,17.0,12,75.0,56.25,23.25,-18.75,1,2026-07-07,0
96,1,68.36,100.0,1.2,22,1.2,8,82.0,88.0,22.6,6.0,1,2026-07-07,1
97,1,76.825,100.0,55.5,24,55.7,0,88.33333333333333,72.5,77.85,-15.833333333333329,1,2026-07-07,1
98,1,51.275,100.0,0.0,10,73.1,6,40.0,0.0,69.55,0.0,1,2026-07-07,1
99,1,74.25,100.0,0.0,26,79.0,2,90.0,53.75,77.0,-36.25,1,2026-07-07,0
100,1,41.15,75.0,0.0,10,0.0,10,61.25,50.0,21.75,-11.25,1,2026-07-07,1
101,1,71.86666666666666,90.0,43.0,26,67.0,4,74.0,82.0,55.0,8.0,1,2026-07-07,1
102,1,10.375,25.0,0.0,0,0.0,16,16.666666666666668,20.0,2.0,3.333333333333332,1,2026-07-07,1
103,1,89.96666666666667,100.0,40.0,26,93.0,4,97.0,100.0,66.5,3.0,1,2026-07-07,0
104,1,91.53333333333332,100.0,75.0,30,94.0,0,96.0,86.0,93.0,-10.0,1,2026-07-07,0
105,1,65.48333333333333,90.0,25.0,20,65.65,4,76.0,57.5,60.325,-18.5,1,2026-07-07,1
106,1,48.75714285714286,100.0,0.0,16,32.8,12,46.0,60.0,41.4,14.0,1,2026-07-07,1
107,1,68.35714285714286,100.0,30.0,26,77.0,2,70.0,65.0,71.5,-5.0,1,2026-07-07,0
108,1,58.46428571428572,85.0,0.0,24,76.0,4,70.0,38.75,65.75,-31.25,1,2026-07-07,0
109,1,68.95454545454545,90.0,43.5,20,85.0,2,67.5,82.5,70.0,15.0,1,2026-07-07,0
110,1,51.2,70.0,27.0,12,58.5,8,56.66666666666666,50.0,53.75,-6.666666666666664,1,2026-07-07,1
111,1,81.69999999999999,100.0,63.3,26,63.3,0,99.0,76.66666666666667,66.15,-22.33333333333333,1,2026-07-07,1
112,1,67.51428571428572,100.0,30.0,24,52.85,4,53.75,82.0,64.425,28.25,1,2026-07-07,0
113,1,31.466666666666665,75.0,0.0,10,62.0,20,17.0,19.0,68.5,2.0,1,2026-07-07,1
114,1,80.2,100.0,60.0,30,86.0,0,83.0,81.0,75.25,-2.0,1,2026-07-07,0
115,1,73.57142857142857,100.0,50.0,28,65.0,0,84.0,70.0,65.0,-14.0,1,2026-07-07,0
116,1,50.48333333333333,78.0,0.0,8,73.45,4,0.0,0.0,75.725,0.0,1,2026-07-07,1
117,1,92.2,100.0,50.0,30,91.5,0,100.0,100.0,70.75,0.0,1,2026-07-07,0
118,1,79.42,100.0,30.0,28,94.65,2,72.0,80.0,88.825,8.0,1,2026-07-07,0
119,1,69.7,100.0,10.0,22,77.5,8,80.0,67.0,59.25,-13.0,1,2026-07-07,0
120,1,88.57857142857142,100.0,64.0,28,83.05,0,100.0,92.0,73.525,-8.0,1,2026-07-07,0
121,1,48.625,80.0,18.5,10,31.75,6,65.0,55.0,46.375,-10.0,1,2026-07-07,1
122,1,92.64,100.0,78.73,28,78.73,0,100.0,96.25,80.86500000000001,-3.75,1,2026-07-07,0
123,1,34.05,63.0,0.0,8,63.0,12,36.25,25.0,42.0,-11.25,1,2026-07-07,1
124,1,80.41333333333334,95.0,69.0,30,72.1,0,83.0,85.0,70.55,2.0,1,2026-07-07,0
125,1,85.4,100.0,70.0,30,73.5,0,88.0,92.0,72.75,4.0,1,2026-07-07,0
126,1,65.63333333333334,100.0,0.0,24,54.0,6,72.0,55.0,71.5,-17.0,1,2026-07-07,0
127,1,38.95454545454545,85.0,0.0,12,0.0,10,42.0,85.0,26.0,43.0,1,2026-07-07,1
128,1,67.86666666666666,85.0,51.0,24,68.7,0,66.25,81.66666666666667,63.35,15.416666666666671,1,2026-07-07,1
129,1,55.0,100.0,20.0,16,30.0,8,58.0,55.0,55.0,-3.0,1,2026-07-07,1
130,1,64.725,100.0,23.0,12,57.4,4,76.66666666666667,0.0,66.2,0.0,1,2026-07-07,1
131,1,87.54666666666667,100.0,76.35,30,76.35,0,91.0,84.0,87.675,-7.0,1,2026-07-07,0
132,1,79.64999999999999,100.0,50.0,28,95.55,0,78.0,72.5,91.775,-5.5,1,2026-07-07,0
133,1,24.685714285714287,50.0,0.0,2,28.9,12,50.0,0.0,29.45,-50.0,1,2026-07-07,1
134,1,54.333333333333336,95.0,20.0,14,62.0,10,36.66666666666666,72.5,53.0,35.833333333333336,1,2026-07-07,1
135,1,78.47857142857143,100.0,37.0,24,50.35,4,96.0,90.0,43.675,-6.0,1,2026-07-07,1
136,1,73.15714285714286,83.85,65.0,28,83.85,0,75.0,71.0,75.925,-4.0,1,2026-07-07,0
137,1,78.88000000000001,100.0,50.35,30,50.35,0,89.0,88.0,52.425,-1.0,1,2026-07-07,1
138,1,74.6923076923077,100.0,30.0,22,88.5,4,71.25,78.75,77.75,7.5,1,2026-07-07,1
139,1,45.61538461538461,80.0,0.0,16,65.0,10,46.0,26.666666666666668,63.0,-19.33333333333333,1,2026-07-07,1
140,1,5.5,20.0,0.0,0,0.0,8,20.0,0.0,0.0,0.0,1,2026-07-07,1
141,1,55.29,100.0,30.0,16,43.78,12,61.0,40.0,65.64,-21.0,1,2026-07-07,1
142,1,89.41428571428571,100.0,75.0,28,95.9,0,92.5,90.0,87.45,-2.5,1,2026-07-07,0
143,1,45.142857142857146,90.0,0.0,6,0.0,8,55.0,30.0,54.0,-25.0,1,2026-07-07,1
144,1,62.5,95.0,0.0,14,87.0,6,60.0,72.5,58.0,12.5,1,2026-07-07,0
145,1,58.875,100.0,0.0,10,0.0,6,77.5,0.0,43.333333333333336,0.0,1,2026-07-07,1
146,1,60.07142857142857,75.0,14.5,12,55.5,2,72.5,0.0,65.25,0.0,1,2026-07-07,1
147,1,65.25,100.0,12.75,12,12.75,8,92.5,40.0,50.375,-52.5,1,2026-07-07,1
148,1,58.28888888888889,100.0,30.0,10,55.8,8,93.33333333333331,30.0,45.9,-63.33333333333333,1,2026-07-07,1
149,1,87.92857142857143,100.0,62.75,28,62.75,0,99.0,97.5,64.375,-1.5,1,2026-07-07,0
150,1,90.15,100.0,49.0,24,95.3,4,97.0,100.0,72.15,3.0,1,2026-07-07,0
151,1,53.9,100.0,0.0,12,0.0,8,45.0,80.0,0.0,35.0,1,2026-07-07,1
152,1,19.5,38.0,0.0,0,38.0,16,5.0,10.0,33.5,5.0,1,2026-07-07,1
153,1,52.29230769230769,65.0,10.0,20,60.4,6,51.0,45.0,62.7,-6.0,1,2026-07-07,1
154,1,11.4,50.0,0.0,2,0.0,8,0.0,50.0,0.6666666666666666,0.0,1,2026-07-07,1
155,1,0.0,0.0,0.0,0,0.0,12,0.0,0.0,0.0,0.0,1,2026-07-07,1
156,1,84.06,100.0,50.0,30,82.7,0,82.0,83.0,88.35,1.0,1,2026-07-07,1
157,1,19.15,80.0,0.0,4,0.0,16,29.0,0.0,10.666666666666666,-29.0,1,2026-07-07,1
158,1,8.25,33.0,0.0,0,0.0,16,0.0,0.0,22.0,0.0,1,2026-07-07,1
159,1,34.5,90.0,0.0,4,0.0,8,75.0,0.0,14.0,0.0,1,2026-07-07,1
160,1,12.5,50.0,0.0,4,0.0,12,0.0,0.0,25.0,0.0,1,2026-07-07,1
161,1,20.166666666666668,50.0,0.0,2,0.0,10,36.66666666666666,0.0,0.0,0.0,1,2026-07-07,1
162,1,29.791666666666668,80.0,0.0,10,0.0,14,49.0,40.0,0.0,-9.0,1,2026-07-07,1
163,1,67.22222222222223,100.0,0.0,14,0.0,4,90.0,100.0,0.0,10.0,1,2026-07-07,1
164,1,0.0,0.0,0.0,0,0.0,6,0.0,0.0,0.0,0.0,1,2026-07-07,1
165,1,33.0,80.0,0.0,4,0.0,6,75.0,0.0,0.0,0.0,1,2026-07-07,1
166,1,5.5,20.0,0.0,0,0.0,8,20.0,0.0,0.0,0.0,1,2026-07-07,1
167,1,0.0,0.0,0.0,0,0.0,10,0.0,0.0,0.0,0.0,1,2026-07-07,1
168,1,23.375,85.0,0.0,2,0.0,6,85.0,0.0,0.0,0.0,1,2026-07-07,1
169,1,0.0,0.0,0.0,0,0.0,12,0.0,0.0,0.0,0.0,1,2026-07-07,1
170,1,0.0,0.0,0.0,0,0.0,8,0.0,0.0,0.0,0.0,1,2026-07-07,1
171,1,0.0,0.0,0.0,0,0.0,14,0.0,0.0,0.0,0.0,1,2026-07-07,1
2,1,70.53999999999999,100.0,0.0,20,44.8,10,95.0,72.0,34.9,-23.0,1,2026-07-08,1
4,1,83.28666666666666,100.0,60.0,30,61.9,0,79.0,98.0,68.95,19.0,1,2026-07-08,1
5,1,86.00666666666666,100.0,10.0,28,93.05,2,71.0,97.0,91.525,26.0,1,2026-07-08,0
7,1,53.53333333333333,80.0,31.0,18,68.0,12,51.0,59.0,49.5,8.0,1,2026-07-08,1
8,1,57.940000000000005,94.0,0.0,22,71.05,8,46.0,52.0,82.525,6.0,1,2026-07-08,1
9,1,67.83733333333333,100.0,0.0,24,52.28,6,94.0,40.0,70.14,-54.0,1,2026-07-08,0
10,1,60.08181818181818,95.0,10.0,12,84.7,10,56.25,70.0,64.85,13.75,1,2026-07-08,1
11,1,77.07142857142857,100.0,0.0,24,0.0,4,88.0,78.0,55.333333333333336,-10.0,1,2026-07-08,1
12,1,79.43333333333334,100.0,40.0,28,87.0,2,86.0,79.0,71.0,-7.0,1,2026-07-08,0
13,1,98.49333333333334,100.0,88.7,30,88.7,0,100.0,100.0,94.35,0.0,1,2026-07-08,0
14,1,82.82142857142857,100.0,0.0,26,0.0,2,90.0,91.0,54.66666666666666,1.0,1,2026-07-08,0
15,1,88.74666666666667,100.0,70.0,30,81.1,0,92.0,94.0,77.05,2.0,1,2026-07-08,0
16,1,68.83333333333333,100.0,0.0,24,20.25,6,86.0,66.0,49.125,-20.0,1,2026-07-08,0
17,1,35.857142857142854,100.0,0.0,6,0.0,8,73.33333333333333,0.0,3.0,0.0,1,2026-07-08,1
18,1,0.0,0.0,0.0,0,0.0,12,0.0,0.0,0.0,0.0,1,2026-07-08,1
19,1,93.65333333333334,100.0,70.0,30,93.15,0,90.0,97.0,94.075,7.0,1,2026-07-08,0
20,1,53.875,100.0,20.0,8,65.0,8,100.0,20.0,47.25,-80.0,1,2026-07-08,1
21,1,67.8875,100.0,26.5,14,62.3,2,97.5,70.0,62.9,-27.5,1,2026-07-08,0
22,1,96.584,100.0,88.13,30,88.13,0,98.0,97.0,94.065,-1.0,1,2026-07-08,0
23,1,85.1,100.0,55.5,30,74.0,0,94.0,91.0,64.75,-3.0,1,2026-07-08,0
24,1,83.38888888888889,100.0,38.5,16,75.5,2,96.25,0.0,81.75,0.0,1,2026-07-08,1
25,1,77.36,100.0,46.2,26,46.2,4,81.0,83.0,64.6,2.0,1,2026-07-08,1
26,1,38.083333333333336,70.0,0.0,8,0.0,16,56.66666666666666,36.0,24.0,-20.666666666666664,1,2026-07-08,1
27,1,51.68461538461538,80.0,30.0,12,46.45,14,60.0,50.0,44.225,-10.0,1,2026-07-08,1
28,1,26.125,95.0,0.0,2,0.0,6,0.0,95.0,0.0,0.0,1,2026-07-08,1
29,1,75.61428571428571,100.0,56.05,28,56.05,0,83.0,85.0,57.025,2.0,1,2026-07-08,0
30,1,41.66666666666666,95.0,5.5,8,5.5,10,52.5,0.0,36.0,0.0,1,2026-07-08,1
31,1,90.15333333333334,100.0,65.8,30,65.8,0,97.4,90.0,80.4,-7.400000000000006,1,2026-07-08,0
32,1,84.09285714285714,100.0,59.0,28,59.4,0,91.25,98.0,59.2,6.75,1,2026-07-08,0
33,1,88.39666666666668,100.0,60.0,30,91.3,0,78.0,100.0,86.7375,22.0,1,2026-07-08,1
34,1,76.96153846153847,100.0,20.0,22,83.0,4,81.0,73.33333333333333,78.25,-7.666666666666671,1,2026-07-08,1
35,1,84.97333333333333,100.0,70.35,30,70.35,0,87.8,90.0,74.175,2.200000000000003,1,2026-07-08,1
36,1,67.6,90.0,35.0,26,64.5,4,67.0,63.0,74.75,-4.0,1,2026-07-08,0
37,1,77.27142857142857,95.0,55.0,28,81.4,0,79.0,73.75,80.7,-5.25,1,2026-07-08,0
38,1,67.25333333333333,92.0,35.0,24,79.65,6,62.0,59.0,85.825,-3.0,1,2026-07-08,1
39,1,81.94266666666667,100.0,61.57,30,61.57,0,94.0,82.0,65.285,-12.0,1,2026-07-08,0
40,1,62.392857142857146,100.0,19.0,24,19.0,4,75.0,72.5,35.5,-2.5,1,2026-07-08,1
41,1,38.9,60.0,0.0,10,46.0,10,40.0,55.0,30.666666666666668,15.0,1,2026-07-08,1
42,1,84.34615384615384,100.0,60.0,26,60.0,0,91.0,93.33333333333331,72.0,2.3333333333333286,1,2026-07-08,0
43,1,82.27857142857144,100.0,45.0,26,85.95,2,85.0,88.0,73.475,3.0,1,2026-07-08,1
44,1,83.9076923076923,100.0,67.9,26,67.9,0,93.0,88.33333333333333,71.95,-4.666666666666671,1,2026-07-08,0
45,1,89.08666666666666,100.0,65.0,30,79.15,0,88.0,92.0,86.575,4.0,1,2026-07-08,0
46,1,72.78666666666666,90.0,40.0,28,69.65,2,69.0,82.0,65.325,13.0,1,2026-07-08,1
47,1,83.44666666666667,100.0,60.0,30,75.85,0,81.0,87.0,81.925,6.0,1,2026-07-08,1
48,1,72.25733333333332,100.0,25.0,24,51.43,6,86.0,56.0,75.715,-30.0,1,2026-07-08,1
49,1,63.333333333333336,100.0,29.0,16,64.5,2,65.0,80.0,62.75,15.0,1,2026-07-08,1
50,1,46.2,84.0,20.0,12,51.3,14,40.0,33.333333333333336,67.65,-6.666666666666664,1,2026-07-08,0
51,1,87.73571428571428,100.0,50.0,28,97.9,0,89.0,82.5,93.95,-6.5,1,2026-07-08,0
52,1,71.03333333333333,100.0,50.0,30,68.0,0,82.0,67.0,61.5,-15.0,1,2026-07-08,0
53,1,57.03333333333333,100.0,19.7,14,19.7,10,72.0,50.0,44.6,-22.0,1,2026-07-08,1
54,1,74.99230769230769,100.0,30.0,20,76.45,6,67.5,97.5,62.225,30.0,1,2026-07-08,1
55,1,45.13636363636363,75.0,0.0,8,44.0,14,48.75,20.0,59.5,-28.75,1,2026-07-08,1
56,1,78.56666666666666,100.0,0.0,28,84.0,2,92.0,59.0,87.0,-33.0,1,2026-07-08,0
57,1,57.333333333333336,100.0,10.0,10,62.0,2,100.0,0.0,58.5,0.0,1,2026-07-08,1
58,1,26.375,55.0,0.0,8,53.75,16,17.5,6.666666666666667,54.375,-10.833333333333332,1,2026-07-08,1
59,1,55.67777777777778,85.0,29.0,12,36.05,6,78.33333333333333,55.0,45.525,-23.33333333333333,1,2026-07-08,1
60,1,90.91333333333334,100.0,80.0,30,84.15,0,91.8,91.0,89.575,-0.7999999999999972,1,2026-07-08,0
61,1,91.0,100.0,60.0,30,80.0,0,98.0,88.0,85.5,-10.0,1,2026-07-08,0
62,1,74.58,95.0,50.0,30,88.35,0,79.0,69.0,76.175,-10.0,1,2026-07-08,1
63,1,79.5,100.0,40.0,26,65.5,2,88.0,75.0,74.75,-13.0,1,2026-07-08,1
64,1,48.73,80.0,10.0,14,65.65,6,40.0,50.0,61.325,10.0,1,2026-07-08,1
65,1,83.24666666666667,95.0,58.0,30,88.4,0,83.8,90.0,73.2,6.200000000000003,1,2026-07-08,0
66,1,74.21333333333334,100.0,30.0,28,72.35,2,66.0,77.0,81.675,11.0,1,2026-07-08,1
67,1,87.22666666666667,100.0,67.7,30,67.7,0,96.0,86.0,76.85,-10.0,1,2026-07-08,0
68,1,75.48666666666666,100.0,30.0,24,41.65,6,72.0,90.0,60.325,18.0,1,2026-07-08,1
69,1,71.59466666666667,100.0,47.21,26,47.21,4,74.0,75.0,63.605,1.0,1,2026-07-08,0
70,1,95.83733333333332,100.0,88.28,30,88.28,0,98.0,96.0,92.64,-2.0,1,2026-07-08,0
71,1,54.642857142857146,80.0,0.0,20,66.0,8,55.0,42.0,73.0,-13.0,1,2026-07-08,1
72,1,75.97333333333333,100.0,40.0,28,96.3,2,80.0,62.0,89.65,-18.0,1,2026-07-08,0
73,1,53.4,100.0,0.0,10,0.0,10,80.0,75.0,9.333333333333334,-5.0,1,2026-07-08,1
74,1,76.5,95.0,30.0,28,50.0,2,76.0,81.0,71.0,5.0,1,2026-07-08,0
75,1,73.39285714285714,100.0,40.0,22,41.0,6,70.0,93.75,57.5,23.75,1,2026-07-08,0
76,1,64.23333333333333,100.0,20.0,22,45.0,8,76.0,61.0,52.5,-15.0,1,2026-07-08,0
77,1,70.47,100.0,38.0,18,89.35,2,70.0,100.0,71.675,30.0,1,2026-07-08,0
78,1,76.72142857142856,100.0,50.0,28,73.3,0,71.25,78.0,82.9,6.75,1,2026-07-08,1
79,1,70.85714285714286,100.0,40.0,26,63.0,2,86.0,65.0,58.25,-21.0,1,2026-07-08,0
80,1,81.77333333333333,100.0,65.0,30,79.3,0,86.0,78.0,81.15,-8.0,1,2026-07-08,0
81,1,35.906666666666666,75.0,10.0,8,48.8,22,15.0,55.0,38.4,40.0,1,2026-07-08,1
82,1,92.12666666666668,100.0,70.0,30,88.7,0,90.0,93.0,93.85,3.0,1,2026-07-08,0
83,1,68.04,100.0,40.0,24,45.3,6,69.0,79.0,51.65,10.0,1,2026-07-08,1
84,1,83.09333333333333,100.0,69.0,30,70.2,0,84.0,92.0,69.6,8.0,1,2026-07-08,0
85,1,69.76666666666667,100.0,0.0,20,0.0,10,79.0,100.0,15.5,21.0,1,2026-07-08,1
86,1,57.76666666666667,100.0,20.0,16,68.1,8,65.0,43.333333333333336,66.05,-21.666666666666664,1,2026-07-08,1
87,1,59.17857142857143,100.0,0.0,18,56.0,10,55.0,75.0,49.0,20.0,1,2026-07-08,1
88,1,74.33333333333333,100.0,0.0,14,86.5,4,75.0,0.0,84.75,0.0,1,2026-07-08,0
89,1,14.0,38.0,0.0,0,38.0,16,0.0,0.0,28.0,0.0,1,2026-07-08,1
90,1,87.90666666666667,100.0,79.0,30,82.55,0,92.0,89.0,80.775,-3.0,1,2026-07-08,0
91,1,84.86,100.0,50.0,30,84.95,0,74.0,92.0,89.975,18.0,1,2026-07-08,0
92,1,78.85,100.0,43.5,18,72.5,2,78.33333333333333,100.0,77.5,21.66666666666667,1,2026-07-08,1
93,1,32.19230769230769,60.0,0.0,6,23.0,20,41.0,26.666666666666668,26.25,-14.333333333333332,1,2026-07-08,1
94,1,53.785714285714285,90.0,17.0,16,17.0,12,75.0,56.25,23.25,-18.75,1,2026-07-08,0
96,1,68.36,100.0,1.2,22,1.2,8,82.0,88.0,22.6,6.0,1,2026-07-08,1
97,1,76.825,100.0,55.5,24,55.7,0,88.33333333333333,72.5,77.85,-15.833333333333329,1,2026-07-08,1
98,1,51.275,100.0,0.0,10,73.1,6,40.0,0.0,69.55,0.0,1,2026-07-08,1
99,1,74.25,100.0,0.0,26,79.0,2,90.0,53.75,77.0,-36.25,1,2026-07-08,0
100,1,41.15,75.0,0.0,10,0.0,10,61.25,50.0,21.75,-11.25,1,2026-07-08,1
101,1,71.86666666666666,90.0,43.0,26,67.0,4,74.0,82.0,55.0,8.0,1,2026-07-08,1
102,1,10.375,25.0,0.0,0,0.0,16,16.666666666666668,20.0,2.0,3.333333333333332,1,2026-07-08,1
103,1,89.96666666666667,100.0,40.0,26,93.0,4,97.0,100.0,66.5,3.0,1,2026-07-08,0
104,1,91.53333333333332,100.0,75.0,30,94.0,0,96.0,86.0,93.0,-10.0,1,2026-07-08,0
105,1,65.48333333333333,90.0,25.0,20,65.65,4,76.0,57.5,60.325,-18.5,1,2026-07-08,1
106,1,48.75714285714286,100.0,0.0,16,32.8,12,46.0,60.0,41.4,14.0,1,2026-07-08,1
107,1,68.35714285714286,100.0,30.0,26,77.0,2,70.0,65.0,71.5,-5.0,1,2026-07-08,0
108,1,58.46428571428572,85.0,0.0,24,76.0,4,70.0,38.75,65.75,-31.25,1,2026-07-08,0
109,1,68.95454545454545,90.0,43.5,20,85.0,2,67.5,82.5,70.0,15.0,1,2026-07-08,0
110,1,51.2,70.0,27.0,12,58.5,8,56.66666666666666,50.0,53.75,-6.666666666666664,1,2026-07-08,1
111,1,81.69999999999999,100.0,63.3,26,63.3,0,99.0,76.66666666666667,66.15,-22.33333333333333,1,2026-07-08,1
112,1,67.51428571428572,100.0,30.0,24,52.85,4,53.75,82.0,64.425,28.25,1,2026-07-08,0
113,1,31.466666666666665,75.0,0.0,10,62.0,20,17.0,19.0,68.5,2.0,1,2026-07-08,1
114,1,80.2,100.0,60.0,30,86.0,0,83.0,81.0,75.25,-2.0,1,2026-07-08,0
115,1,73.57142857142857,100.0,50.0,28,65.0,0,84.0,70.0,65.0,-14.0,1,2026-07-08,0
116,1,50.48333333333333,78.0,0.0,8,73.45,4,0.0,0.0,75.725,0.0,1,2026-07-08,1
117,1,92.2,100.0,50.0,30,91.5,0,100.0,100.0,70.75,0.0,1,2026-07-08,0
118,1,79.42,100.0,30.0,28,94.65,2,72.0,80.0,88.825,8.0,1,2026-07-08,0
119,1,69.7,100.0,10.0,22,77.5,8,80.0,67.0,59.25,-13.0,1,2026-07-08,0
120,1,88.57857142857142,100.0,64.0,28,83.05,0,100.0,92.0,73.525,-8.0,1,2026-07-08,0
121,1,48.625,80.0,18.5,10,31.75,6,65.0,55.0,46.375,-10.0,1,2026-07-08,1
122,1,92.64,100.0,78.73,28,78.73,0,100.0,96.25,80.86500000000001,-3.75,1,2026-07-08,0
123,1,34.05,63.0,0.0,8,63.0,12,36.25,25.0,42.0,-11.25,1,2026-07-08,1
124,1,80.41333333333334,95.0,69.0,30,72.1,0,83.0,85.0,70.55,2.0,1,2026-07-08,0
125,1,85.4,100.0,70.0,30,73.5,0,88.0,92.0,72.75,4.0,1,2026-07-08,0
126,1,65.63333333333334,100.0,0.0,24,54.0,6,72.0,55.0,71.5,-17.0,1,2026-07-08,0
127,1,38.95454545454545,85.0,0.0,12,0.0,10,42.0,85.0,26.0,43.0,1,2026-07-08,1
128,1,67.86666666666666,85.0,51.0,24,68.7,0,66.25,81.66666666666667,63.35,15.416666666666671,1,2026-07-08,1
129,1,55.0,100.0,20.0,16,30.0,8,58.0,55.0,55.0,-3.0,1,2026-07-08,1
130,1,64.725,100.0,23.0,12,57.4,4,76.66666666666667,0.0,66.2,0.0,1,2026-07-08,1
131,1,87.54666666666667,100.0,76.35,30,76.35,0,91.0,84.0,87.675,-7.0,1,2026-07-08,0
132,1,79.64999999999999,100.0,50.0,28,95.55,0,78.0,72.5,91.775,-5.5,1,2026-07-08,0
133,1,24.685714285714287,50.0,0.0,2,28.9,12,50.0,0.0,29.45,-50.0,1,2026-07-08,1
134,1,54.333333333333336,95.0,20.0,14,62.0,10,36.66666666666666,72.5,53.0,35.833333333333336,1,2026-07-08,1
135,1,78.47857142857143,100.0,37.0,24,50.35,4,96.0,90.0,43.675,-6.0,1,2026-07-08,1
136,1,73.15714285714286,83.85,65.0,28,83.85,0,75.0,71.0,75.925,-4.0,1,2026-07-08,0
137,1,78.88000000000001,100.0,50.35,30,50.35,0,89.0,88.0,52.425,-1.0,1,2026-07-08,1
138,1,74.6923076923077,100.0,30.0,22,88.5,4,71.25,78.75,77.75,7.5,1,2026-07-08,1
139,1,45.61538461538461,80.0,0.0,16,65.0,10,46.0,26.666666666666668,63.0,-19.33333333333333,1,2026-07-08,1
140,1,5.5,20.0,0.0,0,0.0,8,20.0,0.0,0.0,0.0,1,2026-07-08,1
141,1,55.29,100.0,30.0,16,43.78,12,61.0,40.0,65.64,-21.0,1,2026-07-08,1
142,1,89.41428571428571,100.0,75.0,28,95.9,0,92.5,90.0,87.45,-2.5,1,2026-07-08,0
143,1,45.142857142857146,90.0,0.0,6,0.0,8,55.0,30.0,54.0,-25.0,1,2026-07-08,1
144,1,62.5,95.0,0.0,14,87.0,6,60.0,72.5,58.0,12.5,1,2026-07-08,0
145,1,58.875,100.0,0.0,10,0.0,6,77.5,0.0,43.333333333333336,0.0,1,2026-07-08,1
146,1,60.07142857142857,75.0,14.5,12,55.5,2,72.5,0.0,65.25,0.0,1,2026-07-08,1
147,1,65.25,100.0,12.75,12,12.75,8,92.5,40.0,50.375,-52.5,1,2026-07-08,1
148,1,58.28888888888889,100.0,30.0,10,55.8,8,93.33333333333331,30.0,45.9,-63.33333333333333,1,2026-07-08,1
149,1,87.92857142857143,100.0,62.75,28,62.75,0,99.0,97.5,64.375,-1.5,1,2026-07-08,0
150,1,90.15,100.0,49.0,24,95.3,4,97.0,100.0,72.15,3.0,1,2026-07-08,0
151,1,53.9,100.0,0.0,12,0.0,8,45.0,80.0,0.0,35.0,1,2026-07-08,1
152,1,19.5,38.0,0.0,0,38.0,16,5.0,10.0,33.5,5.0,1,2026-07-08,1
153,1,52.29230769230769,65.0,10.0,20,60.4,6,51.0,45.0,62.7,-6.0,1,2026-07-08,1
154,1,11.4,50.0,0.0,2,0.0,8,0.0,50.0,0.6666666666666666,0.0,1,2026-07-08,1
155,1,0.0,0.0,0.0,0,0.0,12,0.0,0.0,0.0,0.0,1,2026-07-08,1
156,1,84.06,100.0,50.0,30,82.7,0,82.0,83.0,88.35,1.0,1,2026-07-08,1
157,1,19.15,80.0,0.0,4,0.0,16,29.0,0.0,10.666666666666666,-29.0,1,2026-07-08,1
158,1,8.25,33.0,0.0,0,0.0,16,0.0,0.0,22.0,0.0,1,2026-07-08,1
159,1,34.5,90.0,0.0,4,0.0,8,75.0,0.0,14.0,0.0,1,2026-07-08,1
160,1,12.5,50.0,0.0,4,0.0,12,0.0,0.0,25.0,0.0,1,2026-07-08,1
161,1,20.166666666666668,50.0,0.0,2,0.0,10,36.66666666666666,0.0,0.0,0.0,1,2026-07-08,1
162,1,29.791666666666668,80.0,0.0,10,0.0,14,49.0,40.0,0.0,-9.0,1,2026-07-08,1
163,1,67.22222222222223,100.0,0.0,14,0.0,4,90.0,100.0,0.0,10.0,1,2026-07-08,1
164,1,0.0,0.0,0.0,0,0.0,6,0.0,0.0,0.0,0.0,1,2026-07-08,1
165,1,33.0,80.0,0.0,4,0.0,6,75.0,0.0,0.0,0.0,1,2026-07-08,1
166,1,5.5,20.0,0.0,0,0.0,8,20.0,0.0,0.0,0.0,1,2026-07-08,1
167,1,0.0,0.0,0.0,0,0.0,10,0.0,0.0,0.0,0.0,1,2026-07-08,1
168,1,23.375,85.0,0.0,2,0.0,6,85.0,0.0,0.0,0.0,1,2026-07-08,1
169,1,0.0,0.0,0.0,0,0.0,12,0.0,0.0,0.0,0.0,1,2026-07-08,1
170,1,0.0,0.0,0.0,0,0.0,8,0.0,0.0,0.0,0.0,1,2026-07-08,1
171,1,0.0,0.0,0.0,0,0.0,14,0.0,0.0,0.0,0.0,1,2026-07-08,1
2,1,70.53999999999999,100.0,0.0,10,44.8,5,95.0,72.0,34.9,-23.0,1,2026-07-09,1
4,1,83.28666666666666,100.0,60.0,15,61.9,0,79.0,98.0,68.95,19.0,1,2026-07-09,1
5,1,86.00666666666666,100.0,10.0,14,93.05,1,71.0,97.0,91.525,26.0,1,2026-07-09,0
7,1,53.53333333333333,80.0,31.0,9,68.0,6,51.0,59.0,49.5,8.0,1,2026-07-09,1
8,1,57.940000000000005,94.0,0.0,11,71.05,4,46.0,52.0,82.525,6.0,1,2026-07-09,1
9,1,67.83733333333333,100.0,0.0,12,52.28,3,94.0,40.0,70.14,-54.0,1,2026-07-09,0
10,1,60.08181818181818,95.0,10.0,6,84.7,5,56.25,70.0,64.85,13.75,1,2026-07-09,1
11,1,77.07142857142857,100.0,0.0,12,0.0,2,88.0,78.0,55.333333333333336,-10.0,1,2026-07-09,1
12,1,79.43333333333334,100.0,40.0,14,87.0,1,86.0,79.0,71.0,-7.0,1,2026-07-09,0
13,1,98.49333333333334,100.0,88.7,15,88.7,0,100.0,100.0,94.35,0.0,1,2026-07-09,0
14,1,82.82142857142857,100.0,0.0,13,0.0,1,90.0,91.0,54.66666666666666,1.0,1,2026-07-09,0
15,1,88.74666666666667,100.0,70.0,15,81.1,0,92.0,94.0,77.05,2.0,1,2026-07-09,0
16,1,68.83333333333333,100.0,0.0,12,20.25,3,86.0,66.0,49.125,-20.0,1,2026-07-09,0
17,1,35.857142857142854,100.0,0.0,3,0.0,4,73.33333333333333,0.0,3.0,0.0,1,2026-07-09,1
18,1,0.0,0.0,0.0,0,0.0,6,0.0,0.0,0.0,0.0,1,2026-07-09,1
19,1,93.65333333333334,100.0,70.0,15,93.15,0,90.0,97.0,94.075,7.0,1,2026-07-09,0
20,1,53.875,100.0,20.0,4,65.0,4,100.0,20.0,47.25,-80.0,1,2026-07-09,1
21,1,67.8875,100.0,26.5,7,62.3,1,97.5,70.0,62.9,-27.5,1,2026-07-09,0
22,1,96.584,100.0,88.13,15,88.13,0,98.0,97.0,94.065,-1.0,1,2026-07-09,0
23,1,85.1,100.0,55.5,15,74.0,0,94.0,91.0,64.75,-3.0,1,2026-07-09,0
24,1,83.38888888888889,100.0,38.5,8,75.5,1,96.25,0.0,81.75,0.0,1,2026-07-09,1
25,1,77.36,100.0,46.2,13,46.2,2,81.0,83.0,64.6,2.0,1,2026-07-09,1
26,1,38.083333333333336,70.0,0.0,4,0.0,8,56.66666666666666,36.0,24.0,-20.666666666666664,1,2026-07-09,1
27,1,51.68461538461538,80.0,30.0,6,46.45,7,60.0,50.0,44.225,-10.0,1,2026-07-09,1
28,1,26.125,95.0,0.0,1,0.0,3,0.0,95.0,0.0,0.0,1,2026-07-09,1
29,1,75.61428571428571,100.0,56.05,14,56.05,0,83.0,85.0,57.025,2.0,1,2026-07-09,0
30,1,41.66666666666666,95.0,5.5,4,5.5,5,52.5,0.0,36.0,0.0,1,2026-07-09,1
31,1,90.15333333333334,100.0,65.8,15,65.8,0,97.4,90.0,80.4,-7.400000000000006,1,2026-07-09,0
32,1,84.09285714285714,100.0,59.0,14,59.4,0,91.25,98.0,59.2,6.75,1,2026-07-09,0
33,1,88.39666666666668,100.0,60.0,15,91.3,0,78.0,100.0,86.7375,22.0,1,2026-07-09,1
34,1,76.96153846153847,100.0,20.0,11,83.0,2,81.0,73.33333333333333,78.25,-7.666666666666671,1,2026-07-09,1
35,1,84.97333333333333,100.0,70.35,15,70.35,0,87.8,90.0,74.175,2.200000000000003,1,2026-07-09,1
36,1,67.6,90.0,35.0,13,64.5,2,67.0,63.0,74.75,-4.0,1,2026-07-09,0
37,1,77.27142857142857,95.0,55.0,14,81.4,0,79.0,73.75,80.7,-5.25,1,2026-07-09,0
38,1,67.25333333333333,92.0,35.0,12,79.65,3,62.0,59.0,85.825,-3.0,1,2026-07-09,1
39,1,81.94266666666667,100.0,61.57,15,61.57,0,94.0,82.0,65.285,-12.0,1,2026-07-09,0
40,1,62.392857142857146,100.0,19.0,12,19.0,2,75.0,72.5,35.5,-2.5,1,2026-07-09,1
41,1,38.9,60.0,0.0,5,46.0,5,40.0,55.0,30.666666666666668,15.0,1,2026-07-09,1
42,1,84.34615384615384,100.0,60.0,13,60.0,0,91.0,93.33333333333331,72.0,2.3333333333333286,1,2026-07-09,0
43,1,82.27857142857144,100.0,45.0,13,85.95,1,85.0,88.0,73.475,3.0,1,2026-07-09,1
44,1,83.9076923076923,100.0,67.9,13,67.9,0,93.0,88.33333333333333,71.95,-4.666666666666671,1,2026-07-09,0
45,1,89.08666666666666,100.0,65.0,15,79.15,0,88.0,92.0,86.575,4.0,1,2026-07-09,0
46,1,72.78666666666666,90.0,40.0,14,69.65,1,69.0,82.0,65.325,13.0,1,2026-07-09,1
47,1,83.44666666666667,100.0,60.0,15,75.85,0,81.0,87.0,81.925,6.0,1,2026-07-09,1
48,1,72.25733333333332,100.0,25.0,12,51.43,3,86.0,56.0,75.715,-30.0,1,2026-07-09,1
49,1,63.333333333333336,100.0,29.0,8,64.5,1,65.0,80.0,62.75,15.0,1,2026-07-09,1
50,1,46.2,84.0,20.0,6,51.3,7,40.0,33.333333333333336,67.65,-6.666666666666664,1,2026-07-09,0
51,1,87.73571428571428,100.0,50.0,14,97.9,0,89.0,82.5,93.95,-6.5,1,2026-07-09,0
52,1,71.03333333333333,100.0,50.0,15,68.0,0,82.0,67.0,61.5,-15.0,1,2026-07-09,0
53,1,57.03333333333333,100.0,19.7,7,19.7,5,72.0,50.0,44.6,-22.0,1,2026-07-09,1
54,1,74.99230769230769,100.0,30.0,10,76.45,3,67.5,97.5,62.225,30.0,1,2026-07-09,1
55,1,45.13636363636363,75.0,0.0,4,44.0,7,48.75,20.0,59.5,-28.75,1,2026-07-09,1
56,1,78.56666666666666,100.0,0.0,14,84.0,1,92.0,59.0,87.0,-33.0,1,2026-07-09,0
57,1,57.333333333333336,100.0,10.0,5,62.0,1,100.0,0.0,58.5,0.0,1,2026-07-09,1
58,1,26.375,55.0,0.0,4,53.75,8,17.5,6.666666666666667,54.375,-10.833333333333332,1,2026-07-09,1
59,1,55.67777777777778,85.0,29.0,6,36.05,3,78.33333333333333,55.0,45.525,-23.33333333333333,1,2026-07-09,1
60,1,90.91333333333334,100.0,80.0,15,84.15,0,91.8,91.0,89.575,-0.7999999999999972,1,2026-07-09,0
61,1,91.0,100.0,60.0,15,80.0,0,98.0,88.0,85.5,-10.0,1,2026-07-09,0
62,1,74.58,95.0,50.0,15,88.35,0,79.0,69.0,76.175,-10.0,1,2026-07-09,1
63,1,79.5,100.0,40.0,13,65.5,1,88.0,75.0,74.75,-13.0,1,2026-07-09,1
64,1,48.73,80.0,10.0,7,65.65,3,40.0,50.0,61.325,10.0,1,2026-07-09,1
65,1,83.24666666666667,95.0,58.0,15,88.4,0,83.8,90.0,73.2,6.200000000000003,1,2026-07-09,0
66,1,74.21333333333334,100.0,30.0,14,72.35,1,66.0,77.0,81.675,11.0,1,2026-07-09,1
67,1,87.22666666666667,100.0,67.7,15,67.7,0,96.0,86.0,76.85,-10.0,1,2026-07-09,0
68,1,75.48666666666666,100.0,30.0,12,41.65,3,72.0,90.0,60.325,18.0,1,2026-07-09,1
69,1,71.59466666666667,100.0,47.21,13,47.21,2,74.0,75.0,63.605,1.0,1,2026-07-09,0
70,1,95.83733333333332,100.0,88.28,15,88.28,0,98.0,96.0,92.64,-2.0,1,2026-07-09,0
71,1,54.642857142857146,80.0,0.0,10,66.0,4,55.0,42.0,73.0,-13.0,1,2026-07-09,1
72,1,75.97333333333333,100.0,40.0,14,96.3,1,80.0,62.0,89.65,-18.0,1,2026-07-09,0
73,1,53.4,100.0,0.0,5,0.0,5,80.0,75.0,9.333333333333334,-5.0,1,2026-07-09,1
74,1,76.5,95.0,30.0,14,50.0,1,76.0,81.0,71.0,5.0,1,2026-07-09,0
75,1,73.39285714285714,100.0,40.0,11,41.0,3,70.0,93.75,57.5,23.75,1,2026-07-09,0
76,1,64.23333333333333,100.0,20.0,11,45.0,4,76.0,61.0,52.5,-15.0,1,2026-07-09,0
77,1,70.47,100.0,38.0,9,89.35,1,70.0,100.0,71.675,30.0,1,2026-07-09,0
78,1,76.72142857142856,100.0,50.0,14,73.3,0,71.25,78.0,82.9,6.75,1,2026-07-09,1
79,1,70.85714285714286,100.0,40.0,13,63.0,1,86.0,65.0,58.25,-21.0,1,2026-07-09,0
80,1,81.77333333333333,100.0,65.0,15,79.3,0,86.0,78.0,81.15,-8.0,1,2026-07-09,0
81,1,35.906666666666666,75.0,10.0,4,48.8,11,15.0,55.0,38.4,40.0,1,2026-07-09,1
82,1,92.12666666666668,100.0,70.0,15,88.7,0,90.0,93.0,93.85,3.0,1,2026-07-09,0
83,1,68.04,100.0,40.0,12,45.3,3,69.0,79.0,51.65,10.0,1,2026-07-09,1
84,1,83.09333333333333,100.0,69.0,15,70.2,0,84.0,92.0,69.6,8.0,1,2026-07-09,0
85,1,69.76666666666667,100.0,0.0,10,0.0,5,79.0,100.0,15.5,21.0,1,2026-07-09,1
86,1,57.76666666666667,100.0,20.0,8,68.1,4,65.0,43.333333333333336,66.05,-21.666666666666664,1,2026-07-09,1
87,1,59.17857142857143,100.0,0.0,9,56.0,5,55.0,75.0,49.0,20.0,1,2026-07-09,1
88,1,74.33333333333333,100.0,0.0,7,86.5,2,75.0,0.0,84.75,0.0,1,2026-07-09,0
89,1,14.0,38.0,0.0,0,38.0,8,0.0,0.0,28.0,0.0,1,2026-07-09,1
90,1,87.90666666666667,100.0,79.0,15,82.55,0,92.0,89.0,80.775,-3.0,1,2026-07-09,0
91,1,84.86,100.0,50.0,15,84.95,0,74.0,92.0,89.975,18.0,1,2026-07-09,0
92,1,78.85,100.0,43.5,9,72.5,1,78.33333333333333,100.0,77.5,21.66666666666667,1,2026-07-09,1
93,1,32.19230769230769,60.0,0.0,3,23.0,10,41.0,26.666666666666668,26.25,-14.333333333333332,1,2026-07-09,1
94,1,53.785714285714285,90.0,17.0,8,17.0,6,75.0,56.25,23.25,-18.75,1,2026-07-09,0
96,1,68.36,100.0,1.2,11,1.2,4,82.0,88.0,22.6,6.0,1,2026-07-09,1
97,1,76.825,100.0,55.5,12,55.7,0,88.33333333333333,72.5,77.85,-15.833333333333329,1,2026-07-09,1
98,1,51.275,100.0,0.0,5,73.1,3,40.0,0.0,69.55,0.0,1,2026-07-09,1
99,1,74.25,100.0,0.0,13,79.0,1,90.0,53.75,77.0,-36.25,1,2026-07-09,0
100,1,41.15,75.0,0.0,5,0.0,5,61.25,50.0,21.75,-11.25,1,2026-07-09,1
101,1,71.86666666666666,90.0,43.0,13,67.0,2,74.0,82.0,55.0,8.0,1,2026-07-09,1
102,1,10.375,25.0,0.0,0,0.0,8,16.666666666666668,20.0,2.0,3.333333333333332,1,2026-07-09,1
103,1,89.96666666666667,100.0,40.0,13,93.0,2,97.0,100.0,66.5,3.0,1,2026-07-09,0
104,1,91.53333333333332,100.0,75.0,15,94.0,0,96.0,86.0,93.0,-10.0,1,2026-07-09,0
105,1,65.48333333333333,90.0,25.0,10,65.65,2,76.0,57.5,60.325,-18.5,1,2026-07-09,1
106,1,48.75714285714286,100.0,0.0,8,32.8,6,46.0,60.0,41.4,14.0,1,2026-07-09,1
107,1,68.35714285714286,100.0,30.0,13,77.0,1,70.0,65.0,71.5,-5.0,1,2026-07-09,0
108,1,58.46428571428572,85.0,0.0,12,76.0,2,70.0,38.75,65.75,-31.25,1,2026-07-09,0
109,1,68.95454545454545,90.0,43.5,10,85.0,1,67.5,82.5,70.0,15.0,1,2026-07-09,0
110,1,51.2,70.0,27.0,6,58.5,4,56.66666666666666,50.0,53.75,-6.666666666666664,1,2026-07-09,1
111,1,81.69999999999999,100.0,63.3,13,63.3,0,99.0,76.66666666666667,66.15,-22.33333333333333,1,2026-07-09,1
112,1,67.51428571428572,100.0,30.0,12,52.85,2,53.75,82.0,64.425,28.25,1,2026-07-09,0
113,1,31.466666666666665,75.0,0.0,5,62.0,10,17.0,19.0,68.5,2.0,1,2026-07-09,1
114,1,80.2,100.0,60.0,15,86.0,0,83.0,81.0,75.25,-2.0,1,2026-07-09,0
115,1,73.57142857142857,100.0,50.0,14,65.0,0,84.0,70.0,65.0,-14.0,1,2026-07-09,0
116,1,50.48333333333333,78.0,0.0,4,73.45,2,0.0,0.0,75.725,0.0,1,2026-07-09,1
117,1,92.2,100.0,50.0,15,91.5,0,100.0,100.0,70.75,0.0,1,2026-07-09,0
118,1,79.42,100.0,30.0,14,94.65,1,72.0,80.0,88.825,8.0,1,2026-07-09,0
119,1,69.7,100.0,10.0,11,77.5,4,80.0,67.0,59.25,-13.0,1,2026-07-09,0
120,1,88.57857142857142,100.0,64.0,14,83.05,0,100.0,92.0,73.525,-8.0,1,2026-07-09,0
121,1,48.625,80.0,18.5,5,31.75,3,65.0,55.0,46.375,-10.0,1,2026-07-09,1
122,1,92.64,100.0,78.73,14,78.73,0,100.0,96.25,80.86500000000001,-3.75,1,2026-07-09,0
123,1,34.05,63.0,0.0,4,63.0,6,36.25,25.0,42.0,-11.25,1,2026-07-09,1
124,1,80.41333333333334,95.0,69.0,15,72.1,0,83.0,85.0,70.55,2.0,1,2026-07-09,0
125,1,85.4,100.0,70.0,15,73.5,0,88.0,92.0,72.75,4.0,1,2026-07-09,0
126,1,65.63333333333334,100.0,0.0,12,54.0,3,72.0,55.0,71.5,-17.0,1,2026-07-09,0
127,1,38.95454545454545,85.0,0.0,6,0.0,5,42.0,85.0,26.0,43.0,1,2026-07-09,1
128,1,67.86666666666666,85.0,51.0,12,68.7,0,66.25,81.66666666666667,63.35,15.416666666666671,1,2026-07-09,1
129,1,55.0,100.0,20.0,8,30.0,4,58.0,55.0,55.0,-3.0,1,2026-07-09,1
130,1,64.725,100.0,23.0,6,57.4,2,76.66666666666667,0.0,66.2,0.0,1,2026-07-09,1
131,1,87.54666666666667,100.0,76.35,15,76.35,0,91.0,84.0,87.675,-7.0,1,2026-07-09,0
132,1,79.64999999999999,100.0,50.0,14,95.55,0,78.0,72.5,91.775,-5.5,1,2026-07-09,0
133,1,24.685714285714287,50.0,0.0,1,28.9,6,50.0,0.0,29.45,-50.0,1,2026-07-09,1
134,1,54.333333333333336,95.0,20.0,7,62.0,5,36.66666666666666,72.5,53.0,35.833333333333336,1,2026-07-09,1
135,1,78.47857142857143,100.0,37.0,12,50.35,2,96.0,90.0,43.675,-6.0,1,2026-07-09,1
136,1,73.15714285714286,83.85,65.0,14,83.85,0,75.0,71.0,75.925,-4.0,1,2026-07-09,0
137,1,78.88000000000001,100.0,50.35,15,50.35,0,89.0,88.0,52.425,-1.0,1,2026-07-09,1
138,1,74.6923076923077,100.0,30.0,11,88.5,2,71.25,78.75,77.75,7.5,1,2026-07-09,1
139,1,45.61538461538461,80.0,0.0,8,65.0,5,46.0,26.666666666666668,63.0,-19.33333333333333,1,2026-07-09,1
140,1,5.5,20.0,0.0,0,0.0,4,20.0,0.0,0.0,0.0,1,2026-07-09,1
141,1,55.29,100.0,30.0,8,43.78,6,61.0,40.0,65.64,-21.0,1,2026-07-09,1
142,1,89.41428571428571,100.0,75.0,14,95.9,0,92.5,90.0,87.45,-2.5,1,2026-07-09,0
143,1,45.142857142857146,90.0,0.0,3,0.0,4,55.0,30.0,54.0,-25.0,1,2026-07-09,1
144,1,62.5,95.0,0.0,7,87.0,3,60.0,72.5,58.0,12.5,1,2026-07-09,0
145,1,58.875,100.0,0.0,5,0.0,3,77.5,0.0,43.333333333333336,0.0,1,2026-07-09,1
146,1,60.07142857142857,75.0,14.5,6,55.5,1,72.5,0.0,65.25,0.0,1,2026-07-09,1
147,1,65.25,100.0,12.75,6,12.75,4,92.5,40.0,50.375,-52.5,1,2026-07-09,1
148,1,58.28888888888889,100.0,30.0,5,55.8,4,93.33333333333331,30.0,45.9,-63.33333333333333,1,2026-07-09,1
149,1,87.92857142857143,100.0,62.75,14,62.75,0,99.0,97.5,64.375,-1.5,1,2026-07-09,0
150,1,90.15,100.0,49.0,12,95.3,2,97.0,100.0,72.15,3.0,1,2026-07-09,0
151,1,53.9,100.0,0.0,6,0.0,4,45.0,80.0,0.0,35.0,1,2026-07-09,1
152,1,19.5,38.0,0.0,0,38.0,8,5.0,10.0,33.5,5.0,1,2026-07-09,1
153,1,52.29230769230769,65.0,10.0,10,60.4,3,51.0,45.0,62.7,-6.0,1,2026-07-09,1
154,1,11.4,50.0,0.0,1,0.0,4,0.0,50.0,0.6666666666666666,0.0,1,2026-07-09,1
155,1,0.0,0.0,0.0,0,0.0,6,0.0,0.0,0.0,0.0,1,2026-07-09,1
156,1,84.06,100.0,50.0,15,82.7,0,82.0,83.0,88.35,1.0,1,2026-07-09,1
157,1,19.15,80.0,0.0,2,0.0,8,29.0,0.0,10.666666666666666,-29.0,1,2026-07-09,1
158,1,8.25,33.0,0.0,0,0.0,8,0.0,0.0,22.0,0.0,1,2026-07-09,1
159,1,34.5,90.0,0.0,2,0.0,4,75.0,0.0,14.0,0.0,1,2026-07-09,1
160,1,12.5,50.0,0.0,2,0.0,6,0.0,0.0,25.0,0.0,1,2026-07-09,1
161,1,20.166666666666668,50.0,0.0,1,0.0,5,36.66666666666666,0.0,0.0,0.0,1,2026-07-09,1
162,1,29.791666666666668,80.0,0.0,5,0.0,7,49.0,40.0,0.0,-9.0,1,2026-07-09,1
163,1,67.22222222222223,100.0,0.0,7,0.0,2,90.0,100.0,0.0,10.0,1,2026-07-09,1
164,1,0.0,0.0,0.0,0,0.0,3,0.0,0.0,0.0,0.0,1,2026-07-09,1
165,1,33.0,80.0,0.0,2,0.0,3,75.0,0.0,0.0,0.0,1,2026-07-09,1
166,1,5.5,20.0,0.0,0,0.0,4,20.0,0.0,0.0,0.0,1,2026-07-09,1
167,1,0.0,0.0,0.0,0,0.0,5,0.0,0.0,0.0,0.0,1,2026-07-09,1
168,1,23.375,85.0,0.0,1,0.0,3,85.0,0.0,0.0,0.0,1,2026-07-09,1
169,1,0.0,0.0,0.0,0,0.0,6,0.0,0.0,0.0,0.0,1,2026-07-09,1
170,1,0.0,0.0,0.0,0,0.0,4,0.0,0.0,0.0,0.0,1,2026-07-09,1
171,1,0.0,0.0,0.0,0,0.0,7,0.0,0.0,0.0,0.0,1,2026-07-09,1
2,1,70.53999999999999,100.0,0.0,10,44.8,5,95.0,72.0,34.9,-23.0,1,2026-07-10,1
4,1,83.28666666666666,100.0,60.0,15,61.9,0,79.0,98.0,68.95,19.0,1,2026-07-10,1
5,1,86.00666666666666,100.0,10.0,14,93.05,1,71.0,97.0,91.525,26.0,1,2026-07-10,0
7,1,53.53333333333333,80.0,31.0,9,68.0,6,51.0,59.0,49.5,8.0,1,2026-07-10,1
8,1,57.940000000000005,94.0,0.0,11,71.05,4,46.0,52.0,82.525,6.0,1,2026-07-10,1
9,1,67.83733333333333,100.0,0.0,12,52.28,3,94.0,40.0,70.14,-54.0,1,2026-07-10,0
10,1,60.08181818181818,95.0,10.0,6,84.7,5,56.25,70.0,64.85,13.75,1,2026-07-10,1
11,1,77.07142857142857,100.0,0.0,12,0.0,2,88.0,78.0,55.333333333333336,-10.0,1,2026-07-10,1
12,1,79.43333333333334,100.0,40.0,14,87.0,1,86.0,79.0,71.0,-7.0,1,2026-07-10,0
13,1,98.49333333333334,100.0,88.7,15,88.7,0,100.0,100.0,94.35,0.0,1,2026-07-10,0
14,1,82.82142857142857,100.0,0.0,13,0.0,1,90.0,91.0,54.66666666666666,1.0,1,2026-07-10,0
15,1,88.74666666666667,100.0,70.0,15,81.1,0,92.0,94.0,77.05,2.0,1,2026-07-10,0
16,1,68.83333333333333,100.0,0.0,12,20.25,3,86.0,66.0,49.125,-20.0,1,2026-07-10,0
17,1,35.857142857142854,100.0,0.0,3,0.0,4,73.33333333333333,0.0,3.0,0.0,1,2026-07-10,1
18,1,0.0,0.0,0.0,0,0.0,6,0.0,0.0,0.0,0.0,1,2026-07-10,1
19,1,93.65333333333334,100.0,70.0,15,93.15,0,90.0,97.0,94.075,7.0,1,2026-07-10,0
20,1,53.875,100.0,20.0,4,65.0,4,100.0,20.0,47.25,-80.0,1,2026-07-10,1
21,1,67.8875,100.0,26.5,7,62.3,1,97.5,70.0,62.9,-27.5,1,2026-07-10,0
22,1,96.584,100.0,88.13,15,88.13,0,98.0,97.0,94.065,-1.0,1,2026-07-10,0
23,1,85.1,100.0,55.5,15,74.0,0,94.0,91.0,64.75,-3.0,1,2026-07-10,0
24,1,83.38888888888889,100.0,38.5,8,75.5,1,96.25,0.0,81.75,0.0,1,2026-07-10,1
25,1,77.36,100.0,46.2,13,46.2,2,81.0,83.0,64.6,2.0,1,2026-07-10,1
26,1,38.083333333333336,70.0,0.0,4,0.0,8,56.66666666666666,36.0,24.0,-20.666666666666664,1,2026-07-10,1
27,1,51.68461538461538,80.0,30.0,6,46.45,7,60.0,50.0,44.225,-10.0,1,2026-07-10,1
28,1,26.125,95.0,0.0,1,0.0,3,0.0,95.0,0.0,0.0,1,2026-07-10,1
29,1,75.61428571428571,100.0,56.05,14,56.05,0,83.0,85.0,57.025,2.0,1,2026-07-10,0
30,1,41.66666666666666,95.0,5.5,4,5.5,5,52.5,0.0,36.0,0.0,1,2026-07-10,1
31,1,90.15333333333334,100.0,65.8,15,65.8,0,97.4,90.0,80.4,-7.400000000000006,1,2026-07-10,0
32,1,84.09285714285714,100.0,59.0,14,59.4,0,91.25,98.0,59.2,6.75,1,2026-07-10,0
33,1,88.39666666666668,100.0,60.0,15,91.3,0,78.0,100.0,86.7375,22.0,1,2026-07-10,1
34,1,76.96153846153847,100.0,20.0,11,83.0,2,81.0,73.33333333333333,78.25,-7.666666666666671,1,2026-07-10,1
35,1,84.97333333333333,100.0,70.35,15,70.35,0,87.8,90.0,74.175,2.200000000000003,1,2026-07-10,1
36,1,67.6,90.0,35.0,13,64.5,2,67.0,63.0,74.75,-4.0,1,2026-07-10,0
37,1,77.27142857142857,95.0,55.0,14,81.4,0,79.0,73.75,80.7,-5.25,1,2026-07-10,0
38,1,67.25333333333333,92.0,35.0,12,79.65,3,62.0,59.0,85.825,-3.0,1,2026-07-10,1
39,1,81.94266666666667,100.0,61.57,15,61.57,0,94.0,82.0,65.285,-12.0,1,2026-07-10,0
40,1,62.392857142857146,100.0,19.0,12,19.0,2,75.0,72.5,35.5,-2.5,1,2026-07-10,1
41,1,38.9,60.0,0.0,5,46.0,5,40.0,55.0,30.666666666666668,15.0,1,2026-07-10,1
42,1,84.34615384615384,100.0,60.0,13,60.0,0,91.0,93.33333333333331,72.0,2.3333333333333286,1,2026-07-10,0
43,1,82.27857142857144,100.0,45.0,13,85.95,1,85.0,88.0,73.475,3.0,1,2026-07-10,1
44,1,83.9076923076923,100.0,67.9,13,67.9,0,93.0,88.33333333333333,71.95,-4.666666666666671,1,2026-07-10,0
45,1,89.08666666666666,100.0,65.0,15,79.15,0,88.0,92.0,86.575,4.0,1,2026-07-10,0
46,1,72.78666666666666,90.0,40.0,14,69.65,1,69.0,82.0,65.325,13.0,1,2026-07-10,1
47,1,83.44666666666667,100.0,60.0,15,75.85,0,81.0,87.0,81.925,6.0,1,2026-07-10,1
48,1,72.25733333333332,100.0,25.0,12,51.43,3,86.0,56.0,75.715,-30.0,1,2026-07-10,1
49,1,63.333333333333336,100.0,29.0,8,64.5,1,65.0,80.0,62.75,15.0,1,2026-07-10,1
50,1,46.2,84.0,20.0,6,51.3,7,40.0,33.333333333333336,67.65,-6.666666666666664,1,2026-07-10,0
51,1,87.73571428571428,100.0,50.0,14,97.9,0,89.0,82.5,93.95,-6.5,1,2026-07-10,0
52,1,71.03333333333333,100.0,50.0,15,68.0,0,82.0,67.0,61.5,-15.0,1,2026-07-10,0
53,1,57.03333333333333,100.0,19.7,7,19.7,5,72.0,50.0,44.6,-22.0,1,2026-07-10,1
54,1,74.99230769230769,100.0,30.0,10,76.45,3,67.5,97.5,62.225,30.0,1,2026-07-10,1
55,1,45.13636363636363,75.0,0.0,4,44.0,7,48.75,20.0,59.5,-28.75,1,2026-07-10,1
56,1,78.56666666666666,100.0,0.0,14,84.0,1,92.0,59.0,87.0,-33.0,1,2026-07-10,0
57,1,57.333333333333336,100.0,10.0,5,62.0,1,100.0,0.0,58.5,0.0,1,2026-07-10,1
58,1,26.375,55.0,0.0,4,53.75,8,17.5,6.666666666666667,54.375,-10.833333333333332,1,2026-07-10,1
59,1,55.67777777777778,85.0,29.0,6,36.05,3,78.33333333333333,55.0,45.525,-23.33333333333333,1,2026-07-10,1
60,1,90.91333333333334,100.0,80.0,15,84.15,0,91.8,91.0,89.575,-0.7999999999999972,1,2026-07-10,0
61,1,91.0,100.0,60.0,15,80.0,0,98.0,88.0,85.5,-10.0,1,2026-07-10,0
62,1,74.58,95.0,50.0,15,88.35,0,79.0,69.0,76.175,-10.0,1,2026-07-10,1
63,1,79.5,100.0,40.0,13,65.5,1,88.0,75.0,74.75,-13.0,1,2026-07-10,1
64,1,48.73,80.0,10.0,7,65.65,3,40.0,50.0,61.325,10.0,1,2026-07-10,1
65,1,83.24666666666667,95.0,58.0,15,88.4,0,83.8,90.0,73.2,6.200000000000003,1,2026-07-10,0
66,1,74.21333333333334,100.0,30.0,14,72.35,1,66.0,77.0,81.675,11.0,1,2026-07-10,1
67,1,87.22666666666667,100.0,67.7,15,67.7,0,96.0,86.0,76.85,-10.0,1,2026-07-10,0
68,1,75.48666666666666,100.0,30.0,12,41.65,3,72.0,90.0,60.325,18.0,1,2026-07-10,1
69,1,71.59466666666667,100.0,47.21,13,47.21,2,74.0,75.0,63.605,1.0,1,2026-07-10,0
70,1,95.83733333333332,100.0,88.28,15,88.28,0,98.0,96.0,92.64,-2.0,1,2026-07-10,0
71,1,54.642857142857146,80.0,0.0,10,66.0,4,55.0,42.0,73.0,-13.0,1,2026-07-10,1
72,1,75.97333333333333,100.0,40.0,14,96.3,1,80.0,62.0,89.65,-18.0,1,2026-07-10,0
73,1,53.4,100.0,0.0,5,0.0,5,80.0,75.0,9.333333333333334,-5.0,1,2026-07-10,1
74,1,76.5,95.0,30.0,14,50.0,1,76.0,81.0,71.0,5.0,1,2026-07-10,0
75,1,73.39285714285714,100.0,40.0,11,41.0,3,70.0,93.75,57.5,23.75,1,2026-07-10,0
76,1,64.23333333333333,100.0,20.0,11,45.0,4,76.0,61.0,52.5,-15.0,1,2026-07-10,0
77,1,70.47,100.0,38.0,9,89.35,1,70.0,100.0,71.675,30.0,1,2026-07-10,0
78,1,76.72142857142856,100.0,50.0,14,73.3,0,71.25,78.0,82.9,6.75,1,2026-07-10,1
79,1,70.85714285714286,100.0,40.0,13,63.0,1,86.0,65.0,58.25,-21.0,1,2026-07-10,0
80,1,81.77333333333333,100.0,65.0,15,79.3,0,86.0,78.0,81.15,-8.0,1,2026-07-10,0
81,1,35.906666666666666,75.0,10.0,4,48.8,11,15.0,55.0,38.4,40.0,1,2026-07-10,1
82,1,92.12666666666668,100.0,70.0,15,88.7,0,90.0,93.0,93.85,3.0,1,2026-07-10,0
83,1,68.04,100.0,40.0,12,45.3,3,69.0,79.0,51.65,10.0,1,2026-07-10,1
84,1,83.09333333333333,100.0,69.0,15,70.2,0,84.0,92.0,69.6,8.0,1,2026-07-10,0
85,1,69.76666666666667,100.0,0.0,10,0.0,5,79.0,100.0,15.5,21.0,1,2026-07-10,1
86,1,57.76666666666667,100.0,20.0,8,68.1,4,65.0,43.333333333333336,66.05,-21.666666666666664,1,2026-07-10,1
87,1,59.17857142857143,100.0,0.0,9,56.0,5,55.0,75.0,49.0,20.0,1,2026-07-10,1
88,1,74.33333333333333,100.0,0.0,7,86.5,2,75.0,0.0,84.75,0.0,1,2026-07-10,0
89,1,14.0,38.0,0.0,0,38.0,8,0.0,0.0,28.0,0.0,1,2026-07-10,1
90,1,87.90666666666667,100.0,79.0,15,82.55,0,92.0,89.0,80.775,-3.0,1,2026-07-10,0
91,1,84.86,100.0,50.0,15,84.95,0,74.0,92.0,89.975,18.0,1,2026-07-10,0
92,1,78.85,100.0,43.5,9,72.5,1,78.33333333333333,100.0,77.5,21.66666666666667,1,2026-07-10,1
93,1,32.19230769230769,60.0,0.0,3,23.0,10,41.0,26.666666666666668,26.25,-14.333333333333332,1,2026-07-10,1
94,1,53.785714285714285,90.0,17.0,8,17.0,6,75.0,56.25,23.25,-18.75,1,2026-07-10,0
96,1,68.36,100.0,1.2,11,1.2,4,82.0,88.0,22.6,6.0,1,2026-07-10,1
97,1,76.825,100.0,55.5,12,55.7,0,88.33333333333333,72.5,77.85,-15.833333333333329,1,2026-07-10,1
98,1,51.275,100.0,0.0,5,73.1,3,40.0,0.0,69.55,0.0,1,2026-07-10,1
99,1,74.25,100.0,0.0,13,79.0,1,90.0,53.75,77.0,-36.25,1,2026-07-10,0
100,1,41.15,75.0,0.0,5,0.0,5,61.25,50.0,21.75,-11.25,1,2026-07-10,1
101,1,71.86666666666666,90.0,43.0,13,67.0,2,74.0,82.0,55.0,8.0,1,2026-07-10,1
102,1,10.375,25.0,0.0,0,0.0,8,16.666666666666668,20.0,2.0,3.333333333333332,1,2026-07-10,1
103,1,89.96666666666667,100.0,40.0,13,93.0,2,97.0,100.0,66.5,3.0,1,2026-07-10,0
104,1,91.53333333333332,100.0,75.0,15,94.0,0,96.0,86.0,93.0,-10.0,1,2026-07-10,0
105,1,65.48333333333333,90.0,25.0,10,65.65,2,76.0,57.5,60.325,-18.5,1,2026-07-10,1
106,1,48.75714285714286,100.0,0.0,8,32.8,6,46.0,60.0,41.4,14.0,1,2026-07-10,1
107,1,68.35714285714286,100.0,30.0,13,77.0,1,70.0,65.0,71.5,-5.0,1,2026-07-10,0
108,1,58.46428571428572,85.0,0.0,12,76.0,2,70.0,38.75,65.75,-31.25,1,2026-07-10,0
109,1,68.95454545454545,90.0,43.5,10,85.0,1,67.5,82.5,70.0,15.0,1,2026-07-10,0
110,1,51.2,70.0,27.0,6,58.5,4,56.66666666666666,50.0,53.75,-6.666666666666664,1,2026-07-10,1
111,1,81.69999999999999,100.0,63.3,13,63.3,0,99.0,76.66666666666667,66.15,-22.33333333333333,1,2026-07-10,1
112,1,67.51428571428572,100.0,30.0,12,52.85,2,53.75,82.0,64.425,28.25,1,2026-07-10,0
113,1,31.466666666666665,75.0,0.0,5,62.0,10,17.0,19.0,68.5,2.0,1,2026-07-10,1
114,1,80.2,100.0,60.0,15,86.0,0,83.0,81.0,75.25,-2.0,1,2026-07-10,0
115,1,73.57142857142857,100.0,50.0,14,65.0,0,84.0,70.0,65.0,-14.0,1,2026-07-10,0
116,1,50.48333333333333,78.0,0.0,4,73.45,2,0.0,0.0,75.725,0.0,1,2026-07-10,1
117,1,92.2,100.0,50.0,15,91.5,0,100.0,100.0,70.75,0.0,1,2026-07-10,0
118,1,79.42,100.0,30.0,14,94.65,1,72.0,80.0,88.825,8.0,1,2026-07-10,0
119,1,69.7,100.0,10.0,11,77.5,4,80.0,67.0,59.25,-13.0,1,2026-07-10,0
120,1,88.57857142857142,100.0,64.0,14,83.05,0,100.0,92.0,73.525,-8.0,1,2026-07-10,0
121,1,48.625,80.0,18.5,5,31.75,3,65.0,55.0,46.375,-10.0,1,2026-07-10,1
122,1,92.64,100.0,78.73,14,78.73,0,100.0,96.25,80.86500000000001,-3.75,1,2026-07-10,0
123,1,34.05,63.0,0.0,4,63.0,6,36.25,25.0,42.0,-11.25,1,2026-07-10,1
124,1,80.41333333333334,95.0,69.0,15,72.1,0,83.0,85.0,70.55,2.0,1,2026-07-10,0
125,1,85.4,100.0,70.0,15,73.5,0,88.0,92.0,72.75,4.0,1,2026-07-10,0
126,1,65.63333333333334,100.0,0.0,12,54.0,3,72.0,55.0,71.5,-17.0,1,2026-07-10,0
127,1,38.95454545454545,85.0,0.0,6,0.0,5,42.0,85.0,26.0,43.0,1,2026-07-10,1
128,1,67.86666666666666,85.0,51.0,12,68.7,0,66.25,81.66666666666667,63.35,15.416666666666671,1,2026-07-10,1
129,1,55.0,100.0,20.0,8,30.0,4,58.0,55.0,55.0,-3.0,1,2026-07-10,1
130,1,64.725,100.0,23.0,6,57.4,2,76.66666666666667,0.0,66.2,0.0,1,2026-07-10,1
131,1,87.54666666666667,100.0,76.35,15,76.35,0,91.0,84.0,87.675,-7.0,1,2026-07-10,0
132,1,79.64999999999999,100.0,50.0,14,95.55,0,78.0,72.5,91.775,-5.5,1,2026-07-10,0
133,1,24.685714285714287,50.0,0.0,1,28.9,6,50.0,0.0,29.45,-50.0,1,2026-07-10,1
134,1,54.333333333333336,95.0,20.0,7,62.0,5,36.66666666666666,72.5,53.0,35.833333333333336,1,2026-07-10,1
135,1,78.47857142857143,100.0,37.0,12,50.35,2,96.0,90.0,43.675,-6.0,1,2026-07-10,1
136,1,73.15714285714286,83.85,65.0,14,83.85,0,75.0,71.0,75.925,-4.0,1,2026-07-10,0
137,1,78.88000000000001,100.0,50.35,15,50.35,0,89.0,88.0,52.425,-1.0,1,2026-07-10,1
138,1,74.6923076923077,100.0,30.0,11,88.5,2,71.25,78.75,77.75,7.5,1,2026-07-10,1
139,1,45.61538461538461,80.0,0.0,8,65.0,5,46.0,26.666666666666668,63.0,-19.33333333333333,1,2026-07-10,1
140,1,5.5,20.0,0.0,0,0.0,4,20.0,0.0,0.0,0.0,1,2026-07-10,1
141,1,55.29,100.0,30.0,8,43.78,6,61.0,40.0,65.64,-21.0,1,2026-07-10,1
142,1,89.41428571428571,100.0,75.0,14,95.9,0,92.5,90.0,87.45,-2.5,1,2026-07-10,0
143,1,45.142857142857146,90.0,0.0,3,0.0,4,55.0,30.0,54.0,-25.0,1,2026-07-10,1
144,1,62.5,95.0,0.0,7,87.0,3,60.0,72.5,58.0,12.5,1,2026-07-10,0
145,1,58.875,100.0,0.0,5,0.0,3,77.5,0.0,43.333333333333336,0.0,1,2026-07-10,1
146,1,60.07142857142857,75.0,14.5,6,55.5,1,72.5,0.0,65.25,0.0,1,2026-07-10,1
147,1,65.25,100.0,12.75,6,12.75,4,92.5,40.0,50.375,-52.5,1,2026-07-10,1
148,1,58.28888888888889,100.0,30.0,5,55.8,4,93.33333333333331,30.0,45.9,-63.33333333333333,1,2026-07-10,1
149,1,87.92857142857143,100.0,62.75,14,62.75,0,99.0,97.5,64.375,-1.5,1,2026-07-10,0
150,1,90.15,100.0,49.0,12,95.3,2,97.0,100.0,72.15,3.0,1,2026-07-10,0
151,1,53.9,100.0,0.0,6,0.0,4,45.0,80.0,0.0,35.0,1,2026-07-10,1
152,1,19.5,38.0,0.0,0,38.0,8,5.0,10.0,33.5,5.0,1,2026-07-10,1
153,1,52.29230769230769,65.0,10.0,10,60.4,3,51.0,45.0,62.7,-6.0,1,2026-07-10,1
154,1,11.4,50.0,0.0,1,0.0,4,0.0,50.0,0.6666666666666666,0.0,1,2026-07-10,1
155,1,0.0,0.0,0.0,0,0.0,6,0.0,0.0,0.0,0.0,1,2026-07-10,1
156,1,84.06,100.0,50.0,15,82.7,0,82.0,83.0,88.35,1.0,1,2026-07-10,1
157,1,19.15,80.0,0.0,2,0.0,8,29.0,0.0,10.666666666666666,-29.0,1,2026-07-10,1
158,1,8.25,33.0,0.0,0,0.0,8,0.0,0.0,22.0,0.0,1,2026-07-10,1
159,1,34.5,90.0,0.0,2,0.0,4,75.0,0.0,14.0,0.0,1,2026-07-10,1
160,1,12.5,50.0,0.0,2,0.0,6,0.0,0.0,25.0,0.0,1,2026-07-10,1
161,1,20.166666666666668,50.0,0.0,1,0.0,5,36.66666666666666,0.0,0.0,0.0,1,2026-07-10,1
162,1,29.791666666666668,80.0,0.0,5,0.0,7,49.0,40.0,0.0,-9.0,1,2026-07-10,1
163,1,67.22222222222223,100.0,0.0,7,0.0,2,90.0,100.0,0.0,10.0,1,2026-07-10,1
164,1,0.0,0.0,0.0,0,0.0,3,0.0,0.0,0.0,0.0,1,2026-07-10,1
165,1,33.0,80.0,0.0,2,0.0,3,75.0,0.0,0.0,0.0,1,2026-07-10,1
166,1,5.5,20.0,0.0,0,0.0,4,20.0,0.0,0.0,0.0,1,2026-07-10,1
167,1,0.0,0.0,0.0,0,0.0,5,0.0,0.0,0.0,0.0,1,2026-07-10,1
168,1,23.375,85.0,0.0,1,0.0,3,85.0,0.0,0.0,0.0,1,2026-07-10,1
169,1,0.0,0.0,0.0,0,0.0,6,0.0,0.0,0.0,0.0,1,2026-07-10,1
170,1,0.0,0.0,0.0,0,0.0,4,0.0,0.0,0.0,0.0,1,2026-07-10,1
171,1,0.0,0.0,0.0,0,0.0,7,0.0,0.0,0.0,0.0,1,2026-07-10,1
2,1,70.53999999999999,100.0,0.0,10,44.8,5,95.0,72.0,34.9,-23.0,1,2026-07-11,1
4,1,83.28666666666666,100.0,60.0,15,61.9,0,79.0,98.0,68.95,19.0,1,2026-07-11,1
5,1,86.00666666666666,100.0,10.0,14,93.05,1,71.0,97.0,91.525,26.0,1,2026-07-11,0
7,1,53.53333333333333,80.0,31.0,9,68.0,6,51.0,59.0,49.5,8.0,1,2026-07-11,1
8,1,57.940000000000005,94.0,0.0,11,71.05,4,46.0,52.0,82.525,6.0,1,2026-07-11,1
9,1,67.83733333333333,100.0,0.0,12,52.28,3,94.0,40.0,70.14,-54.0,1,2026-07-11,0
10,1,60.08181818181818,95.0,10.0,6,84.7,5,56.25,70.0,64.85,13.75,1,2026-07-11,1
11,1,77.07142857142857,100.0,0.0,12,0.0,2,88.0,78.0,55.333333333333336,-10.0,1,2026-07-11,1
12,1,79.43333333333334,100.0,40.0,14,87.0,1,86.0,79.0,71.0,-7.0,1,2026-07-11,0
13,1,98.49333333333334,100.0,88.7,15,88.7,0,100.0,100.0,94.35,0.0,1,2026-07-11,0
14,1,82.82142857142857,100.0,0.0,13,0.0,1,90.0,91.0,54.66666666666666,1.0,1,2026-07-11,0
15,1,88.74666666666667,100.0,70.0,15,81.1,0,92.0,94.0,77.05,2.0,1,2026-07-11,0
16,1,68.83333333333333,100.0,0.0,12,20.25,3,86.0,66.0,49.125,-20.0,1,2026-07-11,0
17,1,35.857142857142854,100.0,0.0,3,0.0,4,73.33333333333333,0.0,3.0,0.0,1,2026-07-11,1
18,1,0.0,0.0,0.0,0,0.0,6,0.0,0.0,0.0,0.0,1,2026-07-11,1
19,1,93.65333333333334,100.0,70.0,15,93.15,0,90.0,97.0,94.075,7.0,1,2026-07-11,0
20,1,53.875,100.0,20.0,4,65.0,4,100.0,20.0,47.25,-80.0,1,2026-07-11,1
21,1,67.8875,100.0,26.5,7,62.3,1,97.5,70.0,62.9,-27.5,1,2026-07-11,0
22,1,96.584,100.0,88.13,15,88.13,0,98.0,97.0,94.065,-1.0,1,2026-07-11,0
23,1,85.1,100.0,55.5,15,74.0,0,94.0,91.0,64.75,-3.0,1,2026-07-11,0
24,1,83.38888888888889,100.0,38.5,8,75.5,1,96.25,0.0,81.75,0.0,1,2026-07-11,1
25,1,77.36,100.0,46.2,13,46.2,2,81.0,83.0,64.6,2.0,1,2026-07-11,1
26,1,38.083333333333336,70.0,0.0,4,0.0,8,56.66666666666666,36.0,24.0,-20.666666666666664,1,2026-07-11,1
27,1,51.68461538461538,80.0,30.0,6,46.45,7,60.0,50.0,44.225,-10.0,1,2026-07-11,1
28,1,26.125,95.0,0.0,1,0.0,3,0.0,95.0,0.0,0.0,1,2026-07-11,1
29,1,75.61428571428571,100.0,56.05,14,56.05,0,83.0,85.0,57.025,2.0,1,2026-07-11,0
30,1,41.66666666666666,95.0,5.5,4,5.5,5,52.5,0.0,36.0,0.0,1,2026-07-11,1
31,1,90.15333333333334,100.0,65.8,15,65.8,0,97.4,90.0,80.4,-7.400000000000006,1,2026-07-11,0
32,1,84.09285714285714,100.0,59.0,14,59.4,0,91.25,98.0,59.2,6.75,1,2026-07-11,0
33,1,88.39666666666668,100.0,60.0,15,91.3,0,78.0,100.0,86.7375,22.0,1,2026-07-11,1
34,1,76.96153846153847,100.0,20.0,11,83.0,2,81.0,73.33333333333333,78.25,-7.666666666666671,1,2026-07-11,1
35,1,84.97333333333333,100.0,70.35,15,70.35,0,87.8,90.0,74.175,2.200000000000003,1,2026-07-11,1
36,1,67.6,90.0,35.0,13,64.5,2,67.0,63.0,74.75,-4.0,1,2026-07-11,0
37,1,77.27142857142857,95.0,55.0,14,81.4,0,79.0,73.75,80.7,-5.25,1,2026-07-11,0
38,1,67.25333333333333,92.0,35.0,12,79.65,3,62.0,59.0,85.825,-3.0,1,2026-07-11,1
39,1,81.94266666666667,100.0,61.57,15,61.57,0,94.0,82.0,65.285,-12.0,1,2026-07-11,0
40,1,62.392857142857146,100.0,19.0,12,19.0,2,75.0,72.5,35.5,-2.5,1,2026-07-11,1
41,1,38.9,60.0,0.0,5,46.0,5,40.0,55.0,30.666666666666668,15.0,1,2026-07-11,1
42,1,84.34615384615384,100.0,60.0,13,60.0,0,91.0,93.33333333333331,72.0,2.3333333333333286,1,2026-07-11,0
43,1,82.27857142857144,100.0,45.0,13,85.95,1,85.0,88.0,73.475,3.0,1,2026-07-11,1
44,1,83.9076923076923,100.0,67.9,13,67.9,0,93.0,88.33333333333333,71.95,-4.666666666666671,1,2026-07-11,0
45,1,89.08666666666666,100.0,65.0,15,79.15,0,88.0,92.0,86.575,4.0,1,2026-07-11,0
46,1,72.78666666666666,90.0,40.0,14,69.65,1,69.0,82.0,65.325,13.0,1,2026-07-11,1
47,1,83.44666666666667,100.0,60.0,15,75.85,0,81.0,87.0,81.925,6.0,1,2026-07-11,1
48,1,72.25733333333332,100.0,25.0,12,51.43,3,86.0,56.0,75.715,-30.0,1,2026-07-11,1
49,1,63.333333333333336,100.0,29.0,8,64.5,1,65.0,80.0,62.75,15.0,1,2026-07-11,1
50,1,46.2,84.0,20.0,6,51.3,7,40.0,33.333333333333336,67.65,-6.666666666666664,1,2026-07-11,0
51,1,87.73571428571428,100.0,50.0,14,97.9,0,89.0,82.5,93.95,-6.5,1,2026-07-11,0
52,1,71.03333333333333,100.0,50.0,15,68.0,0,82.0,67.0,61.5,-15.0,1,2026-07-11,0
53,1,57.03333333333333,100.0,19.7,7,19.7,5,72.0,50.0,44.6,-22.0,1,2026-07-11,1
54,1,74.99230769230769,100.0,30.0,10,76.45,3,67.5,97.5,62.225,30.0,1,2026-07-11,1
55,1,45.13636363636363,75.0,0.0,4,44.0,7,48.75,20.0,59.5,-28.75,1,2026-07-11,1
56,1,78.56666666666666,100.0,0.0,14,84.0,1,92.0,59.0,87.0,-33.0,1,2026-07-11,0
57,1,57.333333333333336,100.0,10.0,5,62.0,1,100.0,0.0,58.5,0.0,1,2026-07-11,1
58,1,26.375,55.0,0.0,4,53.75,8,17.5,6.666666666666667,54.375,-10.833333333333332,1,2026-07-11,1
59,1,55.67777777777778,85.0,29.0,6,36.05,3,78.33333333333333,55.0,45.525,-23.33333333333333,1,2026-07-11,1
60,1,90.91333333333334,100.0,80.0,15,84.15,0,91.8,91.0,89.575,-0.7999999999999972,1,2026-07-11,0
61,1,91.0,100.0,60.0,15,80.0,0,98.0,88.0,85.5,-10.0,1,2026-07-11,0
62,1,74.58,95.0,50.0,15,88.35,0,79.0,69.0,76.175,-10.0,1,2026-07-11,1
63,1,79.5,100.0,40.0,13,65.5,1,88.0,75.0,74.75,-13.0,1,2026-07-11,1
64,1,48.73,80.0,10.0,7,65.65,3,40.0,50.0,61.325,10.0,1,2026-07-11,1
65,1,83.24666666666667,95.0,58.0,15,88.4,0,83.8,90.0,73.2,6.200000000000003,1,2026-07-11,0
66,1,74.21333333333334,100.0,30.0,14,72.35,1,66.0,77.0,81.675,11.0,1,2026-07-11,1
67,1,87.22666666666667,100.0,67.7,15,67.7,0,96.0,86.0,76.85,-10.0,1,2026-07-11,0
68,1,75.48666666666666,100.0,30.0,12,41.65,3,72.0,90.0,60.325,18.0,1,2026-07-11,1
69,1,71.59466666666667,100.0,47.21,13,47.21,2,74.0,75.0,63.605,1.0,1,2026-07-11,0
70,1,95.83733333333332,100.0,88.28,15,88.28,0,98.0,96.0,92.64,-2.0,1,2026-07-11,0
71,1,54.642857142857146,80.0,0.0,10,66.0,4,55.0,42.0,73.0,-13.0,1,2026-07-11,1
72,1,75.97333333333333,100.0,40.0,14,96.3,1,80.0,62.0,89.65,-18.0,1,2026-07-11,0
73,1,53.4,100.0,0.0,5,0.0,5,80.0,75.0,9.333333333333334,-5.0,1,2026-07-11,1
74,1,76.5,95.0,30.0,14,50.0,1,76.0,81.0,71.0,5.0,1,2026-07-11,0
75,1,73.39285714285714,100.0,40.0,11,41.0,3,70.0,93.75,57.5,23.75,1,2026-07-11,0
76,1,64.23333333333333,100.0,20.0,11,45.0,4,76.0,61.0,52.5,-15.0,1,2026-07-11,0
77,1,70.47,100.0,38.0,9,89.35,1,70.0,100.0,71.675,30.0,1,2026-07-11,0
78,1,76.72142857142856,100.0,50.0,14,73.3,0,71.25,78.0,82.9,6.75,1,2026-07-11,1
79,1,70.85714285714286,100.0,40.0,13,63.0,1,86.0,65.0,58.25,-21.0,1,2026-07-11,0
80,1,81.77333333333333,100.0,65.0,15,79.3,0,86.0,78.0,81.15,-8.0,1,2026-07-11,0
81,1,35.906666666666666,75.0,10.0,4,48.8,11,15.0,55.0,38.4,40.0,1,2026-07-11,1
82,1,92.12666666666668,100.0,70.0,15,88.7,0,90.0,93.0,93.85,3.0,1,2026-07-11,0
83,1,68.04,100.0,40.0,12,45.3,3,69.0,79.0,51.65,10.0,1,2026-07-11,1
84,1,83.09333333333333,100.0,69.0,15,70.2,0,84.0,92.0,69.6,8.0,1,2026-07-11,0
85,1,69.76666666666667,100.0,0.0,10,0.0,5,79.0,100.0,15.5,21.0,1,2026-07-11,1
86,1,57.76666666666667,100.0,20.0,8,68.1,4,65.0,43.333333333333336,66.05,-21.666666666666664,1,2026-07-11,1
87,1,59.17857142857143,100.0,0.0,9,56.0,5,55.0,75.0,49.0,20.0,1,2026-07-11,1
88,1,74.33333333333333,100.0,0.0,7,86.5,2,75.0,0.0,84.75,0.0,1,2026-07-11,0
89,1,14.0,38.0,0.0,0,38.0,8,0.0,0.0,28.0,0.0,1,2026-07-11,1
90,1,87.90666666666667,100.0,79.0,15,82.55,0,92.0,89.0,80.775,-3.0,1,2026-07-11,0
91,1,84.86,100.0,50.0,15,84.95,0,74.0,92.0,89.975,18.0,1,2026-07-11,0
92,1,78.85,100.0,43.5,9,72.5,1,78.33333333333333,100.0,77.5,21.66666666666667,1,2026-07-11,1
93,1,32.19230769230769,60.0,0.0,3,23.0,10,41.0,26.666666666666668,26.25,-14.333333333333332,1,2026-07-11,1
94,1,53.785714285714285,90.0,17.0,8,17.0,6,75.0,56.25,23.25,-18.75,1,2026-07-11,0
96,1,68.36,100.0,1.2,11,1.2,4,82.0,88.0,22.6,6.0,1,2026-07-11,1
97,1,76.825,100.0,55.5,12,55.7,0,88.33333333333333,72.5,77.85,-15.833333333333329,1,2026-07-11,1
98,1,51.275,100.0,0.0,5,73.1,3,40.0,0.0,69.55,0.0,1,2026-07-11,1
99,1,74.25,100.0,0.0,13,79.0,1,90.0,53.75,77.0,-36.25,1,2026-07-11,0
100,1,41.15,75.0,0.0,5,0.0,5,61.25,50.0,21.75,-11.25,1,2026-07-11,1
101,1,71.86666666666666,90.0,43.0,13,67.0,2,74.0,82.0,55.0,8.0,1,2026-07-11,1
102,1,10.375,25.0,0.0,0,0.0,8,16.666666666666668,20.0,2.0,3.333333333333332,1,2026-07-11,1
103,1,89.96666666666667,100.0,40.0,13,93.0,2,97.0,100.0,66.5,3.0,1,2026-07-11,0
104,1,91.53333333333332,100.0,75.0,15,94.0,0,96.0,86.0,93.0,-10.0,1,2026-07-11,0
105,1,65.48333333333333,90.0,25.0,10,65.65,2,76.0,57.5,60.325,-18.5,1,2026-07-11,1
106,1,48.75714285714286,100.0,0.0,8,32.8,6,46.0,60.0,41.4,14.0,1,2026-07-11,1
107,1,68.35714285714286,100.0,30.0,13,77.0,1,70.0,65.0,71.5,-5.0,1,2026-07-11,0
108,1,58.46428571428572,85.0,0.0,12,76.0,2,70.0,38.75,65.75,-31.25,1,2026-07-11,0
109,1,68.95454545454545,90.0,43.5,10,85.0,1,67.5,82.5,70.0,15.0,1,2026-07-11,0
110,1,51.2,70.0,27.0,6,58.5,4,56.66666666666666,50.0,53.75,-6.666666666666664,1,2026-07-11,1
111,1,81.69999999999999,100.0,63.3,13,63.3,0,99.0,76.66666666666667,66.15,-22.33333333333333,1,2026-07-11,1
112,1,67.51428571428572,100.0,30.0,12,52.85,2,53.75,82.0,64.425,28.25,1,2026-07-11,0
113,1,31.466666666666665,75.0,0.0,5,62.0,10,17.0,19.0,68.5,2.0,1,2026-07-11,1
114,1,80.2,100.0,60.0,15,86.0,0,83.0,81.0,75.25,-2.0,1,2026-07-11,0
115,1,73.57142857142857,100.0,50.0,14,65.0,0,84.0,70.0,65.0,-14.0,1,2026-07-11,0
116,1,50.48333333333333,78.0,0.0,4,73.45,2,0.0,0.0,75.725,0.0,1,2026-07-11,1
117,1,92.2,100.0,50.0,15,91.5,0,100.0,100.0,70.75,0.0,1,2026-07-11,0
118,1,79.42,100.0,30.0,14,94.65,1,72.0,80.0,88.825,8.0,1,2026-07-11,0
119,1,69.7,100.0,10.0,11,77.5,4,80.0,67.0,59.25,-13.0,1,2026-07-11,0
120,1,88.57857142857142,100.0,64.0,14,83.05,0,100.0,92.0,73.525,-8.0,1,2026-07-11,0
121,1,48.625,80.0,18.5,5,31.75,3,65.0,55.0,46.375,-10.0,1,2026-07-11,1
122,1,92.64,100.0,78.73,14,78.73,0,100.0,96.25,80.86500000000001,-3.75,1,2026-07-11,0
123,1,34.05,63.0,0.0,4,63.0,6,36.25,25.0,42.0,-11.25,1,2026-07-11,1
124,1,80.41333333333334,95.0,69.0,15,72.1,0,83.0,85.0,70.55,2.0,1,2026-07-11,0
125,1,85.4,100.0,70.0,15,73.5,0,88.0,92.0,72.75,4.0,1,2026-07-11,0
126,1,65.63333333333334,100.0,0.0,12,54.0,3,72.0,55.0,71.5,-17.0,1,2026-07-11,0
127,1,38.95454545454545,85.0,0.0,6,0.0,5,42.0,85.0,26.0,43.0,1,2026-07-11,1
128,1,67.86666666666666,85.0,51.0,12,68.7,0,66.25,81.66666666666667,63.35,15.416666666666671,1,2026-07-11,1
129,1,55.0,100.0,20.0,8,30.0,4,58.0,55.0,55.0,-3.0,1,2026-07-11,1
130,1,64.725,100.0,23.0,6,57.4,2,76.66666666666667,0.0,66.2,0.0,1,2026-07-11,1
131,1,87.54666666666667,100.0,76.35,15,76.35,0,91.0,84.0,87.675,-7.0,1,2026-07-11,0
132,1,79.64999999999999,100.0,50.0,14,95.55,0,78.0,72.5,91.775,-5.5,1,2026-07-11,0
133,1,24.685714285714287,50.0,0.0,1,28.9,6,50.0,0.0,29.45,-50.0,1,2026-07-11,1
134,1,54.333333333333336,95.0,20.0,7,62.0,5,36.66666666666666,72.5,53.0,35.833333333333336,1,2026-07-11,1
135,1,78.47857142857143,100.0,37.0,12,50.35,2,96.0,90.0,43.675,-6.0,1,2026-07-11,1
136,1,73.15714285714286,83.85,65.0,14,83.85,0,75.0,71.0,75.925,-4.0,1,2026-07-11,0
137,1,78.88000000000001,100.0,50.35,15,50.35,0,89.0,88.0,52.425,-1.0,1,2026-07-11,1
138,1,74.6923076923077,100.0,30.0,11,88.5,2,71.25,78.75,77.75,7.5,1,2026-07-11,1
139,1,45.61538461538461,80.0,0.0,8,65.0,5,46.0,26.666666666666668,63.0,-19.33333333333333,1,2026-07-11,1
140,1,5.5,20.0,0.0,0,0.0,4,20.0,0.0,0.0,0.0,1,2026-07-11,1
141,1,55.29,100.0,30.0,8,43.78,6,61.0,40.0,65.64,-21.0,1,2026-07-11,1
142,1,89.41428571428571,100.0,75.0,14,95.9,0,92.5,90.0,87.45,-2.5,1,2026-07-11,0
143,1,45.142857142857146,90.0,0.0,3,0.0,4,55.0,30.0,54.0,-25.0,1,2026-07-11,1
144,1,62.5,95.0,0.0,7,87.0,3,60.0,72.5,58.0,12.5,1,2026-07-11,0
145,1,58.875,100.0,0.0,5,0.0,3,77.5,0.0,43.333333333333336,0.0,1,2026-07-11,1
146,1,60.07142857142857,75.0,14.5,6,55.5,1,72.5,0.0,65.25,0.0,1,2026-07-11,1
147,1,65.25,100.0,12.75,6,12.75,4,92.5,40.0,50.375,-52.5,1,2026-07-11,1
148,1,58.28888888888889,100.0,30.0,5,55.8,4,93.33333333333331,30.0,45.9,-63.33333333333333,1,2026-07-11,1
149,1,87.92857142857143,100.0,62.75,14,62.75,0,99.0,97.5,64.375,-1.5,1,2026-07-11,0
150,1,90.15,100.0,49.0,12,95.3,2,97.0,100.0,72.15,3.0,1,2026-07-11,0
151,1,53.9,100.0,0.0,6,0.0,4,45.0,80.0,0.0,35.0,1,2026-07-11,1
152,1,19.5,38.0,0.0,0,38.0,8,5.0,10.0,33.5,5.0,1,2026-07-11,1
153,1,52.29230769230769,65.0,10.0,10,60.4,3,51.0,45.0,62.7,-6.0,1,2026-07-11,1
154,1,11.4,50.0,0.0,1,0.0,4,0.0,50.0,0.6666666666666666,0.0,1,2026-07-11,1
155,1,0.0,0.0,0.0,0,0.0,6,0.0,0.0,0.0,0.0,1,2026-07-11,1
156,1,84.06,100.0,50.0,15,82.7,0,82.0,83.0,88.35,1.0,1,2026-07-11,1
157,1,19.15,80.0,0.0,2,0.0,8,29.0,0.0,10.666666666666666,-29.0,1,2026-07-11,1
158,1,8.25,33.0,0.0,0,0.0,8,0.0,0.0,22.0,0.0,1,2026-07-11,1
159,1,34.5,90.0,0.0,2,0.0,4,75.0,0.0,14.0,0.0,1,2026-07-11,1
160,1,12.5,50.0,0.0,2,0.0,6,0.0,0.0,25.0,0.0,1,2026-07-11,1
161,1,20.166666666666668,50.0,0.0,1,0.0,5,36.66666666666666,0.0,0.0,0.0,1,2026-07-11,1
162,1,29.791666666666668,80.0,0.0,5,0.0,7,49.0,40.0,0.0,-9.0,1,2026-07-11,1
163,1,67.22222222222223,100.0,0.0,7,0.0,2,90.0,100.0,0.0,10.0,1,2026-07-11,1
164,1,0.0,0.0,0.0,0,0.0,3,0.0,0.0,0.0,0.0,1,2026-07-11,1
165,1,33.0,80.0,0.0,2,0.0,3,75.0,0.0,0.0,0.0,1,2026-07-11,1
166,1,5.5,20.0,0.0,0,0.0,4,20.0,0.0,0.0,0.0,1,2026-07-11,1
167,1,0.0,0.0,0.0,0,0.0,5,0.0,0.0,0.0,0.0,1,2026-07-11,1
168,1,23.375,85.0,0.0,1,0.0,3,85.0,0.0,0.0,0.0,1,2026-07-11,1
169,1,0.0,0.0,0.0,0,0.0,6,0.0,0.0,0.0,0.0,1,2026-07-11,1
170,1,0.0,0.0,0.0,0,0.0,4,0.0,0.0,0.0,0.0,1,2026-07-11,1
171,1,0.0,0.0,0.0,0,0.0,7,0.0,0.0,0.0,0.0,1,2026-07-11,1
2,1,70.53999999999999,100.0,0.0,10,44.8,5,95.0,72.0,34.9,-23.0,1,2026-07-12,1
4,1,83.28666666666666,100.0,60.0,15,61.9,0,79.0,98.0,68.95,19.0,1,2026-07-12,1
5,1,86.00666666666666,100.0,10.0,14,93.05,1,71.0,97.0,91.525,26.0,1,2026-07-12,0
7,1,53.53333333333333,80.0,31.0,9,68.0,6,51.0,59.0,49.5,8.0,1,2026-07-12,1
8,1,57.940000000000005,94.0,0.0,11,71.05,4,46.0,52.0,82.525,6.0,1,2026-07-12,1
9,1,67.83733333333333,100.0,0.0,12,52.28,3,94.0,40.0,70.14,-54.0,1,2026-07-12,0
10,1,60.08181818181818,95.0,10.0,6,84.7,5,56.25,70.0,64.85,13.75,1,2026-07-12,1
11,1,77.07142857142857,100.0,0.0,12,0.0,2,88.0,78.0,55.333333333333336,-10.0,1,2026-07-12,1
12,1,79.43333333333334,100.0,40.0,14,87.0,1,86.0,79.0,71.0,-7.0,1,2026-07-12,0
13,1,98.49333333333334,100.0,88.7,15,88.7,0,100.0,100.0,94.35,0.0,1,2026-07-12,0
14,1,82.82142857142857,100.0,0.0,13,0.0,1,90.0,91.0,54.66666666666666,1.0,1,2026-07-12,0
15,1,88.74666666666667,100.0,70.0,15,81.1,0,92.0,94.0,77.05,2.0,1,2026-07-12,0
16,1,68.83333333333333,100.0,0.0,12,20.25,3,86.0,66.0,49.125,-20.0,1,2026-07-12,0
17,1,35.857142857142854,100.0,0.0,3,0.0,4,73.33333333333333,0.0,3.0,0.0,1,2026-07-12,1
18,1,0.0,0.0,0.0,0,0.0,6,0.0,0.0,0.0,0.0,1,2026-07-12,1
19,1,93.65333333333334,100.0,70.0,15,93.15,0,90.0,97.0,94.075,7.0,1,2026-07-12,0
20,1,53.875,100.0,20.0,4,65.0,4,100.0,20.0,47.25,-80.0,1,2026-07-12,1
21,1,67.8875,100.0,26.5,7,62.3,1,97.5,70.0,62.9,-27.5,1,2026-07-12,0
22,1,96.584,100.0,88.13,15,88.13,0,98.0,97.0,94.065,-1.0,1,2026-07-12,0
23,1,85.1,100.0,55.5,15,74.0,0,94.0,91.0,64.75,-3.0,1,2026-07-12,0
24,1,83.38888888888889,100.0,38.5,8,75.5,1,96.25,0.0,81.75,0.0,1,2026-07-12,1
25,1,77.36,100.0,46.2,13,46.2,2,81.0,83.0,64.6,2.0,1,2026-07-12,1
26,1,38.083333333333336,70.0,0.0,4,0.0,8,56.66666666666666,36.0,24.0,-20.666666666666664,1,2026-07-12,1
27,1,51.68461538461538,80.0,30.0,6,46.45,7,60.0,50.0,44.225,-10.0,1,2026-07-12,1
28,1,26.125,95.0,0.0,1,0.0,3,0.0,95.0,0.0,0.0,1,2026-07-12,1
29,1,75.61428571428571,100.0,56.05,14,56.05,0,83.0,85.0,57.025,2.0,1,2026-07-12,0
30,1,41.66666666666666,95.0,5.5,4,5.5,5,52.5,0.0,36.0,0.0,1,2026-07-12,1
31,1,90.15333333333334,100.0,65.8,15,65.8,0,97.4,90.0,80.4,-7.400000000000006,1,2026-07-12,0
32,1,84.09285714285714,100.0,59.0,14,59.4,0,91.25,98.0,59.2,6.75,1,2026-07-12,0
33,1,88.39666666666668,100.0,60.0,15,91.3,0,78.0,100.0,86.7375,22.0,1,2026-07-12,1
34,1,76.96153846153847,100.0,20.0,11,83.0,2,81.0,73.33333333333333,78.25,-7.666666666666671,1,2026-07-12,1
35,1,84.97333333333333,100.0,70.35,15,70.35,0,87.8,90.0,74.175,2.200000000000003,1,2026-07-12,1
36,1,67.6,90.0,35.0,13,64.5,2,67.0,63.0,74.75,-4.0,1,2026-07-12,0
37,1,77.27142857142857,95.0,55.0,14,81.4,0,79.0,73.75,80.7,-5.25,1,2026-07-12,0
38,1,67.25333333333333,92.0,35.0,12,79.65,3,62.0,59.0,85.825,-3.0,1,2026-07-12,1
39,1,81.94266666666667,100.0,61.57,15,61.57,0,94.0,82.0,65.285,-12.0,1,2026-07-12,0
40,1,62.392857142857146,100.0,19.0,12,19.0,2,75.0,72.5,35.5,-2.5,1,2026-07-12,1
41,1,38.9,60.0,0.0,5,46.0,5,40.0,55.0,30.666666666666668,15.0,1,2026-07-12,1
42,1,84.34615384615384,100.0,60.0,13,60.0,0,91.0,93.33333333333331,72.0,2.3333333333333286,1,2026-07-12,0
43,1,82.27857142857144,100.0,45.0,13,85.95,1,85.0,88.0,73.475,3.0,1,2026-07-12,1
44,1,83.9076923076923,100.0,67.9,13,67.9,0,93.0,88.33333333333333,71.95,-4.666666666666671,1,2026-07-12,0
45,1,89.08666666666666,100.0,65.0,15,79.15,0,88.0,92.0,86.575,4.0,1,2026-07-12,0
46,1,72.78666666666666,90.0,40.0,14,69.65,1,69.0,82.0,65.325,13.0,1,2026-07-12,1
47,1,83.44666666666667,100.0,60.0,15,75.85,0,81.0,87.0,81.925,6.0,1,2026-07-12,1
48,1,72.25733333333332,100.0,25.0,12,51.43,3,86.0,56.0,75.715,-30.0,1,2026-07-12,1
49,1,63.333333333333336,100.0,29.0,8,64.5,1,65.0,80.0,62.75,15.0,1,2026-07-12,1
50,1,46.2,84.0,20.0,6,51.3,7,40.0,33.333333333333336,67.65,-6.666666666666664,1,2026-07-12,0
51,1,87.73571428571428,100.0,50.0,14,97.9,0,89.0,82.5,93.95,-6.5,1,2026-07-12,0
52,1,71.03333333333333,100.0,50.0,15,68.0,0,82.0,67.0,61.5,-15.0,1,2026-07-12,0
53,1,57.03333333333333,100.0,19.7,7,19.7,5,72.0,50.0,44.6,-22.0,1,2026-07-12,1
54,1,74.99230769230769,100.0,30.0,10,76.45,3,67.5,97.5,62.225,30.0,1,2026-07-12,1
55,1,45.13636363636363,75.0,0.0,4,44.0,7,48.75,20.0,59.5,-28.75,1,2026-07-12,1
56,1,78.56666666666666,100.0,0.0,14,84.0,1,92.0,59.0,87.0,-33.0,1,2026-07-12,0
57,1,57.333333333333336,100.0,10.0,5,62.0,1,100.0,0.0,58.5,0.0,1,2026-07-12,1
58,1,26.375,55.0,0.0,4,53.75,8,17.5,6.666666666666667,54.375,-10.833333333333332,1,2026-07-12,1
59,1,55.67777777777778,85.0,29.0,6,36.05,3,78.33333333333333,55.0,45.525,-23.33333333333333,1,2026-07-12,1
60,1,90.91333333333334,100.0,80.0,15,84.15,0,91.8,91.0,89.575,-0.7999999999999972,1,2026-07-12,0
61,1,91.0,100.0,60.0,15,80.0,0,98.0,88.0,85.5,-10.0,1,2026-07-12,0
62,1,74.58,95.0,50.0,15,88.35,0,79.0,69.0,76.175,-10.0,1,2026-07-12,1
63,1,79.5,100.0,40.0,13,65.5,1,88.0,75.0,74.75,-13.0,1,2026-07-12,1
64,1,48.73,80.0,10.0,7,65.65,3,40.0,50.0,61.325,10.0,1,2026-07-12,1
65,1,83.24666666666667,95.0,58.0,15,88.4,0,83.8,90.0,73.2,6.200000000000003,1,2026-07-12,0
66,1,74.21333333333334,100.0,30.0,14,72.35,1,66.0,77.0,81.675,11.0,1,2026-07-12,1
67,1,87.22666666666667,100.0,67.7,15,67.7,0,96.0,86.0,76.85,-10.0,1,2026-07-12,0
68,1,75.48666666666666,100.0,30.0,12,41.65,3,72.0,90.0,60.325,18.0,1,2026-07-12,1
69,1,71.59466666666667,100.0,47.21,13,47.21,2,74.0,75.0,63.605,1.0,1,2026-07-12,0
70,1,95.83733333333332,100.0,88.28,15,88.28,0,98.0,96.0,92.64,-2.0,1,2026-07-12,0
71,1,54.642857142857146,80.0,0.0,10,66.0,4,55.0,42.0,73.0,-13.0,1,2026-07-12,1
72,1,75.97333333333333,100.0,40.0,14,96.3,1,80.0,62.0,89.65,-18.0,1,2026-07-12,0
73,1,53.4,100.0,0.0,5,0.0,5,80.0,75.0,9.333333333333334,-5.0,1,2026-07-12,1
74,1,76.5,95.0,30.0,14,50.0,1,76.0,81.0,71.0,5.0,1,2026-07-12,0
75,1,73.39285714285714,100.0,40.0,11,41.0,3,70.0,93.75,57.5,23.75,1,2026-07-12,0
76,1,64.23333333333333,100.0,20.0,11,45.0,4,76.0,61.0,52.5,-15.0,1,2026-07-12,0
77,1,70.47,100.0,38.0,9,89.35,1,70.0,100.0,71.675,30.0,1,2026-07-12,0
78,1,76.72142857142856,100.0,50.0,14,73.3,0,71.25,78.0,82.9,6.75,1,2026-07-12,1
79,1,70.85714285714286,100.0,40.0,13,63.0,1,86.0,65.0,58.25,-21.0,1,2026-07-12,0
80,1,81.77333333333333,100.0,65.0,15,79.3,0,86.0,78.0,81.15,-8.0,1,2026-07-12,0
81,1,35.906666666666666,75.0,10.0,4,48.8,11,15.0,55.0,38.4,40.0,1,2026-07-12,1
82,1,92.12666666666668,100.0,70.0,15,88.7,0,90.0,93.0,93.85,3.0,1,2026-07-12,0
83,1,68.04,100.0,40.0,12,45.3,3,69.0,79.0,51.65,10.0,1,2026-07-12,1
84,1,83.09333333333333,100.0,69.0,15,70.2,0,84.0,92.0,69.6,8.0,1,2026-07-12,0
85,1,69.76666666666667,100.0,0.0,10,0.0,5,79.0,100.0,15.5,21.0,1,2026-07-12,1
86,1,57.76666666666667,100.0,20.0,8,68.1,4,65.0,43.333333333333336,66.05,-21.666666666666664,1,2026-07-12,1
87,1,59.17857142857143,100.0,0.0,9,56.0,5,55.0,75.0,49.0,20.0,1,2026-07-12,1
88,1,74.33333333333333,100.0,0.0,7,86.5,2,75.0,0.0,84.75,0.0,1,2026-07-12,0
89,1,14.0,38.0,0.0,0,38.0,8,0.0,0.0,28.0,0.0,1,2026-07-12,1
90,1,87.90666666666667,100.0,79.0,15,82.55,0,92.0,89.0,80.775,-3.0,1,2026-07-12,0
91,1,84.86,100.0,50.0,15,84.95,0,74.0,92.0,89.975,18.0,1,2026-07-12,0
92,1,78.85,100.0,43.5,9,72.5,1,78.33333333333333,100.0,77.5,21.66666666666667,1,2026-07-12,1
93,1,32.19230769230769,60.0,0.0,3,23.0,10,41.0,26.666666666666668,26.25,-14.333333333333332,1,2026-07-12,1
94,1,53.785714285714285,90.0,17.0,8,17.0,6,75.0,56.25,23.25,-18.75,1,2026-07-12,0
96,1,68.36,100.0,1.2,11,1.2,4,82.0,88.0,22.6,6.0,1,2026-07-12,1
97,1,76.825,100.0,55.5,12,55.7,0,88.33333333333333,72.5,77.85,-15.833333333333329,1,2026-07-12,1
98,1,51.275,100.0,0.0,5,73.1,3,40.0,0.0,69.55,0.0,1,2026-07-12,1
99,1,74.25,100.0,0.0,13,79.0,1,90.0,53.75,77.0,-36.25,1,2026-07-12,0
100,1,41.15,75.0,0.0,5,0.0,5,61.25,50.0,21.75,-11.25,1,2026-07-12,1
101,1,71.86666666666666,90.0,43.0,13,67.0,2,74.0,82.0,55.0,8.0,1,2026-07-12,1
102,1,10.375,25.0,0.0,0,0.0,8,16.666666666666668,20.0,2.0,3.333333333333332,1,2026-07-12,1
103,1,89.96666666666667,100.0,40.0,13,93.0,2,97.0,100.0,66.5,3.0,1,2026-07-12,0
104,1,91.53333333333332,100.0,75.0,15,94.0,0,96.0,86.0,93.0,-10.0,1,2026-07-12,0
105,1,65.48333333333333,90.0,25.0,10,65.65,2,76.0,57.5,60.325,-18.5,1,2026-07-12,1
106,1,48.75714285714286,100.0,0.0,8,32.8,6,46.0,60.0,41.4,14.0,1,2026-07-12,1
107,1,68.35714285714286,100.0,30.0,13,77.0,1,70.0,65.0,71.5,-5.0,1,2026-07-12,0
108,1,58.46428571428572,85.0,0.0,12,76.0,2,70.0,38.75,65.75,-31.25,1,2026-07-12,0
109,1,68.95454545454545,90.0,43.5,10,85.0,1,67.5,82.5,70.0,15.0,1,2026-07-12,0
110,1,51.2,70.0,27.0,6,58.5,4,56.66666666666666,50.0,53.75,-6.666666666666664,1,2026-07-12,1
111,1,81.69999999999999,100.0,63.3,13,63.3,0,99.0,76.66666666666667,66.15,-22.33333333333333,1,2026-07-12,1
112,1,67.51428571428572,100.0,30.0,12,52.85,2,53.75,82.0,64.425,28.25,1,2026-07-12,0
113,1,31.466666666666665,75.0,0.0,5,62.0,10,17.0,19.0,68.5,2.0,1,2026-07-12,1
114,1,80.2,100.0,60.0,15,86.0,0,83.0,81.0,75.25,-2.0,1,2026-07-12,0
115,1,73.57142857142857,100.0,50.0,14,65.0,0,84.0,70.0,65.0,-14.0,1,2026-07-12,0
116,1,50.48333333333333,78.0,0.0,4,73.45,2,0.0,0.0,75.725,0.0,1,2026-07-12,1
117,1,92.2,100.0,50.0,15,91.5,0,100.0,100.0,70.75,0.0,1,2026-07-12,0
118,1,79.42,100.0,30.0,14,94.65,1,72.0,80.0,88.825,8.0,1,2026-07-12,0
119,1,69.7,100.0,10.0,11,77.5,4,80.0,67.0,59.25,-13.0,1,2026-07-12,0
120,1,88.57857142857142,100.0,64.0,14,83.05,0,100.0,92.0,73.525,-8.0,1,2026-07-12,0
121,1,48.625,80.0,18.5,5,31.75,3,65.0,55.0,46.375,-10.0,1,2026-07-12,1
122,1,92.64,100.0,78.73,14,78.73,0,100.0,96.25,80.86500000000001,-3.75,1,2026-07-12,0
123,1,34.05,63.0,0.0,4,63.0,6,36.25,25.0,42.0,-11.25,1,2026-07-12,1
124,1,80.41333333333334,95.0,69.0,15,72.1,0,83.0,85.0,70.55,2.0,1,2026-07-12,0
125,1,85.4,100.0,70.0,15,73.5,0,88.0,92.0,72.75,4.0,1,2026-07-12,0
126,1,65.63333333333334,100.0,0.0,12,54.0,3,72.0,55.0,71.5,-17.0,1,2026-07-12,0
127,1,38.95454545454545,85.0,0.0,6,0.0,5,42.0,85.0,26.0,43.0,1,2026-07-12,1
128,1,67.86666666666666,85.0,51.0,12,68.7,0,66.25,81.66666666666667,63.35,15.416666666666671,1,2026-07-12,1
129,1,55.0,100.0,20.0,8,30.0,4,58.0,55.0,55.0,-3.0,1,2026-07-12,1
130,1,64.725,100.0,23.0,6,57.4,2,76.66666666666667,0.0,66.2,0.0,1,2026-07-12,1
131,1,87.54666666666667,100.0,76.35,15,76.35,0,91.0,84.0,87.675,-7.0,1,2026-07-12,0
132,1,79.64999999999999,100.0,50.0,14,95.55,0,78.0,72.5,91.775,-5.5,1,2026-07-12,0
133,1,24.685714285714287,50.0,0.0,1,28.9,6,50.0,0.0,29.45,-50.0,1,2026-07-12,1
134,1,54.333333333333336,95.0,20.0,7,62.0,5,36.66666666666666,72.5,53.0,35.833333333333336,1,2026-07-12,1
135,1,78.47857142857143,100.0,37.0,12,50.35,2,96.0,90.0,43.675,-6.0,1,2026-07-12,1
136,1,73.15714285714286,83.85,65.0,14,83.85,0,75.0,71.0,75.925,-4.0,1,2026-07-12,0
137,1,78.88000000000001,100.0,50.35,15,50.35,0,89.0,88.0,52.425,-1.0,1,2026-07-12,1
138,1,74.6923076923077,100.0,30.0,11,88.5,2,71.25,78.75,77.75,7.5,1,2026-07-12,1
139,1,45.61538461538461,80.0,0.0,8,65.0,5,46.0,26.666666666666668,63.0,-19.33333333333333,1,2026-07-12,1
140,1,5.5,20.0,0.0,0,0.0,4,20.0,0.0,0.0,0.0,1,2026-07-12,1
141,1,55.29,100.0,30.0,8,43.78,6,61.0,40.0,65.64,-21.0,1,2026-07-12,1
142,1,89.41428571428571,100.0,75.0,14,95.9,0,92.5,90.0,87.45,-2.5,1,2026-07-12,0
143,1,45.142857142857146,90.0,0.0,3,0.0,4,55.0,30.0,54.0,-25.0,1,2026-07-12,1
144,1,62.5,95.0,0.0,7,87.0,3,60.0,72.5,58.0,12.5,1,2026-07-12,0
145,1,58.875,100.0,0.0,5,0.0,3,77.5,0.0,43.333333333333336,0.0,1,2026-07-12,1
146,1,60.07142857142857,75.0,14.5,6,55.5,1,72.5,0.0,65.25,0.0,1,2026-07-12,1
147,1,65.25,100.0,12.75,6,12.75,4,92.5,40.0,50.375,-52.5,1,2026-07-12,1
148,1,58.28888888888889,100.0,30.0,5,55.8,4,93.33333333333331,30.0,45.9,-63.33333333333333,1,2026-07-12,1
149,1,87.92857142857143,100.0,62.75,14,62.75,0,99.0,97.5,64.375,-1.5,1,2026-07-12,0
150,1,90.15,100.0,49.0,12,95.3,2,97.0,100.0,72.15,3.0,1,2026-07-12,0
151,1,53.9,100.0,0.0,6,0.0,4,45.0,80.0,0.0,35.0,1,2026-07-12,1
152,1,19.5,38.0,0.0,0,38.0,8,5.0,10.0,33.5,5.0,1,2026-07-12,1
153,1,52.29230769230769,65.0,10.0,10,60.4,3,51.0,45.0,62.7,-6.0,1,2026-07-12,1
154,1,11.4,50.0,0.0,1,0.0,4,0.0,50.0,0.6666666666666666,0.0,1,2026-07-12,1
155,1,0.0,0.0,0.0,0,0.0,6,0.0,0.0,0.0,0.0,1,2026-07-12,1
156,1,84.06,100.0,50.0,15,82.7,0,82.0,83.0,88.35,1.0,1,2026-07-12,1
157,1,19.15,80.0,0.0,2,0.0,8,29.0,0.0,10.666666666666666,-29.0,1,2026-07-12,1
158,1,8.25,33.0,0.0,0,0.0,8,0.0,0.0,22.0,0.0,1,2026-07-12,1
159,1,34.5,90.0,0.0,2,0.0,4,75.0,0.0,14.0,0.0,1,2026-07-12,1
160,1,12.5,50.0,0.0,2,0.0,6,0.0,0.0,25.0,0.0,1,2026-07-12,1
161,1,20.166666666666668,50.0,0.0,1,0.0,5,36.66666666666666,0.0,0.0,0.0,1,2026-07-12,1
162,1,29.791666666666668,80.0,0.0,5,0.0,7,49.0,40.0,0.0,-9.0,1,2026-07-12,1
163,1,67.22222222222223,100.0,0.0,7,0.0,2,90.0,100.0,0.0,10.0,1,2026-07-12,1
164,1,0.0,0.0,0.0,0,0.0,3,0.0,0.0,0.0,0.0,1,2026-07-12,1
165,1,33.0,80.0,0.0,2,0.0,3,75.0,0.0,0.0,0.0,1,2026-07-12,1
166,1,5.5,20.0,0.0,0,0.0,4,20.0,0.0,0.0,0.0,1,2026-07-12,1
167,1,0.0,0.0,0.0,0,0.0,5,0.0,0.0,0.0,0.0,1,2026-07-12,1
168,1,23.375,85.0,0.0,1,0.0,3,85.0,0.0,0.0,0.0,1,2026-07-12,1
169,1,0.0,0.0,0.0,0,0.0,6,0.0,0.0,0.0,0.0,1,2026-07-12,1
170,1,0.0,0.0,0.0,0,0.0,4,0.0,0.0,0.0,0.0,1,2026-07-12,1
171,1,0.0,0.0,0.0,0,0.0,7,0.0,0.0,0.0,0.0,1,2026-07-12,1
2,1,70.53999999999999,100.0,0.0,10,44.8,5,95.0,72.0,34.9,-23.0,1,2026-07-13,1
4,1,83.28666666666666,100.0,60.0,15,61.9,0,79.0,98.0,68.95,19.0,1,2026-07-13,1
5,1,86.00666666666666,100.0,10.0,14,93.05,1,71.0,97.0,91.525,26.0,1,2026-07-13,0
7,1,53.53333333333333,80.0,31.0,9,68.0,6,51.0,59.0,49.5,8.0,1,2026-07-13,1
8,1,57.940000000000005,94.0,0.0,11,71.05,4,46.0,52.0,82.525,6.0,1,2026-07-13,1
9,1,67.83733333333333,100.0,0.0,12,52.28,3,94.0,40.0,70.14,-54.0,1,2026-07-13,0
10,1,60.08181818181818,95.0,10.0,6,84.7,5,56.25,70.0,64.85,13.75,1,2026-07-13,1
11,1,77.07142857142857,100.0,0.0,12,0.0,2,88.0,78.0,55.333333333333336,-10.0,1,2026-07-13,1
12,1,79.43333333333334,100.0,40.0,14,87.0,1,86.0,79.0,71.0,-7.0,1,2026-07-13,0
13,1,98.49333333333334,100.0,88.7,15,88.7,0,100.0,100.0,94.35,0.0,1,2026-07-13,0
14,1,82.82142857142857,100.0,0.0,13,0.0,1,90.0,91.0,54.66666666666666,1.0,1,2026-07-13,0
15,1,88.74666666666667,100.0,70.0,15,81.1,0,92.0,94.0,77.05,2.0,1,2026-07-13,0
16,1,68.83333333333333,100.0,0.0,12,20.25,3,86.0,66.0,49.125,-20.0,1,2026-07-13,0
17,1,35.857142857142854,100.0,0.0,3,0.0,4,73.33333333333333,0.0,3.0,0.0,1,2026-07-13,1
18,1,0.0,0.0,0.0,0,0.0,6,0.0,0.0,0.0,0.0,1,2026-07-13,1
19,1,93.65333333333334,100.0,70.0,15,93.15,0,90.0,97.0,94.075,7.0,1,2026-07-13,0
20,1,53.875,100.0,20.0,4,65.0,4,100.0,20.0,47.25,-80.0,1,2026-07-13,1
21,1,67.8875,100.0,26.5,7,62.3,1,97.5,70.0,62.9,-27.5,1,2026-07-13,0
22,1,96.584,100.0,88.13,15,88.13,0,98.0,97.0,94.065,-1.0,1,2026-07-13,0
23,1,85.1,100.0,55.5,15,74.0,0,94.0,91.0,64.75,-3.0,1,2026-07-13,0
24,1,83.38888888888889,100.0,38.5,8,75.5,1,96.25,0.0,81.75,0.0,1,2026-07-13,1
25,1,77.36,100.0,46.2,13,46.2,2,81.0,83.0,64.6,2.0,1,2026-07-13,1
26,1,38.083333333333336,70.0,0.0,4,0.0,8,56.66666666666666,36.0,24.0,-20.666666666666664,1,2026-07-13,1
27,1,51.68461538461538,80.0,30.0,6,46.45,7,60.0,50.0,44.225,-10.0,1,2026-07-13,1
28,1,26.125,95.0,0.0,1,0.0,3,0.0,95.0,0.0,0.0,1,2026-07-13,1
29,1,75.61428571428571,100.0,56.05,14,56.05,0,83.0,85.0,57.025,2.0,1,2026-07-13,0
30,1,41.66666666666666,95.0,5.5,4,5.5,5,52.5,0.0,36.0,0.0,1,2026-07-13,1
31,1,90.15333333333334,100.0,65.8,15,65.8,0,97.4,90.0,80.4,-7.400000000000006,1,2026-07-13,0
32,1,84.09285714285714,100.0,59.0,14,59.4,0,91.25,98.0,59.2,6.75,1,2026-07-13,0
33,1,88.39666666666668,100.0,60.0,15,91.3,0,78.0,100.0,86.7375,22.0,1,2026-07-13,1
34,1,76.96153846153847,100.0,20.0,11,83.0,2,81.0,73.33333333333333,78.25,-7.666666666666671,1,2026-07-13,1
35,1,84.97333333333333,100.0,70.35,15,70.35,0,87.8,90.0,74.175,2.200000000000003,1,2026-07-13,1
36,1,67.6,90.0,35.0,13,64.5,2,67.0,63.0,74.75,-4.0,1,2026-07-13,0
37,1,77.27142857142857,95.0,55.0,14,81.4,0,79.0,73.75,80.7,-5.25,1,2026-07-13,0
38,1,67.25333333333333,92.0,35.0,12,79.65,3,62.0,59.0,85.825,-3.0,1,2026-07-13,1
39,1,81.94266666666667,100.0,61.57,15,61.57,0,94.0,82.0,65.285,-12.0,1,2026-07-13,0
40,1,62.392857142857146,100.0,19.0,12,19.0,2,75.0,72.5,35.5,-2.5,1,2026-07-13,1
41,1,38.9,60.0,0.0,5,46.0,5,40.0,55.0,30.666666666666668,15.0,1,2026-07-13,1
42,1,84.34615384615384,100.0,60.0,13,60.0,0,91.0,93.33333333333331,72.0,2.3333333333333286,1,2026-07-13,0
43,1,82.27857142857144,100.0,45.0,13,85.95,1,85.0,88.0,73.475,3.0,1,2026-07-13,1
44,1,83.9076923076923,100.0,67.9,13,67.9,0,93.0,88.33333333333333,71.95,-4.666666666666671,1,2026-07-13,0
45,1,89.08666666666666,100.0,65.0,15,79.15,0,88.0,92.0,86.575,4.0,1,2026-07-13,0
46,1,72.78666666666666,90.0,40.0,14,69.65,1,69.0,82.0,65.325,13.0,1,2026-07-13,1
47,1,83.44666666666667,100.0,60.0,15,75.85,0,81.0,87.0,81.925,6.0,1,2026-07-13,1
48,1,72.25733333333332,100.0,25.0,12,51.43,3,86.0,56.0,75.715,-30.0,1,2026-07-13,1
49,1,63.333333333333336,100.0,29.0,8,64.5,1,65.0,80.0,62.75,15.0,1,2026-07-13,1
50,1,46.2,84.0,20.0,6,51.3,7,40.0,33.333333333333336,67.65,-6.666666666666664,1,2026-07-13,0
51,1,87.73571428571428,100.0,50.0,14,97.9,0,89.0,82.5,93.95,-6.5,1,2026-07-13,0
52,1,71.03333333333333,100.0,50.0,15,68.0,0,82.0,67.0,61.5,-15.0,1,2026-07-13,0
53,1,57.03333333333333,100.0,19.7,7,19.7,5,72.0,50.0,44.6,-22.0,1,2026-07-13,1
54,1,74.99230769230769,100.0,30.0,10,76.45,3,67.5,97.5,62.225,30.0,1,2026-07-13,1
55,1,45.13636363636363,75.0,0.0,4,44.0,7,48.75,20.0,59.5,-28.75,1,2026-07-13,1
56,1,78.56666666666666,100.0,0.0,14,84.0,1,92.0,59.0,87.0,-33.0,1,2026-07-13,0
57,1,57.333333333333336,100.0,10.0,5,62.0,1,100.0,0.0,58.5,0.0,1,2026-07-13,1
58,1,26.375,55.0,0.0,4,53.75,8,17.5,6.666666666666667,54.375,-10.833333333333332,1,2026-07-13,1
59,1,55.67777777777778,85.0,29.0,6,36.05,3,78.33333333333333,55.0,45.525,-23.33333333333333,1,2026-07-13,1
60,1,90.91333333333334,100.0,80.0,15,84.15,0,91.8,91.0,89.575,-0.7999999999999972,1,2026-07-13,0
61,1,91.0,100.0,60.0,15,80.0,0,98.0,88.0,85.5,-10.0,1,2026-07-13,0
62,1,74.58,95.0,50.0,15,88.35,0,79.0,69.0,76.175,-10.0,1,2026-07-13,1
63,1,79.5,100.0,40.0,13,65.5,1,88.0,75.0,74.75,-13.0,1,2026-07-13,1
64,1,48.73,80.0,10.0,7,65.65,3,40.0,50.0,61.325,10.0,1,2026-07-13,1
65,1,83.24666666666667,95.0,58.0,15,88.4,0,83.8,90.0,73.2,6.200000000000003,1,2026-07-13,0
66,1,74.21333333333334,100.0,30.0,14,72.35,1,66.0,77.0,81.675,11.0,1,2026-07-13,1
67,1,87.22666666666667,100.0,67.7,15,67.7,0,96.0,86.0,76.85,-10.0,1,2026-07-13,0
68,1,75.48666666666666,100.0,30.0,12,41.65,3,72.0,90.0,60.325,18.0,1,2026-07-13,1
69,1,71.59466666666667,100.0,47.21,13,47.21,2,74.0,75.0,63.605,1.0,1,2026-07-13,0
70,1,95.83733333333332,100.0,88.28,15,88.28,0,98.0,96.0,92.64,-2.0,1,2026-07-13,0
71,1,54.642857142857146,80.0,0.0,10,66.0,4,55.0,42.0,73.0,-13.0,1,2026-07-13,1
72,1,75.97333333333333,100.0,40.0,14,96.3,1,80.0,62.0,89.65,-18.0,1,2026-07-13,0
73,1,53.4,100.0,0.0,5,0.0,5,80.0,75.0,9.333333333333334,-5.0,1,2026-07-13,1
74,1,76.5,95.0,30.0,14,50.0,1,76.0,81.0,71.0,5.0,1,2026-07-13,0
75,1,73.39285714285714,100.0,40.0,11,41.0,3,70.0,93.75,57.5,23.75,1,2026-07-13,0
76,1,64.23333333333333,100.0,20.0,11,45.0,4,76.0,61.0,52.5,-15.0,1,2026-07-13,0
77,1,70.47,100.0,38.0,9,89.35,1,70.0,100.0,71.675,30.0,1,2026-07-13,0
78,1,76.72142857142856,100.0,50.0,14,73.3,0,71.25,78.0,82.9,6.75,1,2026-07-13,1
79,1,70.85714285714286,100.0,40.0,13,63.0,1,86.0,65.0,58.25,-21.0,1,2026-07-13,0
80,1,81.77333333333333,100.0,65.0,15,79.3,0,86.0,78.0,81.15,-8.0,1,2026-07-13,0
81,1,35.906666666666666,75.0,10.0,4,48.8,11,15.0,55.0,38.4,40.0,1,2026-07-13,1
82,1,92.12666666666668,100.0,70.0,15,88.7,0,90.0,93.0,93.85,3.0,1,2026-07-13,0
83,1,68.04,100.0,40.0,12,45.3,3,69.0,79.0,51.65,10.0,1,2026-07-13,1
84,1,83.09333333333333,100.0,69.0,15,70.2,0,84.0,92.0,69.6,8.0,1,2026-07-13,0
85,1,69.76666666666667,100.0,0.0,10,0.0,5,79.0,100.0,15.5,21.0,1,2026-07-13,1
86,1,57.76666666666667,100.0,20.0,8,68.1,4,65.0,43.333333333333336,66.05,-21.666666666666664,1,2026-07-13,1
87,1,59.17857142857143,100.0,0.0,9,56.0,5,55.0,75.0,49.0,20.0,1,2026-07-13,1
88,1,74.33333333333333,100.0,0.0,7,86.5,2,75.0,0.0,84.75,0.0,1,2026-07-13,0
89,1,14.0,38.0,0.0,0,38.0,8,0.0,0.0,28.0,0.0,1,2026-07-13,1
90,1,87.90666666666667,100.0,79.0,15,82.55,0,92.0,89.0,80.775,-3.0,1,2026-07-13,0
91,1,84.86,100.0,50.0,15,84.95,0,74.0,92.0,89.975,18.0,1,2026-07-13,0
92,1,78.85,100.0,43.5,9,72.5,1,78.33333333333333,100.0,77.5,21.66666666666667,1,2026-07-13,1
93,1,32.19230769230769,60.0,0.0,3,23.0,10,41.0,26.666666666666668,26.25,-14.333333333333332,1,2026-07-13,1
94,1,53.785714285714285,90.0,17.0,8,17.0,6,75.0,56.25,23.25,-18.75,1,2026-07-13,0
96,1,68.36,100.0,1.2,11,1.2,4,82.0,88.0,22.6,6.0,1,2026-07-13,1
97,1,76.825,100.0,55.5,12,55.7,0,88.33333333333333,72.5,77.85,-15.833333333333329,1,2026-07-13,1
98,1,51.275,100.0,0.0,5,73.1,3,40.0,0.0,69.55,0.0,1,2026-07-13,1
99,1,74.25,100.0,0.0,13,79.0,1,90.0,53.75,77.0,-36.25,1,2026-07-13,0
100,1,41.15,75.0,0.0,5,0.0,5,61.25,50.0,21.75,-11.25,1,2026-07-13,1
101,1,71.86666666666666,90.0,43.0,13,67.0,2,74.0,82.0,55.0,8.0,1,2026-07-13,1
102,1,10.375,25.0,0.0,0,0.0,8,16.666666666666668,20.0,2.0,3.333333333333332,1,2026-07-13,1
103,1,89.96666666666667,100.0,40.0,13,93.0,2,97.0,100.0,66.5,3.0,1,2026-07-13,0
104,1,91.53333333333332,100.0,75.0,15,94.0,0,96.0,86.0,93.0,-10.0,1,2026-07-13,0
105,1,65.48333333333333,90.0,25.0,10,65.65,2,76.0,57.5,60.325,-18.5,1,2026-07-13,1
106,1,48.75714285714286,100.0,0.0,8,32.8,6,46.0,60.0,41.4,14.0,1,2026-07-13,1
107,1,68.35714285714286,100.0,30.0,13,77.0,1,70.0,65.0,71.5,-5.0,1,2026-07-13,0
108,1,58.46428571428572,85.0,0.0,12,76.0,2,70.0,38.75,65.75,-31.25,1,2026-07-13,0
109,1,68.95454545454545,90.0,43.5,10,85.0,1,67.5,82.5,70.0,15.0,1,2026-07-13,0
110,1,51.2,70.0,27.0,6,58.5,4,56.66666666666666,50.0,53.75,-6.666666666666664,1,2026-07-13,1
111,1,81.69999999999999,100.0,63.3,13,63.3,0,99.0,76.66666666666667,66.15,-22.33333333333333,1,2026-07-13,1
112,1,67.51428571428572,100.0,30.0,12,52.85,2,53.75,82.0,64.425,28.25,1,2026-07-13,0
113,1,31.466666666666665,75.0,0.0,5,62.0,10,17.0,19.0,68.5,2.0,1,2026-07-13,1
114,1,80.2,100.0,60.0,15,86.0,0,83.0,81.0,75.25,-2.0,1,2026-07-13,0
115,1,73.57142857142857,100.0,50.0,14,65.0,0,84.0,70.0,65.0,-14.0,1,2026-07-13,0
116,1,50.48333333333333,78.0,0.0,4,73.45,2,0.0,0.0,75.725,0.0,1,2026-07-13,1
117,1,92.2,100.0,50.0,15,91.5,0,100.0,100.0,70.75,0.0,1,2026-07-13,0
118,1,79.42,100.0,30.0,14,94.65,1,72.0,80.0,88.825,8.0,1,2026-07-13,0
119,1,69.7,100.0,10.0,11,77.5,4,80.0,67.0,59.25,-13.0,1,2026-07-13,0
120,1,88.57857142857142,100.0,64.0,14,83.05,0,100.0,92.0,73.525,-8.0,1,2026-07-13,0
121,1,48.625,80.0,18.5,5,31.75,3,65.0,55.0,46.375,-10.0,1,2026-07-13,1
122,1,92.64,100.0,78.73,14,78.73,0,100.0,96.25,80.86500000000001,-3.75,1,2026-07-13,0
123,1,34.05,63.0,0.0,4,63.0,6,36.25,25.0,42.0,-11.25,1,2026-07-13,1
124,1,80.41333333333334,95.0,69.0,15,72.1,0,83.0,85.0,70.55,2.0,1,2026-07-13,0
125,1,85.4,100.0,70.0,15,73.5,0,88.0,92.0,72.75,4.0,1,2026-07-13,0
126,1,65.63333333333334,100.0,0.0,12,54.0,3,72.0,55.0,71.5,-17.0,1,2026-07-13,0
127,1,38.95454545454545,85.0,0.0,6,0.0,5,42.0,85.0,26.0,43.0,1,2026-07-13,1
128,1,67.86666666666666,85.0,51.0,12,68.7,0,66.25,81.66666666666667,63.35,15.416666666666671,1,2026-07-13,1
129,1,55.0,100.0,20.0,8,30.0,4,58.0,55.0,55.0,-3.0,1,2026-07-13,1
130,1,64.725,100.0,23.0,6,57.4,2,76.66666666666667,0.0,66.2,0.0,1,2026-07-13,1
131,1,87.54666666666667,100.0,76.35,15,76.35,0,91.0,84.0,87.675,-7.0,1,2026-07-13,0
132,1,79.64999999999999,100.0,50.0,14,95.55,0,78.0,72.5,91.775,-5.5,1,2026-07-13,0
133,1,24.685714285714287,50.0,0.0,1,28.9,6,50.0,0.0,29.45,-50.0,1,2026-07-13,1
134,1,54.333333333333336,95.0,20.0,7,62.0,5,36.66666666666666,72.5,53.0,35.833333333333336,1,2026-07-13,1
135,1,78.47857142857143,100.0,37.0,12,50.35,2,96.0,90.0,43.675,-6.0,1,2026-07-13,1
136,1,73.15714285714286,83.85,65.0,14,83.85,0,75.0,71.0,75.925,-4.0,1,2026-07-13,0
137,1,78.88000000000001,100.0,50.35,15,50.35,0,89.0,88.0,52.425,-1.0,1,2026-07-13,1
138,1,74.6923076923077,100.0,30.0,11,88.5,2,71.25,78.75,77.75,7.5,1,2026-07-13,1
139,1,45.61538461538461,80.0,0.0,8,65.0,5,46.0,26.666666666666668,63.0,-19.33333333333333,1,2026-07-13,1
140,1,5.5,20.0,0.0,0,0.0,4,20.0,0.0,0.0,0.0,1,2026-07-13,1
141,1,55.29,100.0,30.0,8,43.78,6,61.0,40.0,65.64,-21.0,1,2026-07-13,1
142,1,89.41428571428571,100.0,75.0,14,95.9,0,92.5,90.0,87.45,-2.5,1,2026-07-13,0
143,1,45.142857142857146,90.0,0.0,3,0.0,4,55.0,30.0,54.0,-25.0,1,2026-07-13,1
144,1,62.5,95.0,0.0,7,87.0,3,60.0,72.5,58.0,12.5,1,2026-07-13,0
145,1,58.875,100.0,0.0,5,0.0,3,77.5,0.0,43.333333333333336,0.0,1,2026-07-13,1
146,1,60.07142857142857,75.0,14.5,6,55.5,1,72.5,0.0,65.25,0.0,1,2026-07-13,1
147,1,65.25,100.0,12.75,6,12.75,4,92.5,40.0,50.375,-52.5,1,2026-07-13,1
148,1,58.28888888888889,100.0,30.0,5,55.8,4,93.33333333333331,30.0,45.9,-63.33333333333333,1,2026-07-13,1
149,1,87.92857142857143,100.0,62.75,14,62.75,0,99.0,97.5,64.375,-1.5,1,2026-07-13,0
150,1,90.15,100.0,49.0,12,95.3,2,97.0,100.0,72.15,3.0,1,2026-07-13,0
151,1,53.9,100.0,0.0,6,0.0,4,45.0,80.0,0.0,35.0,1,2026-07-13,1
152,1,19.5,38.0,0.0,0,38.0,8,5.0,10.0,33.5,5.0,1,2026-07-13,1
153,1,52.29230769230769,65.0,10.0,10,60.4,3,51.0,45.0,62.7,-6.0,1,2026-07-13,1
154,1,11.4,50.0,0.0,1,0.0,4,0.0,50.0,0.6666666666666666,0.0,1,2026-07-13,1
155,1,0.0,0.0,0.0,0,0.0,6,0.0,0.0,0.0,0.0,1,2026-07-13,1
156,1,84.06,100.0,50.0,15,82.7,0,82.0,83.0,88.35,1.0,1,2026-07-13,1
157,1,19.15,80.0,0.0,2,0.0,8,29.0,0.0,10.666666666666666,-29.0,1,2026-07-13,1
158,1,8.25,33.0,0.0,0,0.0,8,0.0,0.0,22.0,0.0,1,2026-07-13,1
159,1,34.5,90.0,0.0,2,0.0,4,75.0,0.0,14.0,0.0,1,2026-07-13,1
160,1,12.5,50.0,0.0,2,0.0,6,0.0,0.0,25.0,0.0,1,2026-07-13,1
161,1,20.166666666666668,50.0,0.0,1,0.0,5,36.66666666666666,0.0,0.0,0.0,1,2026-07-13,1
162,1,29.791666666666668,80.0,0.0,5,0.0,7,49.0,40.0,0.0,-9.0,1,2026-07-13,1
163,1,67.22222222222223,100.0,0.0,7,0.0,2,90.0,100.0,0.0,10.0,1,2026-07-13,1
164,1,0.0,0.0,0.0,0,0.0,3,0.0,0.0,0.0,0.0,1,2026-07-13,1
165,1,33.0,80.0,0.0,2,0.0,3,75.0,0.0,0.0,0.0,1,2026-07-13,1
166,1,5.5,20.0,0.0,0,0.0,4,20.0,0.0,0.0,0.0,1,2026-07-13,1
167,1,0.0,0.0,0.0,0,0.0,5,0.0,0.0,0.0,0.0,1,2026-07-13,1
168,1,23.375,85.0,0.0,1,0.0,3,85.0,0.0,0.0,0.0,1,2026-07-13,1
169,1,0.0,0.0,0.0,0,0.0,6,0.0,0.0,0.0,0.0,1,2026-07-13,1
170,1,0.0,0.0,0.0,0,0.0,4,0.0,0.0,0.0,0.0,1,2026-07-13,1
171,1,0.0,0.0,0.0,0,0.0,7,0.0,0.0,0.0,0.0,1,2026-07-13,1
2,1,70.53999999999999,100.0,0.0,10,44.8,5,95.0,72.0,34.9,-23.0,1,2026-07-14,1
4,1,83.28666666666666,100.0,60.0,15,61.9,0,79.0,98.0,68.95,19.0,1,2026-07-14,1
5,1,86.00666666666666,100.0,10.0,14,93.05,1,71.0,97.0,91.525,26.0,1,2026-07-14,0
7,1,53.53333333333333,80.0,31.0,9,68.0,6,51.0,59.0,49.5,8.0,1,2026-07-14,1
8,1,57.940000000000005,94.0,0.0,11,71.05,4,46.0,52.0,82.525,6.0,1,2026-07-14,1
9,1,67.83733333333333,100.0,0.0,12,52.28,3,94.0,40.0,70.14,-54.0,1,2026-07-14,0
10,1,60.08181818181818,95.0,10.0,6,84.7,5,56.25,70.0,64.85,13.75,1,2026-07-14,1
11,1,77.07142857142857,100.0,0.0,12,0.0,2,88.0,78.0,55.333333333333336,-10.0,1,2026-07-14,1
12,1,79.43333333333334,100.0,40.0,14,87.0,1,86.0,79.0,71.0,-7.0,1,2026-07-14,0
13,1,98.49333333333334,100.0,88.7,15,88.7,0,100.0,100.0,94.35,0.0,1,2026-07-14,0
14,1,82.82142857142857,100.0,0.0,13,0.0,1,90.0,91.0,54.66666666666666,1.0,1,2026-07-14,0
15,1,88.74666666666667,100.0,70.0,15,81.1,0,92.0,94.0,77.05,2.0,1,2026-07-14,0
16,1,68.83333333333333,100.0,0.0,12,20.25,3,86.0,66.0,49.125,-20.0,1,2026-07-14,0
17,1,35.857142857142854,100.0,0.0,3,0.0,4,73.33333333333333,0.0,3.0,0.0,1,2026-07-14,1
18,1,0.0,0.0,0.0,0,0.0,6,0.0,0.0,0.0,0.0,1,2026-07-14,1
19,1,93.65333333333334,100.0,70.0,15,93.15,0,90.0,97.0,94.075,7.0,1,2026-07-14,0
20,1,53.875,100.0,20.0,4,65.0,4,100.0,20.0,47.25,-80.0,1,2026-07-14,1
21,1,67.8875,100.0,26.5,7,62.3,1,97.5,70.0,62.9,-27.5,1,2026-07-14,0
22,1,96.584,100.0,88.13,15,88.13,0,98.0,97.0,94.065,-1.0,1,2026-07-14,0
23,1,85.1,100.0,55.5,15,74.0,0,94.0,91.0,64.75,-3.0,1,2026-07-14,0
24,1,83.38888888888889,100.0,38.5,8,75.5,1,96.25,0.0,81.75,0.0,1,2026-07-14,1
25,1,77.36,100.0,46.2,13,46.2,2,81.0,83.0,64.6,2.0,1,2026-07-14,1
26,1,38.083333333333336,70.0,0.0,4,0.0,8,56.66666666666666,36.0,24.0,-20.666666666666664,1,2026-07-14,1
27,1,51.68461538461538,80.0,30.0,6,46.45,7,60.0,50.0,44.225,-10.0,1,2026-07-14,1
28,1,26.125,95.0,0.0,1,0.0,3,0.0,95.0,0.0,0.0,1,2026-07-14,1
29,1,75.61428571428571,100.0,56.05,14,56.05,0,83.0,85.0,57.025,2.0,1,2026-07-14,0
30,1,41.66666666666666,95.0,5.5,4,5.5,5,52.5,0.0,36.0,0.0,1,2026-07-14,1
31,1,90.15333333333334,100.0,65.8,15,65.8,0,97.4,90.0,80.4,-7.400000000000006,1,2026-07-14,0
32,1,84.09285714285714,100.0,59.0,14,59.4,0,91.25,98.0,59.2,6.75,1,2026-07-14,0
33,1,88.39666666666668,100.0,60.0,15,91.3,0,78.0,100.0,86.7375,22.0,1,2026-07-14,1
34,1,76.96153846153847,100.0,20.0,11,83.0,2,81.0,73.33333333333333,78.25,-7.666666666666671,1,2026-07-14,1
35,1,84.97333333333333,100.0,70.35,15,70.35,0,87.8,90.0,74.175,2.200000000000003,1,2026-07-14,1
36,1,67.6,90.0,35.0,13,64.5,2,67.0,63.0,74.75,-4.0,1,2026-07-14,0
37,1,77.27142857142857,95.0,55.0,14,81.4,0,79.0,73.75,80.7,-5.25,1,2026-07-14,0
38,1,67.25333333333333,92.0,35.0,12,79.65,3,62.0,59.0,85.825,-3.0,1,2026-07-14,1
39,1,81.94266666666667,100.0,61.57,15,61.57,0,94.0,82.0,65.285,-12.0,1,2026-07-14,0
40,1,62.392857142857146,100.0,19.0,12,19.0,2,75.0,72.5,35.5,-2.5,1,2026-07-14,1
41,1,38.9,60.0,0.0,5,46.0,5,40.0,55.0,30.666666666666668,15.0,1,2026-07-14,1
42,1,84.34615384615384,100.0,60.0,13,60.0,0,91.0,93.33333333333331,72.0,2.3333333333333286,1,2026-07-14,0
43,1,82.27857142857144,100.0,45.0,13,85.95,1,85.0,88.0,73.475,3.0,1,2026-07-14,1
44,1,83.9076923076923,100.0,67.9,13,67.9,0,93.0,88.33333333333333,71.95,-4.666666666666671,1,2026-07-14,0
45,1,89.08666666666666,100.0,65.0,15,79.15,0,88.0,92.0,86.575,4.0,1,2026-07-14,0
46,1,72.78666666666666,90.0,40.0,14,69.65,1,69.0,82.0,65.325,13.0,1,2026-07-14,1
47,1,83.44666666666667,100.0,60.0,15,75.85,0,81.0,87.0,81.925,6.0,1,2026-07-14,1
48,1,72.25733333333332,100.0,25.0,12,51.43,3,86.0,56.0,75.715,-30.0,1,2026-07-14,1
49,1,63.333333333333336,100.0,29.0,8,64.5,1,65.0,80.0,62.75,15.0,1,2026-07-14,1
50,1,46.2,84.0,20.0,6,51.3,7,40.0,33.333333333333336,67.65,-6.666666666666664,1,2026-07-14,0
51,1,87.73571428571428,100.0,50.0,14,97.9,0,89.0,82.5,93.95,-6.5,1,2026-07-14,0
52,1,71.03333333333333,100.0,50.0,15,68.0,0,82.0,67.0,61.5,-15.0,1,2026-07-14,0
53,1,57.03333333333333,100.0,19.7,7,19.7,5,72.0,50.0,44.6,-22.0,1,2026-07-14,1
54,1,74.99230769230769,100.0,30.0,10,76.45,3,67.5,97.5,62.225,30.0,1,2026-07-14,1
55,1,45.13636363636363,75.0,0.0,4,44.0,7,48.75,20.0,59.5,-28.75,1,2026-07-14,1
56,1,78.56666666666666,100.0,0.0,14,84.0,1,92.0,59.0,87.0,-33.0,1,2026-07-14,0
57,1,57.333333333333336,100.0,10.0,5,62.0,1,100.0,0.0,58.5,0.0,1,2026-07-14,1
58,1,26.375,55.0,0.0,4,53.75,8,17.5,6.666666666666667,54.375,-10.833333333333332,1,2026-07-14,1
59,1,55.67777777777778,85.0,29.0,6,36.05,3,78.33333333333333,55.0,45.525,-23.33333333333333,1,2026-07-14,1
60,1,90.91333333333334,100.0,80.0,15,84.15,0,91.8,91.0,89.575,-0.7999999999999972,1,2026-07-14,0
61,1,91.0,100.0,60.0,15,80.0,0,98.0,88.0,85.5,-10.0,1,2026-07-14,0
62,1,74.58,95.0,50.0,15,88.35,0,79.0,69.0,76.175,-10.0,1,2026-07-14,1
63,1,79.5,100.0,40.0,13,65.5,1,88.0,75.0,74.75,-13.0,1,2026-07-14,1
64,1,48.73,80.0,10.0,7,65.65,3,40.0,50.0,61.325,10.0,1,2026-07-14,1
65,1,83.24666666666667,95.0,58.0,15,88.4,0,83.8,90.0,73.2,6.200000000000003,1,2026-07-14,0
66,1,74.21333333333334,100.0,30.0,14,72.35,1,66.0,77.0,81.675,11.0,1,2026-07-14,1
67,1,87.22666666666667,100.0,67.7,15,67.7,0,96.0,86.0,76.85,-10.0,1,2026-07-14,0
68,1,75.48666666666666,100.0,30.0,12,41.65,3,72.0,90.0,60.325,18.0,1,2026-07-14,1
69,1,71.59466666666667,100.0,47.21,13,47.21,2,74.0,75.0,63.605,1.0,1,2026-07-14,0
70,1,95.83733333333332,100.0,88.28,15,88.28,0,98.0,96.0,92.64,-2.0,1,2026-07-14,0
71,1,54.642857142857146,80.0,0.0,10,66.0,4,55.0,42.0,73.0,-13.0,1,2026-07-14,1
72,1,75.97333333333333,100.0,40.0,14,96.3,1,80.0,62.0,89.65,-18.0,1,2026-07-14,0
73,1,53.4,100.0,0.0,5,0.0,5,80.0,75.0,9.333333333333334,-5.0,1,2026-07-14,1
74,1,76.5,95.0,30.0,14,50.0,1,76.0,81.0,71.0,5.0,1,2026-07-14,0
75,1,73.39285714285714,100.0,40.0,11,41.0,3,70.0,93.75,57.5,23.75,1,2026-07-14,0
76,1,64.23333333333333,100.0,20.0,11,45.0,4,76.0,61.0,52.5,-15.0,1,2026-07-14,0
77,1,70.47,100.0,38.0,9,89.35,1,70.0,100.0,71.675,30.0,1,2026-07-14,0
78,1,76.72142857142856,100.0,50.0,14,73.3,0,71.25,78.0,82.9,6.75,1,2026-07-14,1
79,1,70.85714285714286,100.0,40.0,13,63.0,1,86.0,65.0,58.25,-21.0,1,2026-07-14,0
80,1,81.77333333333333,100.0,65.0,15,79.3,0,86.0,78.0,81.15,-8.0,1,2026-07-14,0
81,1,35.906666666666666,75.0,10.0,4,48.8,11,15.0,55.0,38.4,40.0,1,2026-07-14,1
82,1,92.12666666666668,100.0,70.0,15,88.7,0,90.0,93.0,93.85,3.0,1,2026-07-14,0
83,1,68.04,100.0,40.0,12,45.3,3,69.0,79.0,51.65,10.0,1,2026-07-14,1
84,1,83.09333333333333,100.0,69.0,15,70.2,0,84.0,92.0,69.6,8.0,1,2026-07-14,0
85,1,69.76666666666667,100.0,0.0,10,0.0,5,79.0,100.0,15.5,21.0,1,2026-07-14,1
86,1,57.76666666666667,100.0,20.0,8,68.1,4,65.0,43.333333333333336,66.05,-21.666666666666664,1,2026-07-14,1
87,1,59.17857142857143,100.0,0.0,9,56.0,5,55.0,75.0,49.0,20.0,1,2026-07-14,1
88,1,74.33333333333333,100.0,0.0,7,86.5,2,75.0,0.0,84.75,0.0,1,2026-07-14,0
89,1,14.0,38.0,0.0,0,38.0,8,0.0,0.0,28.0,0.0,1,2026-07-14,1
90,1,87.90666666666667,100.0,79.0,15,82.55,0,92.0,89.0,80.775,-3.0,1,2026-07-14,0
91,1,84.86,100.0,50.0,15,84.95,0,74.0,92.0,89.975,18.0,1,2026-07-14,0
92,1,78.85,100.0,43.5,9,72.5,1,78.33333333333333,100.0,77.5,21.66666666666667,1,2026-07-14,1
93,1,32.19230769230769,60.0,0.0,3,23.0,10,41.0,26.666666666666668,26.25,-14.333333333333332,1,2026-07-14,1
94,1,53.785714285714285,90.0,17.0,8,17.0,6,75.0,56.25,23.25,-18.75,1,2026-07-14,0
96,1,68.36,100.0,1.2,11,1.2,4,82.0,88.0,22.6,6.0,1,2026-07-14,1
97,1,76.825,100.0,55.5,12,55.7,0,88.33333333333333,72.5,77.85,-15.833333333333329,1,2026-07-14,1
98,1,51.275,100.0,0.0,5,73.1,3,40.0,0.0,69.55,0.0,1,2026-07-14,1
99,1,74.25,100.0,0.0,13,79.0,1,90.0,53.75,77.0,-36.25,1,2026-07-14,0
100,1,41.15,75.0,0.0,5,0.0,5,61.25,50.0,21.75,-11.25,1,2026-07-14,1
101,1,71.86666666666666,90.0,43.0,13,67.0,2,74.0,82.0,55.0,8.0,1,2026-07-14,1
102,1,10.375,25.0,0.0,0,0.0,8,16.666666666666668,20.0,2.0,3.333333333333332,1,2026-07-14,1
103,1,89.96666666666667,100.0,40.0,13,93.0,2,97.0,100.0,66.5,3.0,1,2026-07-14,0
104,1,91.53333333333332,100.0,75.0,15,94.0,0,96.0,86.0,93.0,-10.0,1,2026-07-14,0
105,1,65.48333333333333,90.0,25.0,10,65.65,2,76.0,57.5,60.325,-18.5,1,2026-07-14,1
106,1,48.75714285714286,100.0,0.0,8,32.8,6,46.0,60.0,41.4,14.0,1,2026-07-14,1
107,1,68.35714285714286,100.0,30.0,13,77.0,1,70.0,65.0,71.5,-5.0,1,2026-07-14,0
108,1,58.46428571428572,85.0,0.0,12,76.0,2,70.0,38.75,65.75,-31.25,1,2026-07-14,0
109,1,68.95454545454545,90.0,43.5,10,85.0,1,67.5,82.5,70.0,15.0,1,2026-07-14,0
110,1,51.2,70.0,27.0,6,58.5,4,56.66666666666666,50.0,53.75,-6.666666666666664,1,2026-07-14,1
111,1,81.69999999999999,100.0,63.3,13,63.3,0,99.0,76.66666666666667,66.15,-22.33333333333333,1,2026-07-14,1
112,1,67.51428571428572,100.0,30.0,12,52.85,2,53.75,82.0,64.425,28.25,1,2026-07-14,0
113,1,31.466666666666665,75.0,0.0,5,62.0,10,17.0,19.0,68.5,2.0,1,2026-07-14,1
114,1,80.2,100.0,60.0,15,86.0,0,83.0,81.0,75.25,-2.0,1,2026-07-14,0
115,1,73.57142857142857,100.0,50.0,14,65.0,0,84.0,70.0,65.0,-14.0,1,2026-07-14,0
116,1,50.48333333333333,78.0,0.0,4,73.45,2,0.0,0.0,75.725,0.0,1,2026-07-14,1
117,1,92.2,100.0,50.0,15,91.5,0,100.0,100.0,70.75,0.0,1,2026-07-14,0
118,1,79.42,100.0,30.0,14,94.65,1,72.0,80.0,88.825,8.0,1,2026-07-14,0
119,1,69.7,100.0,10.0,11,77.5,4,80.0,67.0,59.25,-13.0,1,2026-07-14,0
120,1,88.57857142857142,100.0,64.0,14,83.05,0,100.0,92.0,73.525,-8.0,1,2026-07-14,0
121,1,48.625,80.0,18.5,5,31.75,3,65.0,55.0,46.375,-10.0,1,2026-07-14,1
122,1,92.64,100.0,78.73,14,78.73,0,100.0,96.25,80.86500000000001,-3.75,1,2026-07-14,0
123,1,34.05,63.0,0.0,4,63.0,6,36.25,25.0,42.0,-11.25,1,2026-07-14,1
124,1,80.41333333333334,95.0,69.0,15,72.1,0,83.0,85.0,70.55,2.0,1,2026-07-14,0
125,1,85.4,100.0,70.0,15,73.5,0,88.0,92.0,72.75,4.0,1,2026-07-14,0
126,1,65.63333333333334,100.0,0.0,12,54.0,3,72.0,55.0,71.5,-17.0,1,2026-07-14,0
127,1,38.95454545454545,85.0,0.0,6,0.0,5,42.0,85.0,26.0,43.0,1,2026-07-14,1
128,1,67.86666666666666,85.0,51.0,12,68.7,0,66.25,81.66666666666667,63.35,15.416666666666671,1,2026-07-14,1
129,1,55.0,100.0,20.0,8,30.0,4,58.0,55.0,55.0,-3.0,1,2026-07-14,1
130,1,64.725,100.0,23.0,6,57.4,2,76.66666666666667,0.0,66.2,0.0,1,2026-07-14,1
131,1,87.54666666666667,100.0,76.35,15,76.35,0,91.0,84.0,87.675,-7.0,1,2026-07-14,0
132,1,79.64999999999999,100.0,50.0,14,95.55,0,78.0,72.5,91.775,-5.5,1,2026-07-14,0
133,1,24.685714285714287,50.0,0.0,1,28.9,6,50.0,0.0,29.45,-50.0,1,2026-07-14,1
134,1,54.333333333333336,95.0,20.0,7,62.0,5,36.66666666666666,72.5,53.0,35.833333333333336,1,2026-07-14,1
135,1,78.47857142857143,100.0,37.0,12,50.35,2,96.0,90.0,43.675,-6.0,1,2026-07-14,1
136,1,73.15714285714286,83.85,65.0,14,83.85,0,75.0,71.0,75.925,-4.0,1,2026-07-14,0
137,1,78.88000000000001,100.0,50.35,15,50.35,0,89.0,88.0,52.425,-1.0,1,2026-07-14,1
138,1,74.6923076923077,100.0,30.0,11,88.5,2,71.25,78.75,77.75,7.5,1,2026-07-14,1
139,1,45.61538461538461,80.0,0.0,8,65.0,5,46.0,26.666666666666668,63.0,-19.33333333333333,1,2026-07-14,1
140,1,5.5,20.0,0.0,0,0.0,4,20.0,0.0,0.0,0.0,1,2026-07-14,1
141,1,55.29,100.0,30.0,8,43.78,6,61.0,40.0,65.64,-21.0,1,2026-07-14,1
142,1,89.41428571428571,100.0,75.0,14,95.9,0,92.5,90.0,87.45,-2.5,1,2026-07-14,0
143,1,45.142857142857146,90.0,0.0,3,0.0,4,55.0,30.0,54.0,-25.0,1,2026-07-14,1
144,1,62.5,95.0,0.0,7,87.0,3,60.0,72.5,58.0,12.5,1,2026-07-14,0
145,1,58.875,100.0,0.0,5,0.0,3,77.5,0.0,43.333333333333336,0.0,1,2026-07-14,1
146,1,60.07142857142857,75.0,14.5,6,55.5,1,72.5,0.0,65.25,0.0,1,2026-07-14,1
147,1,65.25,100.0,12.75,6,12.75,4,92.5,40.0,50.375,-52.5,1,2026-07-14,1
148,1,58.28888888888889,100.0,30.0,5,55.8,4,93.33333333333331,30.0,45.9,-63.33333333333333,1,2026-07-14,1
149,1,87.92857142857143,100.0,62.75,14,62.75,0,99.0,97.5,64.375,-1.5,1,2026-07-14,0
150,1,90.15,100.0,49.0,12,95.3,2,97.0,100.0,72.15,3.0,1,2026-07-14,0
151,1,53.9,100.0,0.0,6,0.0,4,45.0,80.0,0.0,35.0,1,2026-07-14,1
152,1,19.5,38.0,0.0,0,38.0,8,5.0,10.0,33.5,5.0,1,2026-07-14,1
153,1,52.29230769230769,65.0,10.0,10,60.4,3,51.0,45.0,62.7,-6.0,1,2026-07-14,1
154,1,11.4,50.0,0.0,1,0.0,4,0.0,50.0,0.6666666666666666,0.0,1,2026-07-14,1
155,1,0.0,0.0,0.0,0,0.0,6,0.0,0.0,0.0,0.0,1,2026-07-14,1
156,1,84.06,100.0,50.0,15,82.7,0,82.0,83.0,88.35,1.0,1,2026-07-14,1
157,1,19.15,80.0,0.0,2,0.0,8,29.0,0.0,10.666666666666666,-29.0,1,2026-07-14,1
158,1,8.25,33.0,0.0,0,0.0,8,0.0,0.0,22.0,0.0,1,2026-07-14,1
159,1,34.5,90.0,0.0,2,0.0,4,75.0,0.0,14.0,0.0,1,2026-07-14,1
160,1,12.5,50.0,0.0,2,0.0,6,0.0,0.0,25.0,0.0,1,2026-07-14,1
161,1,20.166666666666668,50.0,0.0,1,0.0,5,36.66666666666666,0.0,0.0,0.0,1,2026-07-14,1
162,1,29.791666666666668,80.0,0.0,5,0.0,7,49.0,40.0,0.0,-9.0,1,2026-07-14,1
163,1,67.22222222222223,100.0,0.0,7,0.0,2,90.0,100.0,0.0,10.0,1,2026-07-14,1
164,1,0.0,0.0,0.0,0,0.0,3,0.0,0.0,0.0,0.0,1,2026-07-14,1
165,1,33.0,80.0,0.0,2,0.0,3,75.0,0.0,0.0,0.0,1,2026-07-14,1
166,1,5.5,20.0,0.0,0,0.0,4,20.0,0.0,0.0,0.0,1,2026-07-14,1
167,1,0.0,0.0,0.0,0,0.0,5,0.0,0.0,0.0,0.0,1,2026-07-14,1
168,1,23.375,85.0,0.0,1,0.0,3,85.0,0.0,0.0,0.0,1,2026-07-14,1
169,1,0.0,0.0,0.0,0,0.0,6,0.0,0.0,0.0,0.0,1,2026-07-14,1
170,1,0.0,0.0,0.0,0,0.0,4,0.0,0.0,0.0,0.0,1,2026-07-14,1
171,1,0.0,0.0,0.0,0,0.0,7,0.0,0.0,0.0,0.0,1,2026-07-14,1
2,1,70.53999999999999,100.0,0.0,10,44.8,5,95.0,72.0,34.9,-23.0,1,2026-07-15,1
4,1,83.28666666666666,100.0,60.0,15,61.9,0,79.0,98.0,68.95,19.0,1,2026-07-15,1
5,1,86.00666666666666,100.0,10.0,14,93.05,1,71.0,97.0,91.525,26.0,1,2026-07-15,0
7,1,53.53333333333333,80.0,31.0,9,68.0,6,51.0,59.0,49.5,8.0,1,2026-07-15,1
8,1,57.940000000000005,94.0,0.0,11,71.05,4,46.0,52.0,82.525,6.0,1,2026-07-15,1
9,1,67.83733333333333,100.0,0.0,12,52.28,3,94.0,40.0,70.14,-54.0,1,2026-07-15,0
10,1,60.08181818181818,95.0,10.0,6,84.7,5,56.25,70.0,64.85,13.75,1,2026-07-15,1
11,1,77.07142857142857,100.0,0.0,12,0.0,2,88.0,78.0,55.333333333333336,-10.0,1,2026-07-15,1
12,1,79.43333333333334,100.0,40.0,14,87.0,1,86.0,79.0,71.0,-7.0,1,2026-07-15,0
13,1,98.49333333333334,100.0,88.7,15,88.7,0,100.0,100.0,94.35,0.0,1,2026-07-15,0
14,1,82.82142857142857,100.0,0.0,13,0.0,1,90.0,91.0,54.66666666666666,1.0,1,2026-07-15,0
15,1,88.74666666666667,100.0,70.0,15,81.1,0,92.0,94.0,77.05,2.0,1,2026-07-15,0
16,1,68.83333333333333,100.0,0.0,12,20.25,3,86.0,66.0,49.125,-20.0,1,2026-07-15,0
17,1,35.857142857142854,100.0,0.0,3,0.0,4,73.33333333333333,0.0,3.0,0.0,1,2026-07-15,1
18,1,0.0,0.0,0.0,0,0.0,6,0.0,0.0,0.0,0.0,1,2026-07-15,1
19,1,93.65333333333334,100.0,70.0,15,93.15,0,90.0,97.0,94.075,7.0,1,2026-07-15,0
20,1,53.875,100.0,20.0,4,65.0,4,100.0,20.0,47.25,-80.0,1,2026-07-15,1
21,1,67.8875,100.0,26.5,7,62.3,1,97.5,70.0,62.9,-27.5,1,2026-07-15,0
22,1,96.584,100.0,88.13,15,88.13,0,98.0,97.0,94.065,-1.0,1,2026-07-15,0
23,1,85.1,100.0,55.5,15,74.0,0,94.0,91.0,64.75,-3.0,1,2026-07-15,0
24,1,83.38888888888889,100.0,38.5,8,75.5,1,96.25,0.0,81.75,0.0,1,2026-07-15,1
25,1,77.36,100.0,46.2,13,46.2,2,81.0,83.0,64.6,2.0,1,2026-07-15,1
26,1,38.083333333333336,70.0,0.0,4,0.0,8,56.66666666666666,36.0,24.0,-20.666666666666664,1,2026-07-15,1
27,1,51.68461538461538,80.0,30.0,6,46.45,7,60.0,50.0,44.225,-10.0,1,2026-07-15,1
28,1,26.125,95.0,0.0,1,0.0,3,0.0,95.0,0.0,0.0,1,2026-07-15,1
29,1,75.61428571428571,100.0,56.05,14,56.05,0,83.0,85.0,57.025,2.0,1,2026-07-15,0
30,1,41.66666666666666,95.0,5.5,4,5.5,5,52.5,0.0,36.0,0.0,1,2026-07-15,1
31,1,90.15333333333334,100.0,65.8,15,65.8,0,97.4,90.0,80.4,-7.400000000000006,1,2026-07-15,0
32,1,84.09285714285714,100.0,59.0,14,59.4,0,91.25,98.0,59.2,6.75,1,2026-07-15,0
33,1,88.39666666666668,100.0,60.0,15,91.3,0,78.0,100.0,86.7375,22.0,1,2026-07-15,1
34,1,76.96153846153847,100.0,20.0,11,83.0,2,81.0,73.33333333333333,78.25,-7.666666666666671,1,2026-07-15,1
35,1,84.97333333333333,100.0,70.35,15,70.35,0,87.8,90.0,74.175,2.200000000000003,1,2026-07-15,1
36,1,67.6,90.0,35.0,13,64.5,2,67.0,63.0,74.75,-4.0,1,2026-07-15,0
37,1,77.27142857142857,95.0,55.0,14,81.4,0,79.0,73.75,80.7,-5.25,1,2026-07-15,0
38,1,67.25333333333333,92.0,35.0,12,79.65,3,62.0,59.0,85.825,-3.0,1,2026-07-15,1
39,1,81.94266666666667,100.0,61.57,15,61.57,0,94.0,82.0,65.285,-12.0,1,2026-07-15,0
40,1,62.392857142857146,100.0,19.0,12,19.0,2,75.0,72.5,35.5,-2.5,1,2026-07-15,1
41,1,38.9,60.0,0.0,5,46.0,5,40.0,55.0,30.666666666666668,15.0,1,2026-07-15,1
42,1,84.34615384615384,100.0,60.0,13,60.0,0,91.0,93.33333333333331,72.0,2.3333333333333286,1,2026-07-15,0
43,1,82.27857142857144,100.0,45.0,13,85.95,1,85.0,88.0,73.475,3.0,1,2026-07-15,1
44,1,83.9076923076923,100.0,67.9,13,67.9,0,93.0,88.33333333333333,71.95,-4.666666666666671,1,2026-07-15,0
45,1,89.08666666666666,100.0,65.0,15,79.15,0,88.0,92.0,86.575,4.0,1,2026-07-15,0
46,1,72.78666666666666,90.0,40.0,14,69.65,1,69.0,82.0,65.325,13.0,1,2026-07-15,1
47,1,83.44666666666667,100.0,60.0,15,75.85,0,81.0,87.0,81.925,6.0,1,2026-07-15,1
48,1,72.25733333333332,100.0,25.0,12,51.43,3,86.0,56.0,75.715,-30.0,1,2026-07-15,1
49,1,63.333333333333336,100.0,29.0,8,64.5,1,65.0,80.0,62.75,15.0,1,2026-07-15,1
50,1,46.2,84.0,20.0,6,51.3,7,40.0,33.333333333333336,67.65,-6.666666666666664,1,2026-07-15,0
51,1,87.73571428571428,100.0,50.0,14,97.9,0,89.0,82.5,93.95,-6.5,1,2026-07-15,0
52,1,71.03333333333333,100.0,50.0,15,68.0,0,82.0,67.0,61.5,-15.0,1,2026-07-15,0
53,1,57.03333333333333,100.0,19.7,7,19.7,5,72.0,50.0,44.6,-22.0,1,2026-07-15,1
54,1,74.99230769230769,100.0,30.0,10,76.45,3,67.5,97.5,62.225,30.0,1,2026-07-15,1
55,1,45.13636363636363,75.0,0.0,4,44.0,7,48.75,20.0,59.5,-28.75,1,2026-07-15,1
56,1,78.56666666666666,100.0,0.0,14,84.0,1,92.0,59.0,87.0,-33.0,1,2026-07-15,0
57,1,57.333333333333336,100.0,10.0,5,62.0,1,100.0,0.0,58.5,0.0,1,2026-07-15,1
58,1,26.375,55.0,0.0,4,53.75,8,17.5,6.666666666666667,54.375,-10.833333333333332,1,2026-07-15,1
59,1,55.67777777777778,85.0,29.0,6,36.05,3,78.33333333333333,55.0,45.525,-23.33333333333333,1,2026-07-15,1
60,1,90.91333333333334,100.0,80.0,15,84.15,0,91.8,91.0,89.575,-0.7999999999999972,1,2026-07-15,0
61,1,91.0,100.0,60.0,15,80.0,0,98.0,88.0,85.5,-10.0,1,2026-07-15,0
62,1,74.58,95.0,50.0,15,88.35,0,79.0,69.0,76.175,-10.0,1,2026-07-15,1
63,1,79.5,100.0,40.0,13,65.5,1,88.0,75.0,74.75,-13.0,1,2026-07-15,1
64,1,48.73,80.0,10.0,7,65.65,3,40.0,50.0,61.325,10.0,1,2026-07-15,1
65,1,83.24666666666667,95.0,58.0,15,88.4,0,83.8,90.0,73.2,6.200000000000003,1,2026-07-15,0
66,1,74.21333333333334,100.0,30.0,14,72.35,1,66.0,77.0,81.675,11.0,1,2026-07-15,1
67,1,87.22666666666667,100.0,67.7,15,67.7,0,96.0,86.0,76.85,-10.0,1,2026-07-15,0
68,1,75.48666666666666,100.0,30.0,12,41.65,3,72.0,90.0,60.325,18.0,1,2026-07-15,1
69,1,71.59466666666667,100.0,47.21,13,47.21,2,74.0,75.0,63.605,1.0,1,2026-07-15,0
70,1,95.83733333333332,100.0,88.28,15,88.28,0,98.0,96.0,92.64,-2.0,1,2026-07-15,0
71,1,54.642857142857146,80.0,0.0,10,66.0,4,55.0,42.0,73.0,-13.0,1,2026-07-15,1
72,1,75.97333333333333,100.0,40.0,14,96.3,1,80.0,62.0,89.65,-18.0,1,2026-07-15,0
73,1,53.4,100.0,0.0,5,0.0,5,80.0,75.0,9.333333333333334,-5.0,1,2026-07-15,1
74,1,76.5,95.0,30.0,14,50.0,1,76.0,81.0,71.0,5.0,1,2026-07-15,0
75,1,73.39285714285714,100.0,40.0,11,41.0,3,70.0,93.75,57.5,23.75,1,2026-07-15,0
76,1,64.23333333333333,100.0,20.0,11,45.0,4,76.0,61.0,52.5,-15.0,1,2026-07-15,0
77,1,70.47,100.0,38.0,9,89.35,1,70.0,100.0,71.675,30.0,1,2026-07-15,0
78,1,76.72142857142856,100.0,50.0,14,73.3,0,71.25,78.0,82.9,6.75,1,2026-07-15,1
79,1,70.85714285714286,100.0,40.0,13,63.0,1,86.0,65.0,58.25,-21.0,1,2026-07-15,0
80,1,81.77333333333333,100.0,65.0,15,79.3,0,86.0,78.0,81.15,-8.0,1,2026-07-15,0
81,1,35.906666666666666,75.0,10.0,4,48.8,11,15.0,55.0,38.4,40.0,1,2026-07-15,1
82,1,92.12666666666668,100.0,70.0,15,88.7,0,90.0,93.0,93.85,3.0,1,2026-07-15,0
83,1,68.04,100.0,40.0,12,45.3,3,69.0,79.0,51.65,10.0,1,2026-07-15,1
84,1,83.09333333333333,100.0,69.0,15,70.2,0,84.0,92.0,69.6,8.0,1,2026-07-15,0
85,1,69.76666666666667,100.0,0.0,10,0.0,5,79.0,100.0,15.5,21.0,1,2026-07-15,1
86,1,57.76666666666667,100.0,20.0,8,68.1,4,65.0,43.333333333333336,66.05,-21.666666666666664,1,2026-07-15,1
87,1,59.17857142857143,100.0,0.0,9,56.0,5,55.0,75.0,49.0,20.0,1,2026-07-15,1
88,1,74.33333333333333,100.0,0.0,7,86.5,2,75.0,0.0,84.75,0.0,1,2026-07-15,0
89,1,14.0,38.0,0.0,0,38.0,8,0.0,0.0,28.0,0.0,1,2026-07-15,1
90,1,87.90666666666667,100.0,79.0,15,82.55,0,92.0,89.0,80.775,-3.0,1,2026-07-15,0
91,1,84.86,100.0,50.0,15,84.95,0,74.0,92.0,89.975,18.0,1,2026-07-15,0
92,1,78.85,100.0,43.5,9,72.5,1,78.33333333333333,100.0,77.5,21.66666666666667,1,2026-07-15,1
93,1,32.19230769230769,60.0,0.0,3,23.0,10,41.0,26.666666666666668,26.25,-14.333333333333332,1,2026-07-15,1
94,1,53.785714285714285,90.0,17.0,8,17.0,6,75.0,56.25,23.25,-18.75,1,2026-07-15,0
96,1,68.36,100.0,1.2,11,1.2,4,82.0,88.0,22.6,6.0,1,2026-07-15,1
97,1,76.825,100.0,55.5,12,55.7,0,88.33333333333333,72.5,77.85,-15.833333333333329,1,2026-07-15,1
98,1,51.275,100.0,0.0,5,73.1,3,40.0,0.0,69.55,0.0,1,2026-07-15,1
99,1,74.25,100.0,0.0,13,79.0,1,90.0,53.75,77.0,-36.25,1,2026-07-15,0
100,1,41.15,75.0,0.0,5,0.0,5,61.25,50.0,21.75,-11.25,1,2026-07-15,1
101,1,71.86666666666666,90.0,43.0,13,67.0,2,74.0,82.0,55.0,8.0,1,2026-07-15,1
102,1,10.375,25.0,0.0,0,0.0,8,16.666666666666668,20.0,2.0,3.333333333333332,1,2026-07-15,1
103,1,89.96666666666667,100.0,40.0,13,93.0,2,97.0,100.0,66.5,3.0,1,2026-07-15,0
104,1,91.53333333333332,100.0,75.0,15,94.0,0,96.0,86.0,93.0,-10.0,1,2026-07-15,0
105,1,65.48333333333333,90.0,25.0,10,65.65,2,76.0,57.5,60.325,-18.5,1,2026-07-15,1
106,1,48.75714285714286,100.0,0.0,8,32.8,6,46.0,60.0,41.4,14.0,1,2026-07-15,1
107,1,68.35714285714286,100.0,30.0,13,77.0,1,70.0,65.0,71.5,-5.0,1,2026-07-15,0
108,1,58.46428571428572,85.0,0.0,12,76.0,2,70.0,38.75,65.75,-31.25,1,2026-07-15,0
109,1,68.95454545454545,90.0,43.5,10,85.0,1,67.5,82.5,70.0,15.0,1,2026-07-15,0
110,1,51.2,70.0,27.0,6,58.5,4,56.66666666666666,50.0,53.75,-6.666666666666664,1,2026-07-15,1
111,1,81.69999999999999,100.0,63.3,13,63.3,0,99.0,76.66666666666667,66.15,-22.33333333333333,1,2026-07-15,1
112,1,67.51428571428572,100.0,30.0,12,52.85,2,53.75,82.0,64.425,28.25,1,2026-07-15,0
113,1,31.466666666666665,75.0,0.0,5,62.0,10,17.0,19.0,68.5,2.0,1,2026-07-15,1
114,1,80.2,100.0,60.0,15,86.0,0,83.0,81.0,75.25,-2.0,1,2026-07-15,0
115,1,73.57142857142857,100.0,50.0,14,65.0,0,84.0,70.0,65.0,-14.0,1,2026-07-15,0
116,1,50.48333333333333,78.0,0.0,4,73.45,2,0.0,0.0,75.725,0.0,1,2026-07-15,1
117,1,92.2,100.0,50.0,15,91.5,0,100.0,100.0,70.75,0.0,1,2026-07-15,0
118,1,79.42,100.0,30.0,14,94.65,1,72.0,80.0,88.825,8.0,1,2026-07-15,0
119,1,69.7,100.0,10.0,11,77.5,4,80.0,67.0,59.25,-13.0,1,2026-07-15,0
120,1,88.57857142857142,100.0,64.0,14,83.05,0,100.0,92.0,73.525,-8.0,1,2026-07-15,0
121,1,48.625,80.0,18.5,5,31.75,3,65.0,55.0,46.375,-10.0,1,2026-07-15,1
122,1,92.64,100.0,78.73,14,78.73,0,100.0,96.25,80.86500000000001,-3.75,1,2026-07-15,0
123,1,34.05,63.0,0.0,4,63.0,6,36.25,25.0,42.0,-11.25,1,2026-07-15,1
124,1,80.41333333333334,95.0,69.0,15,72.1,0,83.0,85.0,70.55,2.0,1,2026-07-15,0
125,1,85.4,100.0,70.0,15,73.5,0,88.0,92.0,72.75,4.0,1,2026-07-15,0
126,1,65.63333333333334,100.0,0.0,12,54.0,3,72.0,55.0,71.5,-17.0,1,2026-07-15,0
127,1,38.95454545454545,85.0,0.0,6,0.0,5,42.0,85.0,26.0,43.0,1,2026-07-15,1
128,1,67.86666666666666,85.0,51.0,12,68.7,0,66.25,81.66666666666667,63.35,15.416666666666671,1,2026-07-15,1
129,1,55.0,100.0,20.0,8,30.0,4,58.0,55.0,55.0,-3.0,1,2026-07-15,1
130,1,64.725,100.0,23.0,6,57.4,2,76.66666666666667,0.0,66.2,0.0,1,2026-07-15,1
131,1,87.54666666666667,100.0,76.35,15,76.35,0,91.0,84.0,87.675,-7.0,1,2026-07-15,0
132,1,79.64999999999999,100.0,50.0,14,95.55,0,78.0,72.5,91.775,-5.5,1,2026-07-15,0
133,1,24.685714285714287,50.0,0.0,1,28.9,6,50.0,0.0,29.45,-50.0,1,2026-07-15,1
134,1,54.333333333333336,95.0,20.0,7,62.0,5,36.66666666666666,72.5,53.0,35.833333333333336,1,2026-07-15,1
135,1,78.47857142857143,100.0,37.0,12,50.35,2,96.0,90.0,43.675,-6.0,1,2026-07-15,1
136,1,73.15714285714286,83.85,65.0,14,83.85,0,75.0,71.0,75.925,-4.0,1,2026-07-15,0
137,1,78.88000000000001,100.0,50.35,15,50.35,0,89.0,88.0,52.425,-1.0,1,2026-07-15,1
138,1,74.6923076923077,100.0,30.0,11,88.5,2,71.25,78.75,77.75,7.5,1,2026-07-15,1
139,1,45.61538461538461,80.0,0.0,8,65.0,5,46.0,26.666666666666668,63.0,-19.33333333333333,1,2026-07-15,1
140,1,5.5,20.0,0.0,0,0.0,4,20.0,0.0,0.0,0.0,1,2026-07-15,1
141,1,55.29,100.0,30.0,8,43.78,6,61.0,40.0,65.64,-21.0,1,2026-07-15,1
142,1,89.41428571428571,100.0,75.0,14,95.9,0,92.5,90.0,87.45,-2.5,1,2026-07-15,0
143,1,45.142857142857146,90.0,0.0,3,0.0,4,55.0,30.0,54.0,-25.0,1,2026-07-15,1
144,1,62.5,95.0,0.0,7,87.0,3,60.0,72.5,58.0,12.5,1,2026-07-15,0
145,1,58.875,100.0,0.0,5,0.0,3,77.5,0.0,43.333333333333336,0.0,1,2026-07-15,1
146,1,60.07142857142857,75.0,14.5,6,55.5,1,72.5,0.0,65.25,0.0,1,2026-07-15,1
147,1,65.25,100.0,12.75,6,12.75,4,92.5,40.0,50.375,-52.5,1,2026-07-15,1
148,1,58.28888888888889,100.0,30.0,5,55.8,4,93.33333333333331,30.0,45.9,-63.33333333333333,1,2026-07-15,1
149,1,87.92857142857143,100.0,62.75,14,62.75,0,99.0,97.5,64.375,-1.5,1,2026-07-15,0
150,1,90.15,100.0,49.0,12,95.3,2,97.0,100.0,72.15,3.0,1,2026-07-15,0
151,1,53.9,100.0,0.0,6,0.0,4,45.0,80.0,0.0,35.0,1,2026-07-15,1
152,1,19.5,38.0,0.0,0,38.0,8,5.0,10.0,33.5,5.0,1,2026-07-15,1
153,1,52.29230769230769,65.0,10.0,10,60.4,3,51.0,45.0,62.7,-6.0,1,2026-07-15,1
154,1,11.4,50.0,0.0,1,0.0,4,0.0,50.0,0.6666666666666666,0.0,1,2026-07-15,1
155,1,0.0,0.0,0.0,0,0.0,6,0.0,0.0,0.0,0.0,1,2026-07-15,1
156,1,84.06,100.0,50.0,15,82.7,0,82.0,83.0,88.35,1.0,1,2026-07-15,1
157,1,19.15,80.0,0.0,2,0.0,8,29.0,0.0,10.666666666666666,-29.0,1,2026-07-15,1
158,1,8.25,33.0,0.0,0,0.0,8,0.0,0.0,22.0,0.0,1,2026-07-15,1
159,1,34.5,90.0,0.0,2,0.0,4,75.0,0.0,14.0,0.0,1,2026-07-15,1
160,1,12.5,50.0,0.0,2,0.0,6,0.0,0.0,25.0,0.0,1,2026-07-15,1
161,1,20.166666666666668,50.0,0.0,1,0.0,5,36.66666666666666,0.0,0.0,0.0,1,2026-07-15,1
162,1,29.791666666666668,80.0,0.0,5,0.0,7,49.0,40.0,0.0,-9.0,1,2026-07-15,1
163,1,67.22222222222223,100.0,0.0,7,0.0,2,90.0,100.0,0.0,10.0,1,2026-07-15,1
164,1,0.0,0.0,0.0,0,0.0,3,0.0,0.0,0.0,0.0,1,2026-07-15,1
165,1,33.0,80.0,0.0,2,0.0,3,75.0,0.0,0.0,0.0,1,2026-07-15,1
166,1,5.5,20.0,0.0,0,0.0,4,20.0,0.0,0.0,0.0,1,2026-07-15,1
167,1,0.0,0.0,0.0,0,0.0,5,0.0,0.0,0.0,0.0,1,2026-07-15,1
168,1,23.375,85.0,0.0,1,0.0,3,85.0,0.0,0.0,0.0,1,2026-07-15,1
169,1,0.0,0.0,0.0,0,0.0,6,0.0,0.0,0.0,0.0,1,2026-07-15,1
170,1,0.0,0.0,0.0,0,0.0,4,0.0,0.0,0.0,0.0,1,2026-07-15,1
171,1,0.0,0.0,0.0,0,0.0,7,0.0,0.0,0.0,0.0,1,2026-07-15,1
2,1,70.53999999999999,100.0,0.0,10,44.8,5,95.0,72.0,34.9,-23.0,1,2026-07-16,1
4,1,83.28666666666666,100.0,60.0,15,61.9,0,79.0,98.0,68.95,19.0,1,2026-07-16,1
5,1,86.00666666666666,100.0,10.0,14,93.05,1,71.0,97.0,91.525,26.0,1,2026-07-16,0
7,1,53.53333333333333,80.0,31.0,9,68.0,6,51.0,59.0,49.5,8.0,1,2026-07-16,1
8,1,57.940000000000005,94.0,0.0,11,71.05,4,46.0,52.0,82.525,6.0,1,2026-07-16,1
9,1,67.83733333333333,100.0,0.0,12,52.28,3,94.0,40.0,70.14,-54.0,1,2026-07-16,0
10,1,60.08181818181818,95.0,10.0,6,84.7,5,56.25,70.0,64.85,13.75,1,2026-07-16,1
11,1,77.07142857142857,100.0,0.0,12,0.0,2,88.0,78.0,55.333333333333336,-10.0,1,2026-07-16,1
12,1,79.43333333333334,100.0,40.0,14,87.0,1,86.0,79.0,71.0,-7.0,1,2026-07-16,0
13,1,98.49333333333334,100.0,88.7,15,88.7,0,100.0,100.0,94.35,0.0,1,2026-07-16,0
14,1,82.82142857142857,100.0,0.0,13,0.0,1,90.0,91.0,54.66666666666666,1.0,1,2026-07-16,0
15,1,88.74666666666667,100.0,70.0,15,81.1,0,92.0,94.0,77.05,2.0,1,2026-07-16,0
16,1,68.83333333333333,100.0,0.0,12,20.25,3,86.0,66.0,49.125,-20.0,1,2026-07-16,0
17,1,35.857142857142854,100.0,0.0,3,0.0,4,73.33333333333333,0.0,3.0,0.0,1,2026-07-16,1
18,1,0.0,0.0,0.0,0,0.0,6,0.0,0.0,0.0,0.0,1,2026-07-16,1
19,1,93.65333333333334,100.0,70.0,15,93.15,0,90.0,97.0,94.075,7.0,1,2026-07-16,0
20,1,53.875,100.0,20.0,4,65.0,4,100.0,20.0,47.25,-80.0,1,2026-07-16,1
21,1,67.8875,100.0,26.5,7,62.3,1,97.5,70.0,62.9,-27.5,1,2026-07-16,0
22,1,96.584,100.0,88.13,15,88.13,0,98.0,97.0,94.065,-1.0,1,2026-07-16,0
23,1,85.1,100.0,55.5,15,74.0,0,94.0,91.0,64.75,-3.0,1,2026-07-16,0
24,1,83.38888888888889,100.0,38.5,8,75.5,1,96.25,0.0,81.75,0.0,1,2026-07-16,1
25,1,77.36,100.0,46.2,13,46.2,2,81.0,83.0,64.6,2.0,1,2026-07-16,1
26,1,38.083333333333336,70.0,0.0,4,0.0,8,56.66666666666666,36.0,24.0,-20.666666666666664,1,2026-07-16,1
27,1,51.68461538461538,80.0,30.0,6,46.45,7,60.0,50.0,44.225,-10.0,1,2026-07-16,1
28,1,26.125,95.0,0.0,1,0.0,3,0.0,95.0,0.0,0.0,1,2026-07-16,1
29,1,75.61428571428571,100.0,56.05,14,56.05,0,83.0,85.0,57.025,2.0,1,2026-07-16,0
30,1,41.66666666666666,95.0,5.5,4,5.5,5,52.5,0.0,36.0,0.0,1,2026-07-16,1
31,1,90.15333333333334,100.0,65.8,15,65.8,0,97.4,90.0,80.4,-7.400000000000006,1,2026-07-16,0
32,1,84.09285714285714,100.0,59.0,14,59.4,0,91.25,98.0,59.2,6.75,1,2026-07-16,0
33,1,88.39666666666668,100.0,60.0,15,91.3,0,78.0,100.0,86.7375,22.0,1,2026-07-16,1
34,1,76.96153846153847,100.0,20.0,11,83.0,2,81.0,73.33333333333333,78.25,-7.666666666666671,1,2026-07-16,1
35,1,84.97333333333333,100.0,70.35,15,70.35,0,87.8,90.0,74.175,2.200000000000003,1,2026-07-16,1
36,1,67.6,90.0,35.0,13,64.5,2,67.0,63.0,74.75,-4.0,1,2026-07-16,0
37,1,77.27142857142857,95.0,55.0,14,81.4,0,79.0,73.75,80.7,-5.25,1,2026-07-16,0
38,1,67.25333333333333,92.0,35.0,12,79.65,3,62.0,59.0,85.825,-3.0,1,2026-07-16,1
39,1,81.94266666666667,100.0,61.57,15,61.57,0,94.0,82.0,65.285,-12.0,1,2026-07-16,0
40,1,62.392857142857146,100.0,19.0,12,19.0,2,75.0,72.5,35.5,-2.5,1,2026-07-16,1
41,1,38.9,60.0,0.0,5,46.0,5,40.0,55.0,30.666666666666668,15.0,1,2026-07-16,1
42,1,84.34615384615384,100.0,60.0,13,60.0,0,91.0,93.33333333333331,72.0,2.3333333333333286,1,2026-07-16,0
43,1,82.27857142857144,100.0,45.0,13,85.95,1,85.0,88.0,73.475,3.0,1,2026-07-16,1
44,1,83.9076923076923,100.0,67.9,13,67.9,0,93.0,88.33333333333333,71.95,-4.666666666666671,1,2026-07-16,0
45,1,89.08666666666666,100.0,65.0,15,79.15,0,88.0,92.0,86.575,4.0,1,2026-07-16,0
46,1,72.78666666666666,90.0,40.0,14,69.65,1,69.0,82.0,65.325,13.0,1,2026-07-16,1
47,1,83.44666666666667,100.0,60.0,15,75.85,0,81.0,87.0,81.925,6.0,1,2026-07-16,1
48,1,72.25733333333332,100.0,25.0,12,51.43,3,86.0,56.0,75.715,-30.0,1,2026-07-16,1
49,1,63.333333333333336,100.0,29.0,8,64.5,1,65.0,80.0,62.75,15.0,1,2026-07-16,1
50,1,46.2,84.0,20.0,6,51.3,7,40.0,33.333333333333336,67.65,-6.666666666666664,1,2026-07-16,0
51,1,87.73571428571428,100.0,50.0,14,97.9,0,89.0,82.5,93.95,-6.5,1,2026-07-16,0
52,1,71.03333333333333,100.0,50.0,15,68.0,0,82.0,67.0,61.5,-15.0,1,2026-07-16,0
53,1,57.03333333333333,100.0,19.7,7,19.7,5,72.0,50.0,44.6,-22.0,1,2026-07-16,1
54,1,74.99230769230769,100.0,30.0,10,76.45,3,67.5,97.5,62.225,30.0,1,2026-07-16,1
55,1,45.13636363636363,75.0,0.0,4,44.0,7,48.75,20.0,59.5,-28.75,1,2026-07-16,1
56,1,78.56666666666666,100.0,0.0,14,84.0,1,92.0,59.0,87.0,-33.0,1,2026-07-16,0
57,1,57.333333333333336,100.0,10.0,5,62.0,1,100.0,0.0,58.5,0.0,1,2026-07-16,1
58,1,26.375,55.0,0.0,4,53.75,8,17.5,6.666666666666667,54.375,-10.833333333333332,1,2026-07-16,1
59,1,55.67777777777778,85.0,29.0,6,36.05,3,78.33333333333333,55.0,45.525,-23.33333333333333,1,2026-07-16,1
60,1,90.91333333333334,100.0,80.0,15,84.15,0,91.8,91.0,89.575,-0.7999999999999972,1,2026-07-16,0
61,1,91.0,100.0,60.0,15,80.0,0,98.0,88.0,85.5,-10.0,1,2026-07-16,0
62,1,74.58,95.0,50.0,15,88.35,0,79.0,69.0,76.175,-10.0,1,2026-07-16,1
63,1,79.5,100.0,40.0,13,65.5,1,88.0,75.0,74.75,-13.0,1,2026-07-16,1
64,1,48.73,80.0,10.0,7,65.65,3,40.0,50.0,61.325,10.0,1,2026-07-16,1
65,1,83.24666666666667,95.0,58.0,15,88.4,0,83.8,90.0,73.2,6.200000000000003,1,2026-07-16,0
66,1,74.21333333333334,100.0,30.0,14,72.35,1,66.0,77.0,81.675,11.0,1,2026-07-16,1
67,1,87.22666666666667,100.0,67.7,15,67.7,0,96.0,86.0,76.85,-10.0,1,2026-07-16,0
68,1,75.48666666666666,100.0,30.0,12,41.65,3,72.0,90.0,60.325,18.0,1,2026-07-16,1
69,1,71.59466666666667,100.0,47.21,13,47.21,2,74.0,75.0,63.605,1.0,1,2026-07-16,0
70,1,95.83733333333332,100.0,88.28,15,88.28,0,98.0,96.0,92.64,-2.0,1,2026-07-16,0
71,1,54.642857142857146,80.0,0.0,10,66.0,4,55.0,42.0,73.0,-13.0,1,2026-07-16,1
72,1,75.97333333333333,100.0,40.0,14,96.3,1,80.0,62.0,89.65,-18.0,1,2026-07-16,0
73,1,53.4,100.0,0.0,5,0.0,5,80.0,75.0,9.333333333333334,-5.0,1,2026-07-16,1
74,1,76.5,95.0,30.0,14,50.0,1,76.0,81.0,71.0,5.0,1,2026-07-16,0
75,1,73.39285714285714,100.0,40.0,11,41.0,3,70.0,93.75,57.5,23.75,1,2026-07-16,0
76,1,64.23333333333333,100.0,20.0,11,45.0,4,76.0,61.0,52.5,-15.0,1,2026-07-16,0
77,1,70.47,100.0,38.0,9,89.35,1,70.0,100.0,71.675,30.0,1,2026-07-16,0
78,1,76.72142857142856,100.0,50.0,14,73.3,0,71.25,78.0,82.9,6.75,1,2026-07-16,1
79,1,70.85714285714286,100.0,40.0,13,63.0,1,86.0,65.0,58.25,-21.0,1,2026-07-16,0
80,1,81.77333333333333,100.0,65.0,15,79.3,0,86.0,78.0,81.15,-8.0,1,2026-07-16,0
81,1,35.906666666666666,75.0,10.0,4,48.8,11,15.0,55.0,38.4,40.0,1,2026-07-16,1
82,1,92.12666666666668,100.0,70.0,15,88.7,0,90.0,93.0,93.85,3.0,1,2026-07-16,0
83,1,68.04,100.0,40.0,12,45.3,3,69.0,79.0,51.65,10.0,1,2026-07-16,1
84,1,83.09333333333333,100.0,69.0,15,70.2,0,84.0,92.0,69.6,8.0,1,2026-07-16,0
85,1,69.76666666666667,100.0,0.0,10,0.0,5,79.0,100.0,15.5,21.0,1,2026-07-16,1
86,1,57.76666666666667,100.0,20.0,8,68.1,4,65.0,43.333333333333336,66.05,-21.666666666666664,1,2026-07-16,1
87,1,59.17857142857143,100.0,0.0,9,56.0,5,55.0,75.0,49.0,20.0,1,2026-07-16,1
88,1,74.33333333333333,100.0,0.0,7,86.5,2,75.0,0.0,84.75,0.0,1,2026-07-16,0
89,1,14.0,38.0,0.0,0,38.0,8,0.0,0.0,28.0,0.0,1,2026-07-16,1
90,1,87.90666666666667,100.0,79.0,15,82.55,0,92.0,89.0,80.775,-3.0,1,2026-07-16,0
91,1,84.86,100.0,50.0,15,84.95,0,74.0,92.0,89.975,18.0,1,2026-07-16,0
92,1,78.85,100.0,43.5,9,72.5,1,78.33333333333333,100.0,77.5,21.66666666666667,1,2026-07-16,1
93,1,32.19230769230769,60.0,0.0,3,23.0,10,41.0,26.666666666666668,26.25,-14.333333333333332,1,2026-07-16,1
94,1,53.785714285714285,90.0,17.0,8,17.0,6,75.0,56.25,23.25,-18.75,1,2026-07-16,0
96,1,68.36,100.0,1.2,11,1.2,4,82.0,88.0,22.6,6.0,1,2026-07-16,1
97,1,76.825,100.0,55.5,12,55.7,0,88.33333333333333,72.5,77.85,-15.833333333333329,1,2026-07-16,1
98,1,51.275,100.0,0.0,5,73.1,3,40.0,0.0,69.55,0.0,1,2026-07-16,1
99,1,74.25,100.0,0.0,13,79.0,1,90.0,53.75,77.0,-36.25,1,2026-07-16,0
100,1,41.15,75.0,0.0,5,0.0,5,61.25,50.0,21.75,-11.25,1,2026-07-16,1
101,1,71.86666666666666,90.0,43.0,13,67.0,2,74.0,82.0,55.0,8.0,1,2026-07-16,1
102,1,10.375,25.0,0.0,0,0.0,8,16.666666666666668,20.0,2.0,3.333333333333332,1,2026-07-16,1
103,1,89.96666666666667,100.0,40.0,13,93.0,2,97.0,100.0,66.5,3.0,1,2026-07-16,0
104,1,91.53333333333332,100.0,75.0,15,94.0,0,96.0,86.0,93.0,-10.0,1,2026-07-16,0
105,1,65.48333333333333,90.0,25.0,10,65.65,2,76.0,57.5,60.325,-18.5,1,2026-07-16,1
106,1,48.75714285714286,100.0,0.0,8,32.8,6,46.0,60.0,41.4,14.0,1,2026-07-16,1
107,1,68.35714285714286,100.0,30.0,13,77.0,1,70.0,65.0,71.5,-5.0,1,2026-07-16,0
108,1,58.46428571428572,85.0,0.0,12,76.0,2,70.0,38.75,65.75,-31.25,1,2026-07-16,0
109,1,68.95454545454545,90.0,43.5,10,85.0,1,67.5,82.5,70.0,15.0,1,2026-07-16,0
110,1,51.2,70.0,27.0,6,58.5,4,56.66666666666666,50.0,53.75,-6.666666666666664,1,2026-07-16,1
111,1,81.69999999999999,100.0,63.3,13,63.3,0,99.0,76.66666666666667,66.15,-22.33333333333333,1,2026-07-16,1
112,1,67.51428571428572,100.0,30.0,12,52.85,2,53.75,82.0,64.425,28.25,1,2026-07-16,0
113,1,31.466666666666665,75.0,0.0,5,62.0,10,17.0,19.0,68.5,2.0,1,2026-07-16,1
114,1,80.2,100.0,60.0,15,86.0,0,83.0,81.0,75.25,-2.0,1,2026-07-16,0
115,1,73.57142857142857,100.0,50.0,14,65.0,0,84.0,70.0,65.0,-14.0,1,2026-07-16,0
116,1,50.48333333333333,78.0,0.0,4,73.45,2,0.0,0.0,75.725,0.0,1,2026-07-16,1
117,1,92.2,100.0,50.0,15,91.5,0,100.0,100.0,70.75,0.0,1,2026-07-16,0
118,1,79.42,100.0,30.0,14,94.65,1,72.0,80.0,88.825,8.0,1,2026-07-16,0
119,1,69.7,100.0,10.0,11,77.5,4,80.0,67.0,59.25,-13.0,1,2026-07-16,0
120,1,88.57857142857142,100.0,64.0,14,83.05,0,100.0,92.0,73.525,-8.0,1,2026-07-16,0
121,1,48.625,80.0,18.5,5,31.75,3,65.0,55.0,46.375,-10.0,1,2026-07-16,1
122,1,92.64,100.0,78.73,14,78.73,0,100.0,96.25,80.86500000000001,-3.75,1,2026-07-16,0
123,1,34.05,63.0,0.0,4,63.0,6,36.25,25.0,42.0,-11.25,1,2026-07-16,1
124,1,80.41333333333334,95.0,69.0,15,72.1,0,83.0,85.0,70.55,2.0,1,2026-07-16,0
125,1,85.4,100.0,70.0,15,73.5,0,88.0,92.0,72.75,4.0,1,2026-07-16,0
126,1,65.63333333333334,100.0,0.0,12,54.0,3,72.0,55.0,71.5,-17.0,1,2026-07-16,0
127,1,38.95454545454545,85.0,0.0,6,0.0,5,42.0,85.0,26.0,43.0,1,2026-07-16,1
128,1,67.86666666666666,85.0,51.0,12,68.7,0,66.25,81.66666666666667,63.35,15.416666666666671,1,2026-07-16,1
129,1,55.0,100.0,20.0,8,30.0,4,58.0,55.0,55.0,-3.0,1,2026-07-16,1
130,1,64.725,100.0,23.0,6,57.4,2,76.66666666666667,0.0,66.2,0.0,1,2026-07-16,1
131,1,87.54666666666667,100.0,76.35,15,76.35,0,91.0,84.0,87.675,-7.0,1,2026-07-16,0
132,1,79.64999999999999,100.0,50.0,14,95.55,0,78.0,72.5,91.775,-5.5,1,2026-07-16,0
133,1,24.685714285714287,50.0,0.0,1,28.9,6,50.0,0.0,29.45,-50.0,1,2026-07-16,1
134,1,54.333333333333336,95.0,20.0,7,62.0,5,36.66666666666666,72.5,53.0,35.833333333333336,1,2026-07-16,1
135,1,78.47857142857143,100.0,37.0,12,50.35,2,96.0,90.0,43.675,-6.0,1,2026-07-16,1
136,1,73.15714285714286,83.85,65.0,14,83.85,0,75.0,71.0,75.925,-4.0,1,2026-07-16,0
137,1,78.88000000000001,100.0,50.35,15,50.35,0,89.0,88.0,52.425,-1.0,1,2026-07-16,1
138,1,74.6923076923077,100.0,30.0,11,88.5,2,71.25,78.75,77.75,7.5,1,2026-07-16,1
139,1,45.61538461538461,80.0,0.0,8,65.0,5,46.0,26.666666666666668,63.0,-19.33333333333333,1,2026-07-16,1
140,1,5.5,20.0,0.0,0,0.0,4,20.0,0.0,0.0,0.0,1,2026-07-16,1
141,1,55.29,100.0,30.0,8,43.78,6,61.0,40.0,65.64,-21.0,1,2026-07-16,1
142,1,89.41428571428571,100.0,75.0,14,95.9,0,92.5,90.0,87.45,-2.5,1,2026-07-16,0
143,1,45.142857142857146,90.0,0.0,3,0.0,4,55.0,30.0,54.0,-25.0,1,2026-07-16,1
144,1,62.5,95.0,0.0,7,87.0,3,60.0,72.5,58.0,12.5,1,2026-07-16,0
145,1,58.875,100.0,0.0,5,0.0,3,77.5,0.0,43.333333333333336,0.0,1,2026-07-16,1
146,1,60.07142857142857,75.0,14.5,6,55.5,1,72.5,0.0,65.25,0.0,1,2026-07-16,1
147,1,65.25,100.0,12.75,6,12.75,4,92.5,40.0,50.375,-52.5,1,2026-07-16,1
148,1,58.28888888888889,100.0,30.0,5,55.8,4,93.33333333333331,30.0,45.9,-63.33333333333333,1,2026-07-16,1
149,1,87.92857142857143,100.0,62.75,14,62.75,0,99.0,97.5,64.375,-1.5,1,2026-07-16,0
150,1,90.15,100.0,49.0,12,95.3,2,97.0,100.0,72.15,3.0,1,2026-07-16,0
151,1,53.9,100.0,0.0,6,0.0,4,45.0,80.0,0.0,35.0,1,2026-07-16,1
152,1,19.5,38.0,0.0,0,38.0,8,5.0,10.0,33.5,5.0,1,2026-07-16,1
153,1,52.29230769230769,65.0,10.0,10,60.4,3,51.0,45.0,62.7,-6.0,1,2026-07-16,1
154,1,11.4,50.0,0.0,1,0.0,4,0.0,50.0,0.6666666666666666,0.0,1,2026-07-16,1
155,1,0.0,0.0,0.0,0,0.0,6,0.0,0.0,0.0,0.0,1,2026-07-16,1
156,1,84.06,100.0,50.0,15,82.7,0,82.0,83.0,88.35,1.0,1,2026-07-16,1
157,1,19.15,80.0,0.0,2,0.0,8,29.0,0.0,10.666666666666666,-29.0,1,2026-07-16,1
158,1,8.25,33.0,0.0,0,0.0,8,0.0,0.0,22.0,0.0,1,2026-07-16,1
159,1,34.5,90.0,0.0,2,0.0,4,75.0,0.0,14.0,0.0,1,2026-07-16,1
160,1,12.5,50.0,0.0,2,0.0,6,0.0,0.0,25.0,0.0,1,2026-07-16,1
161,1,20.166666666666668,50.0,0.0,1,0.0,5,36.66666666666666,0.0,0.0,0.0,1,2026-07-16,1
162,1,29.791666666666668,80.0,0.0,5,0.0,7,49.0,40.0,0.0,-9.0,1,2026-07-16,1
163,1,67.22222222222223,100.0,0.0,7,0.0,2,90.0,100.0,0.0,10.0,1,2026-07-16,1
164,1,0.0,0.0,0.0,0,0.0,3,0.0,0.0,0.0,0.0,1,2026-07-16,1
165,1,33.0,80.0,0.0,2,0.0,3,75.0,0.0,0.0,0.0,1,2026-07-16,1
166,1,5.5,20.0,0.0,0,0.0,4,20.0,0.0,0.0,0.0,1,2026-07-16,1
167,1,0.0,0.0,0.0,0,0.0,5,0.0,0.0,0.0,0.0,1,2026-07-16,1
168,1,23.375,85.0,0.0,1,0.0,3,85.0,0.0,0.0,0.0,1,2026-07-16,1
169,1,0.0,0.0,0.0,0,0.0,6,0.0,0.0,0.0,0.0,1,2026-07-16,1
170,1,0.0,0.0,0.0,0,0.0,4,0.0,0.0,0.0,0.0,1,2026-07-16,1
171,1,0.0,0.0,0.0,0,0.0,7,0.0,0.0,0.0,0.0,1,2026-07-16,1
2,1,70.53999999999999,100.0,0.0,10,44.8,5,95.0,72.0,34.9,-23.0,1,2026-07-17,1
4,1,83.28666666666666,100.0,60.0,15,61.9,0,79.0,98.0,68.95,19.0,1,2026-07-17,1
5,1,86.00666666666666,100.0,10.0,14,93.05,1,71.0,97.0,91.525,26.0,1,2026-07-17,0
7,1,53.53333333333333,80.0,31.0,9,68.0,6,51.0,59.0,49.5,8.0,1,2026-07-17,1
8,1,57.940000000000005,94.0,0.0,11,71.05,4,46.0,52.0,82.525,6.0,1,2026-07-17,1
9,1,67.83733333333333,100.0,0.0,12,52.28,3,94.0,40.0,70.14,-54.0,1,2026-07-17,0
10,1,60.08181818181818,95.0,10.0,6,84.7,5,56.25,70.0,64.85,13.75,1,2026-07-17,1
11,1,77.07142857142857,100.0,0.0,12,0.0,2,88.0,78.0,55.333333333333336,-10.0,1,2026-07-17,1
12,1,79.43333333333334,100.0,40.0,14,87.0,1,86.0,79.0,71.0,-7.0,1,2026-07-17,0
13,1,98.49333333333334,100.0,88.7,15,88.7,0,100.0,100.0,94.35,0.0,1,2026-07-17,0
14,1,82.82142857142857,100.0,0.0,13,0.0,1,90.0,91.0,54.66666666666666,1.0,1,2026-07-17,0
15,1,88.74666666666667,100.0,70.0,15,81.1,0,92.0,94.0,77.05,2.0,1,2026-07-17,0
16,1,68.83333333333333,100.0,0.0,12,20.25,3,86.0,66.0,49.125,-20.0,1,2026-07-17,0
17,1,35.857142857142854,100.0,0.0,3,0.0,4,73.33333333333333,0.0,3.0,0.0,1,2026-07-17,1
18,1,0.0,0.0,0.0,0,0.0,6,0.0,0.0,0.0,0.0,1,2026-07-17,1
19,1,93.65333333333334,100.0,70.0,15,93.15,0,90.0,97.0,94.075,7.0,1,2026-07-17,0
20,1,53.875,100.0,20.0,4,65.0,4,100.0,20.0,47.25,-80.0,1,2026-07-17,1
21,1,67.8875,100.0,26.5,7,62.3,1,97.5,70.0,62.9,-27.5,1,2026-07-17,0
22,1,96.584,100.0,88.13,15,88.13,0,98.0,97.0,94.065,-1.0,1,2026-07-17,0
23,1,85.1,100.0,55.5,15,74.0,0,94.0,91.0,64.75,-3.0,1,2026-07-17,0
24,1,83.38888888888889,100.0,38.5,8,75.5,1,96.25,0.0,81.75,0.0,1,2026-07-17,1
25,1,77.36,100.0,46.2,13,46.2,2,81.0,83.0,64.6,2.0,1,2026-07-17,1
26,1,38.083333333333336,70.0,0.0,4,0.0,8,56.66666666666666,36.0,24.0,-20.666666666666664,1,2026-07-17,1
27,1,51.68461538461538,80.0,30.0,6,46.45,7,60.0,50.0,44.225,-10.0,1,2026-07-17,1
28,1,26.125,95.0,0.0,1,0.0,3,0.0,95.0,0.0,0.0,1,2026-07-17,1
29,1,75.61428571428571,100.0,56.05,14,56.05,0,83.0,85.0,57.025,2.0,1,2026-07-17,0
30,1,41.66666666666666,95.0,5.5,4,5.5,5,52.5,0.0,36.0,0.0,1,2026-07-17,1
31,1,90.15333333333334,100.0,65.8,15,65.8,0,97.4,90.0,80.4,-7.400000000000006,1,2026-07-17,0
32,1,84.09285714285714,100.0,59.0,14,59.4,0,91.25,98.0,59.2,6.75,1,2026-07-17,0
33,1,88.39666666666668,100.0,60.0,15,91.3,0,78.0,100.0,86.7375,22.0,1,2026-07-17,1
34,1,76.96153846153847,100.0,20.0,11,83.0,2,81.0,73.33333333333333,78.25,-7.666666666666671,1,2026-07-17,1
35,1,84.97333333333333,100.0,70.35,15,70.35,0,87.8,90.0,74.175,2.200000000000003,1,2026-07-17,1
36,1,67.6,90.0,35.0,13,64.5,2,67.0,63.0,74.75,-4.0,1,2026-07-17,0
37,1,77.27142857142857,95.0,55.0,14,81.4,0,79.0,73.75,80.7,-5.25,1,2026-07-17,0
38,1,67.25333333333333,92.0,35.0,12,79.65,3,62.0,59.0,85.825,-3.0,1,2026-07-17,1
39,1,81.94266666666667,100.0,61.57,15,61.57,0,94.0,82.0,65.285,-12.0,1,2026-07-17,0
40,1,62.392857142857146,100.0,19.0,12,19.0,2,75.0,72.5,35.5,-2.5,1,2026-07-17,1
41,1,38.9,60.0,0.0,5,46.0,5,40.0,55.0,30.666666666666668,15.0,1,2026-07-17,1
42,1,84.34615384615384,100.0,60.0,13,60.0,0,91.0,93.33333333333331,72.0,2.3333333333333286,1,2026-07-17,0
43,1,82.27857142857144,100.0,45.0,13,85.95,1,85.0,88.0,73.475,3.0,1,2026-07-17,1
44,1,83.9076923076923,100.0,67.9,13,67.9,0,93.0,88.33333333333333,71.95,-4.666666666666671,1,2026-07-17,0
45,1,89.08666666666666,100.0,65.0,15,79.15,0,88.0,92.0,86.575,4.0,1,2026-07-17,0
46,1,72.78666666666666,90.0,40.0,14,69.65,1,69.0,82.0,65.325,13.0,1,2026-07-17,1
47,1,83.44666666666667,100.0,60.0,15,75.85,0,81.0,87.0,81.925,6.0,1,2026-07-17,1
48,1,72.25733333333332,100.0,25.0,12,51.43,3,86.0,56.0,75.715,-30.0,1,2026-07-17,1
49,1,63.333333333333336,100.0,29.0,8,64.5,1,65.0,80.0,62.75,15.0,1,2026-07-17,1
50,1,46.2,84.0,20.0,6,51.3,7,40.0,33.333333333333336,67.65,-6.666666666666664,1,2026-07-17,0
51,1,87.73571428571428,100.0,50.0,14,97.9,0,89.0,82.5,93.95,-6.5,1,2026-07-17,0
52,1,71.03333333333333,100.0,50.0,15,68.0,0,82.0,67.0,61.5,-15.0,1,2026-07-17,0
53,1,57.03333333333333,100.0,19.7,7,19.7,5,72.0,50.0,44.6,-22.0,1,2026-07-17,1
54,1,74.99230769230769,100.0,30.0,10,76.45,3,67.5,97.5,62.225,30.0,1,2026-07-17,1
55,1,45.13636363636363,75.0,0.0,4,44.0,7,48.75,20.0,59.5,-28.75,1,2026-07-17,1
56,1,78.56666666666666,100.0,0.0,14,84.0,1,92.0,59.0,87.0,-33.0,1,2026-07-17,0
57,1,57.333333333333336,100.0,10.0,5,62.0,1,100.0,0.0,58.5,0.0,1,2026-07-17,1
58,1,26.375,55.0,0.0,4,53.75,8,17.5,6.666666666666667,54.375,-10.833333333333332,1,2026-07-17,1
59,1,55.67777777777778,85.0,29.0,6,36.05,3,78.33333333333333,55.0,45.525,-23.33333333333333,1,2026-07-17,1
60,1,90.91333333333334,100.0,80.0,15,84.15,0,91.8,91.0,89.575,-0.7999999999999972,1,2026-07-17,0
61,1,91.0,100.0,60.0,15,80.0,0,98.0,88.0,85.5,-10.0,1,2026-07-17,0
62,1,74.58,95.0,50.0,15,88.35,0,79.0,69.0,76.175,-10.0,1,2026-07-17,1
63,1,79.5,100.0,40.0,13,65.5,1,88.0,75.0,74.75,-13.0,1,2026-07-17,1
64,1,48.73,80.0,10.0,7,65.65,3,40.0,50.0,61.325,10.0,1,2026-07-17,1
65,1,83.24666666666667,95.0,58.0,15,88.4,0,83.8,90.0,73.2,6.200000000000003,1,2026-07-17,0
66,1,74.21333333333334,100.0,30.0,14,72.35,1,66.0,77.0,81.675,11.0,1,2026-07-17,1
67,1,87.22666666666667,100.0,67.7,15,67.7,0,96.0,86.0,76.85,-10.0,1,2026-07-17,0
68,1,75.48666666666666,100.0,30.0,12,41.65,3,72.0,90.0,60.325,18.0,1,2026-07-17,1
69,1,71.59466666666667,100.0,47.21,13,47.21,2,74.0,75.0,63.605,1.0,1,2026-07-17,0
70,1,95.83733333333332,100.0,88.28,15,88.28,0,98.0,96.0,92.64,-2.0,1,2026-07-17,0
71,1,54.642857142857146,80.0,0.0,10,66.0,4,55.0,42.0,73.0,-13.0,1,2026-07-17,1
72,1,75.97333333333333,100.0,40.0,14,96.3,1,80.0,62.0,89.65,-18.0,1,2026-07-17,0
73,1,53.4,100.0,0.0,5,0.0,5,80.0,75.0,9.333333333333334,-5.0,1,2026-07-17,1
74,1,76.5,95.0,30.0,14,50.0,1,76.0,81.0,71.0,5.0,1,2026-07-17,0
75,1,73.39285714285714,100.0,40.0,11,41.0,3,70.0,93.75,57.5,23.75,1,2026-07-17,0
76,1,64.23333333333333,100.0,20.0,11,45.0,4,76.0,61.0,52.5,-15.0,1,2026-07-17,0
77,1,70.47,100.0,38.0,9,89.35,1,70.0,100.0,71.675,30.0,1,2026-07-17,0
78,1,76.72142857142856,100.0,50.0,14,73.3,0,71.25,78.0,82.9,6.75,1,2026-07-17,1
79,1,70.85714285714286,100.0,40.0,13,63.0,1,86.0,65.0,58.25,-21.0,1,2026-07-17,0
80,1,81.77333333333333,100.0,65.0,15,79.3,0,86.0,78.0,81.15,-8.0,1,2026-07-17,0
81,1,35.906666666666666,75.0,10.0,4,48.8,11,15.0,55.0,38.4,40.0,1,2026-07-17,1
82,1,92.12666666666668,100.0,70.0,15,88.7,0,90.0,93.0,93.85,3.0,1,2026-07-17,0
83,1,68.04,100.0,40.0,12,45.3,3,69.0,79.0,51.65,10.0,1,2026-07-17,1
84,1,83.09333333333333,100.0,69.0,15,70.2,0,84.0,92.0,69.6,8.0,1,2026-07-17,0
85,1,69.76666666666667,100.0,0.0,10,0.0,5,79.0,100.0,15.5,21.0,1,2026-07-17,1
86,1,57.76666666666667,100.0,20.0,8,68.1,4,65.0,43.333333333333336,66.05,-21.666666666666664,1,2026-07-17,1
87,1,59.17857142857143,100.0,0.0,9,56.0,5,55.0,75.0,49.0,20.0,1,2026-07-17,1
88,1,74.33333333333333,100.0,0.0,7,86.5,2,75.0,0.0,84.75,0.0,1,2026-07-17,0
89,1,14.0,38.0,0.0,0,38.0,8,0.0,0.0,28.0,0.0,1,2026-07-17,1
90,1,87.90666666666667,100.0,79.0,15,82.55,0,92.0,89.0,80.775,-3.0,1,2026-07-17,0
91,1,84.86,100.0,50.0,15,84.95,0,74.0,92.0,89.975,18.0,1,2026-07-17,0
92,1,78.85,100.0,43.5,9,72.5,1,78.33333333333333,100.0,77.5,21.66666666666667,1,2026-07-17,1
93,1,32.19230769230769,60.0,0.0,3,23.0,10,41.0,26.666666666666668,26.25,-14.333333333333332,1,2026-07-17,1
94,1,53.785714285714285,90.0,17.0,8,17.0,6,75.0,56.25,23.25,-18.75,1,2026-07-17,0
96,1,68.36,100.0,1.2,11,1.2,4,82.0,88.0,22.6,6.0,1,2026-07-17,1
97,1,76.825,100.0,55.5,12,55.7,0,88.33333333333333,72.5,77.85,-15.833333333333329,1,2026-07-17,1
98,1,51.275,100.0,0.0,5,73.1,3,40.0,0.0,69.55,0.0,1,2026-07-17,1
99,1,74.25,100.0,0.0,13,79.0,1,90.0,53.75,77.0,-36.25,1,2026-07-17,0
100,1,41.15,75.0,0.0,5,0.0,5,61.25,50.0,21.75,-11.25,1,2026-07-17,1
101,1,71.86666666666666,90.0,43.0,13,67.0,2,74.0,82.0,55.0,8.0,1,2026-07-17,1
102,1,10.375,25.0,0.0,0,0.0,8,16.666666666666668,20.0,2.0,3.333333333333332,1,2026-07-17,1
103,1,89.96666666666667,100.0,40.0,13,93.0,2,97.0,100.0,66.5,3.0,1,2026-07-17,0
104,1,91.53333333333332,100.0,75.0,15,94.0,0,96.0,86.0,93.0,-10.0,1,2026-07-17,0
105,1,65.48333333333333,90.0,25.0,10,65.65,2,76.0,57.5,60.325,-18.5,1,2026-07-17,1
106,1,48.75714285714286,100.0,0.0,8,32.8,6,46.0,60.0,41.4,14.0,1,2026-07-17,1
107,1,68.35714285714286,100.0,30.0,13,77.0,1,70.0,65.0,71.5,-5.0,1,2026-07-17,0
108,1,58.46428571428572,85.0,0.0,12,76.0,2,70.0,38.75,65.75,-31.25,1,2026-07-17,0
109,1,68.95454545454545,90.0,43.5,10,85.0,1,67.5,82.5,70.0,15.0,1,2026-07-17,0
110,1,51.2,70.0,27.0,6,58.5,4,56.66666666666666,50.0,53.75,-6.666666666666664,1,2026-07-17,1
111,1,81.69999999999999,100.0,63.3,13,63.3,0,99.0,76.66666666666667,66.15,-22.33333333333333,1,2026-07-17,1
112,1,67.51428571428572,100.0,30.0,12,52.85,2,53.75,82.0,64.425,28.25,1,2026-07-17,0
113,1,31.466666666666665,75.0,0.0,5,62.0,10,17.0,19.0,68.5,2.0,1,2026-07-17,1
114,1,80.2,100.0,60.0,15,86.0,0,83.0,81.0,75.25,-2.0,1,2026-07-17,0
115,1,73.57142857142857,100.0,50.0,14,65.0,0,84.0,70.0,65.0,-14.0,1,2026-07-17,0
116,1,50.48333333333333,78.0,0.0,4,73.45,2,0.0,0.0,75.725,0.0,1,2026-07-17,1
117,1,92.2,100.0,50.0,15,91.5,0,100.0,100.0,70.75,0.0,1,2026-07-17,0
118,1,79.42,100.0,30.0,14,94.65,1,72.0,80.0,88.825,8.0,1,2026-07-17,0
119,1,69.7,100.0,10.0,11,77.5,4,80.0,67.0,59.25,-13.0,1,2026-07-17,0
120,1,88.57857142857142,100.0,64.0,14,83.05,0,100.0,92.0,73.525,-8.0,1,2026-07-17,0
121,1,48.625,80.0,18.5,5,31.75,3,65.0,55.0,46.375,-10.0,1,2026-07-17,1
122,1,92.64,100.0,78.73,14,78.73,0,100.0,96.25,80.86500000000001,-3.75,1,2026-07-17,0
123,1,34.05,63.0,0.0,4,63.0,6,36.25,25.0,42.0,-11.25,1,2026-07-17,1
124,1,80.41333333333334,95.0,69.0,15,72.1,0,83.0,85.0,70.55,2.0,1,2026-07-17,0
125,1,85.4,100.0,70.0,15,73.5,0,88.0,92.0,72.75,4.0,1,2026-07-17,0
126,1,65.63333333333334,100.0,0.0,12,54.0,3,72.0,55.0,71.5,-17.0,1,2026-07-17,0
127,1,38.95454545454545,85.0,0.0,6,0.0,5,42.0,85.0,26.0,43.0,1,2026-07-17,1
128,1,67.86666666666666,85.0,51.0,12,68.7,0,66.25,81.66666666666667,63.35,15.416666666666671,1,2026-07-17,1
129,1,55.0,100.0,20.0,8,30.0,4,58.0,55.0,55.0,-3.0,1,2026-07-17,1
130,1,64.725,100.0,23.0,6,57.4,2,76.66666666666667,0.0,66.2,0.0,1,2026-07-17,1
131,1,87.54666666666667,100.0,76.35,15,76.35,0,91.0,84.0,87.675,-7.0,1,2026-07-17,0
132,1,79.64999999999999,100.0,50.0,14,95.55,0,78.0,72.5,91.775,-5.5,1,2026-07-17,0
133,1,24.685714285714287,50.0,0.0,1,28.9,6,50.0,0.0,29.45,-50.0,1,2026-07-17,1
134,1,54.333333333333336,95.0,20.0,7,62.0,5,36.66666666666666,72.5,53.0,35.833333333333336,1,2026-07-17,1
135,1,78.47857142857143,100.0,37.0,12,50.35,2,96.0,90.0,43.675,-6.0,1,2026-07-17,1
136,1,73.15714285714286,83.85,65.0,14,83.85,0,75.0,71.0,75.925,-4.0,1,2026-07-17,0
137,1,78.88000000000001,100.0,50.35,15,50.35,0,89.0,88.0,52.425,-1.0,1,2026-07-17,1
138,1,74.6923076923077,100.0,30.0,11,88.5,2,71.25,78.75,77.75,7.5,1,2026-07-17,1
139,1,45.61538461538461,80.0,0.0,8,65.0,5,46.0,26.666666666666668,63.0,-19.33333333333333,1,2026-07-17,1
140,1,5.5,20.0,0.0,0,0.0,4,20.0,0.0,0.0,0.0,1,2026-07-17,1
141,1,55.29,100.0,30.0,8,43.78,6,61.0,40.0,65.64,-21.0,1,2026-07-17,1
142,1,89.41428571428571,100.0,75.0,14,95.9,0,92.5,90.0,87.45,-2.5,1,2026-07-17,0
143,1,45.142857142857146,90.0,0.0,3,0.0,4,55.0,30.0,54.0,-25.0,1,2026-07-17,1
144,1,62.5,95.0,0.0,7,87.0,3,60.0,72.5,58.0,12.5,1,2026-07-17,0
145,1,58.875,100.0,0.0,5,0.0,3,77.5,0.0,43.333333333333336,0.0,1,2026-07-17,1
146,1,60.07142857142857,75.0,14.5,6,55.5,1,72.5,0.0,65.25,0.0,1,2026-07-17,1
147,1,65.25,100.0,12.75,6,12.75,4,92.5,40.0,50.375,-52.5,1,2026-07-17,1
148,1,58.28888888888889,100.0,30.0,5,55.8,4,93.33333333333331,30.0,45.9,-63.33333333333333,1,2026-07-17,1
149,1,87.92857142857143,100.0,62.75,14,62.75,0,99.0,97.5,64.375,-1.5,1,2026-07-17,0
150,1,90.15,100.0,49.0,12,95.3,2,97.0,100.0,72.15,3.0,1,2026-07-17,0
151,1,53.9,100.0,0.0,6,0.0,4,45.0,80.0,0.0,35.0,1,2026-07-17,1
152,1,19.5,38.0,0.0,0,38.0,8,5.0,10.0,33.5,5.0,1,2026-07-17,1
153,1,52.29230769230769,65.0,10.0,10,60.4,3,51.0,45.0,62.7,-6.0,1,2026-07-17,1
154,1,11.4,50.0,0.0,1,0.0,4,0.0,50.0,0.6666666666666666,0.0,1,2026-07-17,1
155,1,0.0,0.0,0.0,0,0.0,6,0.0,0.0,0.0,0.0,1,2026-07-17,1
156,1,84.06,100.0,50.0,15,82.7,0,82.0,83.0,88.35,1.0,1,2026-07-17,1
157,1,19.15,80.0,0.0,2,0.0,8,29.0,0.0,10.666666666666666,-29.0,1,2026-07-17,1
158,1,8.25,33.0,0.0,0,0.0,8,0.0,0.0,22.0,0.0,1,2026-07-17,1
159,1,34.5,90.0,0.0,2,0.0,4,75.0,0.0,14.0,0.0,1,2026-07-17,1
160,1,12.5,50.0,0.0,2,0.0,6,0.0,0.0,25.0,0.0,1,2026-07-17,1
161,1,20.166666666666668,50.0,0.0,1,0.0,5,36.66666666666666,0.0,0.0,0.0,1,2026-07-17,1
162,1,29.791666666666668,80.0,0.0,5,0.0,7,49.0,40.0,0.0,-9.0,1,2026-07-17,1
163,1,67.22222222222223,100.0,0.0,7,0.0,2,90.0,100.0,0.0,10.0,1,2026-07-17,1
164,1,0.0,0.0,0.0,0,0.0,3,0.0,0.0,0.0,0.0,1,2026-07-17,1
165,1,33.0,80.0,0.0,2,0.0,3,75.0,0.0,0.0,0.0,1,2026-07-17,1
166,1,5.5,20.0,0.0,0,0.0,4,20.0,0.0,0.0,0.0,1,2026-07-17,1
167,1,0.0,0.0,0.0,0,0.0,5,0.0,0.0,0.0,0.0,1,2026-07-17,1
168,1,23.375,85.0,0.0,1,0.0,3,85.0,0.0,0.0,0.0,1,2026-07-17,1
169,1,0.0,0.0,0.0,0,0.0,6,0.0,0.0,0.0,0.0,1,2026-07-17,1
170,1,0.0,0.0,0.0,0,0.0,4,0.0,0.0,0.0,0.0,1,2026-07-17,1
171,1,0.0,0.0,0.0,0,0.0,7,0.0,0.0,0.0,0.0,1,2026-07-17,1
2,1,70.53999999999999,100.0,0.0,10,44.8,5,95.0,72.0,34.9,-23.0,1,2026-07-18,1
4,1,83.28666666666666,100.0,60.0,15,61.9,0,79.0,98.0,68.95,19.0,1,2026-07-18,1
5,1,86.00666666666666,100.0,10.0,14,93.05,1,71.0,97.0,91.525,26.0,1,2026-07-18,0
7,1,53.53333333333333,80.0,31.0,9,68.0,6,51.0,59.0,49.5,8.0,1,2026-07-18,1
8,1,57.940000000000005,94.0,0.0,11,71.05,4,46.0,52.0,82.525,6.0,1,2026-07-18,1
9,1,67.83733333333333,100.0,0.0,12,52.28,3,94.0,40.0,70.14,-54.0,1,2026-07-18,0
10,1,60.08181818181818,95.0,10.0,6,84.7,5,56.25,70.0,64.85,13.75,1,2026-07-18,1
11,1,77.07142857142857,100.0,0.0,12,0.0,2,88.0,78.0,55.333333333333336,-10.0,1,2026-07-18,1
12,1,79.43333333333334,100.0,40.0,14,87.0,1,86.0,79.0,71.0,-7.0,1,2026-07-18,0
13,1,98.49333333333334,100.0,88.7,15,88.7,0,100.0,100.0,94.35,0.0,1,2026-07-18,0
14,1,82.82142857142857,100.0,0.0,13,0.0,1,90.0,91.0,54.66666666666666,1.0,1,2026-07-18,0
15,1,88.74666666666667,100.0,70.0,15,81.1,0,92.0,94.0,77.05,2.0,1,2026-07-18,0
16,1,68.83333333333333,100.0,0.0,12,20.25,3,86.0,66.0,49.125,-20.0,1,2026-07-18,0
17,1,35.857142857142854,100.0,0.0,3,0.0,4,73.33333333333333,0.0,3.0,0.0,1,2026-07-18,1
18,1,0.0,0.0,0.0,0,0.0,6,0.0,0.0,0.0,0.0,1,2026-07-18,1
19,1,93.65333333333334,100.0,70.0,15,93.15,0,90.0,97.0,94.075,7.0,1,2026-07-18,0
20,1,53.875,100.0,20.0,4,65.0,4,100.0,20.0,47.25,-80.0,1,2026-07-18,1
21,1,67.8875,100.0,26.5,7,62.3,1,97.5,70.0,62.9,-27.5,1,2026-07-18,0
22,1,96.584,100.0,88.13,15,88.13,0,98.0,97.0,94.065,-1.0,1,2026-07-18,0
23,1,85.1,100.0,55.5,15,74.0,0,94.0,91.0,64.75,-3.0,1,2026-07-18,0
24,1,83.38888888888889,100.0,38.5,8,75.5,1,96.25,0.0,81.75,0.0,1,2026-07-18,1
25,1,77.36,100.0,46.2,13,46.2,2,81.0,83.0,64.6,2.0,1,2026-07-18,1
26,1,38.083333333333336,70.0,0.0,4,0.0,8,56.66666666666666,36.0,24.0,-20.666666666666664,1,2026-07-18,1
27,1,51.68461538461538,80.0,30.0,6,46.45,7,60.0,50.0,44.225,-10.0,1,2026-07-18,1
28,1,26.125,95.0,0.0,1,0.0,3,0.0,95.0,0.0,0.0,1,2026-07-18,1
29,1,75.61428571428571,100.0,56.05,14,56.05,0,83.0,85.0,57.025,2.0,1,2026-07-18,0
30,1,41.66666666666666,95.0,5.5,4,5.5,5,52.5,0.0,36.0,0.0,1,2026-07-18,1
31,1,90.15333333333334,100.0,65.8,15,65.8,0,97.4,90.0,80.4,-7.400000000000006,1,2026-07-18,0
32,1,84.09285714285714,100.0,59.0,14,59.4,0,91.25,98.0,59.2,6.75,1,2026-07-18,0
33,1,88.39666666666668,100.0,60.0,15,91.3,0,78.0,100.0,86.7375,22.0,1,2026-07-18,1
34,1,76.96153846153847,100.0,20.0,11,83.0,2,81.0,73.33333333333333,78.25,-7.666666666666671,1,2026-07-18,1
35,1,84.97333333333333,100.0,70.35,15,70.35,0,87.8,90.0,74.175,2.200000000000003,1,2026-07-18,1
36,1,67.6,90.0,35.0,13,64.5,2,67.0,63.0,74.75,-4.0,1,2026-07-18,0
37,1,77.27142857142857,95.0,55.0,14,81.4,0,79.0,73.75,80.7,-5.25,1,2026-07-18,0
38,1,67.25333333333333,92.0,35.0,12,79.65,3,62.0,59.0,85.825,-3.0,1,2026-07-18,1
39,1,81.94266666666667,100.0,61.57,15,61.57,0,94.0,82.0,65.285,-12.0,1,2026-07-18,0
40,1,62.392857142857146,100.0,19.0,12,19.0,2,75.0,72.5,35.5,-2.5,1,2026-07-18,1
41,1,38.9,60.0,0.0,5,46.0,5,40.0,55.0,30.666666666666668,15.0,1,2026-07-18,1
42,1,84.34615384615384,100.0,60.0,13,60.0,0,91.0,93.33333333333331,72.0,2.3333333333333286,1,2026-07-18,0
43,1,82.27857142857144,100.0,45.0,13,85.95,1,85.0,88.0,73.475,3.0,1,2026-07-18,1
44,1,83.9076923076923,100.0,67.9,13,67.9,0,93.0,88.33333333333333,71.95,-4.666666666666671,1,2026-07-18,0
45,1,89.08666666666666,100.0,65.0,15,79.15,0,88.0,92.0,86.575,4.0,1,2026-07-18,0
46,1,72.78666666666666,90.0,40.0,14,69.65,1,69.0,82.0,65.325,13.0,1,2026-07-18,1
47,1,83.44666666666667,100.0,60.0,15,75.85,0,81.0,87.0,81.925,6.0,1,2026-07-18,1
48,1,72.25733333333332,100.0,25.0,12,51.43,3,86.0,56.0,75.715,-30.0,1,2026-07-18,1
49,1,63.333333333333336,100.0,29.0,8,64.5,1,65.0,80.0,62.75,15.0,1,2026-07-18,1
50,1,46.2,84.0,20.0,6,51.3,7,40.0,33.333333333333336,67.65,-6.666666666666664,1,2026-07-18,0
51,1,87.73571428571428,100.0,50.0,14,97.9,0,89.0,82.5,93.95,-6.5,1,2026-07-18,0
52,1,71.03333333333333,100.0,50.0,15,68.0,0,82.0,67.0,61.5,-15.0,1,2026-07-18,0
53,1,57.03333333333333,100.0,19.7,7,19.7,5,72.0,50.0,44.6,-22.0,1,2026-07-18,1
54,1,74.99230769230769,100.0,30.0,10,76.45,3,67.5,97.5,62.225,30.0,1,2026-07-18,1
55,1,45.13636363636363,75.0,0.0,4,44.0,7,48.75,20.0,59.5,-28.75,1,2026-07-18,1
56,1,78.56666666666666,100.0,0.0,14,84.0,1,92.0,59.0,87.0,-33.0,1,2026-07-18,0
57,1,57.333333333333336,100.0,10.0,5,62.0,1,100.0,0.0,58.5,0.0,1,2026-07-18,1
58,1,26.375,55.0,0.0,4,53.75,8,17.5,6.666666666666667,54.375,-10.833333333333332,1,2026-07-18,1
59,1,55.67777777777778,85.0,29.0,6,36.05,3,78.33333333333333,55.0,45.525,-23.33333333333333,1,2026-07-18,1
60,1,90.91333333333334,100.0,80.0,15,84.15,0,91.8,91.0,89.575,-0.7999999999999972,1,2026-07-18,0
61,1,91.0,100.0,60.0,15,80.0,0,98.0,88.0,85.5,-10.0,1,2026-07-18,0
62,1,74.58,95.0,50.0,15,88.35,0,79.0,69.0,76.175,-10.0,1,2026-07-18,1
63,1,79.5,100.0,40.0,13,65.5,1,88.0,75.0,74.75,-13.0,1,2026-07-18,1
64,1,48.73,80.0,10.0,7,65.65,3,40.0,50.0,61.325,10.0,1,2026-07-18,1
65,1,83.24666666666667,95.0,58.0,15,88.4,0,83.8,90.0,73.2,6.200000000000003,1,2026-07-18,0
66,1,74.21333333333334,100.0,30.0,14,72.35,1,66.0,77.0,81.675,11.0,1,2026-07-18,1
67,1,87.22666666666667,100.0,67.7,15,67.7,0,96.0,86.0,76.85,-10.0,1,2026-07-18,0
68,1,75.48666666666666,100.0,30.0,12,41.65,3,72.0,90.0,60.325,18.0,1,2026-07-18,1
69,1,71.59466666666667,100.0,47.21,13,47.21,2,74.0,75.0,63.605,1.0,1,2026-07-18,0
70,1,95.83733333333332,100.0,88.28,15,88.28,0,98.0,96.0,92.64,-2.0,1,2026-07-18,0
71,1,54.642857142857146,80.0,0.0,10,66.0,4,55.0,42.0,73.0,-13.0,1,2026-07-18,1
72,1,75.97333333333333,100.0,40.0,14,96.3,1,80.0,62.0,89.65,-18.0,1,2026-07-18,0
73,1,53.4,100.0,0.0,5,0.0,5,80.0,75.0,9.333333333333334,-5.0,1,2026-07-18,1
74,1,76.5,95.0,30.0,14,50.0,1,76.0,81.0,71.0,5.0,1,2026-07-18,0
75,1,73.39285714285714,100.0,40.0,11,41.0,3,70.0,93.75,57.5,23.75,1,2026-07-18,0
76,1,64.23333333333333,100.0,20.0,11,45.0,4,76.0,61.0,52.5,-15.0,1,2026-07-18,0
77,1,70.47,100.0,38.0,9,89.35,1,70.0,100.0,71.675,30.0,1,2026-07-18,0
78,1,76.72142857142856,100.0,50.0,14,73.3,0,71.25,78.0,82.9,6.75,1,2026-07-18,1
79,1,70.85714285714286,100.0,40.0,13,63.0,1,86.0,65.0,58.25,-21.0,1,2026-07-18,0
80,1,81.77333333333333,100.0,65.0,15,79.3,0,86.0,78.0,81.15,-8.0,1,2026-07-18,0
81,1,35.906666666666666,75.0,10.0,4,48.8,11,15.0,55.0,38.4,40.0,1,2026-07-18,1
82,1,92.12666666666668,100.0,70.0,15,88.7,0,90.0,93.0,93.85,3.0,1,2026-07-18,0
83,1,68.04,100.0,40.0,12,45.3,3,69.0,79.0,51.65,10.0,1,2026-07-18,1
84,1,83.09333333333333,100.0,69.0,15,70.2,0,84.0,92.0,69.6,8.0,1,2026-07-18,0
85,1,69.76666666666667,100.0,0.0,10,0.0,5,79.0,100.0,15.5,21.0,1,2026-07-18,1
86,1,57.76666666666667,100.0,20.0,8,68.1,4,65.0,43.333333333333336,66.05,-21.666666666666664,1,2026-07-18,1
87,1,59.17857142857143,100.0,0.0,9,56.0,5,55.0,75.0,49.0,20.0,1,2026-07-18,1
88,1,74.33333333333333,100.0,0.0,7,86.5,2,75.0,0.0,84.75,0.0,1,2026-07-18,0
89,1,14.0,38.0,0.0,0,38.0,8,0.0,0.0,28.0,0.0,1,2026-07-18,1
90,1,87.90666666666667,100.0,79.0,15,82.55,0,92.0,89.0,80.775,-3.0,1,2026-07-18,0
91,1,84.86,100.0,50.0,15,84.95,0,74.0,92.0,89.975,18.0,1,2026-07-18,0
92,1,78.85,100.0,43.5,9,72.5,1,78.33333333333333,100.0,77.5,21.66666666666667,1,2026-07-18,1
93,1,32.19230769230769,60.0,0.0,3,23.0,10,41.0,26.666666666666668,26.25,-14.333333333333332,1,2026-07-18,1
94,1,53.785714285714285,90.0,17.0,8,17.0,6,75.0,56.25,23.25,-18.75,1,2026-07-18,0
96,1,68.36,100.0,1.2,11,1.2,4,82.0,88.0,22.6,6.0,1,2026-07-18,1
97,1,76.825,100.0,55.5,12,55.7,0,88.33333333333333,72.5,77.85,-15.833333333333329,1,2026-07-18,1
98,1,51.275,100.0,0.0,5,73.1,3,40.0,0.0,69.55,0.0,1,2026-07-18,1
99,1,74.25,100.0,0.0,13,79.0,1,90.0,53.75,77.0,-36.25,1,2026-07-18,0
100,1,41.15,75.0,0.0,5,0.0,5,61.25,50.0,21.75,-11.25,1,2026-07-18,1
101,1,71.86666666666666,90.0,43.0,13,67.0,2,74.0,82.0,55.0,8.0,1,2026-07-18,1
102,1,10.375,25.0,0.0,0,0.0,8,16.666666666666668,20.0,2.0,3.333333333333332,1,2026-07-18,1
103,1,89.96666666666667,100.0,40.0,13,93.0,2,97.0,100.0,66.5,3.0,1,2026-07-18,0
104,1,91.53333333333332,100.0,75.0,15,94.0,0,96.0,86.0,93.0,-10.0,1,2026-07-18,0
105,1,65.48333333333333,90.0,25.0,10,65.65,2,76.0,57.5,60.325,-18.5,1,2026-07-18,1
106,1,48.75714285714286,100.0,0.0,8,32.8,6,46.0,60.0,41.4,14.0,1,2026-07-18,1
107,1,68.35714285714286,100.0,30.0,13,77.0,1,70.0,65.0,71.5,-5.0,1,2026-07-18,0
108,1,58.46428571428572,85.0,0.0,12,76.0,2,70.0,38.75,65.75,-31.25,1,2026-07-18,0
109,1,68.95454545454545,90.0,43.5,10,85.0,1,67.5,82.5,70.0,15.0,1,2026-07-18,0
110,1,51.2,70.0,27.0,6,58.5,4,56.66666666666666,50.0,53.75,-6.666666666666664,1,2026-07-18,1
111,1,81.69999999999999,100.0,63.3,13,63.3,0,99.0,76.66666666666667,66.15,-22.33333333333333,1,2026-07-18,1
112,1,67.51428571428572,100.0,30.0,12,52.85,2,53.75,82.0,64.425,28.25,1,2026-07-18,0
113,1,31.466666666666665,75.0,0.0,5,62.0,10,17.0,19.0,68.5,2.0,1,2026-07-18,1
114,1,80.2,100.0,60.0,15,86.0,0,83.0,81.0,75.25,-2.0,1,2026-07-18,0
115,1,73.57142857142857,100.0,50.0,14,65.0,0,84.0,70.0,65.0,-14.0,1,2026-07-18,0
116,1,50.48333333333333,78.0,0.0,4,73.45,2,0.0,0.0,75.725,0.0,1,2026-07-18,1
117,1,92.2,100.0,50.0,15,91.5,0,100.0,100.0,70.75,0.0,1,2026-07-18,0
118,1,79.42,100.0,30.0,14,94.65,1,72.0,80.0,88.825,8.0,1,2026-07-18,0
119,1,69.7,100.0,10.0,11,77.5,4,80.0,67.0,59.25,-13.0,1,2026-07-18,0
120,1,88.57857142857142,100.0,64.0,14,83.05,0,100.0,92.0,73.525,-8.0,1,2026-07-18,0
121,1,48.625,80.0,18.5,5,31.75,3,65.0,55.0,46.375,-10.0,1,2026-07-18,1
122,1,92.64,100.0,78.73,14,78.73,0,100.0,96.25,80.86500000000001,-3.75,1,2026-07-18,0
123,1,34.05,63.0,0.0,4,63.0,6,36.25,25.0,42.0,-11.25,1,2026-07-18,1
124,1,80.41333333333334,95.0,69.0,15,72.1,0,83.0,85.0,70.55,2.0,1,2026-07-18,0
125,1,85.4,100.0,70.0,15,73.5,0,88.0,92.0,72.75,4.0,1,2026-07-18,0
126,1,65.63333333333334,100.0,0.0,12,54.0,3,72.0,55.0,71.5,-17.0,1,2026-07-18,0
127,1,38.95454545454545,85.0,0.0,6,0.0,5,42.0,85.0,26.0,43.0,1,2026-07-18,1
128,1,67.86666666666666,85.0,51.0,12,68.7,0,66.25,81.66666666666667,63.35,15.416666666666671,1,2026-07-18,1
129,1,55.0,100.0,20.0,8,30.0,4,58.0,55.0,55.0,-3.0,1,2026-07-18,1
130,1,64.725,100.0,23.0,6,57.4,2,76.66666666666667,0.0,66.2,0.0,1,2026-07-18,1
131,1,87.54666666666667,100.0,76.35,15,76.35,0,91.0,84.0,87.675,-7.0,1,2026-07-18,0
132,1,79.64999999999999,100.0,50.0,14,95.55,0,78.0,72.5,91.775,-5.5,1,2026-07-18,0
133,1,24.685714285714287,50.0,0.0,1,28.9,6,50.0,0.0,29.45,-50.0,1,2026-07-18,1
134,1,54.333333333333336,95.0,20.0,7,62.0,5,36.66666666666666,72.5,53.0,35.833333333333336,1,2026-07-18,1
135,1,78.47857142857143,100.0,37.0,12,50.35,2,96.0,90.0,43.675,-6.0,1,2026-07-18,1
136,1,73.15714285714286,83.85,65.0,14,83.85,0,75.0,71.0,75.925,-4.0,1,2026-07-18,0
137,1,78.88000000000001,100.0,50.35,15,50.35,0,89.0,88.0,52.425,-1.0,1,2026-07-18,1
138,1,74.6923076923077,100.0,30.0,11,88.5,2,71.25,78.75,77.75,7.5,1,2026-07-18,1
139,1,45.61538461538461,80.0,0.0,8,65.0,5,46.0,26.666666666666668,63.0,-19.33333333333333,1,2026-07-18,1
140,1,5.5,20.0,0.0,0,0.0,4,20.0,0.0,0.0,0.0,1,2026-07-18,1
141,1,55.29,100.0,30.0,8,43.78,6,61.0,40.0,65.64,-21.0,1,2026-07-18,1
142,1,89.41428571428571,100.0,75.0,14,95.9,0,92.5,90.0,87.45,-2.5,1,2026-07-18,0
143,1,45.142857142857146,90.0,0.0,3,0.0,4,55.0,30.0,54.0,-25.0,1,2026-07-18,1
144,1,62.5,95.0,0.0,7,87.0,3,60.0,72.5,58.0,12.5,1,2026-07-18,0
145,1,58.875,100.0,0.0,5,0.0,3,77.5,0.0,43.333333333333336,0.0,1,2026-07-18,1
146,1,60.07142857142857,75.0,14.5,6,55.5,1,72.5,0.0,65.25,0.0,1,2026-07-18,1
147,1,65.25,100.0,12.75,6,12.75,4,92.5,40.0,50.375,-52.5,1,2026-07-18,1
148,1,58.28888888888889,100.0,30.0,5,55.8,4,93.33333333333331,30.0,45.9,-63.33333333333333,1,2026-07-18,1
149,1,87.92857142857143,100.0,62.75,14,62.75,0,99.0,97.5,64.375,-1.5,1,2026-07-18,0
150,1,90.15,100.0,49.0,12,95.3,2,97.0,100.0,72.15,3.0,1,2026-07-18,0
151,1,53.9,100.0,0.0,6,0.0,4,45.0,80.0,0.0,35.0,1,2026-07-18,1
152,1,19.5,38.0,0.0,0,38.0,8,5.0,10.0,33.5,5.0,1,2026-07-18,1
153,1,52.29230769230769,65.0,10.0,10,60.4,3,51.0,45.0,62.7,-6.0,1,2026-07-18,1
154,1,11.4,50.0,0.0,1,0.0,4,0.0,50.0,0.6666666666666666,0.0,1,2026-07-18,1
155,1,0.0,0.0,0.0,0,0.0,6,0.0,0.0,0.0,0.0,1,2026-07-18,1
156,1,84.06,100.0,50.0,15,82.7,0,82.0,83.0,88.35,1.0,1,2026-07-18,1
157,1,19.15,80.0,0.0,2,0.0,8,29.0,0.0,10.666666666666666,-29.0,1,2026-07-18,1
158,1,8.25,33.0,0.0,0,0.0,8,0.0,0.0,22.0,0.0,1,2026-07-18,1
159,1,34.5,90.0,0.0,2,0.0,4,75.0,0.0,14.0,0.0,1,2026-07-18,1
160,1,12.5,50.0,0.0,2,0.0,6,0.0,0.0,25.0,0.0,1,2026-07-18,1
161,1,20.166666666666668,50.0,0.0,1,0.0,5,36.66666666666666,0.0,0.0,0.0,1,2026-07-18,1
162,1,29.791666666666668,80.0,0.0,5,0.0,7,49.0,40.0,0.0,-9.0,1,2026-07-18,1
163,1,67.22222222222223,100.0,0.0,7,0.0,2,90.0,100.0,0.0,10.0,1,2026-07-18,1
164,1,0.0,0.0,0.0,0,0.0,3,0.0,0.0,0.0,0.0,1,2026-07-18,1
165,1,33.0,80.0,0.0,2,0.0,3,75.0,0.0,0.0,0.0,1,2026-07-18,1
166,1,5.5,20.0,0.0,0,0.0,4,20.0,0.0,0.0,0.0,1,2026-07-18,1
167,1,0.0,0.0,0.0,0,0.0,5,0.0,0.0,0.0,0.0,1,2026-07-18,1
168,1,23.375,85.0,0.0,1,0.0,3,85.0,0.0,0.0,0.0,1,2026-07-18,1
169,1,0.0,0.0,0.0,0,0.0,6,0.0,0.0,0.0,0.0,1,2026-07-18,1
170,1,0.0,0.0,0.0,0,0.0,4,0.0,0.0,0.0,0.0,1,2026-07-18,1
171,1,0.0,0.0,0.0,0,0.0,7,0.0,0.0,0.0,0.0,1,2026-07-18,1
2,1,70.53999999999999,100.0,0.0,10,44.8,5,95.0,72.0,34.9,-23.0,1,2026-07-19,1
4,1,83.28666666666666,100.0,60.0,15,61.9,0,79.0,98.0,68.95,19.0,1,2026-07-19,1
5,1,86.00666666666666,100.0,10.0,14,93.05,1,71.0,97.0,91.525,26.0,1,2026-07-19,0
7,1,53.53333333333333,80.0,31.0,9,68.0,6,51.0,59.0,49.5,8.0,1,2026-07-19,1
8,1,57.940000000000005,94.0,0.0,11,71.05,4,46.0,52.0,82.525,6.0,1,2026-07-19,1
9,1,67.83733333333333,100.0,0.0,12,52.28,3,94.0,40.0,70.14,-54.0,1,2026-07-19,0
10,1,60.08181818181818,95.0,10.0,6,84.7,5,56.25,70.0,64.85,13.75,1,2026-07-19,1
11,1,77.07142857142857,100.0,0.0,12,0.0,2,88.0,78.0,55.333333333333336,-10.0,1,2026-07-19,1
12,1,79.43333333333334,100.0,40.0,14,87.0,1,86.0,79.0,71.0,-7.0,1,2026-07-19,0
13,1,98.49333333333334,100.0,88.7,15,88.7,0,100.0,100.0,94.35,0.0,1,2026-07-19,0
14,1,82.82142857142857,100.0,0.0,13,0.0,1,90.0,91.0,54.66666666666666,1.0,1,2026-07-19,0
15,1,88.74666666666667,100.0,70.0,15,81.1,0,92.0,94.0,77.05,2.0,1,2026-07-19,0
16,1,68.83333333333333,100.0,0.0,12,20.25,3,86.0,66.0,49.125,-20.0,1,2026-07-19,0
17,1,35.857142857142854,100.0,0.0,3,0.0,4,73.33333333333333,0.0,3.0,0.0,1,2026-07-19,1
18,1,0.0,0.0,0.0,0,0.0,6,0.0,0.0,0.0,0.0,1,2026-07-19,1
19,1,93.65333333333334,100.0,70.0,15,93.15,0,90.0,97.0,94.075,7.0,1,2026-07-19,0
20,1,53.875,100.0,20.0,4,65.0,4,100.0,20.0,47.25,-80.0,1,2026-07-19,1
21,1,67.8875,100.0,26.5,7,62.3,1,97.5,70.0,62.9,-27.5,1,2026-07-19,0
22,1,96.584,100.0,88.13,15,88.13,0,98.0,97.0,94.065,-1.0,1,2026-07-19,0
23,1,85.1,100.0,55.5,15,74.0,0,94.0,91.0,64.75,-3.0,1,2026-07-19,0
24,1,83.38888888888889,100.0,38.5,8,75.5,1,96.25,0.0,81.75,0.0,1,2026-07-19,1
25,1,77.36,100.0,46.2,13,46.2,2,81.0,83.0,64.6,2.0,1,2026-07-19,1
26,1,38.083333333333336,70.0,0.0,4,0.0,8,56.66666666666666,36.0,24.0,-20.666666666666664,1,2026-07-19,1
27,1,51.68461538461538,80.0,30.0,6,46.45,7,60.0,50.0,44.225,-10.0,1,2026-07-19,1
28,1,26.125,95.0,0.0,1,0.0,3,0.0,95.0,0.0,0.0,1,2026-07-19,1
29,1,75.61428571428571,100.0,56.05,14,56.05,0,83.0,85.0,57.025,2.0,1,2026-07-19,0
30,1,41.66666666666666,95.0,5.5,4,5.5,5,52.5,0.0,36.0,0.0,1,2026-07-19,1
31,1,90.15333333333334,100.0,65.8,15,65.8,0,97.4,90.0,80.4,-7.400000000000006,1,2026-07-19,0
32,1,84.09285714285714,100.0,59.0,14,59.4,0,91.25,98.0,59.2,6.75,1,2026-07-19,0
33,1,88.39666666666668,100.0,60.0,15,91.3,0,78.0,100.0,86.7375,22.0,1,2026-07-19,1
34,1,76.96153846153847,100.0,20.0,11,83.0,2,81.0,73.33333333333333,78.25,-7.666666666666671,1,2026-07-19,1
35,1,84.97333333333333,100.0,70.35,15,70.35,0,87.8,90.0,74.175,2.200000000000003,1,2026-07-19,1
36,1,67.6,90.0,35.0,13,64.5,2,67.0,63.0,74.75,-4.0,1,2026-07-19,0
37,1,77.27142857142857,95.0,55.0,14,81.4,0,79.0,73.75,80.7,-5.25,1,2026-07-19,0
38,1,67.25333333333333,92.0,35.0,12,79.65,3,62.0,59.0,85.825,-3.0,1,2026-07-19,1
39,1,81.94266666666667,100.0,61.57,15,61.57,0,94.0,82.0,65.285,-12.0,1,2026-07-19,0
40,1,62.392857142857146,100.0,19.0,12,19.0,2,75.0,72.5,35.5,-2.5,1,2026-07-19,1
41,1,38.9,60.0,0.0,5,46.0,5,40.0,55.0,30.666666666666668,15.0,1,2026-07-19,1
42,1,84.34615384615384,100.0,60.0,13,60.0,0,91.0,93.33333333333331,72.0,2.3333333333333286,1,2026-07-19,0
43,1,82.27857142857144,100.0,45.0,13,85.95,1,85.0,88.0,73.475,3.0,1,2026-07-19,1
44,1,83.9076923076923,100.0,67.9,13,67.9,0,93.0,88.33333333333333,71.95,-4.666666666666671,1,2026-07-19,0
45,1,89.08666666666666,100.0,65.0,15,79.15,0,88.0,92.0,86.575,4.0,1,2026-07-19,0
46,1,72.78666666666666,90.0,40.0,14,69.65,1,69.0,82.0,65.325,13.0,1,2026-07-19,1
47,1,83.44666666666667,100.0,60.0,15,75.85,0,81.0,87.0,81.925,6.0,1,2026-07-19,1
48,1,72.25733333333332,100.0,25.0,12,51.43,3,86.0,56.0,75.715,-30.0,1,2026-07-19,1
49,1,63.333333333333336,100.0,29.0,8,64.5,1,65.0,80.0,62.75,15.0,1,2026-07-19,1
50,1,46.2,84.0,20.0,6,51.3,7,40.0,33.333333333333336,67.65,-6.666666666666664,1,2026-07-19,0
51,1,87.73571428571428,100.0,50.0,14,97.9,0,89.0,82.5,93.95,-6.5,1,2026-07-19,0
52,1,71.03333333333333,100.0,50.0,15,68.0,0,82.0,67.0,61.5,-15.0,1,2026-07-19,0
53,1,57.03333333333333,100.0,19.7,7,19.7,5,72.0,50.0,44.6,-22.0,1,2026-07-19,1
54,1,74.99230769230769,100.0,30.0,10,76.45,3,67.5,97.5,62.225,30.0,1,2026-07-19,1
55,1,45.13636363636363,75.0,0.0,4,44.0,7,48.75,20.0,59.5,-28.75,1,2026-07-19,1
56,1,78.56666666666666,100.0,0.0,14,84.0,1,92.0,59.0,87.0,-33.0,1,2026-07-19,0
57,1,57.333333333333336,100.0,10.0,5,62.0,1,100.0,0.0,58.5,0.0,1,2026-07-19,1
58,1,26.375,55.0,0.0,4,53.75,8,17.5,6.666666666666667,54.375,-10.833333333333332,1,2026-07-19,1
59,1,55.67777777777778,85.0,29.0,6,36.05,3,78.33333333333333,55.0,45.525,-23.33333333333333,1,2026-07-19,1
60,1,90.91333333333334,100.0,80.0,15,84.15,0,91.8,91.0,89.575,-0.7999999999999972,1,2026-07-19,0
61,1,91.0,100.0,60.0,15,80.0,0,98.0,88.0,85.5,-10.0,1,2026-07-19,0
62,1,74.58,95.0,50.0,15,88.35,0,79.0,69.0,76.175,-10.0,1,2026-07-19,1
63,1,79.5,100.0,40.0,13,65.5,1,88.0,75.0,74.75,-13.0,1,2026-07-19,1
64,1,48.73,80.0,10.0,7,65.65,3,40.0,50.0,61.325,10.0,1,2026-07-19,1
65,1,83.24666666666667,95.0,58.0,15,88.4,0,83.8,90.0,73.2,6.200000000000003,1,2026-07-19,0
66,1,74.21333333333334,100.0,30.0,14,72.35,1,66.0,77.0,81.675,11.0,1,2026-07-19,1
67,1,87.22666666666667,100.0,67.7,15,67.7,0,96.0,86.0,76.85,-10.0,1,2026-07-19,0
68,1,75.48666666666666,100.0,30.0,12,41.65,3,72.0,90.0,60.325,18.0,1,2026-07-19,1
69,1,71.59466666666667,100.0,47.21,13,47.21,2,74.0,75.0,63.605,1.0,1,2026-07-19,0
70,1,95.83733333333332,100.0,88.28,15,88.28,0,98.0,96.0,92.64,-2.0,1,2026-07-19,0
71,1,54.642857142857146,80.0,0.0,10,66.0,4,55.0,42.0,73.0,-13.0,1,2026-07-19,1
72,1,75.97333333333333,100.0,40.0,14,96.3,1,80.0,62.0,89.65,-18.0,1,2026-07-19,0
73,1,53.4,100.0,0.0,5,0.0,5,80.0,75.0,9.333333333333334,-5.0,1,2026-07-19,1
74,1,76.5,95.0,30.0,14,50.0,1,76.0,81.0,71.0,5.0,1,2026-07-19,0
75,1,73.39285714285714,100.0,40.0,11,41.0,3,70.0,93.75,57.5,23.75,1,2026-07-19,0
76,1,64.23333333333333,100.0,20.0,11,45.0,4,76.0,61.0,52.5,-15.0,1,2026-07-19,0
77,1,70.47,100.0,38.0,9,89.35,1,70.0,100.0,71.675,30.0,1,2026-07-19,0
78,1,76.72142857142856,100.0,50.0,14,73.3,0,71.25,78.0,82.9,6.75,1,2026-07-19,1
79,1,70.85714285714286,100.0,40.0,13,63.0,1,86.0,65.0,58.25,-21.0,1,2026-07-19,0
80,1,81.77333333333333,100.0,65.0,15,79.3,0,86.0,78.0,81.15,-8.0,1,2026-07-19,0
81,1,35.906666666666666,75.0,10.0,4,48.8,11,15.0,55.0,38.4,40.0,1,2026-07-19,1
82,1,92.12666666666668,100.0,70.0,15,88.7,0,90.0,93.0,93.85,3.0,1,2026-07-19,0
83,1,68.04,100.0,40.0,12,45.3,3,69.0,79.0,51.65,10.0,1,2026-07-19,1
84,1,83.09333333333333,100.0,69.0,15,70.2,0,84.0,92.0,69.6,8.0,1,2026-07-19,0
85,1,69.76666666666667,100.0,0.0,10,0.0,5,79.0,100.0,15.5,21.0,1,2026-07-19,1
86,1,57.76666666666667,100.0,20.0,8,68.1,4,65.0,43.333333333333336,66.05,-21.666666666666664,1,2026-07-19,1
87,1,59.17857142857143,100.0,0.0,9,56.0,5,55.0,75.0,49.0,20.0,1,2026-07-19,1
88,1,74.33333333333333,100.0,0.0,7,86.5,2,75.0,0.0,84.75,0.0,1,2026-07-19,0
89,1,14.0,38.0,0.0,0,38.0,8,0.0,0.0,28.0,0.0,1,2026-07-19,1
90,1,87.90666666666667,100.0,79.0,15,82.55,0,92.0,89.0,80.775,-3.0,1,2026-07-19,0
91,1,84.86,100.0,50.0,15,84.95,0,74.0,92.0,89.975,18.0,1,2026-07-19,0
92,1,78.85,100.0,43.5,9,72.5,1,78.33333333333333,100.0,77.5,21.66666666666667,1,2026-07-19,1
93,1,32.19230769230769,60.0,0.0,3,23.0,10,41.0,26.666666666666668,26.25,-14.333333333333332,1,2026-07-19,1
94,1,53.785714285714285,90.0,17.0,8,17.0,6,75.0,56.25,23.25,-18.75,1,2026-07-19,0
96,1,68.36,100.0,1.2,11,1.2,4,82.0,88.0,22.6,6.0,1,2026-07-19,1
97,1,76.825,100.0,55.5,12,55.7,0,88.33333333333333,72.5,77.85,-15.833333333333329,1,2026-07-19,1
98,1,51.275,100.0,0.0,5,73.1,3,40.0,0.0,69.55,0.0,1,2026-07-19,1
99,1,74.25,100.0,0.0,13,79.0,1,90.0,53.75,77.0,-36.25,1,2026-07-19,0
100,1,41.15,75.0,0.0,5,0.0,5,61.25,50.0,21.75,-11.25,1,2026-07-19,1
101,1,71.86666666666666,90.0,43.0,13,67.0,2,74.0,82.0,55.0,8.0,1,2026-07-19,1
102,1,10.375,25.0,0.0,0,0.0,8,16.666666666666668,20.0,2.0,3.333333333333332,1,2026-07-19,1
103,1,89.96666666666667,100.0,40.0,13,93.0,2,97.0,100.0,66.5,3.0,1,2026-07-19,0
104,1,91.53333333333332,100.0,75.0,15,94.0,0,96.0,86.0,93.0,-10.0,1,2026-07-19,0
105,1,65.48333333333333,90.0,25.0,10,65.65,2,76.0,57.5,60.325,-18.5,1,2026-07-19,1
106,1,48.75714285714286,100.0,0.0,8,32.8,6,46.0,60.0,41.4,14.0,1,2026-07-19,1
107,1,68.35714285714286,100.0,30.0,13,77.0,1,70.0,65.0,71.5,-5.0,1,2026-07-19,0
108,1,58.46428571428572,85.0,0.0,12,76.0,2,70.0,38.75,65.75,-31.25,1,2026-07-19,0
109,1,68.95454545454545,90.0,43.5,10,85.0,1,67.5,82.5,70.0,15.0,1,2026-07-19,0
110,1,51.2,70.0,27.0,6,58.5,4,56.66666666666666,50.0,53.75,-6.666666666666664,1,2026-07-19,1
111,1,81.69999999999999,100.0,63.3,13,63.3,0,99.0,76.66666666666667,66.15,-22.33333333333333,1,2026-07-19,1
112,1,67.51428571428572,100.0,30.0,12,52.85,2,53.75,82.0,64.425,28.25,1,2026-07-19,0
113,1,31.466666666666665,75.0,0.0,5,62.0,10,17.0,19.0,68.5,2.0,1,2026-07-19,1
114,1,80.2,100.0,60.0,15,86.0,0,83.0,81.0,75.25,-2.0,1,2026-07-19,0
115,1,73.57142857142857,100.0,50.0,14,65.0,0,84.0,70.0,65.0,-14.0,1,2026-07-19,0
116,1,50.48333333333333,78.0,0.0,4,73.45,2,0.0,0.0,75.725,0.0,1,2026-07-19,1
117,1,92.2,100.0,50.0,15,91.5,0,100.0,100.0,70.75,0.0,1,2026-07-19,0
118,1,79.42,100.0,30.0,14,94.65,1,72.0,80.0,88.825,8.0,1,2026-07-19,0
119,1,69.7,100.0,10.0,11,77.5,4,80.0,67.0,59.25,-13.0,1,2026-07-19,0
120,1,88.57857142857142,100.0,64.0,14,83.05,0,100.0,92.0,73.525,-8.0,1,2026-07-19,0
121,1,48.625,80.0,18.5,5,31.75,3,65.0,55.0,46.375,-10.0,1,2026-07-19,1
122,1,92.64,100.0,78.73,14,78.73,0,100.0,96.25,80.86500000000001,-3.75,1,2026-07-19,0
123,1,34.05,63.0,0.0,4,63.0,6,36.25,25.0,42.0,-11.25,1,2026-07-19,1
124,1,80.41333333333334,95.0,69.0,15,72.1,0,83.0,85.0,70.55,2.0,1,2026-07-19,0
125,1,85.4,100.0,70.0,15,73.5,0,88.0,92.0,72.75,4.0,1,2026-07-19,0
126,1,65.63333333333334,100.0,0.0,12,54.0,3,72.0,55.0,71.5,-17.0,1,2026-07-19,0
127,1,38.95454545454545,85.0,0.0,6,0.0,5,42.0,85.0,26.0,43.0,1,2026-07-19,1
128,1,67.86666666666666,85.0,51.0,12,68.7,0,66.25,81.66666666666667,63.35,15.416666666666671,1,2026-07-19,1
129,1,55.0,100.0,20.0,8,30.0,4,58.0,55.0,55.0,-3.0,1,2026-07-19,1
130,1,64.725,100.0,23.0,6,57.4,2,76.66666666666667,0.0,66.2,0.0,1,2026-07-19,1
131,1,87.54666666666667,100.0,76.35,15,76.35,0,91.0,84.0,87.675,-7.0,1,2026-07-19,0
132,1,79.64999999999999,100.0,50.0,14,95.55,0,78.0,72.5,91.775,-5.5,1,2026-07-19,0
133,1,24.685714285714287,50.0,0.0,1,28.9,6,50.0,0.0,29.45,-50.0,1,2026-07-19,1
134,1,54.333333333333336,95.0,20.0,7,62.0,5,36.66666666666666,72.5,53.0,35.833333333333336,1,2026-07-19,1
135,1,78.47857142857143,100.0,37.0,12,50.35,2,96.0,90.0,43.675,-6.0,1,2026-07-19,1
136,1,73.15714285714286,83.85,65.0,14,83.85,0,75.0,71.0,75.925,-4.0,1,2026-07-19,0
137,1,78.88000000000001,100.0,50.35,15,50.35,0,89.0,88.0,52.425,-1.0,1,2026-07-19,1
138,1,74.6923076923077,100.0,30.0,11,88.5,2,71.25,78.75,77.75,7.5,1,2026-07-19,1
139,1,45.61538461538461,80.0,0.0,8,65.0,5,46.0,26.666666666666668,63.0,-19.33333333333333,1,2026-07-19,1
140,1,5.5,20.0,0.0,0,0.0,4,20.0,0.0,0.0,0.0,1,2026-07-19,1
141,1,55.29,100.0,30.0,8,43.78,6,61.0,40.0,65.64,-21.0,1,2026-07-19,1
142,1,89.41428571428571,100.0,75.0,14,95.9,0,92.5,90.0,87.45,-2.5,1,2026-07-19,0
143,1,45.142857142857146,90.0,0.0,3,0.0,4,55.0,30.0,54.0,-25.0,1,2026-07-19,1
144,1,62.5,95.0,0.0,7,87.0,3,60.0,72.5,58.0,12.5,1,2026-07-19,0
145,1,58.875,100.0,0.0,5,0.0,3,77.5,0.0,43.333333333333336,0.0,1,2026-07-19,1
146,1,60.07142857142857,75.0,14.5,6,55.5,1,72.5,0.0,65.25,0.0,1,2026-07-19,1
147,1,65.25,100.0,12.75,6,12.75,4,92.5,40.0,50.375,-52.5,1,2026-07-19,1
148,1,58.28888888888889,100.0,30.0,5,55.8,4,93.33333333333331,30.0,45.9,-63.33333333333333,1,2026-07-19,1
149,1,87.92857142857143,100.0,62.75,14,62.75,0,99.0,97.5,64.375,-1.5,1,2026-07-19,0
150,1,90.15,100.0,49.0,12,95.3,2,97.0,100.0,72.15,3.0,1,2026-07-19,0
151,1,53.9,100.0,0.0,6,0.0,4,45.0,80.0,0.0,35.0,1,2026-07-19,1
152,1,19.5,38.0,0.0,0,38.0,8,5.0,10.0,33.5,5.0,1,2026-07-19,1
153,1,52.29230769230769,65.0,10.0,10,60.4,3,51.0,45.0,62.7,-6.0,1,2026-07-19,1
154,1,11.4,50.0,0.0,1,0.0,4,0.0,50.0,0.6666666666666666,0.0,1,2026-07-19,1
155,1,0.0,0.0,0.0,0,0.0,6,0.0,0.0,0.0,0.0,1,2026-07-19,1
156,1,84.06,100.0,50.0,15,82.7,0,82.0,83.0,88.35,1.0,1,2026-07-19,1
157,1,19.15,80.0,0.0,2,0.0,8,29.0,0.0,10.666666666666666,-29.0,1,2026-07-19,1
158,1,8.25,33.0,0.0,0,0.0,8,0.0,0.0,22.0,0.0,1,2026-07-19,1
159,1,34.5,90.0,0.0,2,0.0,4,75.0,0.0,14.0,0.0,1,2026-07-19,1
160,1,12.5,50.0,0.0,2,0.0,6,0.0,0.0,25.0,0.0,1,2026-07-19,1
161,1,20.166666666666668,50.0,0.0,1,0.0,5,36.66666666666666,0.0,0.0,0.0,1,2026-07-19,1
162,1,29.791666666666668,80.0,0.0,5,0.0,7,49.0,40.0,0.0,-9.0,1,2026-07-19,1
163,1,67.22222222222223,100.0,0.0,7,0.0,2,90.0,100.0,0.0,10.0,1,2026-07-19,1
164,1,0.0,0.0,0.0,0,0.0,3,0.0,0.0,0.0,0.0,1,2026-07-19,1
165,1,33.0,80.0,0.0,2,0.0,3,75.0,0.0,0.0,0.0,1,2026-07-19,1
166,1,5.5,20.0,0.0,0,0.0,4,20.0,0.0,0.0,0.0,1,2026-07-19,1
167,1,0.0,0.0,0.0,0,0.0,5,0.0,0.0,0.0,0.0,1,2026-07-19,1
168,1,23.375,85.0,0.0,1,0.0,3,85.0,0.0,0.0,0.0,1,2026-07-19,1
169,1,0.0,0.0,0.0,0,0.0,6,0.0,0.0,0.0,0.0,1,2026-07-19,1
170,1,0.0,0.0,0.0,0,0.0,4,0.0,0.0,0.0,0.0,1,2026-07-19,1
171,1,0.0,0.0,0.0,0,0.0,7,0.0,0.0,0.0,0.0,1,2026-07-19,1
2,1,70.53999999999999,100.0,0.0,10,44.8,5,95.0,72.0,34.9,-23.0,1,2026-07-20,1
4,1,83.28666666666666,100.0,60.0,15,61.9,0,79.0,98.0,68.95,19.0,1,2026-07-20,1
5,1,86.00666666666666,100.0,10.0,14,93.05,1,71.0,97.0,91.525,26.0,1,2026-07-20,0
7,1,53.53333333333333,80.0,31.0,9,68.0,6,51.0,59.0,49.5,8.0,1,2026-07-20,1
8,1,57.940000000000005,94.0,0.0,11,71.05,4,46.0,52.0,82.525,6.0,1,2026-07-20,1
9,1,67.83733333333333,100.0,0.0,12,52.28,3,94.0,40.0,70.14,-54.0,1,2026-07-20,0
10,1,60.08181818181818,95.0,10.0,6,84.7,5,56.25,70.0,64.85,13.75,1,2026-07-20,1
11,1,77.07142857142857,100.0,0.0,12,0.0,2,88.0,78.0,55.333333333333336,-10.0,1,2026-07-20,1
12,1,79.43333333333334,100.0,40.0,14,87.0,1,86.0,79.0,71.0,-7.0,1,2026-07-20,0
13,1,98.49333333333334,100.0,88.7,15,88.7,0,100.0,100.0,94.35,0.0,1,2026-07-20,0
14,1,82.82142857142857,100.0,0.0,13,0.0,1,90.0,91.0,54.66666666666666,1.0,1,2026-07-20,0
15,1,88.74666666666667,100.0,70.0,15,81.1,0,92.0,94.0,77.05,2.0,1,2026-07-20,0
16,1,68.83333333333333,100.0,0.0,12,20.25,3,86.0,66.0,49.125,-20.0,1,2026-07-20,0
17,1,35.857142857142854,100.0,0.0,3,0.0,4,73.33333333333333,0.0,3.0,0.0,1,2026-07-20,1
18,1,0.0,0.0,0.0,0,0.0,6,0.0,0.0,0.0,0.0,1,2026-07-20,1
19,1,93.65333333333334,100.0,70.0,15,93.15,0,90.0,97.0,94.075,7.0,1,2026-07-20,0
20,1,53.875,100.0,20.0,4,65.0,4,100.0,20.0,47.25,-80.0,1,2026-07-20,1
21,1,67.8875,100.0,26.5,7,62.3,1,97.5,70.0,62.9,-27.5,1,2026-07-20,0
22,1,96.584,100.0,88.13,15,88.13,0,98.0,97.0,94.065,-1.0,1,2026-07-20,0
23,1,85.1,100.0,55.5,15,74.0,0,94.0,91.0,64.75,-3.0,1,2026-07-20,0
24,1,83.38888888888889,100.0,38.5,8,75.5,1,96.25,0.0,81.75,0.0,1,2026-07-20,1
25,1,77.36,100.0,46.2,13,46.2,2,81.0,83.0,64.6,2.0,1,2026-07-20,1
26,1,38.083333333333336,70.0,0.0,4,0.0,8,56.66666666666666,36.0,24.0,-20.666666666666664,1,2026-07-20,1
27,1,51.68461538461538,80.0,30.0,6,46.45,7,60.0,50.0,44.225,-10.0,1,2026-07-20,1
28,1,26.125,95.0,0.0,1,0.0,3,0.0,95.0,0.0,0.0,1,2026-07-20,1
29,1,75.61428571428571,100.0,56.05,14,56.05,0,83.0,85.0,57.025,2.0,1,2026-07-20,0
30,1,41.66666666666666,95.0,5.5,4,5.5,5,52.5,0.0,36.0,0.0,1,2026-07-20,1
31,1,90.15333333333334,100.0,65.8,15,65.8,0,97.4,90.0,80.4,-7.400000000000006,1,2026-07-20,0
32,1,84.09285714285714,100.0,59.0,14,59.4,0,91.25,98.0,59.2,6.75,1,2026-07-20,0
33,1,88.39666666666668,100.0,60.0,15,91.3,0,78.0,100.0,86.7375,22.0,1,2026-07-20,1
34,1,76.96153846153847,100.0,20.0,11,83.0,2,81.0,73.33333333333333,78.25,-7.666666666666671,1,2026-07-20,1
35,1,84.97333333333333,100.0,70.35,15,70.35,0,87.8,90.0,74.175,2.200000000000003,1,2026-07-20,1
36,1,67.6,90.0,35.0,13,64.5,2,67.0,63.0,74.75,-4.0,1,2026-07-20,0
37,1,77.27142857142857,95.0,55.0,14,81.4,0,79.0,73.75,80.7,-5.25,1,2026-07-20,0
38,1,67.25333333333333,92.0,35.0,12,79.65,3,62.0,59.0,85.825,-3.0,1,2026-07-20,1
39,1,81.94266666666667,100.0,61.57,15,61.57,0,94.0,82.0,65.285,-12.0,1,2026-07-20,0
40,1,62.392857142857146,100.0,19.0,12,19.0,2,75.0,72.5,35.5,-2.5,1,2026-07-20,1
41,1,38.9,60.0,0.0,5,46.0,5,40.0,55.0,30.666666666666668,15.0,1,2026-07-20,1
42,1,84.34615384615384,100.0,60.0,13,60.0,0,91.0,93.33333333333331,72.0,2.3333333333333286,1,2026-07-20,0
43,1,82.27857142857144,100.0,45.0,13,85.95,1,85.0,88.0,73.475,3.0,1,2026-07-20,1
44,1,83.9076923076923,100.0,67.9,13,67.9,0,93.0,88.33333333333333,71.95,-4.666666666666671,1,2026-07-20,0
45,1,89.08666666666666,100.0,65.0,15,79.15,0,88.0,92.0,86.575,4.0,1,2026-07-20,0
46,1,72.78666666666666,90.0,40.0,14,69.65,1,69.0,82.0,65.325,13.0,1,2026-07-20,1
47,1,83.44666666666667,100.0,60.0,15,75.85,0,81.0,87.0,81.925,6.0,1,2026-07-20,1
48,1,72.25733333333332,100.0,25.0,12,51.43,3,86.0,56.0,75.715,-30.0,1,2026-07-20,1
49,1,63.333333333333336,100.0,29.0,8,64.5,1,65.0,80.0,62.75,15.0,1,2026-07-20,1
50,1,46.2,84.0,20.0,6,51.3,7,40.0,33.333333333333336,67.65,-6.666666666666664,1,2026-07-20,0
51,1,87.73571428571428,100.0,50.0,14,97.9,0,89.0,82.5,93.95,-6.5,1,2026-07-20,0
52,1,71.03333333333333,100.0,50.0,15,68.0,0,82.0,67.0,61.5,-15.0,1,2026-07-20,0
53,1,57.03333333333333,100.0,19.7,7,19.7,5,72.0,50.0,44.6,-22.0,1,2026-07-20,1
54,1,74.99230769230769,100.0,30.0,10,76.45,3,67.5,97.5,62.225,30.0,1,2026-07-20,1
55,1,45.13636363636363,75.0,0.0,4,44.0,7,48.75,20.0,59.5,-28.75,1,2026-07-20,1
56,1,78.56666666666666,100.0,0.0,14,84.0,1,92.0,59.0,87.0,-33.0,1,2026-07-20,0
57,1,57.333333333333336,100.0,10.0,5,62.0,1,100.0,0.0,58.5,0.0,1,2026-07-20,1
58,1,26.375,55.0,0.0,4,53.75,8,17.5,6.666666666666667,54.375,-10.833333333333332,1,2026-07-20,1
59,1,55.67777777777778,85.0,29.0,6,36.05,3,78.33333333333333,55.0,45.525,-23.33333333333333,1,2026-07-20,1
60,1,90.91333333333334,100.0,80.0,15,84.15,0,91.8,91.0,89.575,-0.7999999999999972,1,2026-07-20,0
61,1,91.0,100.0,60.0,15,80.0,0,98.0,88.0,85.5,-10.0,1,2026-07-20,0
62,1,74.58,95.0,50.0,15,88.35,0,79.0,69.0,76.175,-10.0,1,2026-07-20,1
63,1,79.5,100.0,40.0,13,65.5,1,88.0,75.0,74.75,-13.0,1,2026-07-20,1
64,1,48.73,80.0,10.0,7,65.65,3,40.0,50.0,61.325,10.0,1,2026-07-20,1
65,1,83.24666666666667,95.0,58.0,15,88.4,0,83.8,90.0,73.2,6.200000000000003,1,2026-07-20,0
66,1,74.21333333333334,100.0,30.0,14,72.35,1,66.0,77.0,81.675,11.0,1,2026-07-20,1
67,1,87.22666666666667,100.0,67.7,15,67.7,0,96.0,86.0,76.85,-10.0,1,2026-07-20,0
68,1,75.48666666666666,100.0,30.0,12,41.65,3,72.0,90.0,60.325,18.0,1,2026-07-20,1
69,1,71.59466666666667,100.0,47.21,13,47.21,2,74.0,75.0,63.605,1.0,1,2026-07-20,0
70,1,95.83733333333332,100.0,88.28,15,88.28,0,98.0,96.0,92.64,-2.0,1,2026-07-20,0
71,1,54.642857142857146,80.0,0.0,10,66.0,4,55.0,42.0,73.0,-13.0,1,2026-07-20,1
72,1,75.97333333333333,100.0,40.0,14,96.3,1,80.0,62.0,89.65,-18.0,1,2026-07-20,0
73,1,53.4,100.0,0.0,5,0.0,5,80.0,75.0,9.333333333333334,-5.0,1,2026-07-20,1
74,1,76.5,95.0,30.0,14,50.0,1,76.0,81.0,71.0,5.0,1,2026-07-20,0
75,1,73.39285714285714,100.0,40.0,11,41.0,3,70.0,93.75,57.5,23.75,1,2026-07-20,0
76,1,64.23333333333333,100.0,20.0,11,45.0,4,76.0,61.0,52.5,-15.0,1,2026-07-20,0
77,1,70.47,100.0,38.0,9,89.35,1,70.0,100.0,71.675,30.0,1,2026-07-20,0
78,1,76.72142857142856,100.0,50.0,14,73.3,0,71.25,78.0,82.9,6.75,1,2026-07-20,1
79,1,70.85714285714286,100.0,40.0,13,63.0,1,86.0,65.0,58.25,-21.0,1,2026-07-20,0
80,1,81.77333333333333,100.0,65.0,15,79.3,0,86.0,78.0,81.15,-8.0,1,2026-07-20,0
81,1,35.906666666666666,75.0,10.0,4,48.8,11,15.0,55.0,38.4,40.0,1,2026-07-20,1
82,1,92.12666666666668,100.0,70.0,15,88.7,0,90.0,93.0,93.85,3.0,1,2026-07-20,0
83,1,68.04,100.0,40.0,12,45.3,3,69.0,79.0,51.65,10.0,1,2026-07-20,1
84,1,83.09333333333333,100.0,69.0,15,70.2,0,84.0,92.0,69.6,8.0,1,2026-07-20,0
85,1,69.76666666666667,100.0,0.0,10,0.0,5,79.0,100.0,15.5,21.0,1,2026-07-20,1
86,1,57.76666666666667,100.0,20.0,8,68.1,4,65.0,43.333333333333336,66.05,-21.666666666666664,1,2026-07-20,1
87,1,59.17857142857143,100.0,0.0,9,56.0,5,55.0,75.0,49.0,20.0,1,2026-07-20,1
88,1,74.33333333333333,100.0,0.0,7,86.5,2,75.0,0.0,84.75,0.0,1,2026-07-20,0
89,1,14.0,38.0,0.0,0,38.0,8,0.0,0.0,28.0,0.0,1,2026-07-20,1
90,1,87.90666666666667,100.0,79.0,15,82.55,0,92.0,89.0,80.775,-3.0,1,2026-07-20,0
91,1,84.86,100.0,50.0,15,84.95,0,74.0,92.0,89.975,18.0,1,2026-07-20,0
92,1,78.85,100.0,43.5,9,72.5,1,78.33333333333333,100.0,77.5,21.66666666666667,1,2026-07-20,1
93,1,32.19230769230769,60.0,0.0,3,23.0,10,41.0,26.666666666666668,26.25,-14.333333333333332,1,2026-07-20,1
94,1,53.785714285714285,90.0,17.0,8,17.0,6,75.0,56.25,23.25,-18.75,1,2026-07-20,0
96,1,68.36,100.0,1.2,11,1.2,4,82.0,88.0,22.6,6.0,1,2026-07-20,1
97,1,76.825,100.0,55.5,12,55.7,0,88.33333333333333,72.5,77.85,-15.833333333333329,1,2026-07-20,1
98,1,51.275,100.0,0.0,5,73.1,3,40.0,0.0,69.55,0.0,1,2026-07-20,1
99,1,74.25,100.0,0.0,13,79.0,1,90.0,53.75,77.0,-36.25,1,2026-07-20,0
100,1,41.15,75.0,0.0,5,0.0,5,61.25,50.0,21.75,-11.25,1,2026-07-20,1
101,1,71.86666666666666,90.0,43.0,13,67.0,2,74.0,82.0,55.0,8.0,1,2026-07-20,1
102,1,10.375,25.0,0.0,0,0.0,8,16.666666666666668,20.0,2.0,3.333333333333332,1,2026-07-20,1
103,1,89.96666666666667,100.0,40.0,13,93.0,2,97.0,100.0,66.5,3.0,1,2026-07-20,0
104,1,91.53333333333332,100.0,75.0,15,94.0,0,96.0,86.0,93.0,-10.0,1,2026-07-20,0
105,1,65.48333333333333,90.0,25.0,10,65.65,2,76.0,57.5,60.325,-18.5,1,2026-07-20,1
106,1,48.75714285714286,100.0,0.0,8,32.8,6,46.0,60.0,41.4,14.0,1,2026-07-20,1
107,1,68.35714285714286,100.0,30.0,13,77.0,1,70.0,65.0,71.5,-5.0,1,2026-07-20,0
108,1,58.46428571428572,85.0,0.0,12,76.0,2,70.0,38.75,65.75,-31.25,1,2026-07-20,0
109,1,68.95454545454545,90.0,43.5,10,85.0,1,67.5,82.5,70.0,15.0,1,2026-07-20,0
110,1,51.2,70.0,27.0,6,58.5,4,56.66666666666666,50.0,53.75,-6.666666666666664,1,2026-07-20,1
111,1,81.69999999999999,100.0,63.3,13,63.3,0,99.0,76.66666666666667,66.15,-22.33333333333333,1,2026-07-20,1
112,1,67.51428571428572,100.0,30.0,12,52.85,2,53.75,82.0,64.425,28.25,1,2026-07-20,0
113,1,31.466666666666665,75.0,0.0,5,62.0,10,17.0,19.0,68.5,2.0,1,2026-07-20,1
114,1,80.2,100.0,60.0,15,86.0,0,83.0,81.0,75.25,-2.0,1,2026-07-20,0
115,1,73.57142857142857,100.0,50.0,14,65.0,0,84.0,70.0,65.0,-14.0,1,2026-07-20,0
116,1,50.48333333333333,78.0,0.0,4,73.45,2,0.0,0.0,75.725,0.0,1,2026-07-20,1
117,1,92.2,100.0,50.0,15,91.5,0,100.0,100.0,70.75,0.0,1,2026-07-20,0
118,1,79.42,100.0,30.0,14,94.65,1,72.0,80.0,88.825,8.0,1,2026-07-20,0
119,1,69.7,100.0,10.0,11,77.5,4,80.0,67.0,59.25,-13.0,1,2026-07-20,0
120,1,88.57857142857142,100.0,64.0,14,83.05,0,100.0,92.0,73.525,-8.0,1,2026-07-20,0
121,1,48.625,80.0,18.5,5,31.75,3,65.0,55.0,46.375,-10.0,1,2026-07-20,1
122,1,92.64,100.0,78.73,14,78.73,0,100.0,96.25,80.86500000000001,-3.75,1,2026-07-20,0
123,1,34.05,63.0,0.0,4,63.0,6,36.25,25.0,42.0,-11.25,1,2026-07-20,1
124,1,80.41333333333334,95.0,69.0,15,72.1,0,83.0,85.0,70.55,2.0,1,2026-07-20,0
125,1,85.4,100.0,70.0,15,73.5,0,88.0,92.0,72.75,4.0,1,2026-07-20,0
126,1,65.63333333333334,100.0,0.0,12,54.0,3,72.0,55.0,71.5,-17.0,1,2026-07-20,0
127,1,38.95454545454545,85.0,0.0,6,0.0,5,42.0,85.0,26.0,43.0,1,2026-07-20,1
128,1,67.86666666666666,85.0,51.0,12,68.7,0,66.25,81.66666666666667,63.35,15.416666666666671,1,2026-07-20,1
129,1,55.0,100.0,20.0,8,30.0,4,58.0,55.0,55.0,-3.0,1,2026-07-20,1
130,1,64.725,100.0,23.0,6,57.4,2,76.66666666666667,0.0,66.2,0.0,1,2026-07-20,1
131,1,87.54666666666667,100.0,76.35,15,76.35,0,91.0,84.0,87.675,-7.0,1,2026-07-20,0
132,1,79.64999999999999,100.0,50.0,14,95.55,0,78.0,72.5,91.775,-5.5,1,2026-07-20,0
133,1,24.685714285714287,50.0,0.0,1,28.9,6,50.0,0.0,29.45,-50.0,1,2026-07-20,1
134,1,54.333333333333336,95.0,20.0,7,62.0,5,36.66666666666666,72.5,53.0,35.833333333333336,1,2026-07-20,1
135,1,78.47857142857143,100.0,37.0,12,50.35,2,96.0,90.0,43.675,-6.0,1,2026-07-20,1
136,1,73.15714285714286,83.85,65.0,14,83.85,0,75.0,71.0,75.925,-4.0,1,2026-07-20,0
137,1,78.88000000000001,100.0,50.35,15,50.35,0,89.0,88.0,52.425,-1.0,1,2026-07-20,1
138,1,74.6923076923077,100.0,30.0,11,88.5,2,71.25,78.75,77.75,7.5,1,2026-07-20,1
139,1,45.61538461538461,80.0,0.0,8,65.0,5,46.0,26.666666666666668,63.0,-19.33333333333333,1,2026-07-20,1
140,1,5.5,20.0,0.0,0,0.0,4,20.0,0.0,0.0,0.0,1,2026-07-20,1
141,1,55.29,100.0,30.0,8,43.78,6,61.0,40.0,65.64,-21.0,1,2026-07-20,1
142,1,89.41428571428571,100.0,75.0,14,95.9,0,92.5,90.0,87.45,-2.5,1,2026-07-20,0
143,1,45.142857142857146,90.0,0.0,3,0.0,4,55.0,30.0,54.0,-25.0,1,2026-07-20,1
144,1,62.5,95.0,0.0,7,87.0,3,60.0,72.5,58.0,12.5,1,2026-07-20,0
145,1,58.875,100.0,0.0,5,0.0,3,77.5,0.0,43.333333333333336,0.0,1,2026-07-20,1
146,1,60.07142857142857,75.0,14.5,6,55.5,1,72.5,0.0,65.25,0.0,1,2026-07-20,1
147,1,65.25,100.0,12.75,6,12.75,4,92.5,40.0,50.375,-52.5,1,2026-07-20,1
148,1,58.28888888888889,100.0,30.0,5,55.8,4,93.33333333333331,30.0,45.9,-63.33333333333333,1,2026-07-20,1
149,1,87.92857142857143,100.0,62.75,14,62.75,0,99.0,97.5,64.375,-1.5,1,2026-07-20,0
150,1,90.15,100.0,49.0,12,95.3,2,97.0,100.0,72.15,3.0,1,2026-07-20,0
151,1,53.9,100.0,0.0,6,0.0,4,45.0,80.0,0.0,35.0,1,2026-07-20,1
152,1,19.5,38.0,0.0,0,38.0,8,5.0,10.0,33.5,5.0,1,2026-07-20,1
153,1,52.29230769230769,65.0,10.0,10,60.4,3,51.0,45.0,62.7,-6.0,1,2026-07-20,1
154,1,11.4,50.0,0.0,1,0.0,4,0.0,50.0,0.6666666666666666,0.0,1,2026-07-20,1
155,1,0.0,0.0,0.0,0,0.0,6,0.0,0.0,0.0,0.0,1,2026-07-20,1
156,1,84.06,100.0,50.0,15,82.7,0,82.0,83.0,88.35,1.0,1,2026-07-20,1
157,1,19.15,80.0,0.0,2,0.0,8,29.0,0.0,10.666666666666666,-29.0,1,2026-07-20,1
158,1,8.25,33.0,0.0,0,0.0,8,0.0,0.0,22.0,0.0,1,2026-07-20,1
159,1,34.5,90.0,0.0,2,0.0,4,75.0,0.0,14.0,0.0,1,2026-07-20,1
160,1,12.5,50.0,0.0,2,0.0,6,0.0,0.0,25.0,0.0,1,2026-07-20,1
161,1,20.166666666666668,50.0,0.0,1,0.0,5,36.66666666666666,0.0,0.0,0.0,1,2026-07-20,1
162,1,29.791666666666668,80.0,0.0,5,0.0,7,49.0,40.0,0.0,-9.0,1,2026-07-20,1
163,1,67.22222222222223,100.0,0.0,7,0.0,2,90.0,100.0,0.0,10.0,1,2026-07-20,1
164,1,0.0,0.0,0.0,0,0.0,3,0.0,0.0,0.0,0.0,1,2026-07-20,1
165,1,33.0,80.0,0.0,2,0.0,3,75.0,0.0,0.0,0.0,1,2026-07-20,1
166,1,5.5,20.0,0.0,0,0.0,4,20.0,0.0,0.0,0.0,1,2026-07-20,1
167,1,0.0,0.0,0.0,0,0.0,5,0.0,0.0,0.0,0.0,1,2026-07-20,1
168,1,23.375,85.0,0.0,1,0.0,3,85.0,0.0,0.0,0.0,1,2026-07-20,1
169,1,0.0,0.0,0.0,0,0.0,6,0.0,0.0,0.0,0.0,1,2026-07-20,1
170,1,0.0,0.0,0.0,0,0.0,4,0.0,0.0,0.0,0.0,1,2026-07-20,1
171,1,0.0,0.0,0.0,0,0.0,7,0.0,0.0,0.0,0.0,1,2026-07-20,1
2,1,70.53999999999999,100.0,0.0,10,44.8,5,95.0,72.0,34.9,-23.0,1,2026-07-21,1
4,1,83.28666666666666,100.0,60.0,15,61.9,0,79.0,98.0,68.95,19.0,1,2026-07-21,1
5,1,86.00666666666666,100.0,10.0,14,93.05,1,71.0,97.0,91.525,26.0,1,2026-07-21,0
7,1,53.53333333333333,80.0,31.0,9,68.0,6,51.0,59.0,49.5,8.0,1,2026-07-21,1
8,1,57.940000000000005,94.0,0.0,11,71.05,4,46.0,52.0,82.525,6.0,1,2026-07-21,1
9,1,67.83733333333333,100.0,0.0,12,52.28,3,94.0,40.0,70.14,-54.0,1,2026-07-21,0
10,1,60.08181818181818,95.0,10.0,6,84.7,5,56.25,70.0,64.85,13.75,1,2026-07-21,1
11,1,77.07142857142857,100.0,0.0,12,0.0,2,88.0,78.0,55.333333333333336,-10.0,1,2026-07-21,1
12,1,79.43333333333334,100.0,40.0,14,87.0,1,86.0,79.0,71.0,-7.0,1,2026-07-21,0
13,1,98.49333333333334,100.0,88.7,15,88.7,0,100.0,100.0,94.35,0.0,1,2026-07-21,0
14,1,82.82142857142857,100.0,0.0,13,0.0,1,90.0,91.0,54.66666666666666,1.0,1,2026-07-21,0
15,1,88.74666666666667,100.0,70.0,15,81.1,0,92.0,94.0,77.05,2.0,1,2026-07-21,0
16,1,68.83333333333333,100.0,0.0,12,20.25,3,86.0,66.0,49.125,-20.0,1,2026-07-21,0
17,1,35.857142857142854,100.0,0.0,3,0.0,4,73.33333333333333,0.0,3.0,0.0,1,2026-07-21,1
18,1,0.0,0.0,0.0,0,0.0,6,0.0,0.0,0.0,0.0,1,2026-07-21,1
19,1,93.65333333333334,100.0,70.0,15,93.15,0,90.0,97.0,94.075,7.0,1,2026-07-21,0
20,1,53.875,100.0,20.0,4,65.0,4,100.0,20.0,47.25,-80.0,1,2026-07-21,1
21,1,67.8875,100.0,26.5,7,62.3,1,97.5,70.0,62.9,-27.5,1,2026-07-21,0
22,1,96.584,100.0,88.13,15,88.13,0,98.0,97.0,94.065,-1.0,1,2026-07-21,0
23,1,85.1,100.0,55.5,15,74.0,0,94.0,91.0,64.75,-3.0,1,2026-07-21,0
24,1,83.38888888888889,100.0,38.5,8,75.5,1,96.25,0.0,81.75,0.0,1,2026-07-21,1
25,1,77.36,100.0,46.2,13,46.2,2,81.0,83.0,64.6,2.0,1,2026-07-21,1
26,1,38.083333333333336,70.0,0.0,4,0.0,8,56.66666666666666,36.0,24.0,-20.666666666666664,1,2026-07-21,1
27,1,51.68461538461538,80.0,30.0,6,46.45,7,60.0,50.0,44.225,-10.0,1,2026-07-21,1
28,1,26.125,95.0,0.0,1,0.0,3,0.0,95.0,0.0,0.0,1,2026-07-21,1
29,1,75.61428571428571,100.0,56.05,14,56.05,0,83.0,85.0,57.025,2.0,1,2026-07-21,0
30,1,41.66666666666666,95.0,5.5,4,5.5,5,52.5,0.0,36.0,0.0,1,2026-07-21,1
31,1,90.15333333333334,100.0,65.8,15,65.8,0,97.4,90.0,80.4,-7.400000000000006,1,2026-07-21,0
32,1,84.09285714285714,100.0,59.0,14,59.4,0,91.25,98.0,59.2,6.75,1,2026-07-21,0
33,1,88.39666666666668,100.0,60.0,15,91.3,0,78.0,100.0,86.7375,22.0,1,2026-07-21,1
34,1,76.96153846153847,100.0,20.0,11,83.0,2,81.0,73.33333333333333,78.25,-7.666666666666671,1,2026-07-21,1
35,1,84.97333333333333,100.0,70.35,15,70.35,0,87.8,90.0,74.175,2.200000000000003,1,2026-07-21,1
36,1,67.6,90.0,35.0,13,64.5,2,67.0,63.0,74.75,-4.0,1,2026-07-21,0
37,1,77.27142857142857,95.0,55.0,14,81.4,0,79.0,73.75,80.7,-5.25,1,2026-07-21,0
38,1,67.25333333333333,92.0,35.0,12,79.65,3,62.0,59.0,85.825,-3.0,1,2026-07-21,1
39,1,81.94266666666667,100.0,61.57,15,61.57,0,94.0,82.0,65.285,-12.0,1,2026-07-21,0
40,1,62.392857142857146,100.0,19.0,12,19.0,2,75.0,72.5,35.5,-2.5,1,2026-07-21,1
41,1,38.9,60.0,0.0,5,46.0,5,40.0,55.0,30.666666666666668,15.0,1,2026-07-21,1
42,1,84.34615384615384,100.0,60.0,13,60.0,0,91.0,93.33333333333331,72.0,2.3333333333333286,1,2026-07-21,0
43,1,82.27857142857144,100.0,45.0,13,85.95,1,85.0,88.0,73.475,3.0,1,2026-07-21,1
44,1,83.9076923076923,100.0,67.9,13,67.9,0,93.0,88.33333333333333,71.95,-4.666666666666671,1,2026-07-21,0
45,1,89.08666666666666,100.0,65.0,15,79.15,0,88.0,92.0,86.575,4.0,1,2026-07-21,0
46,1,72.78666666666666,90.0,40.0,14,69.65,1,69.0,82.0,65.325,13.0,1,2026-07-21,1
47,1,83.44666666666667,100.0,60.0,15,75.85,0,81.0,87.0,81.925,6.0,1,2026-07-21,1
48,1,72.25733333333332,100.0,25.0,12,51.43,3,86.0,56.0,75.715,-30.0,1,2026-07-21,1
49,1,63.333333333333336,100.0,29.0,8,64.5,1,65.0,80.0,62.75,15.0,1,2026-07-21,1
50,1,46.2,84.0,20.0,6,51.3,7,40.0,33.333333333333336,67.65,-6.666666666666664,1,2026-07-21,0
51,1,87.73571428571428,100.0,50.0,14,97.9,0,89.0,82.5,93.95,-6.5,1,2026-07-21,0
52,1,71.03333333333333,100.0,50.0,15,68.0,0,82.0,67.0,61.5,-15.0,1,2026-07-21,0
53,1,57.03333333333333,100.0,19.7,7,19.7,5,72.0,50.0,44.6,-22.0,1,2026-07-21,1
54,1,74.99230769230769,100.0,30.0,10,76.45,3,67.5,97.5,62.225,30.0,1,2026-07-21,1
55,1,45.13636363636363,75.0,0.0,4,44.0,7,48.75,20.0,59.5,-28.75,1,2026-07-21,1
56,1,78.56666666666666,100.0,0.0,14,84.0,1,92.0,59.0,87.0,-33.0,1,2026-07-21,0
57,1,57.333333333333336,100.0,10.0,5,62.0,1,100.0,0.0,58.5,0.0,1,2026-07-21,1
58,1,26.375,55.0,0.0,4,53.75,8,17.5,6.666666666666667,54.375,-10.833333333333332,1,2026-07-21,1
59,1,55.67777777777778,85.0,29.0,6,36.05,3,78.33333333333333,55.0,45.525,-23.33333333333333,1,2026-07-21,1
60,1,90.91333333333334,100.0,80.0,15,84.15,0,91.8,91.0,89.575,-0.7999999999999972,1,2026-07-21,0
61,1,91.0,100.0,60.0,15,80.0,0,98.0,88.0,85.5,-10.0,1,2026-07-21,0
62,1,74.58,95.0,50.0,15,88.35,0,79.0,69.0,76.175,-10.0,1,2026-07-21,1
63,1,79.5,100.0,40.0,13,65.5,1,88.0,75.0,74.75,-13.0,1,2026-07-21,1
64,1,48.73,80.0,10.0,7,65.65,3,40.0,50.0,61.325,10.0,1,2026-07-21,1
65,1,83.24666666666667,95.0,58.0,15,88.4,0,83.8,90.0,73.2,6.200000000000003,1,2026-07-21,0
66,1,74.21333333333334,100.0,30.0,14,72.35,1,66.0,77.0,81.675,11.0,1,2026-07-21,1
67,1,87.22666666666667,100.0,67.7,15,67.7,0,96.0,86.0,76.85,-10.0,1,2026-07-21,0
68,1,75.48666666666666,100.0,30.0,12,41.65,3,72.0,90.0,60.325,18.0,1,2026-07-21,1
69,1,71.59466666666667,100.0,47.21,13,47.21,2,74.0,75.0,63.605,1.0,1,2026-07-21,0
70,1,95.83733333333332,100.0,88.28,15,88.28,0,98.0,96.0,92.64,-2.0,1,2026-07-21,0
71,1,54.642857142857146,80.0,0.0,10,66.0,4,55.0,42.0,73.0,-13.0,1,2026-07-21,1
72,1,75.97333333333333,100.0,40.0,14,96.3,1,80.0,62.0,89.65,-18.0,1,2026-07-21,0
73,1,53.4,100.0,0.0,5,0.0,5,80.0,75.0,9.333333333333334,-5.0,1,2026-07-21,1
74,1,76.5,95.0,30.0,14,50.0,1,76.0,81.0,71.0,5.0,1,2026-07-21,0
75,1,73.39285714285714,100.0,40.0,11,41.0,3,70.0,93.75,57.5,23.75,1,2026-07-21,0
76,1,64.23333333333333,100.0,20.0,11,45.0,4,76.0,61.0,52.5,-15.0,1,2026-07-21,0
77,1,70.47,100.0,38.0,9,89.35,1,70.0,100.0,71.675,30.0,1,2026-07-21,0
78,1,76.72142857142856,100.0,50.0,14,73.3,0,71.25,78.0,82.9,6.75,1,2026-07-21,1
79,1,70.85714285714286,100.0,40.0,13,63.0,1,86.0,65.0,58.25,-21.0,1,2026-07-21,0
80,1,81.77333333333333,100.0,65.0,15,79.3,0,86.0,78.0,81.15,-8.0,1,2026-07-21,0
81,1,35.906666666666666,75.0,10.0,4,48.8,11,15.0,55.0,38.4,40.0,1,2026-07-21,1
82,1,92.12666666666668,100.0,70.0,15,88.7,0,90.0,93.0,93.85,3.0,1,2026-07-21,0
83,1,68.04,100.0,40.0,12,45.3,3,69.0,79.0,51.65,10.0,1,2026-07-21,1
84,1,83.09333333333333,100.0,69.0,15,70.2,0,84.0,92.0,69.6,8.0,1,2026-07-21,0
85,1,69.76666666666667,100.0,0.0,10,0.0,5,79.0,100.0,15.5,21.0,1,2026-07-21,1
86,1,57.76666666666667,100.0,20.0,8,68.1,4,65.0,43.333333333333336,66.05,-21.666666666666664,1,2026-07-21,1
87,1,59.17857142857143,100.0,0.0,9,56.0,5,55.0,75.0,49.0,20.0,1,2026-07-21,1
88,1,74.33333333333333,100.0,0.0,7,86.5,2,75.0,0.0,84.75,0.0,1,2026-07-21,0
89,1,14.0,38.0,0.0,0,38.0,8,0.0,0.0,28.0,0.0,1,2026-07-21,1
90,1,87.90666666666667,100.0,79.0,15,82.55,0,92.0,89.0,80.775,-3.0,1,2026-07-21,0
91,1,84.86,100.0,50.0,15,84.95,0,74.0,92.0,89.975,18.0,1,2026-07-21,0
92,1,78.85,100.0,43.5,9,72.5,1,78.33333333333333,100.0,77.5,21.66666666666667,1,2026-07-21,1
93,1,32.19230769230769,60.0,0.0,3,23.0,10,41.0,26.666666666666668,26.25,-14.333333333333332,1,2026-07-21,1
94,1,53.785714285714285,90.0,17.0,8,17.0,6,75.0,56.25,23.25,-18.75,1,2026-07-21,0
96,1,68.36,100.0,1.2,11,1.2,4,82.0,88.0,22.6,6.0,1,2026-07-21,1
97,1,76.825,100.0,55.5,12,55.7,0,88.33333333333333,72.5,77.85,-15.833333333333329,1,2026-07-21,1
98,1,51.275,100.0,0.0,5,73.1,3,40.0,0.0,69.55,0.0,1,2026-07-21,1
99,1,74.25,100.0,0.0,13,79.0,1,90.0,53.75,77.0,-36.25,1,2026-07-21,0
100,1,41.15,75.0,0.0,5,0.0,5,61.25,50.0,21.75,-11.25,1,2026-07-21,1
101,1,71.86666666666666,90.0,43.0,13,67.0,2,74.0,82.0,55.0,8.0,1,2026-07-21,1
102,1,10.375,25.0,0.0,0,0.0,8,16.666666666666668,20.0,2.0,3.333333333333332,1,2026-07-21,1
103,1,89.96666666666667,100.0,40.0,13,93.0,2,97.0,100.0,66.5,3.0,1,2026-07-21,0
104,1,91.53333333333332,100.0,75.0,15,94.0,0,96.0,86.0,93.0,-10.0,1,2026-07-21,0
105,1,65.48333333333333,90.0,25.0,10,65.65,2,76.0,57.5,60.325,-18.5,1,2026-07-21,1
106,1,48.75714285714286,100.0,0.0,8,32.8,6,46.0,60.0,41.4,14.0,1,2026-07-21,1
107,1,68.35714285714286,100.0,30.0,13,77.0,1,70.0,65.0,71.5,-5.0,1,2026-07-21,0
108,1,58.46428571428572,85.0,0.0,12,76.0,2,70.0,38.75,65.75,-31.25,1,2026-07-21,0
109,1,68.95454545454545,90.0,43.5,10,85.0,1,67.5,82.5,70.0,15.0,1,2026-07-21,0
110,1,51.2,70.0,27.0,6,58.5,4,56.66666666666666,50.0,53.75,-6.666666666666664,1,2026-07-21,1
111,1,81.69999999999999,100.0,63.3,13,63.3,0,99.0,76.66666666666667,66.15,-22.33333333333333,1,2026-07-21,1
112,1,67.51428571428572,100.0,30.0,12,52.85,2,53.75,82.0,64.425,28.25,1,2026-07-21,0
113,1,31.466666666666665,75.0,0.0,5,62.0,10,17.0,19.0,68.5,2.0,1,2026-07-21,1
114,1,80.2,100.0,60.0,15,86.0,0,83.0,81.0,75.25,-2.0,1,2026-07-21,0
115,1,73.57142857142857,100.0,50.0,14,65.0,0,84.0,70.0,65.0,-14.0,1,2026-07-21,0
116,1,50.48333333333333,78.0,0.0,4,73.45,2,0.0,0.0,75.725,0.0,1,2026-07-21,1
117,1,92.2,100.0,50.0,15,91.5,0,100.0,100.0,70.75,0.0,1,2026-07-21,0
118,1,79.42,100.0,30.0,14,94.65,1,72.0,80.0,88.825,8.0,1,2026-07-21,0
119,1,69.7,100.0,10.0,11,77.5,4,80.0,67.0,59.25,-13.0,1,2026-07-21,0
120,1,88.57857142857142,100.0,64.0,14,83.05,0,100.0,92.0,73.525,-8.0,1,2026-07-21,0
121,1,48.625,80.0,18.5,5,31.75,3,65.0,55.0,46.375,-10.0,1,2026-07-21,1
122,1,92.64,100.0,78.73,14,78.73,0,100.0,96.25,80.86500000000001,-3.75,1,2026-07-21,0
123,1,34.05,63.0,0.0,4,63.0,6,36.25,25.0,42.0,-11.25,1,2026-07-21,1
124,1,80.41333333333334,95.0,69.0,15,72.1,0,83.0,85.0,70.55,2.0,1,2026-07-21,0
125,1,85.4,100.0,70.0,15,73.5,0,88.0,92.0,72.75,4.0,1,2026-07-21,0
126,1,65.63333333333334,100.0,0.0,12,54.0,3,72.0,55.0,71.5,-17.0,1,2026-07-21,0
127,1,38.95454545454545,85.0,0.0,6,0.0,5,42.0,85.0,26.0,43.0,1,2026-07-21,1
128,1,67.86666666666666,85.0,51.0,12,68.7,0,66.25,81.66666666666667,63.35,15.416666666666671,1,2026-07-21,1
129,1,55.0,100.0,20.0,8,30.0,4,58.0,55.0,55.0,-3.0,1,2026-07-21,1
130,1,64.725,100.0,23.0,6,57.4,2,76.66666666666667,0.0,66.2,0.0,1,2026-07-21,1
131,1,87.54666666666667,100.0,76.35,15,76.35,0,91.0,84.0,87.675,-7.0,1,2026-07-21,0
132,1,79.64999999999999,100.0,50.0,14,95.55,0,78.0,72.5,91.775,-5.5,1,2026-07-21,0
133,1,24.685714285714287,50.0,0.0,1,28.9,6,50.0,0.0,29.45,-50.0,1,2026-07-21,1
134,1,54.333333333333336,95.0,20.0,7,62.0,5,36.66666666666666,72.5,53.0,35.833333333333336,1,2026-07-21,1
135,1,78.47857142857143,100.0,37.0,12,50.35,2,96.0,90.0,43.675,-6.0,1,2026-07-21,1
136,1,73.15714285714286,83.85,65.0,14,83.85,0,75.0,71.0,75.925,-4.0,1,2026-07-21,0
137,1,78.88000000000001,100.0,50.35,15,50.35,0,89.0,88.0,52.425,-1.0,1,2026-07-21,1
138,1,74.6923076923077,100.0,30.0,11,88.5,2,71.25,78.75,77.75,7.5,1,2026-07-21,1
139,1,45.61538461538461,80.0,0.0,8,65.0,5,46.0,26.666666666666668,63.0,-19.33333333333333,1,2026-07-21,1
140,1,5.5,20.0,0.0,0,0.0,4,20.0,0.0,0.0,0.0,1,2026-07-21,1
141,1,55.29,100.0,30.0,8,43.78,6,61.0,40.0,65.64,-21.0,1,2026-07-21,1
142,1,89.41428571428571,100.0,75.0,14,95.9,0,92.5,90.0,87.45,-2.5,1,2026-07-21,0
143,1,45.142857142857146,90.0,0.0,3,0.0,4,55.0,30.0,54.0,-25.0,1,2026-07-21,1
144,1,62.5,95.0,0.0,7,87.0,3,60.0,72.5,58.0,12.5,1,2026-07-21,0
145,1,58.875,100.0,0.0,5,0.0,3,77.5,0.0,43.333333333333336,0.0,1,2026-07-21,1
146,1,60.07142857142857,75.0,14.5,6,55.5,1,72.5,0.0,65.25,0.0,1,2026-07-21,1
147,1,65.25,100.0,12.75,6,12.75,4,92.5,40.0,50.375,-52.5,1,2026-07-21,1
148,1,58.28888888888889,100.0,30.0,5,55.8,4,93.33333333333331,30.0,45.9,-63.33333333333333,1,2026-07-21,1
149,1,87.92857142857143,100.0,62.75,14,62.75,0,99.0,97.5,64.375,-1.5,1,2026-07-21,0
150,1,90.15,100.0,49.0,12,95.3,2,97.0,100.0,72.15,3.0,1,2026-07-21,0
151,1,53.9,100.0,0.0,6,0.0,4,45.0,80.0,0.0,35.0,1,2026-07-21,1
152,1,19.5,38.0,0.0,0,38.0,8,5.0,10.0,33.5,5.0,1,2026-07-21,1
153,1,52.29230769230769,65.0,10.0,10,60.4,3,51.0,45.0,62.7,-6.0,1,2026-07-21,1
154,1,11.4,50.0,0.0,1,0.0,4,0.0,50.0,0.6666666666666666,0.0,1,2026-07-21,1
155,1,0.0,0.0,0.0,0,0.0,6,0.0,0.0,0.0,0.0,1,2026-07-21,1
156,1,84.06,100.0,50.0,15,82.7,0,82.0,83.0,88.35,1.0,1,2026-07-21,1
157,1,19.15,80.0,0.0,2,0.0,8,29.0,0.0,10.666666666666666,-29.0,1,2026-07-21,1
158,1,8.25,33.0,0.0,0,0.0,8,0.0,0.0,22.0,0.0,1,2026-07-21,1
159,1,34.5,90.0,0.0,2,0.0,4,75.0,0.0,14.0,0.0,1,2026-07-21,1
160,1,12.5,50.0,0.0,2,0.0,6,0.0,0.0,25.0,0.0,1,2026-07-21,1
161,1,20.166666666666668,50.0,0.0,1,0.0,5,36.66666666666666,0.0,0.0,0.0,1,2026-07-21,1
162,1,29.791666666666668,80.0,0.0,5,0.0,7,49.0,40.0,0.0,-9.0,1,2026-07-21,1
163,1,67.22222222222223,100.0,0.0,7,0.0,2,90.0,100.0,0.0,10.0,1,2026-07-21,1
164,1,0.0,0.0,0.0,0,0.0,3,0.0,0.0,0.0,0.0,1,2026-07-21,1
165,1,33.0,80.0,0.0,2,0.0,3,75.0,0.0,0.0,0.0,1,2026-07-21,1
166,1,5.5,20.0,0.0,0,0.0,4,20.0,0.0,0.0,0.0,1,2026-07-21,1
167,1,0.0,0.0,0.0,0,0.0,5,0.0,0.0,0.0,0.0,1,2026-07-21,1
168,1,23.375,85.0,0.0,1,0.0,3,85.0,0.0,0.0,0.0,1,2026-07-21,1
169,1,0.0,0.0,0.0,0,0.0,6,0.0,0.0,0.0,0.0,1,2026-07-21,1
170,1,0.0,0.0,0.0,0,0.0,4,0.0,0.0,0.0,0.0,1,2026-07-21,1
171,1,0.0,0.0,0.0,0,0.0,7,0.0,0.0,0.0,0.0,1,2026-07-21,1
2,1,70.53999999999999,100.0,0.0,10,44.8,5,95.0,72.0,34.9,-23.0,1,2026-07-22,1
4,1,83.28666666666666,100.0,60.0,15,61.9,0,79.0,98.0,68.95,19.0,1,2026-07-22,1
5,1,86.00666666666666,100.0,10.0,14,93.05,1,71.0,97.0,91.525,26.0,1,2026-07-22,0
7,1,53.53333333333333,80.0,31.0,9,68.0,6,51.0,59.0,49.5,8.0,1,2026-07-22,1
8,1,57.940000000000005,94.0,0.0,11,71.05,4,46.0,52.0,82.525,6.0,1,2026-07-22,1
9,1,67.83733333333333,100.0,0.0,12,52.28,3,94.0,40.0,70.14,-54.0,1,2026-07-22,0
10,1,60.08181818181818,95.0,10.0,6,84.7,5,56.25,70.0,64.85,13.75,1,2026-07-22,1
11,1,77.07142857142857,100.0,0.0,12,0.0,2,88.0,78.0,55.333333333333336,-10.0,1,2026-07-22,1
12,1,79.43333333333334,100.0,40.0,14,87.0,1,86.0,79.0,71.0,-7.0,1,2026-07-22,0
13,1,98.49333333333334,100.0,88.7,15,88.7,0,100.0,100.0,94.35,0.0,1,2026-07-22,0
14,1,82.82142857142857,100.0,0.0,13,0.0,1,90.0,91.0,54.66666666666666,1.0,1,2026-07-22,0
15,1,88.74666666666667,100.0,70.0,15,81.1,0,92.0,94.0,77.05,2.0,1,2026-07-22,0
16,1,68.83333333333333,100.0,0.0,12,20.25,3,86.0,66.0,49.125,-20.0,1,2026-07-22,0
17,1,35.857142857142854,100.0,0.0,3,0.0,4,73.33333333333333,0.0,3.0,0.0,1,2026-07-22,1
18,1,0.0,0.0,0.0,0,0.0,6,0.0,0.0,0.0,0.0,1,2026-07-22,1
19,1,93.65333333333334,100.0,70.0,15,93.15,0,90.0,97.0,94.075,7.0,1,2026-07-22,0
20,1,53.875,100.0,20.0,4,65.0,4,100.0,20.0,47.25,-80.0,1,2026-07-22,1
21,1,67.8875,100.0,26.5,7,62.3,1,97.5,70.0,62.9,-27.5,1,2026-07-22,0
22,1,96.584,100.0,88.13,15,88.13,0,98.0,97.0,94.065,-1.0,1,2026-07-22,0
23,1,85.1,100.0,55.5,15,74.0,0,94.0,91.0,64.75,-3.0,1,2026-07-22,0
24,1,83.38888888888889,100.0,38.5,8,75.5,1,96.25,0.0,81.75,0.0,1,2026-07-22,1
25,1,77.36,100.0,46.2,13,46.2,2,81.0,83.0,64.6,2.0,1,2026-07-22,1
26,1,38.083333333333336,70.0,0.0,4,0.0,8,56.66666666666666,36.0,24.0,-20.666666666666664,1,2026-07-22,1
27,1,51.68461538461538,80.0,30.0,6,46.45,7,60.0,50.0,44.225,-10.0,1,2026-07-22,1
28,1,26.125,95.0,0.0,1,0.0,3,0.0,95.0,0.0,0.0,1,2026-07-22,1
29,1,75.61428571428571,100.0,56.05,14,56.05,0,83.0,85.0,57.025,2.0,1,2026-07-22,0
30,1,41.66666666666666,95.0,5.5,4,5.5,5,52.5,0.0,36.0,0.0,1,2026-07-22,1
31,1,90.15333333333334,100.0,65.8,15,65.8,0,97.4,90.0,80.4,-7.400000000000006,1,2026-07-22,0
32,1,84.09285714285714,100.0,59.0,14,59.4,0,91.25,98.0,59.2,6.75,1,2026-07-22,0
33,1,88.39666666666668,100.0,60.0,15,91.3,0,78.0,100.0,86.7375,22.0,1,2026-07-22,1
34,1,76.96153846153847,100.0,20.0,11,83.0,2,81.0,73.33333333333333,78.25,-7.666666666666671,1,2026-07-22,1
35,1,84.97333333333333,100.0,70.35,15,70.35,0,87.8,90.0,74.175,2.200000000000003,1,2026-07-22,1
36,1,67.6,90.0,35.0,13,64.5,2,67.0,63.0,74.75,-4.0,1,2026-07-22,0
37,1,77.27142857142857,95.0,55.0,14,81.4,0,79.0,73.75,80.7,-5.25,1,2026-07-22,0
38,1,67.25333333333333,92.0,35.0,12,79.65,3,62.0,59.0,85.825,-3.0,1,2026-07-22,1
39,1,81.94266666666667,100.0,61.57,15,61.57,0,94.0,82.0,65.285,-12.0,1,2026-07-22,0
40,1,62.392857142857146,100.0,19.0,12,19.0,2,75.0,72.5,35.5,-2.5,1,2026-07-22,1
41,1,38.9,60.0,0.0,5,46.0,5,40.0,55.0,30.666666666666668,15.0,1,2026-07-22,1
42,1,84.34615384615384,100.0,60.0,13,60.0,0,91.0,93.33333333333331,72.0,2.3333333333333286,1,2026-07-22,0
43,1,82.27857142857144,100.0,45.0,13,85.95,1,85.0,88.0,73.475,3.0,1,2026-07-22,1
44,1,83.9076923076923,100.0,67.9,13,67.9,0,93.0,88.33333333333333,71.95,-4.666666666666671,1,2026-07-22,0
45,1,89.08666666666666,100.0,65.0,15,79.15,0,88.0,92.0,86.575,4.0,1,2026-07-22,0
46,1,72.78666666666666,90.0,40.0,14,69.65,1,69.0,82.0,65.325,13.0,1,2026-07-22,1
47,1,83.44666666666667,100.0,60.0,15,75.85,0,81.0,87.0,81.925,6.0,1,2026-07-22,1
48,1,72.25733333333332,100.0,25.0,12,51.43,3,86.0,56.0,75.715,-30.0,1,2026-07-22,1
49,1,63.333333333333336,100.0,29.0,8,64.5,1,65.0,80.0,62.75,15.0,1,2026-07-22,1
50,1,46.2,84.0,20.0,6,51.3,7,40.0,33.333333333333336,67.65,-6.666666666666664,1,2026-07-22,0
51,1,87.73571428571428,100.0,50.0,14,97.9,0,89.0,82.5,93.95,-6.5,1,2026-07-22,0
52,1,71.03333333333333,100.0,50.0,15,68.0,0,82.0,67.0,61.5,-15.0,1,2026-07-22,0
53,1,57.03333333333333,100.0,19.7,7,19.7,5,72.0,50.0,44.6,-22.0,1,2026-07-22,1
54,1,74.99230769230769,100.0,30.0,10,76.45,3,67.5,97.5,62.225,30.0,1,2026-07-22,1
55,1,45.13636363636363,75.0,0.0,4,44.0,7,48.75,20.0,59.5,-28.75,1,2026-07-22,1
56,1,78.56666666666666,100.0,0.0,14,84.0,1,92.0,59.0,87.0,-33.0,1,2026-07-22,0
57,1,57.333333333333336,100.0,10.0,5,62.0,1,100.0,0.0,58.5,0.0,1,2026-07-22,1
58,1,26.375,55.0,0.0,4,53.75,8,17.5,6.666666666666667,54.375,-10.833333333333332,1,2026-07-22,1
59,1,55.67777777777778,85.0,29.0,6,36.05,3,78.33333333333333,55.0,45.525,-23.33333333333333,1,2026-07-22,1
60,1,90.91333333333334,100.0,80.0,15,84.15,0,91.8,91.0,89.575,-0.7999999999999972,1,2026-07-22,0
61,1,91.0,100.0,60.0,15,80.0,0,98.0,88.0,85.5,-10.0,1,2026-07-22,0
62,1,74.58,95.0,50.0,15,88.35,0,79.0,69.0,76.175,-10.0,1,2026-07-22,1
63,1,79.5,100.0,40.0,13,65.5,1,88.0,75.0,74.75,-13.0,1,2026-07-22,1
64,1,48.73,80.0,10.0,7,65.65,3,40.0,50.0,61.325,10.0,1,2026-07-22,1
65,1,83.24666666666667,95.0,58.0,15,88.4,0,83.8,90.0,73.2,6.200000000000003,1,2026-07-22,0
66,1,74.21333333333334,100.0,30.0,14,72.35,1,66.0,77.0,81.675,11.0,1,2026-07-22,1
67,1,87.22666666666667,100.0,67.7,15,67.7,0,96.0,86.0,76.85,-10.0,1,2026-07-22,0
68,1,75.48666666666666,100.0,30.0,12,41.65,3,72.0,90.0,60.325,18.0,1,2026-07-22,1
69,1,71.59466666666667,100.0,47.21,13,47.21,2,74.0,75.0,63.605,1.0,1,2026-07-22,0
70,1,95.83733333333332,100.0,88.28,15,88.28,0,98.0,96.0,92.64,-2.0,1,2026-07-22,0
71,1,54.642857142857146,80.0,0.0,10,66.0,4,55.0,42.0,73.0,-13.0,1,2026-07-22,1
72,1,75.97333333333333,100.0,40.0,14,96.3,1,80.0,62.0,89.65,-18.0,1,2026-07-22,0
73,1,53.4,100.0,0.0,5,0.0,5,80.0,75.0,9.333333333333334,-5.0,1,2026-07-22,1
74,1,76.5,95.0,30.0,14,50.0,1,76.0,81.0,71.0,5.0,1,2026-07-22,0
75,1,73.39285714285714,100.0,40.0,11,41.0,3,70.0,93.75,57.5,23.75,1,2026-07-22,0
76,1,64.23333333333333,100.0,20.0,11,45.0,4,76.0,61.0,52.5,-15.0,1,2026-07-22,0
77,1,70.47,100.0,38.0,9,89.35,1,70.0,100.0,71.675,30.0,1,2026-07-22,0
78,1,76.72142857142856,100.0,50.0,14,73.3,0,71.25,78.0,82.9,6.75,1,2026-07-22,1
79,1,70.85714285714286,100.0,40.0,13,63.0,1,86.0,65.0,58.25,-21.0,1,2026-07-22,0
80,1,81.77333333333333,100.0,65.0,15,79.3,0,86.0,78.0,81.15,-8.0,1,2026-07-22,0
81,1,35.906666666666666,75.0,10.0,4,48.8,11,15.0,55.0,38.4,40.0,1,2026-07-22,1
82,1,92.12666666666668,100.0,70.0,15,88.7,0,90.0,93.0,93.85,3.0,1,2026-07-22,0
83,1,68.04,100.0,40.0,12,45.3,3,69.0,79.0,51.65,10.0,1,2026-07-22,1
84,1,83.09333333333333,100.0,69.0,15,70.2,0,84.0,92.0,69.6,8.0,1,2026-07-22,0
85,1,69.76666666666667,100.0,0.0,10,0.0,5,79.0,100.0,15.5,21.0,1,2026-07-22,1
86,1,57.76666666666667,100.0,20.0,8,68.1,4,65.0,43.333333333333336,66.05,-21.666666666666664,1,2026-07-22,1
87,1,59.17857142857143,100.0,0.0,9,56.0,5,55.0,75.0,49.0,20.0,1,2026-07-22,1
88,1,74.33333333333333,100.0,0.0,7,86.5,2,75.0,0.0,84.75,0.0,1,2026-07-22,0
89,1,14.0,38.0,0.0,0,38.0,8,0.0,0.0,28.0,0.0,1,2026-07-22,1
90,1,87.90666666666667,100.0,79.0,15,82.55,0,92.0,89.0,80.775,-3.0,1,2026-07-22,0
91,1,84.86,100.0,50.0,15,84.95,0,74.0,92.0,89.975,18.0,1,2026-07-22,0
92,1,78.85,100.0,43.5,9,72.5,1,78.33333333333333,100.0,77.5,21.66666666666667,1,2026-07-22,1
93,1,32.19230769230769,60.0,0.0,3,23.0,10,41.0,26.666666666666668,26.25,-14.333333333333332,1,2026-07-22,1
94,1,53.785714285714285,90.0,17.0,8,17.0,6,75.0,56.25,23.25,-18.75,1,2026-07-22,0
96,1,68.36,100.0,1.2,11,1.2,4,82.0,88.0,22.6,6.0,1,2026-07-22,1
97,1,76.825,100.0,55.5,12,55.7,0,88.33333333333333,72.5,77.85,-15.833333333333329,1,2026-07-22,1
98,1,51.275,100.0,0.0,5,73.1,3,40.0,0.0,69.55,0.0,1,2026-07-22,1
99,1,74.25,100.0,0.0,13,79.0,1,90.0,53.75,77.0,-36.25,1,2026-07-22,0
100,1,41.15,75.0,0.0,5,0.0,5,61.25,50.0,21.75,-11.25,1,2026-07-22,1
101,1,71.86666666666666,90.0,43.0,13,67.0,2,74.0,82.0,55.0,8.0,1,2026-07-22,1
102,1,10.375,25.0,0.0,0,0.0,8,16.666666666666668,20.0,2.0,3.333333333333332,1,2026-07-22,1
103,1,89.96666666666667,100.0,40.0,13,93.0,2,97.0,100.0,66.5,3.0,1,2026-07-22,0
104,1,91.53333333333332,100.0,75.0,15,94.0,0,96.0,86.0,93.0,-10.0,1,2026-07-22,0
105,1,65.48333333333333,90.0,25.0,10,65.65,2,76.0,57.5,60.325,-18.5,1,2026-07-22,1
106,1,48.75714285714286,100.0,0.0,8,32.8,6,46.0,60.0,41.4,14.0,1,2026-07-22,1
107,1,68.35714285714286,100.0,30.0,13,77.0,1,70.0,65.0,71.5,-5.0,1,2026-07-22,0
108,1,58.46428571428572,85.0,0.0,12,76.0,2,70.0,38.75,65.75,-31.25,1,2026-07-22,0
109,1,68.95454545454545,90.0,43.5,10,85.0,1,67.5,82.5,70.0,15.0,1,2026-07-22,0
110,1,51.2,70.0,27.0,6,58.5,4,56.66666666666666,50.0,53.75,-6.666666666666664,1,2026-07-22,1
111,1,81.69999999999999,100.0,63.3,13,63.3,0,99.0,76.66666666666667,66.15,-22.33333333333333,1,2026-07-22,1
112,1,67.51428571428572,100.0,30.0,12,52.85,2,53.75,82.0,64.425,28.25,1,2026-07-22,0
113,1,31.466666666666665,75.0,0.0,5,62.0,10,17.0,19.0,68.5,2.0,1,2026-07-22,1
114,1,80.2,100.0,60.0,15,86.0,0,83.0,81.0,75.25,-2.0,1,2026-07-22,0
115,1,73.57142857142857,100.0,50.0,14,65.0,0,84.0,70.0,65.0,-14.0,1,2026-07-22,0
116,1,50.48333333333333,78.0,0.0,4,73.45,2,0.0,0.0,75.725,0.0,1,2026-07-22,1
117,1,92.2,100.0,50.0,15,91.5,0,100.0,100.0,70.75,0.0,1,2026-07-22,0
118,1,79.42,100.0,30.0,14,94.65,1,72.0,80.0,88.825,8.0,1,2026-07-22,0
119,1,69.7,100.0,10.0,11,77.5,4,80.0,67.0,59.25,-13.0,1,2026-07-22,0
120,1,88.57857142857142,100.0,64.0,14,83.05,0,100.0,92.0,73.525,-8.0,1,2026-07-22,0
121,1,48.625,80.0,18.5,5,31.75,3,65.0,55.0,46.375,-10.0,1,2026-07-22,1
122,1,92.64,100.0,78.73,14,78.73,0,100.0,96.25,80.86500000000001,-3.75,1,2026-07-22,0
123,1,34.05,63.0,0.0,4,63.0,6,36.25,25.0,42.0,-11.25,1,2026-07-22,1
124,1,80.41333333333334,95.0,69.0,15,72.1,0,83.0,85.0,70.55,2.0,1,2026-07-22,0
125,1,85.4,100.0,70.0,15,73.5,0,88.0,92.0,72.75,4.0,1,2026-07-22,0
126,1,65.63333333333334,100.0,0.0,12,54.0,3,72.0,55.0,71.5,-17.0,1,2026-07-22,0
127,1,38.95454545454545,85.0,0.0,6,0.0,5,42.0,85.0,26.0,43.0,1,2026-07-22,1
128,1,67.86666666666666,85.0,51.0,12,68.7,0,66.25,81.66666666666667,63.35,15.416666666666671,1,2026-07-22,1
129,1,55.0,100.0,20.0,8,30.0,4,58.0,55.0,55.0,-3.0,1,2026-07-22,1
130,1,64.725,100.0,23.0,6,57.4,2,76.66666666666667,0.0,66.2,0.0,1,2026-07-22,1
131,1,87.54666666666667,100.0,76.35,15,76.35,0,91.0,84.0,87.675,-7.0,1,2026-07-22,0
132,1,79.64999999999999,100.0,50.0,14,95.55,0,78.0,72.5,91.775,-5.5,1,2026-07-22,0
133,1,24.685714285714287,50.0,0.0,1,28.9,6,50.0,0.0,29.45,-50.0,1,2026-07-22,1
134,1,54.333333333333336,95.0,20.0,7,62.0,5,36.66666666666666,72.5,53.0,35.833333333333336,1,2026-07-22,1
135,1,78.47857142857143,100.0,37.0,12,50.35,2,96.0,90.0,43.675,-6.0,1,2026-07-22,1
136,1,73.15714285714286,83.85,65.0,14,83.85,0,75.0,71.0,75.925,-4.0,1,2026-07-22,0
137,1,78.88000000000001,100.0,50.35,15,50.35,0,89.0,88.0,52.425,-1.0,1,2026-07-22,1
138,1,74.6923076923077,100.0,30.0,11,88.5,2,71.25,78.75,77.75,7.5,1,2026-07-22,1
139,1,45.61538461538461,80.0,0.0,8,65.0,5,46.0,26.666666666666668,63.0,-19.33333333333333,1,2026-07-22,1
140,1,5.5,20.0,0.0,0,0.0,4,20.0,0.0,0.0,0.0,1,2026-07-22,1
141,1,55.29,100.0,30.0,8,43.78,6,61.0,40.0,65.64,-21.0,1,2026-07-22,1
142,1,89.41428571428571,100.0,75.0,14,95.9,0,92.5,90.0,87.45,-2.5,1,2026-07-22,0
143,1,45.142857142857146,90.0,0.0,3,0.0,4,55.0,30.0,54.0,-25.0,1,2026-07-22,1
144,1,62.5,95.0,0.0,7,87.0,3,60.0,72.5,58.0,12.5,1,2026-07-22,0
145,1,58.875,100.0,0.0,5,0.0,3,77.5,0.0,43.333333333333336,0.0,1,2026-07-22,1
146,1,60.07142857142857,75.0,14.5,6,55.5,1,72.5,0.0,65.25,0.0,1,2026-07-22,1
147,1,65.25,100.0,12.75,6,12.75,4,92.5,40.0,50.375,-52.5,1,2026-07-22,1
148,1,58.28888888888889,100.0,30.0,5,55.8,4,93.33333333333331,30.0,45.9,-63.33333333333333,1,2026-07-22,1
149,1,87.92857142857143,100.0,62.75,14,62.75,0,99.0,97.5,64.375,-1.5,1,2026-07-22,0
150,1,90.15,100.0,49.0,12,95.3,2,97.0,100.0,72.15,3.0,1,2026-07-22,0
151,1,53.9,100.0,0.0,6,0.0,4,45.0,80.0,0.0,35.0,1,2026-07-22,1
152,1,19.5,38.0,0.0,0,38.0,8,5.0,10.0,33.5,5.0,1,2026-07-22,1
153,1,52.29230769230769,65.0,10.0,10,60.4,3,51.0,45.0,62.7,-6.0,1,2026-07-22,1
154,1,11.4,50.0,0.0,1,0.0,4,0.0,50.0,0.6666666666666666,0.0,1,2026-07-22,1
155,1,0.0,0.0,0.0,0,0.0,6,0.0,0.0,0.0,0.0,1,2026-07-22,1
156,1,84.06,100.0,50.0,15,82.7,0,82.0,83.0,88.35,1.0,1,2026-07-22,1
157,1,19.15,80.0,0.0,2,0.0,8,29.0,0.0,10.666666666666666,-29.0,1,2026-07-22,1
158,1,8.25,33.0,0.0,0,0.0,8,0.0,0.0,22.0,0.0,1,2026-07-22,1
159,1,34.5,90.0,0.0,2,0.0,4,75.0,0.0,14.0,0.0,1,2026-07-22,1
160,1,12.5,50.0,0.0,2,0.0,6,0.0,0.0,25.0,0.0,1,2026-07-22,1
161,1,20.166666666666668,50.0,0.0,1,0.0,5,36.66666666666666,0.0,0.0,0.0,1,2026-07-22,1
162,1,29.791666666666668,80.0,0.0,5,0.0,7,49.0,40.0,0.0,-9.0,1,2026-07-22,1
163,1,67.22222222222223,100.0,0.0,7,0.0,2,90.0,100.0,0.0,10.0,1,2026-07-22,1
164,1,0.0,0.0,0.0,0,0.0,3,0.0,0.0,0.0,0.0,1,2026-07-22,1
165,1,33.0,80.0,0.0,2,0.0,3,75.0,0.0,0.0,0.0,1,2026-07-22,1
166,1,5.5,20.0,0.0,0,0.0,4,20.0,0.0,0.0,0.0,1,2026-07-22,1
167,1,0.0,0.0,0.0,0,0.0,5,0.0,0.0,0.0,0.0,1,2026-07-22,1
168,1,23.375,85.0,0.0,1,0.0,3,85.0,0.0,0.0,0.0,1,2026-07-22,1
169,1,0.0,0.0,0.0,0,0.0,6,0.0,0.0,0.0,0.0,1,2026-07-22,1
170,1,0.0,0.0,0.0,0,0.0,4,0.0,0.0,0.0,0.0,1,2026-07-22,1
171,1,0.0,0.0,0.0,0,0.0,7,0.0,0.0,0.0,0.0,1,2026-07-22,1
2,1,70.53999999999999,100.0,0.0,10,44.8,5,95.0,72.0,34.9,-23.0,1,2026-07-23,1
4,1,83.28666666666666,100.0,60.0,15,61.9,0,79.0,98.0,68.95,19.0,1,2026-07-23,1
5,1,86.00666666666666,100.0,10.0,14,93.05,1,71.0,97.0,91.525,26.0,1,2026-07-23,0
7,1,53.53333333333333,80.0,31.0,9,68.0,6,51.0,59.0,49.5,8.0,1,2026-07-23,1
8,1,57.940000000000005,94.0,0.0,11,71.05,4,46.0,52.0,82.525,6.0,1,2026-07-23,1
9,1,67.83733333333333,100.0,0.0,12,52.28,3,94.0,40.0,70.14,-54.0,1,2026-07-23,0
10,1,60.08181818181818,95.0,10.0,6,84.7,5,56.25,70.0,64.85,13.75,1,2026-07-23,1
11,1,77.07142857142857,100.0,0.0,12,0.0,2,88.0,78.0,55.333333333333336,-10.0,1,2026-07-23,1
12,1,79.43333333333334,100.0,40.0,14,87.0,1,86.0,79.0,71.0,-7.0,1,2026-07-23,0
13,1,98.49333333333334,100.0,88.7,15,88.7,0,100.0,100.0,94.35,0.0,1,2026-07-23,0
14,1,82.82142857142857,100.0,0.0,13,0.0,1,90.0,91.0,54.66666666666666,1.0,1,2026-07-23,0
15,1,88.74666666666667,100.0,70.0,15,81.1,0,92.0,94.0,77.05,2.0,1,2026-07-23,0
16,1,68.83333333333333,100.0,0.0,12,20.25,3,86.0,66.0,49.125,-20.0,1,2026-07-23,0
17,1,35.857142857142854,100.0,0.0,3,0.0,4,73.33333333333333,0.0,3.0,0.0,1,2026-07-23,1
18,1,0.0,0.0,0.0,0,0.0,6,0.0,0.0,0.0,0.0,1,2026-07-23,1
19,1,93.65333333333334,100.0,70.0,15,93.15,0,90.0,97.0,94.075,7.0,1,2026-07-23,0
20,1,53.875,100.0,20.0,4,65.0,4,100.0,20.0,47.25,-80.0,1,2026-07-23,1
21,1,67.8875,100.0,26.5,7,62.3,1,97.5,70.0,62.9,-27.5,1,2026-07-23,0
22,1,96.584,100.0,88.13,15,88.13,0,98.0,97.0,94.065,-1.0,1,2026-07-23,0
23,1,85.1,100.0,55.5,15,74.0,0,94.0,91.0,64.75,-3.0,1,2026-07-23,0
24,1,83.38888888888889,100.0,38.5,8,75.5,1,96.25,0.0,81.75,0.0,1,2026-07-23,1
25,1,77.36,100.0,46.2,13,46.2,2,81.0,83.0,64.6,2.0,1,2026-07-23,1
26,1,38.083333333333336,70.0,0.0,4,0.0,8,56.66666666666666,36.0,24.0,-20.666666666666664,1,2026-07-23,1
27,1,51.68461538461538,80.0,30.0,6,46.45,7,60.0,50.0,44.225,-10.0,1,2026-07-23,1
28,1,26.125,95.0,0.0,1,0.0,3,0.0,95.0,0.0,0.0,1,2026-07-23,1
29,1,75.61428571428571,100.0,56.05,14,56.05,0,83.0,85.0,57.025,2.0,1,2026-07-23,0
30,1,41.66666666666666,95.0,5.5,4,5.5,5,52.5,0.0,36.0,0.0,1,2026-07-23,1
31,1,90.15333333333334,100.0,65.8,15,65.8,0,97.4,90.0,80.4,-7.400000000000006,1,2026-07-23,0
32,1,84.09285714285714,100.0,59.0,14,59.4,0,91.25,98.0,59.2,6.75,1,2026-07-23,0
33,1,88.39666666666668,100.0,60.0,15,91.3,0,78.0,100.0,86.7375,22.0,1,2026-07-23,1
34,1,76.96153846153847,100.0,20.0,11,83.0,2,81.0,73.33333333333333,78.25,-7.666666666666671,1,2026-07-23,1
35,1,84.97333333333333,100.0,70.35,15,70.35,0,87.8,90.0,74.175,2.200000000000003,1,2026-07-23,1
36,1,67.6,90.0,35.0,13,64.5,2,67.0,63.0,74.75,-4.0,1,2026-07-23,0
37,1,77.27142857142857,95.0,55.0,14,81.4,0,79.0,73.75,80.7,-5.25,1,2026-07-23,0
38,1,67.25333333333333,92.0,35.0,12,79.65,3,62.0,59.0,85.825,-3.0,1,2026-07-23,1
39,1,81.94266666666667,100.0,61.57,15,61.57,0,94.0,82.0,65.285,-12.0,1,2026-07-23,0
40,1,62.392857142857146,100.0,19.0,12,19.0,2,75.0,72.5,35.5,-2.5,1,2026-07-23,1
41,1,38.9,60.0,0.0,5,46.0,5,40.0,55.0,30.666666666666668,15.0,1,2026-07-23,1
42,1,84.34615384615384,100.0,60.0,13,60.0,0,91.0,93.33333333333331,72.0,2.3333333333333286,1,2026-07-23,0
43,1,82.27857142857144,100.0,45.0,13,85.95,1,85.0,88.0,73.475,3.0,1,2026-07-23,1
44,1,83.9076923076923,100.0,67.9,13,67.9,0,93.0,88.33333333333333,71.95,-4.666666666666671,1,2026-07-23,0
45,1,89.08666666666666,100.0,65.0,15,79.15,0,88.0,92.0,86.575,4.0,1,2026-07-23,0
46,1,72.78666666666666,90.0,40.0,14,69.65,1,69.0,82.0,65.325,13.0,1,2026-07-23,1
47,1,83.44666666666667,100.0,60.0,15,75.85,0,81.0,87.0,81.925,6.0,1,2026-07-23,1
48,1,72.25733333333332,100.0,25.0,12,51.43,3,86.0,56.0,75.715,-30.0,1,2026-07-23,1
49,1,63.333333333333336,100.0,29.0,8,64.5,1,65.0,80.0,62.75,15.0,1,2026-07-23,1
50,1,46.2,84.0,20.0,6,51.3,7,40.0,33.333333333333336,67.65,-6.666666666666664,1,2026-07-23,0
51,1,87.73571428571428,100.0,50.0,14,97.9,0,89.0,82.5,93.95,-6.5,1,2026-07-23,0
52,1,71.03333333333333,100.0,50.0,15,68.0,0,82.0,67.0,61.5,-15.0,1,2026-07-23,0
53,1,57.03333333333333,100.0,19.7,7,19.7,5,72.0,50.0,44.6,-22.0,1,2026-07-23,1
54,1,74.99230769230769,100.0,30.0,10,76.45,3,67.5,97.5,62.225,30.0,1,2026-07-23,1
55,1,45.13636363636363,75.0,0.0,4,44.0,7,48.75,20.0,59.5,-28.75,1,2026-07-23,1
56,1,78.56666666666666,100.0,0.0,14,84.0,1,92.0,59.0,87.0,-33.0,1,2026-07-23,0
57,1,57.333333333333336,100.0,10.0,5,62.0,1,100.0,0.0,58.5,0.0,1,2026-07-23,1
58,1,26.375,55.0,0.0,4,53.75,8,17.5,6.666666666666667,54.375,-10.833333333333332,1,2026-07-23,1
59,1,55.67777777777778,85.0,29.0,6,36.05,3,78.33333333333333,55.0,45.525,-23.33333333333333,1,2026-07-23,1
60,1,90.91333333333334,100.0,80.0,15,84.15,0,91.8,91.0,89.575,-0.7999999999999972,1,2026-07-23,0
61,1,91.0,100.0,60.0,15,80.0,0,98.0,88.0,85.5,-10.0,1,2026-07-23,0
62,1,74.58,95.0,50.0,15,88.35,0,79.0,69.0,76.175,-10.0,1,2026-07-23,1
63,1,79.5,100.0,40.0,13,65.5,1,88.0,75.0,74.75,-13.0,1,2026-07-23,1
64,1,48.73,80.0,10.0,7,65.65,3,40.0,50.0,61.325,10.0,1,2026-07-23,1
65,1,83.24666666666667,95.0,58.0,15,88.4,0,83.8,90.0,73.2,6.200000000000003,1,2026-07-23,0
66,1,74.21333333333334,100.0,30.0,14,72.35,1,66.0,77.0,81.675,11.0,1,2026-07-23,1
67,1,87.22666666666667,100.0,67.7,15,67.7,0,96.0,86.0,76.85,-10.0,1,2026-07-23,0
68,1,75.48666666666666,100.0,30.0,12,41.65,3,72.0,90.0,60.325,18.0,1,2026-07-23,1
69,1,71.59466666666667,100.0,47.21,13,47.21,2,74.0,75.0,63.605,1.0,1,2026-07-23,0
70,1,95.83733333333332,100.0,88.28,15,88.28,0,98.0,96.0,92.64,-2.0,1,2026-07-23,0
71,1,54.642857142857146,80.0,0.0,10,66.0,4,55.0,42.0,73.0,-13.0,1,2026-07-23,1
72,1,75.97333333333333,100.0,40.0,14,96.3,1,80.0,62.0,89.65,-18.0,1,2026-07-23,0
73,1,53.4,100.0,0.0,5,0.0,5,80.0,75.0,9.333333333333334,-5.0,1,2026-07-23,1
74,1,76.5,95.0,30.0,14,50.0,1,76.0,81.0,71.0,5.0,1,2026-07-23,0
75,1,73.39285714285714,100.0,40.0,11,41.0,3,70.0,93.75,57.5,23.75,1,2026-07-23,0
76,1,64.23333333333333,100.0,20.0,11,45.0,4,76.0,61.0,52.5,-15.0,1,2026-07-23,0
77,1,70.47,100.0,38.0,9,89.35,1,70.0,100.0,71.675,30.0,1,2026-07-23,0
78,1,76.72142857142856,100.0,50.0,14,73.3,0,71.25,78.0,82.9,6.75,1,2026-07-23,1
79,1,70.85714285714286,100.0,40.0,13,63.0,1,86.0,65.0,58.25,-21.0,1,2026-07-23,0
80,1,81.77333333333333,100.0,65.0,15,79.3,0,86.0,78.0,81.15,-8.0,1,2026-07-23,0
81,1,35.906666666666666,75.0,10.0,4,48.8,11,15.0,55.0,38.4,40.0,1,2026-07-23,1
82,1,92.12666666666668,100.0,70.0,15,88.7,0,90.0,93.0,93.85,3.0,1,2026-07-23,0
83,1,68.04,100.0,40.0,12,45.3,3,69.0,79.0,51.65,10.0,1,2026-07-23,1
84,1,83.09333333333333,100.0,69.0,15,70.2,0,84.0,92.0,69.6,8.0,1,2026-07-23,0
85,1,69.76666666666667,100.0,0.0,10,0.0,5,79.0,100.0,15.5,21.0,1,2026-07-23,1
86,1,57.76666666666667,100.0,20.0,8,68.1,4,65.0,43.333333333333336,66.05,-21.666666666666664,1,2026-07-23,1
87,1,59.17857142857143,100.0,0.0,9,56.0,5,55.0,75.0,49.0,20.0,1,2026-07-23,1
88,1,74.33333333333333,100.0,0.0,7,86.5,2,75.0,0.0,84.75,0.0,1,2026-07-23,0
89,1,14.0,38.0,0.0,0,38.0,8,0.0,0.0,28.0,0.0,1,2026-07-23,1
90,1,87.90666666666667,100.0,79.0,15,82.55,0,92.0,89.0,80.775,-3.0,1,2026-07-23,0
91,1,84.86,100.0,50.0,15,84.95,0,74.0,92.0,89.975,18.0,1,2026-07-23,0
92,1,78.85,100.0,43.5,9,72.5,1,78.33333333333333,100.0,77.5,21.66666666666667,1,2026-07-23,1
93,1,32.19230769230769,60.0,0.0,3,23.0,10,41.0,26.666666666666668,26.25,-14.333333333333332,1,2026-07-23,1
94,1,53.785714285714285,90.0,17.0,8,17.0,6,75.0,56.25,23.25,-18.75,1,2026-07-23,0
96,1,68.36,100.0,1.2,11,1.2,4,82.0,88.0,22.6,6.0,1,2026-07-23,1
97,1,76.825,100.0,55.5,12,55.7,0,88.33333333333333,72.5,77.85,-15.833333333333329,1,2026-07-23,1
98,1,51.275,100.0,0.0,5,73.1,3,40.0,0.0,69.55,0.0,1,2026-07-23,1
99,1,74.25,100.0,0.0,13,79.0,1,90.0,53.75,77.0,-36.25,1,2026-07-23,0
100,1,41.15,75.0,0.0,5,0.0,5,61.25,50.0,21.75,-11.25,1,2026-07-23,1
101,1,71.86666666666666,90.0,43.0,13,67.0,2,74.0,82.0,55.0,8.0,1,2026-07-23,1
102,1,10.375,25.0,0.0,0,0.0,8,16.666666666666668,20.0,2.0,3.333333333333332,1,2026-07-23,1
103,1,89.96666666666667,100.0,40.0,13,93.0,2,97.0,100.0,66.5,3.0,1,2026-07-23,0
104,1,91.53333333333332,100.0,75.0,15,94.0,0,96.0,86.0,93.0,-10.0,1,2026-07-23,0
105,1,65.48333333333333,90.0,25.0,10,65.65,2,76.0,57.5,60.325,-18.5,1,2026-07-23,1
106,1,48.75714285714286,100.0,0.0,8,32.8,6,46.0,60.0,41.4,14.0,1,2026-07-23,1
107,1,68.35714285714286,100.0,30.0,13,77.0,1,70.0,65.0,71.5,-5.0,1,2026-07-23,0
108,1,58.46428571428572,85.0,0.0,12,76.0,2,70.0,38.75,65.75,-31.25,1,2026-07-23,0
109,1,68.95454545454545,90.0,43.5,10,85.0,1,67.5,82.5,70.0,15.0,1,2026-07-23,0
110,1,51.2,70.0,27.0,6,58.5,4,56.66666666666666,50.0,53.75,-6.666666666666664,1,2026-07-23,1
111,1,81.69999999999999,100.0,63.3,13,63.3,0,99.0,76.66666666666667,66.15,-22.33333333333333,1,2026-07-23,1
112,1,67.51428571428572,100.0,30.0,12,52.85,2,53.75,82.0,64.425,28.25,1,2026-07-23,0
113,1,31.466666666666665,75.0,0.0,5,62.0,10,17.0,19.0,68.5,2.0,1,2026-07-23,1
114,1,80.2,100.0,60.0,15,86.0,0,83.0,81.0,75.25,-2.0,1,2026-07-23,0
115,1,73.57142857142857,100.0,50.0,14,65.0,0,84.0,70.0,65.0,-14.0,1,2026-07-23,0
116,1,50.48333333333333,78.0,0.0,4,73.45,2,0.0,0.0,75.725,0.0,1,2026-07-23,1
117,1,92.2,100.0,50.0,15,91.5,0,100.0,100.0,70.75,0.0,1,2026-07-23,0
118,1,79.42,100.0,30.0,14,94.65,1,72.0,80.0,88.825,8.0,1,2026-07-23,0
119,1,69.7,100.0,10.0,11,77.5,4,80.0,67.0,59.25,-13.0,1,2026-07-23,0
120,1,88.57857142857142,100.0,64.0,14,83.05,0,100.0,92.0,73.525,-8.0,1,2026-07-23,0
121,1,48.625,80.0,18.5,5,31.75,3,65.0,55.0,46.375,-10.0,1,2026-07-23,1
122,1,92.64,100.0,78.73,14,78.73,0,100.0,96.25,80.86500000000001,-3.75,1,2026-07-23,0
123,1,34.05,63.0,0.0,4,63.0,6,36.25,25.0,42.0,-11.25,1,2026-07-23,1
124,1,80.41333333333334,95.0,69.0,15,72.1,0,83.0,85.0,70.55,2.0,1,2026-07-23,0
125,1,85.4,100.0,70.0,15,73.5,0,88.0,92.0,72.75,4.0,1,2026-07-23,0
126,1,65.63333333333334,100.0,0.0,12,54.0,3,72.0,55.0,71.5,-17.0,1,2026-07-23,0
127,1,38.95454545454545,85.0,0.0,6,0.0,5,42.0,85.0,26.0,43.0,1,2026-07-23,1
128,1,67.86666666666666,85.0,51.0,12,68.7,0,66.25,81.66666666666667,63.35,15.416666666666671,1,2026-07-23,1
129,1,55.0,100.0,20.0,8,30.0,4,58.0,55.0,55.0,-3.0,1,2026-07-23,1
130,1,64.725,100.0,23.0,6,57.4,2,76.66666666666667,0.0,66.2,0.0,1,2026-07-23,1
131,1,87.54666666666667,100.0,76.35,15,76.35,0,91.0,84.0,87.675,-7.0,1,2026-07-23,0
132,1,79.64999999999999,100.0,50.0,14,95.55,0,78.0,72.5,91.775,-5.5,1,2026-07-23,0
133,1,24.685714285714287,50.0,0.0,1,28.9,6,50.0,0.0,29.45,-50.0,1,2026-07-23,1
134,1,54.333333333333336,95.0,20.0,7,62.0,5,36.66666666666666,72.5,53.0,35.833333333333336,1,2026-07-23,1
135,1,78.47857142857143,100.0,37.0,12,50.35,2,96.0,90.0,43.675,-6.0,1,2026-07-23,1
136,1,73.15714285714286,83.85,65.0,14,83.85,0,75.0,71.0,75.925,-4.0,1,2026-07-23,0
137,1,78.88000000000001,100.0,50.35,15,50.35,0,89.0,88.0,52.425,-1.0,1,2026-07-23,1
138,1,74.6923076923077,100.0,30.0,11,88.5,2,71.25,78.75,77.75,7.5,1,2026-07-23,1
139,1,45.61538461538461,80.0,0.0,8,65.0,5,46.0,26.666666666666668,63.0,-19.33333333333333,1,2026-07-23,1
140,1,5.5,20.0,0.0,0,0.0,4,20.0,0.0,0.0,0.0,1,2026-07-23,1
141,1,55.29,100.0,30.0,8,43.78,6,61.0,40.0,65.64,-21.0,1,2026-07-23,1
142,1,89.41428571428571,100.0,75.0,14,95.9,0,92.5,90.0,87.45,-2.5,1,2026-07-23,0
143,1,45.142857142857146,90.0,0.0,3,0.0,4,55.0,30.0,54.0,-25.0,1,2026-07-23,1
144,1,62.5,95.0,0.0,7,87.0,3,60.0,72.5,58.0,12.5,1,2026-07-23,0
145,1,58.875,100.0,0.0,5,0.0,3,77.5,0.0,43.333333333333336,0.0,1,2026-07-23,1
146,1,60.07142857142857,75.0,14.5,6,55.5,1,72.5,0.0,65.25,0.0,1,2026-07-23,1
147,1,65.25,100.0,12.75,6,12.75,4,92.5,40.0,50.375,-52.5,1,2026-07-23,1
148,1,58.28888888888889,100.0,30.0,5,55.8,4,93.33333333333331,30.0,45.9,-63.33333333333333,1,2026-07-23,1
149,1,87.92857142857143,100.0,62.75,14,62.75,0,99.0,97.5,64.375,-1.5,1,2026-07-23,0
150,1,90.15,100.0,49.0,12,95.3,2,97.0,100.0,72.15,3.0,1,2026-07-23,0
151,1,53.9,100.0,0.0,6,0.0,4,45.0,80.0,0.0,35.0,1,2026-07-23,1
152,1,19.5,38.0,0.0,0,38.0,8,5.0,10.0,33.5,5.0,1,2026-07-23,1
153,1,52.29230769230769,65.0,10.0,10,60.4,3,51.0,45.0,62.7,-6.0,1,2026-07-23,1
154,1,11.4,50.0,0.0,1,0.0,4,0.0,50.0,0.6666666666666666,0.0,1,2026-07-23,1
155,1,0.0,0.0,0.0,0,0.0,6,0.0,0.0,0.0,0.0,1,2026-07-23,1
156,1,84.06,100.0,50.0,15,82.7,0,82.0,83.0,88.35,1.0,1,2026-07-23,1
157,1,19.15,80.0,0.0,2,0.0,8,29.0,0.0,10.666666666666666,-29.0,1,2026-07-23,1
158,1,8.25,33.0,0.0,0,0.0,8,0.0,0.0,22.0,0.0,1,2026-07-23,1
159,1,34.5,90.0,0.0,2,0.0,4,75.0,0.0,14.0,0.0,1,2026-07-23,1
160,1,12.5,50.0,0.0,2,0.0,6,0.0,0.0,25.0,0.0,1,2026-07-23,1
161,1,20.166666666666668,50.0,0.0,1,0.0,5,36.66666666666666,0.0,0.0,0.0,1,2026-07-23,1
162,1,29.791666666666668,80.0,0.0,5,0.0,7,49.0,40.0,0.0,-9.0,1,2026-07-23,1
163,1,67.22222222222223,100.0,0.0,7,0.0,2,90.0,100.0,0.0,10.0,1,2026-07-23,1
164,1,0.0,0.0,0.0,0,0.0,3,0.0,0.0,0.0,0.0,1,2026-07-23,1
165,1,33.0,80.0,0.0,2,0.0,3,75.0,0.0,0.0,0.0,1,2026-07-23,1
166,1,5.5,20.0,0.0,0,0.0,4,20.0,0.0,0.0,0.0,1,2026-07-23,1
167,1,0.0,0.0,0.0,0,0.0,5,0.0,0.0,0.0,0.0,1,2026-07-23,1
168,1,23.375,85.0,0.0,1,0.0,3,85.0,0.0,0.0,0.0,1,2026-07-23,1
169,1,0.0,0.0,0.0,0,0.0,6,0.0,0.0,0.0,0.0,1,2026-07-23,1
170,1,0.0,0.0,0.0,0,0.0,4,0.0,0.0,0.0,0.0,1,2026-07-23,1
171,1,0.0,0.0,0.0,0,0.0,7,0.0,0.0,0.0,0.0,1,2026-07-23,1
2,1,70.53999999999999,100.0,0.0,10,44.8,5,95.0,72.0,34.9,-23.0,1,2026-07-24,1
4,1,83.28666666666666,100.0,60.0,15,61.9,0,79.0,98.0,68.95,19.0,1,2026-07-24,1
5,1,86.00666666666666,100.0,10.0,14,93.05,1,71.0,97.0,91.525,26.0,1,2026-07-24,0
7,1,53.53333333333333,80.0,31.0,9,68.0,6,51.0,59.0,49.5,8.0,1,2026-07-24,1
8,1,57.940000000000005,94.0,0.0,11,71.05,4,46.0,52.0,82.525,6.0,1,2026-07-24,1
9,1,67.83733333333333,100.0,0.0,12,52.28,3,94.0,40.0,70.14,-54.0,1,2026-07-24,0
10,1,60.08181818181818,95.0,10.0,6,84.7,5,56.25,70.0,64.85,13.75,1,2026-07-24,1
11,1,77.07142857142857,100.0,0.0,12,0.0,2,88.0,78.0,55.333333333333336,-10.0,1,2026-07-24,1
12,1,79.43333333333334,100.0,40.0,14,87.0,1,86.0,79.0,71.0,-7.0,1,2026-07-24,0
13,1,98.49333333333334,100.0,88.7,15,88.7,0,100.0,100.0,94.35,0.0,1,2026-07-24,0
14,1,82.82142857142857,100.0,0.0,13,0.0,1,90.0,91.0,54.66666666666666,1.0,1,2026-07-24,0
15,1,88.74666666666667,100.0,70.0,15,81.1,0,92.0,94.0,77.05,2.0,1,2026-07-24,0
16,1,68.83333333333333,100.0,0.0,12,20.25,3,86.0,66.0,49.125,-20.0,1,2026-07-24,0
17,1,35.857142857142854,100.0,0.0,3,0.0,4,73.33333333333333,0.0,3.0,0.0,1,2026-07-24,1
18,1,0.0,0.0,0.0,0,0.0,6,0.0,0.0,0.0,0.0,1,2026-07-24,1
19,1,93.65333333333334,100.0,70.0,15,93.15,0,90.0,97.0,94.075,7.0,1,2026-07-24,0
20,1,53.875,100.0,20.0,4,65.0,4,100.0,20.0,47.25,-80.0,1,2026-07-24,1
21,1,67.8875,100.0,26.5,7,62.3,1,97.5,70.0,62.9,-27.5,1,2026-07-24,0
22,1,96.584,100.0,88.13,15,88.13,0,98.0,97.0,94.065,-1.0,1,2026-07-24,0
23,1,85.1,100.0,55.5,15,74.0,0,94.0,91.0,64.75,-3.0,1,2026-07-24,0
24,1,83.38888888888889,100.0,38.5,8,75.5,1,96.25,0.0,81.75,0.0,1,2026-07-24,1
25,1,77.36,100.0,46.2,13,46.2,2,81.0,83.0,64.6,2.0,1,2026-07-24,1
26,1,38.083333333333336,70.0,0.0,4,0.0,8,56.66666666666666,36.0,24.0,-20.666666666666664,1,2026-07-24,1
27,1,51.68461538461538,80.0,30.0,6,46.45,7,60.0,50.0,44.225,-10.0,1,2026-07-24,1
28,1,26.125,95.0,0.0,1,0.0,3,0.0,95.0,0.0,0.0,1,2026-07-24,1
29,1,75.61428571428571,100.0,56.05,14,56.05,0,83.0,85.0,57.025,2.0,1,2026-07-24,0
30,1,41.66666666666666,95.0,5.5,4,5.5,5,52.5,0.0,36.0,0.0,1,2026-07-24,1
31,1,90.15333333333334,100.0,65.8,15,65.8,0,97.4,90.0,80.4,-7.400000000000006,1,2026-07-24,0
32,1,84.09285714285714,100.0,59.0,14,59.4,0,91.25,98.0,59.2,6.75,1,2026-07-24,0
33,1,88.39666666666668,100.0,60.0,15,91.3,0,78.0,100.0,86.7375,22.0,1,2026-07-24,1
34,1,76.96153846153847,100.0,20.0,11,83.0,2,81.0,73.33333333333333,78.25,-7.666666666666671,1,2026-07-24,1
35,1,84.97333333333333,100.0,70.35,15,70.35,0,87.8,90.0,74.175,2.200000000000003,1,2026-07-24,1
36,1,67.6,90.0,35.0,13,64.5,2,67.0,63.0,74.75,-4.0,1,2026-07-24,0
37,1,77.27142857142857,95.0,55.0,14,81.4,0,79.0,73.75,80.7,-5.25,1,2026-07-24,0
38,1,67.25333333333333,92.0,35.0,12,79.65,3,62.0,59.0,85.825,-3.0,1,2026-07-24,1
39,1,81.94266666666667,100.0,61.57,15,61.57,0,94.0,82.0,65.285,-12.0,1,2026-07-24,0
40,1,62.392857142857146,100.0,19.0,12,19.0,2,75.0,72.5,35.5,-2.5,1,2026-07-24,1
41,1,38.9,60.0,0.0,5,46.0,5,40.0,55.0,30.666666666666668,15.0,1,2026-07-24,1
42,1,84.34615384615384,100.0,60.0,13,60.0,0,91.0,93.33333333333331,72.0,2.3333333333333286,1,2026-07-24,0
43,1,82.27857142857144,100.0,45.0,13,85.95,1,85.0,88.0,73.475,3.0,1,2026-07-24,1
44,1,83.9076923076923,100.0,67.9,13,67.9,0,93.0,88.33333333333333,71.95,-4.666666666666671,1,2026-07-24,0
45,1,89.08666666666666,100.0,65.0,15,79.15,0,88.0,92.0,86.575,4.0,1,2026-07-24,0
46,1,72.78666666666666,90.0,40.0,14,69.65,1,69.0,82.0,65.325,13.0,1,2026-07-24,1
47,1,83.44666666666667,100.0,60.0,15,75.85,0,81.0,87.0,81.925,6.0,1,2026-07-24,1
48,1,72.25733333333332,100.0,25.0,12,51.43,3,86.0,56.0,75.715,-30.0,1,2026-07-24,1
49,1,63.333333333333336,100.0,29.0,8,64.5,1,65.0,80.0,62.75,15.0,1,2026-07-24,1
50,1,46.2,84.0,20.0,6,51.3,7,40.0,33.333333333333336,67.65,-6.666666666666664,1,2026-07-24,0
51,1,87.73571428571428,100.0,50.0,14,97.9,0,89.0,82.5,93.95,-6.5,1,2026-07-24,0
52,1,71.03333333333333,100.0,50.0,15,68.0,0,82.0,67.0,61.5,-15.0,1,2026-07-24,0
53,1,57.03333333333333,100.0,19.7,7,19.7,5,72.0,50.0,44.6,-22.0,1,2026-07-24,1
54,1,74.99230769230769,100.0,30.0,10,76.45,3,67.5,97.5,62.225,30.0,1,2026-07-24,1
55,1,45.13636363636363,75.0,0.0,4,44.0,7,48.75,20.0,59.5,-28.75,1,2026-07-24,1
56,1,78.56666666666666,100.0,0.0,14,84.0,1,92.0,59.0,87.0,-33.0,1,2026-07-24,0
57,1,57.333333333333336,100.0,10.0,5,62.0,1,100.0,0.0,58.5,0.0,1,2026-07-24,1
58,1,26.375,55.0,0.0,4,53.75,8,17.5,6.666666666666667,54.375,-10.833333333333332,1,2026-07-24,1
59,1,55.67777777777778,85.0,29.0,6,36.05,3,78.33333333333333,55.0,45.525,-23.33333333333333,1,2026-07-24,1
60,1,90.91333333333334,100.0,80.0,15,84.15,0,91.8,91.0,89.575,-0.7999999999999972,1,2026-07-24,0
61,1,91.0,100.0,60.0,15,80.0,0,98.0,88.0,85.5,-10.0,1,2026-07-24,0
62,1,74.58,95.0,50.0,15,88.35,0,79.0,69.0,76.175,-10.0,1,2026-07-24,1
63,1,79.5,100.0,40.0,13,65.5,1,88.0,75.0,74.75,-13.0,1,2026-07-24,1
64,1,48.73,80.0,10.0,7,65.65,3,40.0,50.0,61.325,10.0,1,2026-07-24,1
65,1,83.24666666666667,95.0,58.0,15,88.4,0,83.8,90.0,73.2,6.200000000000003,1,2026-07-24,0
66,1,74.21333333333334,100.0,30.0,14,72.35,1,66.0,77.0,81.675,11.0,1,2026-07-24,1
67,1,87.22666666666667,100.0,67.7,15,67.7,0,96.0,86.0,76.85,-10.0,1,2026-07-24,0
68,1,75.48666666666666,100.0,30.0,12,41.65,3,72.0,90.0,60.325,18.0,1,2026-07-24,1
69,1,71.59466666666667,100.0,47.21,13,47.21,2,74.0,75.0,63.605,1.0,1,2026-07-24,0
70,1,95.83733333333332,100.0,88.28,15,88.28,0,98.0,96.0,92.64,-2.0,1,2026-07-24,0
71,1,54.642857142857146,80.0,0.0,10,66.0,4,55.0,42.0,73.0,-13.0,1,2026-07-24,1
72,1,75.97333333333333,100.0,40.0,14,96.3,1,80.0,62.0,89.65,-18.0,1,2026-07-24,0
73,1,53.4,100.0,0.0,5,0.0,5,80.0,75.0,9.333333333333334,-5.0,1,2026-07-24,1
74,1,76.5,95.0,30.0,14,50.0,1,76.0,81.0,71.0,5.0,1,2026-07-24,0
75,1,73.39285714285714,100.0,40.0,11,41.0,3,70.0,93.75,57.5,23.75,1,2026-07-24,0
76,1,64.23333333333333,100.0,20.0,11,45.0,4,76.0,61.0,52.5,-15.0,1,2026-07-24,0
77,1,70.47,100.0,38.0,9,89.35,1,70.0,100.0,71.675,30.0,1,2026-07-24,0
78,1,76.72142857142856,100.0,50.0,14,73.3,0,71.25,78.0,82.9,6.75,1,2026-07-24,1
79,1,70.85714285714286,100.0,40.0,13,63.0,1,86.0,65.0,58.25,-21.0,1,2026-07-24,0
80,1,81.77333333333333,100.0,65.0,15,79.3,0,86.0,78.0,81.15,-8.0,1,2026-07-24,0
81,1,35.906666666666666,75.0,10.0,4,48.8,11,15.0,55.0,38.4,40.0,1,2026-07-24,1
82,1,92.12666666666668,100.0,70.0,15,88.7,0,90.0,93.0,93.85,3.0,1,2026-07-24,0
83,1,68.04,100.0,40.0,12,45.3,3,69.0,79.0,51.65,10.0,1,2026-07-24,1
84,1,83.09333333333333,100.0,69.0,15,70.2,0,84.0,92.0,69.6,8.0,1,2026-07-24,0
85,1,69.76666666666667,100.0,0.0,10,0.0,5,79.0,100.0,15.5,21.0,1,2026-07-24,1
86,1,57.76666666666667,100.0,20.0,8,68.1,4,65.0,43.333333333333336,66.05,-21.666666666666664,1,2026-07-24,1
87,1,59.17857142857143,100.0,0.0,9,56.0,5,55.0,75.0,49.0,20.0,1,2026-07-24,1
88,1,74.33333333333333,100.0,0.0,7,86.5,2,75.0,0.0,84.75,0.0,1,2026-07-24,0
89,1,14.0,38.0,0.0,0,38.0,8,0.0,0.0,28.0,0.0,1,2026-07-24,1
90,1,87.90666666666667,100.0,79.0,15,82.55,0,92.0,89.0,80.775,-3.0,1,2026-07-24,0
91,1,84.86,100.0,50.0,15,84.95,0,74.0,92.0,89.975,18.0,1,2026-07-24,0
92,1,78.85,100.0,43.5,9,72.5,1,78.33333333333333,100.0,77.5,21.66666666666667,1,2026-07-24,1
93,1,32.19230769230769,60.0,0.0,3,23.0,10,41.0,26.666666666666668,26.25,-14.333333333333332,1,2026-07-24,1
94,1,53.785714285714285,90.0,17.0,8,17.0,6,75.0,56.25,23.25,-18.75,1,2026-07-24,0
96,1,68.36,100.0,1.2,11,1.2,4,82.0,88.0,22.6,6.0,1,2026-07-24,1
97,1,76.825,100.0,55.5,12,55.7,0,88.33333333333333,72.5,77.85,-15.833333333333329,1,2026-07-24,1
98,1,51.275,100.0,0.0,5,73.1,3,40.0,0.0,69.55,0.0,1,2026-07-24,1
99,1,74.25,100.0,0.0,13,79.0,1,90.0,53.75,77.0,-36.25,1,2026-07-24,0
100,1,41.15,75.0,0.0,5,0.0,5,61.25,50.0,21.75,-11.25,1,2026-07-24,1
101,1,71.86666666666666,90.0,43.0,13,67.0,2,74.0,82.0,55.0,8.0,1,2026-07-24,1
102,1,10.375,25.0,0.0,0,0.0,8,16.666666666666668,20.0,2.0,3.333333333333332,1,2026-07-24,1
103,1,89.96666666666667,100.0,40.0,13,93.0,2,97.0,100.0,66.5,3.0,1,2026-07-24,0
104,1,91.53333333333332,100.0,75.0,15,94.0,0,96.0,86.0,93.0,-10.0,1,2026-07-24,0
105,1,65.48333333333333,90.0,25.0,10,65.65,2,76.0,57.5,60.325,-18.5,1,2026-07-24,1
106,1,48.75714285714286,100.0,0.0,8,32.8,6,46.0,60.0,41.4,14.0,1,2026-07-24,1
107,1,68.35714285714286,100.0,30.0,13,77.0,1,70.0,65.0,71.5,-5.0,1,2026-07-24,0
108,1,58.46428571428572,85.0,0.0,12,76.0,2,70.0,38.75,65.75,-31.25,1,2026-07-24,0
109,1,68.95454545454545,90.0,43.5,10,85.0,1,67.5,82.5,70.0,15.0,1,2026-07-24,0
110,1,51.2,70.0,27.0,6,58.5,4,56.66666666666666,50.0,53.75,-6.666666666666664,1,2026-07-24,1
111,1,81.69999999999999,100.0,63.3,13,63.3,0,99.0,76.66666666666667,66.15,-22.33333333333333,1,2026-07-24,1
112,1,67.51428571428572,100.0,30.0,12,52.85,2,53.75,82.0,64.425,28.25,1,2026-07-24,0
113,1,31.466666666666665,75.0,0.0,5,62.0,10,17.0,19.0,68.5,2.0,1,2026-07-24,1
114,1,80.2,100.0,60.0,15,86.0,0,83.0,81.0,75.25,-2.0,1,2026-07-24,0
115,1,73.57142857142857,100.0,50.0,14,65.0,0,84.0,70.0,65.0,-14.0,1,2026-07-24,0
116,1,50.48333333333333,78.0,0.0,4,73.45,2,0.0,0.0,75.725,0.0,1,2026-07-24,1
117,1,92.2,100.0,50.0,15,91.5,0,100.0,100.0,70.75,0.0,1,2026-07-24,0
118,1,79.42,100.0,30.0,14,94.65,1,72.0,80.0,88.825,8.0,1,2026-07-24,0
119,1,69.7,100.0,10.0,11,77.5,4,80.0,67.0,59.25,-13.0,1,2026-07-24,0
120,1,88.57857142857142,100.0,64.0,14,83.05,0,100.0,92.0,73.525,-8.0,1,2026-07-24,0
121,1,48.625,80.0,18.5,5,31.75,3,65.0,55.0,46.375,-10.0,1,2026-07-24,1
122,1,92.64,100.0,78.73,14,78.73,0,100.0,96.25,80.86500000000001,-3.75,1,2026-07-24,0
123,1,34.05,63.0,0.0,4,63.0,6,36.25,25.0,42.0,-11.25,1,2026-07-24,1
124,1,80.41333333333334,95.0,69.0,15,72.1,0,83.0,85.0,70.55,2.0,1,2026-07-24,0
125,1,85.4,100.0,70.0,15,73.5,0,88.0,92.0,72.75,4.0,1,2026-07-24,0
126,1,65.63333333333334,100.0,0.0,12,54.0,3,72.0,55.0,71.5,-17.0,1,2026-07-24,0
127,1,38.95454545454545,85.0,0.0,6,0.0,5,42.0,85.0,26.0,43.0,1,2026-07-24,1
128,1,67.86666666666666,85.0,51.0,12,68.7,0,66.25,81.66666666666667,63.35,15.416666666666671,1,2026-07-24,1
129,1,55.0,100.0,20.0,8,30.0,4,58.0,55.0,55.0,-3.0,1,2026-07-24,1
130,1,64.725,100.0,23.0,6,57.4,2,76.66666666666667,0.0,66.2,0.0,1,2026-07-24,1
131,1,87.54666666666667,100.0,76.35,15,76.35,0,91.0,84.0,87.675,-7.0,1,2026-07-24,0
132,1,79.64999999999999,100.0,50.0,14,95.55,0,78.0,72.5,91.775,-5.5,1,2026-07-24,0
133,1,24.685714285714287,50.0,0.0,1,28.9,6,50.0,0.0,29.45,-50.0,1,2026-07-24,1
134,1,54.333333333333336,95.0,20.0,7,62.0,5,36.66666666666666,72.5,53.0,35.833333333333336,1,2026-07-24,1
135,1,78.47857142857143,100.0,37.0,12,50.35,2,96.0,90.0,43.675,-6.0,1,2026-07-24,1
136,1,73.15714285714286,83.85,65.0,14,83.85,0,75.0,71.0,75.925,-4.0,1,2026-07-24,0
137,1,78.88000000000001,100.0,50.35,15,50.35,0,89.0,88.0,52.425,-1.0,1,2026-07-24,1
138,1,74.6923076923077,100.0,30.0,11,88.5,2,71.25,78.75,77.75,7.5,1,2026-07-24,1
139,1,45.61538461538461,80.0,0.0,8,65.0,5,46.0,26.666666666666668,63.0,-19.33333333333333,1,2026-07-24,1
140,1,5.5,20.0,0.0,0,0.0,4,20.0,0.0,0.0,0.0,1,2026-07-24,1
141,1,55.29,100.0,30.0,8,43.78,6,61.0,40.0,65.64,-21.0,1,2026-07-24,1
142,1,89.41428571428571,100.0,75.0,14,95.9,0,92.5,90.0,87.45,-2.5,1,2026-07-24,0
143,1,45.142857142857146,90.0,0.0,3,0.0,4,55.0,30.0,54.0,-25.0,1,2026-07-24,1
144,1,62.5,95.0,0.0,7,87.0,3,60.0,72.5,58.0,12.5,1,2026-07-24,0
145,1,58.875,100.0,0.0,5,0.0,3,77.5,0.0,43.333333333333336,0.0,1,2026-07-24,1
146,1,60.07142857142857,75.0,14.5,6,55.5,1,72.5,0.0,65.25,0.0,1,2026-07-24,1
147,1,65.25,100.0,12.75,6,12.75,4,92.5,40.0,50.375,-52.5,1,2026-07-24,1
148,1,58.28888888888889,100.0,30.0,5,55.8,4,93.33333333333331,30.0,45.9,-63.33333333333333,1,2026-07-24,1
149,1,87.92857142857143,100.0,62.75,14,62.75,0,99.0,97.5,64.375,-1.5,1,2026-07-24,0
150,1,90.15,100.0,49.0,12,95.3,2,97.0,100.0,72.15,3.0,1,2026-07-24,0
151,1,53.9,100.0,0.0,6,0.0,4,45.0,80.0,0.0,35.0,1,2026-07-24,1
152,1,19.5,38.0,0.0,0,38.0,8,5.0,10.0,33.5,5.0,1,2026-07-24,1
153,1,52.29230769230769,65.0,10.0,10,60.4,3,51.0,45.0,62.7,-6.0,1,2026-07-24,1
154,1,11.4,50.0,0.0,1,0.0,4,0.0,50.0,0.6666666666666666,0.0,1,2026-07-24,1
155,1,0.0,0.0,0.0,0,0.0,6,0.0,0.0,0.0,0.0,1,2026-07-24,1
156,1,84.06,100.0,50.0,15,82.7,0,82.0,83.0,88.35,1.0,1,2026-07-24,1
157,1,19.15,80.0,0.0,2,0.0,8,29.0,0.0,10.666666666666666,-29.0,1,2026-07-24,1
158,1,8.25,33.0,0.0,0,0.0,8,0.0,0.0,22.0,0.0,1,2026-07-24,1
159,1,34.5,90.0,0.0,2,0.0,4,75.0,0.0,14.0,0.0,1,2026-07-24,1
160,1,12.5,50.0,0.0,2,0.0,6,0.0,0.0,25.0,0.0,1,2026-07-24,1
161,1,20.166666666666668,50.0,0.0,1,0.0,5,36.66666666666666,0.0,0.0,0.0,1,2026-07-24,1
162,1,29.791666666666668,80.0,0.0,5,0.0,7,49.0,40.0,0.0,-9.0,1,2026-07-24,1
163,1,67.22222222222223,100.0,0.0,7,0.0,2,90.0,100.0,0.0,10.0,1,2026-07-24,1
164,1,0.0,0.0,0.0,0,0.0,3,0.0,0.0,0.0,0.0,1,2026-07-24,1
165,1,33.0,80.0,0.0,2,0.0,3,75.0,0.0,0.0,0.0,1,2026-07-24,1
166,1,5.5,20.0,0.0,0,0.0,4,20.0,0.0,0.0,0.0,1,2026-07-24,1
167,1,0.0,0.0,0.0,0,0.0,5,0.0,0.0,0.0,0.0,1,2026-07-24,1
168,1,23.375,85.0,0.0,1,0.0,3,85.0,0.0,0.0,0.0,1,2026-07-24,1
169,1,0.0,0.0,0.0,0,0.0,6,0.0,0.0,0.0,0.0,1,2026-07-24,1
170,1,0.0,0.0,0.0,0,0.0,4,0.0,0.0,0.0,0.0,1,2026-07-24,1
171,1,0.0,0.0,0.0,0,0.0,7,0.0,0.0,0.0,0.0,1,2026-07-24,1
2,1,70.53999999999999,100.0,0.0,10,44.8,5,95.0,72.0,34.9,-23.0,1,2026-07-25,1
4,1,83.28666666666666,100.0,60.0,15,61.9,0,79.0,98.0,68.95,19.0,1,2026-07-25,1
5,1,86.00666666666666,100.0,10.0,14,93.05,1,71.0,97.0,91.525,26.0,1,2026-07-25,0
7,1,53.53333333333333,80.0,31.0,9,68.0,6,51.0,59.0,49.5,8.0,1,2026-07-25,1
8,1,57.940000000000005,94.0,0.0,11,71.05,4,46.0,52.0,82.525,6.0,1,2026-07-25,1
9,1,67.83733333333333,100.0,0.0,12,52.28,3,94.0,40.0,70.14,-54.0,1,2026-07-25,0
10,1,60.08181818181818,95.0,10.0,6,84.7,5,56.25,70.0,64.85,13.75,1,2026-07-25,1
11,1,77.07142857142857,100.0,0.0,12,0.0,2,88.0,78.0,55.333333333333336,-10.0,1,2026-07-25,1
12,1,79.43333333333334,100.0,40.0,14,87.0,1,86.0,79.0,71.0,-7.0,1,2026-07-25,0
13,1,98.49333333333334,100.0,88.7,15,88.7,0,100.0,100.0,94.35,0.0,1,2026-07-25,0
14,1,82.82142857142857,100.0,0.0,13,0.0,1,90.0,91.0,54.66666666666666,1.0,1,2026-07-25,0
15,1,88.74666666666667,100.0,70.0,15,81.1,0,92.0,94.0,77.05,2.0,1,2026-07-25,0
16,1,68.83333333333333,100.0,0.0,12,20.25,3,86.0,66.0,49.125,-20.0,1,2026-07-25,0
17,1,35.857142857142854,100.0,0.0,3,0.0,4,73.33333333333333,0.0,3.0,0.0,1,2026-07-25,1
18,1,0.0,0.0,0.0,0,0.0,6,0.0,0.0,0.0,0.0,1,2026-07-25,1
19,1,93.65333333333334,100.0,70.0,15,93.15,0,90.0,97.0,94.075,7.0,1,2026-07-25,0
20,1,53.875,100.0,20.0,4,65.0,4,100.0,20.0,47.25,-80.0,1,2026-07-25,1
21,1,67.8875,100.0,26.5,7,62.3,1,97.5,70.0,62.9,-27.5,1,2026-07-25,0
22,1,96.584,100.0,88.13,15,88.13,0,98.0,97.0,94.065,-1.0,1,2026-07-25,0
23,1,85.1,100.0,55.5,15,74.0,0,94.0,91.0,64.75,-3.0,1,2026-07-25,0
24,1,83.38888888888889,100.0,38.5,8,75.5,1,96.25,0.0,81.75,0.0,1,2026-07-25,1
25,1,77.36,100.0,46.2,13,46.2,2,81.0,83.0,64.6,2.0,1,2026-07-25,1
26,1,38.083333333333336,70.0,0.0,4,0.0,8,56.66666666666666,36.0,24.0,-20.666666666666664,1,2026-07-25,1
27,1,51.68461538461538,80.0,30.0,6,46.45,7,60.0,50.0,44.225,-10.0,1,2026-07-25,1
28,1,26.125,95.0,0.0,1,0.0,3,0.0,95.0,0.0,0.0,1,2026-07-25,1
29,1,75.61428571428571,100.0,56.05,14,56.05,0,83.0,85.0,57.025,2.0,1,2026-07-25,0
30,1,41.66666666666666,95.0,5.5,4,5.5,5,52.5,0.0,36.0,0.0,1,2026-07-25,1
31,1,90.15333333333334,100.0,65.8,15,65.8,0,97.4,90.0,80.4,-7.400000000000006,1,2026-07-25,0
32,1,84.09285714285714,100.0,59.0,14,59.4,0,91.25,98.0,59.2,6.75,1,2026-07-25,0
33,1,88.39666666666668,100.0,60.0,15,91.3,0,78.0,100.0,86.7375,22.0,1,2026-07-25,1
34,1,76.96153846153847,100.0,20.0,11,83.0,2,81.0,73.33333333333333,78.25,-7.666666666666671,1,2026-07-25,1
35,1,84.97333333333333,100.0,70.35,15,70.35,0,87.8,90.0,74.175,2.200000000000003,1,2026-07-25,1
36,1,67.6,90.0,35.0,13,64.5,2,67.0,63.0,74.75,-4.0,1,2026-07-25,0
37,1,77.27142857142857,95.0,55.0,14,81.4,0,79.0,73.75,80.7,-5.25,1,2026-07-25,0
38,1,67.25333333333333,92.0,35.0,12,79.65,3,62.0,59.0,85.825,-3.0,1,2026-07-25,1
39,1,81.94266666666667,100.0,61.57,15,61.57,0,94.0,82.0,65.285,-12.0,1,2026-07-25,0
40,1,62.392857142857146,100.0,19.0,12,19.0,2,75.0,72.5,35.5,-2.5,1,2026-07-25,1
41,1,38.9,60.0,0.0,5,46.0,5,40.0,55.0,30.666666666666668,15.0,1,2026-07-25,1
42,1,84.34615384615384,100.0,60.0,13,60.0,0,91.0,93.33333333333331,72.0,2.3333333333333286,1,2026-07-25,0
43,1,82.27857142857144,100.0,45.0,13,85.95,1,85.0,88.0,73.475,3.0,1,2026-07-25,1
44,1,83.9076923076923,100.0,67.9,13,67.9,0,93.0,88.33333333333333,71.95,-4.666666666666671,1,2026-07-25,0
45,1,89.08666666666666,100.0,65.0,15,79.15,0,88.0,92.0,86.575,4.0,1,2026-07-25,0
46,1,72.78666666666666,90.0,40.0,14,69.65,1,69.0,82.0,65.325,13.0,1,2026-07-25,1
47,1,83.44666666666667,100.0,60.0,15,75.85,0,81.0,87.0,81.925,6.0,1,2026-07-25,1
48,1,72.25733333333332,100.0,25.0,12,51.43,3,86.0,56.0,75.715,-30.0,1,2026-07-25,1
49,1,63.333333333333336,100.0,29.0,8,64.5,1,65.0,80.0,62.75,15.0,1,2026-07-25,1
50,1,46.2,84.0,20.0,6,51.3,7,40.0,33.333333333333336,67.65,-6.666666666666664,1,2026-07-25,0
51,1,87.73571428571428,100.0,50.0,14,97.9,0,89.0,82.5,93.95,-6.5,1,2026-07-25,0
52,1,71.03333333333333,100.0,50.0,15,68.0,0,82.0,67.0,61.5,-15.0,1,2026-07-25,0
53,1,57.03333333333333,100.0,19.7,7,19.7,5,72.0,50.0,44.6,-22.0,1,2026-07-25,1
54,1,74.99230769230769,100.0,30.0,10,76.45,3,67.5,97.5,62.225,30.0,1,2026-07-25,1
55,1,45.13636363636363,75.0,0.0,4,44.0,7,48.75,20.0,59.5,-28.75,1,2026-07-25,1
56,1,78.56666666666666,100.0,0.0,14,84.0,1,92.0,59.0,87.0,-33.0,1,2026-07-25,0
57,1,57.333333333333336,100.0,10.0,5,62.0,1,100.0,0.0,58.5,0.0,1,2026-07-25,1
58,1,26.375,55.0,0.0,4,53.75,8,17.5,6.666666666666667,54.375,-10.833333333333332,1,2026-07-25,1
59,1,55.67777777777778,85.0,29.0,6,36.05,3,78.33333333333333,55.0,45.525,-23.33333333333333,1,2026-07-25,1
60,1,90.91333333333334,100.0,80.0,15,84.15,0,91.8,91.0,89.575,-0.7999999999999972,1,2026-07-25,0
61,1,91.0,100.0,60.0,15,80.0,0,98.0,88.0,85.5,-10.0,1,2026-07-25,0
62,1,74.58,95.0,50.0,15,88.35,0,79.0,69.0,76.175,-10.0,1,2026-07-25,1
63,1,79.5,100.0,40.0,13,65.5,1,88.0,75.0,74.75,-13.0,1,2026-07-25,1
64,1,48.73,80.0,10.0,7,65.65,3,40.0,50.0,61.325,10.0,1,2026-07-25,1
65,1,83.24666666666667,95.0,58.0,15,88.4,0,83.8,90.0,73.2,6.200000000000003,1,2026-07-25,0
66,1,74.21333333333334,100.0,30.0,14,72.35,1,66.0,77.0,81.675,11.0,1,2026-07-25,1
67,1,87.22666666666667,100.0,67.7,15,67.7,0,96.0,86.0,76.85,-10.0,1,2026-07-25,0
68,1,75.48666666666666,100.0,30.0,12,41.65,3,72.0,90.0,60.325,18.0,1,2026-07-25,1
69,1,71.59466666666667,100.0,47.21,13,47.21,2,74.0,75.0,63.605,1.0,1,2026-07-25,0
70,1,95.83733333333332,100.0,88.28,15,88.28,0,98.0,96.0,92.64,-2.0,1,2026-07-25,0
71,1,54.642857142857146,80.0,0.0,10,66.0,4,55.0,42.0,73.0,-13.0,1,2026-07-25,1
72,1,75.97333333333333,100.0,40.0,14,96.3,1,80.0,62.0,89.65,-18.0,1,2026-07-25,0
73,1,53.4,100.0,0.0,5,0.0,5,80.0,75.0,9.333333333333334,-5.0,1,2026-07-25,1
74,1,76.5,95.0,30.0,14,50.0,1,76.0,81.0,71.0,5.0,1,2026-07-25,0
75,1,73.39285714285714,100.0,40.0,11,41.0,3,70.0,93.75,57.5,23.75,1,2026-07-25,0
76,1,64.23333333333333,100.0,20.0,11,45.0,4,76.0,61.0,52.5,-15.0,1,2026-07-25,0
77,1,70.47,100.0,38.0,9,89.35,1,70.0,100.0,71.675,30.0,1,2026-07-25,0
78,1,76.72142857142856,100.0,50.0,14,73.3,0,71.25,78.0,82.9,6.75,1,2026-07-25,1
79,1,70.85714285714286,100.0,40.0,13,63.0,1,86.0,65.0,58.25,-21.0,1,2026-07-25,0
80,1,81.77333333333333,100.0,65.0,15,79.3,0,86.0,78.0,81.15,-8.0,1,2026-07-25,0
81,1,35.906666666666666,75.0,10.0,4,48.8,11,15.0,55.0,38.4,40.0,1,2026-07-25,1
82,1,92.12666666666668,100.0,70.0,15,88.7,0,90.0,93.0,93.85,3.0,1,2026-07-25,0
83,1,68.04,100.0,40.0,12,45.3,3,69.0,79.0,51.65,10.0,1,2026-07-25,1
84,1,83.09333333333333,100.0,69.0,15,70.2,0,84.0,92.0,69.6,8.0,1,2026-07-25,0
85,1,69.76666666666667,100.0,0.0,10,0.0,5,79.0,100.0,15.5,21.0,1,2026-07-25,1
86,1,57.76666666666667,100.0,20.0,8,68.1,4,65.0,43.333333333333336,66.05,-21.666666666666664,1,2026-07-25,1
87,1,59.17857142857143,100.0,0.0,9,56.0,5,55.0,75.0,49.0,20.0,1,2026-07-25,1
88,1,74.33333333333333,100.0,0.0,7,86.5,2,75.0,0.0,84.75,0.0,1,2026-07-25,0
89,1,14.0,38.0,0.0,0,38.0,8,0.0,0.0,28.0,0.0,1,2026-07-25,1
90,1,87.90666666666667,100.0,79.0,15,82.55,0,92.0,89.0,80.775,-3.0,1,2026-07-25,0
91,1,84.86,100.0,50.0,15,84.95,0,74.0,92.0,89.975,18.0,1,2026-07-25,0
92,1,78.85,100.0,43.5,9,72.5,1,78.33333333333333,100.0,77.5,21.66666666666667,1,2026-07-25,1
93,1,32.19230769230769,60.0,0.0,3,23.0,10,41.0,26.666666666666668,26.25,-14.333333333333332,1,2026-07-25,1
94,1,53.785714285714285,90.0,17.0,8,17.0,6,75.0,56.25,23.25,-18.75,1,2026-07-25,0
96,1,68.36,100.0,1.2,11,1.2,4,82.0,88.0,22.6,6.0,1,2026-07-25,1
97,1,76.825,100.0,55.5,12,55.7,0,88.33333333333333,72.5,77.85,-15.833333333333329,1,2026-07-25,1
98,1,51.275,100.0,0.0,5,73.1,3,40.0,0.0,69.55,0.0,1,2026-07-25,1
99,1,74.25,100.0,0.0,13,79.0,1,90.0,53.75,77.0,-36.25,1,2026-07-25,0
100,1,41.15,75.0,0.0,5,0.0,5,61.25,50.0,21.75,-11.25,1,2026-07-25,1
101,1,71.86666666666666,90.0,43.0,13,67.0,2,74.0,82.0,55.0,8.0,1,2026-07-25,1
102,1,10.375,25.0,0.0,0,0.0,8,16.666666666666668,20.0,2.0,3.333333333333332,1,2026-07-25,1
103,1,89.96666666666667,100.0,40.0,13,93.0,2,97.0,100.0,66.5,3.0,1,2026-07-25,0
104,1,91.53333333333332,100.0,75.0,15,94.0,0,96.0,86.0,93.0,-10.0,1,2026-07-25,0
105,1,65.48333333333333,90.0,25.0,10,65.65,2,76.0,57.5,60.325,-18.5,1,2026-07-25,1
106,1,48.75714285714286,100.0,0.0,8,32.8,6,46.0,60.0,41.4,14.0,1,2026-07-25,1
107,1,68.35714285714286,100.0,30.0,13,77.0,1,70.0,65.0,71.5,-5.0,1,2026-07-25,0
108,1,58.46428571428572,85.0,0.0,12,76.0,2,70.0,38.75,65.75,-31.25,1,2026-07-25,0
109,1,68.95454545454545,90.0,43.5,10,85.0,1,67.5,82.5,70.0,15.0,1,2026-07-25,0
110,1,51.2,70.0,27.0,6,58.5,4,56.66666666666666,50.0,53.75,-6.666666666666664,1,2026-07-25,1
111,1,81.69999999999999,100.0,63.3,13,63.3,0,99.0,76.66666666666667,66.15,-22.33333333333333,1,2026-07-25,1
112,1,67.51428571428572,100.0,30.0,12,52.85,2,53.75,82.0,64.425,28.25,1,2026-07-25,0
113,1,31.466666666666665,75.0,0.0,5,62.0,10,17.0,19.0,68.5,2.0,1,2026-07-25,1
114,1,80.2,100.0,60.0,15,86.0,0,83.0,81.0,75.25,-2.0,1,2026-07-25,0
115,1,73.57142857142857,100.0,50.0,14,65.0,0,84.0,70.0,65.0,-14.0,1,2026-07-25,0
116,1,50.48333333333333,78.0,0.0,4,73.45,2,0.0,0.0,75.725,0.0,1,2026-07-25,1
117,1,92.2,100.0,50.0,15,91.5,0,100.0,100.0,70.75,0.0,1,2026-07-25,0
118,1,79.42,100.0,30.0,14,94.65,1,72.0,80.0,88.825,8.0,1,2026-07-25,0
119,1,69.7,100.0,10.0,11,77.5,4,80.0,67.0,59.25,-13.0,1,2026-07-25,0
120,1,88.57857142857142,100.0,64.0,14,83.05,0,100.0,92.0,73.525,-8.0,1,2026-07-25,0
121,1,48.625,80.0,18.5,5,31.75,3,65.0,55.0,46.375,-10.0,1,2026-07-25,1
122,1,92.64,100.0,78.73,14,78.73,0,100.0,96.25,80.86500000000001,-3.75,1,2026-07-25,0
123,1,34.05,63.0,0.0,4,63.0,6,36.25,25.0,42.0,-11.25,1,2026-07-25,1
124,1,80.41333333333334,95.0,69.0,15,72.1,0,83.0,85.0,70.55,2.0,1,2026-07-25,0
125,1,85.4,100.0,70.0,15,73.5,0,88.0,92.0,72.75,4.0,1,2026-07-25,0
126,1,65.63333333333334,100.0,0.0,12,54.0,3,72.0,55.0,71.5,-17.0,1,2026-07-25,0
127,1,38.95454545454545,85.0,0.0,6,0.0,5,42.0,85.0,26.0,43.0,1,2026-07-25,1
128,1,67.86666666666666,85.0,51.0,12,68.7,0,66.25,81.66666666666667,63.35,15.416666666666671,1,2026-07-25,1
129,1,55.0,100.0,20.0,8,30.0,4,58.0,55.0,55.0,-3.0,1,2026-07-25,1
130,1,64.725,100.0,23.0,6,57.4,2,76.66666666666667,0.0,66.2,0.0,1,2026-07-25,1
131,1,87.54666666666667,100.0,76.35,15,76.35,0,91.0,84.0,87.675,-7.0,1,2026-07-25,0
132,1,79.64999999999999,100.0,50.0,14,95.55,0,78.0,72.5,91.775,-5.5,1,2026-07-25,0
133,1,24.685714285714287,50.0,0.0,1,28.9,6,50.0,0.0,29.45,-50.0,1,2026-07-25,1
134,1,54.333333333333336,95.0,20.0,7,62.0,5,36.66666666666666,72.5,53.0,35.833333333333336,1,2026-07-25,1
135,1,78.47857142857143,100.0,37.0,12,50.35,2,96.0,90.0,43.675,-6.0,1,2026-07-25,1
136,1,73.15714285714286,83.85,65.0,14,83.85,0,75.0,71.0,75.925,-4.0,1,2026-07-25,0
137,1,78.88000000000001,100.0,50.35,15,50.35,0,89.0,88.0,52.425,-1.0,1,2026-07-25,1
138,1,74.6923076923077,100.0,30.0,11,88.5,2,71.25,78.75,77.75,7.5,1,2026-07-25,1
139,1,45.61538461538461,80.0,0.0,8,65.0,5,46.0,26.666666666666668,63.0,-19.33333333333333,1,2026-07-25,1
140,1,5.5,20.0,0.0,0,0.0,4,20.0,0.0,0.0,0.0,1,2026-07-25,1
141,1,55.29,100.0,30.0,8,43.78,6,61.0,40.0,65.64,-21.0,1,2026-07-25,1
142,1,89.41428571428571,100.0,75.0,14,95.9,0,92.5,90.0,87.45,-2.5,1,2026-07-25,0
143,1,45.142857142857146,90.0,0.0,3,0.0,4,55.0,30.0,54.0,-25.0,1,2026-07-25,1
144,1,62.5,95.0,0.0,7,87.0,3,60.0,72.5,58.0,12.5,1,2026-07-25,0
145,1,58.875,100.0,0.0,5,0.0,3,77.5,0.0,43.333333333333336,0.0,1,2026-07-25,1
146,1,60.07142857142857,75.0,14.5,6,55.5,1,72.5,0.0,65.25,0.0,1,2026-07-25,1
147,1,65.25,100.0,12.75,6,12.75,4,92.5,40.0,50.375,-52.5,1,2026-07-25,1
148,1,58.28888888888889,100.0,30.0,5,55.8,4,93.33333333333331,30.0,45.9,-63.33333333333333,1,2026-07-25,1
149,1,87.92857142857143,100.0,62.75,14,62.75,0,99.0,97.5,64.375,-1.5,1,2026-07-25,0
150,1,90.15,100.0,49.0,12,95.3,2,97.0,100.0,72.15,3.0,1,2026-07-25,0
151,1,53.9,100.0,0.0,6,0.0,4,45.0,80.0,0.0,35.0,1,2026-07-25,1
152,1,19.5,38.0,0.0,0,38.0,8,5.0,10.0,33.5,5.0,1,2026-07-25,1
153,1,52.29230769230769,65.0,10.0,10,60.4,3,51.0,45.0,62.7,-6.0,1,2026-07-25,1
154,1,11.4,50.0,0.0,1,0.0,4,0.0,50.0,0.6666666666666666,0.0,1,2026-07-25,1
155,1,0.0,0.0,0.0,0,0.0,6,0.0,0.0,0.0,0.0,1,2026-07-25,1
156,1,84.06,100.0,50.0,15,82.7,0,82.0,83.0,88.35,1.0,1,2026-07-25,1
157,1,19.15,80.0,0.0,2,0.0,8,29.0,0.0,10.666666666666666,-29.0,1,2026-07-25,1
158,1,8.25,33.0,0.0,0,0.0,8,0.0,0.0,22.0,0.0,1,2026-07-25,1
159,1,34.5,90.0,0.0,2,0.0,4,75.0,0.0,14.0,0.0,1,2026-07-25,1
160,1,12.5,50.0,0.0,2,0.0,6,0.0,0.0,25.0,0.0,1,2026-07-25,1
161,1,20.166666666666668,50.0,0.0,1,0.0,5,36.66666666666666,0.0,0.0,0.0,1,2026-07-25,1
162,1,29.791666666666668,80.0,0.0,5,0.0,7,49.0,40.0,0.0,-9.0,1,2026-07-25,1
163,1,67.22222222222223,100.0,0.0,7,0.0,2,90.0,100.0,0.0,10.0,1,2026-07-25,1
164,1,0.0,0.0,0.0,0,0.0,3,0.0,0.0,0.0,0.0,1,2026-07-25,1
165,1,33.0,80.0,0.0,2,0.0,3,75.0,0.0,0.0,0.0,1,2026-07-25,1
166,1,5.5,20.0,0.0,0,0.0,4,20.0,0.0,0.0,0.0,1,2026-07-25,1
167,1,0.0,0.0,0.0,0,0.0,5,0.0,0.0,0.0,0.0,1,2026-07-25,1
168,1,23.375,85.0,0.0,1,0.0,3,85.0,0.0,0.0,0.0,1,2026-07-25,1
169,1,0.0,0.0,0.0,0,0.0,6,0.0,0.0,0.0,0.0,1,2026-07-25,1
170,1,0.0,0.0,0.0,0,0.0,4,0.0,0.0,0.0,0.0,1,2026-07-25,1
171,1,0.0,0.0,0.0,0,0.0,7,0.0,0.0,0.0,0.0,1,2026-07-25,1
2,1,70.53999999999999,100.0,0.0,10,44.8,5,95.0,72.0,34.9,-23.0,1,2026-07-26,1
4,1,83.28666666666666,100.0,60.0,15,61.9,0,79.0,98.0,68.95,19.0,1,2026-07-26,1
5,1,86.00666666666666,100.0,10.0,14,93.05,1,71.0,97.0,91.525,26.0,1,2026-07-26,0
7,1,53.53333333333333,80.0,31.0,9,68.0,6,51.0,59.0,49.5,8.0,1,2026-07-26,1
8,1,57.940000000000005,94.0,0.0,11,71.05,4,46.0,52.0,82.525,6.0,1,2026-07-26,1
9,1,67.83733333333333,100.0,0.0,12,52.28,3,94.0,40.0,70.14,-54.0,1,2026-07-26,0
10,1,60.08181818181818,95.0,10.0,6,84.7,5,56.25,70.0,64.85,13.75,1,2026-07-26,1
11,1,77.07142857142857,100.0,0.0,12,0.0,2,88.0,78.0,55.333333333333336,-10.0,1,2026-07-26,1
12,1,79.43333333333334,100.0,40.0,14,87.0,1,86.0,79.0,71.0,-7.0,1,2026-07-26,0
13,1,98.49333333333334,100.0,88.7,15,88.7,0,100.0,100.0,94.35,0.0,1,2026-07-26,0
14,1,82.82142857142857,100.0,0.0,13,0.0,1,90.0,91.0,54.66666666666666,1.0,1,2026-07-26,0
15,1,88.74666666666667,100.0,70.0,15,81.1,0,92.0,94.0,77.05,2.0,1,2026-07-26,0
16,1,68.83333333333333,100.0,0.0,12,20.25,3,86.0,66.0,49.125,-20.0,1,2026-07-26,0
17,1,35.857142857142854,100.0,0.0,3,0.0,4,73.33333333333333,0.0,3.0,0.0,1,2026-07-26,1
18,1,0.0,0.0,0.0,0,0.0,6,0.0,0.0,0.0,0.0,1,2026-07-26,1
19,1,93.65333333333334,100.0,70.0,15,93.15,0,90.0,97.0,94.075,7.0,1,2026-07-26,0
20,1,53.875,100.0,20.0,4,65.0,4,100.0,20.0,47.25,-80.0,1,2026-07-26,1
21,1,67.8875,100.0,26.5,7,62.3,1,97.5,70.0,62.9,-27.5,1,2026-07-26,0
22,1,96.584,100.0,88.13,15,88.13,0,98.0,97.0,94.065,-1.0,1,2026-07-26,0
23,1,85.1,100.0,55.5,15,74.0,0,94.0,91.0,64.75,-3.0,1,2026-07-26,0
24,1,83.38888888888889,100.0,38.5,8,75.5,1,96.25,0.0,81.75,0.0,1,2026-07-26,1
25,1,77.36,100.0,46.2,13,46.2,2,81.0,83.0,64.6,2.0,1,2026-07-26,1
26,1,38.083333333333336,70.0,0.0,4,0.0,8,56.66666666666666,36.0,24.0,-20.666666666666664,1,2026-07-26,1
27,1,51.68461538461538,80.0,30.0,6,46.45,7,60.0,50.0,44.225,-10.0,1,2026-07-26,1
28,1,26.125,95.0,0.0,1,0.0,3,0.0,95.0,0.0,0.0,1,2026-07-26,1
29,1,75.61428571428571,100.0,56.05,14,56.05,0,83.0,85.0,57.025,2.0,1,2026-07-26,0
30,1,41.66666666666666,95.0,5.5,4,5.5,5,52.5,0.0,36.0,0.0,1,2026-07-26,1
31,1,90.15333333333334,100.0,65.8,15,65.8,0,97.4,90.0,80.4,-7.400000000000006,1,2026-07-26,0
32,1,84.09285714285714,100.0,59.0,14,59.4,0,91.25,98.0,59.2,6.75,1,2026-07-26,0
33,1,88.39666666666668,100.0,60.0,15,91.3,0,78.0,100.0,86.7375,22.0,1,2026-07-26,1
34,1,76.96153846153847,100.0,20.0,11,83.0,2,81.0,73.33333333333333,78.25,-7.666666666666671,1,2026-07-26,1
35,1,84.97333333333333,100.0,70.35,15,70.35,0,87.8,90.0,74.175,2.200000000000003,1,2026-07-26,1
36,1,67.6,90.0,35.0,13,64.5,2,67.0,63.0,74.75,-4.0,1,2026-07-26,0
37,1,77.27142857142857,95.0,55.0,14,81.4,0,79.0,73.75,80.7,-5.25,1,2026-07-26,0
38,1,67.25333333333333,92.0,35.0,12,79.65,3,62.0,59.0,85.825,-3.0,1,2026-07-26,1
39,1,81.94266666666667,100.0,61.57,15,61.57,0,94.0,82.0,65.285,-12.0,1,2026-07-26,0
40,1,62.392857142857146,100.0,19.0,12,19.0,2,75.0,72.5,35.5,-2.5,1,2026-07-26,1
41,1,38.9,60.0,0.0,5,46.0,5,40.0,55.0,30.666666666666668,15.0,1,2026-07-26,1
42,1,84.34615384615384,100.0,60.0,13,60.0,0,91.0,93.33333333333331,72.0,2.3333333333333286,1,2026-07-26,0
43,1,82.27857142857144,100.0,45.0,13,85.95,1,85.0,88.0,73.475,3.0,1,2026-07-26,1
44,1,83.9076923076923,100.0,67.9,13,67.9,0,93.0,88.33333333333333,71.95,-4.666666666666671,1,2026-07-26,0
45,1,89.08666666666666,100.0,65.0,15,79.15,0,88.0,92.0,86.575,4.0,1,2026-07-26,0
46,1,72.78666666666666,90.0,40.0,14,69.65,1,69.0,82.0,65.325,13.0,1,2026-07-26,1
47,1,83.44666666666667,100.0,60.0,15,75.85,0,81.0,87.0,81.925,6.0,1,2026-07-26,1
48,1,72.25733333333332,100.0,25.0,12,51.43,3,86.0,56.0,75.715,-30.0,1,2026-07-26,1
49,1,63.333333333333336,100.0,29.0,8,64.5,1,65.0,80.0,62.75,15.0,1,2026-07-26,1
50,1,46.2,84.0,20.0,6,51.3,7,40.0,33.333333333333336,67.65,-6.666666666666664,1,2026-07-26,0
51,1,87.73571428571428,100.0,50.0,14,97.9,0,89.0,82.5,93.95,-6.5,1,2026-07-26,0
52,1,71.03333333333333,100.0,50.0,15,68.0,0,82.0,67.0,61.5,-15.0,1,2026-07-26,0
53,1,57.03333333333333,100.0,19.7,7,19.7,5,72.0,50.0,44.6,-22.0,1,2026-07-26,1
54,1,74.99230769230769,100.0,30.0,10,76.45,3,67.5,97.5,62.225,30.0,1,2026-07-26,1
55,1,45.13636363636363,75.0,0.0,4,44.0,7,48.75,20.0,59.5,-28.75,1,2026-07-26,1
56,1,78.56666666666666,100.0,0.0,14,84.0,1,92.0,59.0,87.0,-33.0,1,2026-07-26,0
57,1,57.333333333333336,100.0,10.0,5,62.0,1,100.0,0.0,58.5,0.0,1,2026-07-26,1
58,1,26.375,55.0,0.0,4,53.75,8,17.5,6.666666666666667,54.375,-10.833333333333332,1,2026-07-26,1
59,1,55.67777777777778,85.0,29.0,6,36.05,3,78.33333333333333,55.0,45.525,-23.33333333333333,1,2026-07-26,1
60,1,90.91333333333334,100.0,80.0,15,84.15,0,91.8,91.0,89.575,-0.7999999999999972,1,2026-07-26,0
61,1,91.0,100.0,60.0,15,80.0,0,98.0,88.0,85.5,-10.0,1,2026-07-26,0
62,1,74.58,95.0,50.0,15,88.35,0,79.0,69.0,76.175,-10.0,1,2026-07-26,1
63,1,79.5,100.0,40.0,13,65.5,1,88.0,75.0,74.75,-13.0,1,2026-07-26,1
64,1,48.73,80.0,10.0,7,65.65,3,40.0,50.0,61.325,10.0,1,2026-07-26,1
65,1,83.24666666666667,95.0,58.0,15,88.4,0,83.8,90.0,73.2,6.200000000000003,1,2026-07-26,0
66,1,74.21333333333334,100.0,30.0,14,72.35,1,66.0,77.0,81.675,11.0,1,2026-07-26,1
67,1,87.22666666666667,100.0,67.7,15,67.7,0,96.0,86.0,76.85,-10.0,1,2026-07-26,0
68,1,75.48666666666666,100.0,30.0,12,41.65,3,72.0,90.0,60.325,18.0,1,2026-07-26,1
69,1,71.59466666666667,100.0,47.21,13,47.21,2,74.0,75.0,63.605,1.0,1,2026-07-26,0
70,1,95.83733333333332,100.0,88.28,15,88.28,0,98.0,96.0,92.64,-2.0,1,2026-07-26,0
71,1,54.642857142857146,80.0,0.0,10,66.0,4,55.0,42.0,73.0,-13.0,1,2026-07-26,1
72,1,75.97333333333333,100.0,40.0,14,96.3,1,80.0,62.0,89.65,-18.0,1,2026-07-26,0
73,1,53.4,100.0,0.0,5,0.0,5,80.0,75.0,9.333333333333334,-5.0,1,2026-07-26,1
74,1,76.5,95.0,30.0,14,50.0,1,76.0,81.0,71.0,5.0,1,2026-07-26,0
75,1,73.39285714285714,100.0,40.0,11,41.0,3,70.0,93.75,57.5,23.75,1,2026-07-26,0
76,1,64.23333333333333,100.0,20.0,11,45.0,4,76.0,61.0,52.5,-15.0,1,2026-07-26,0
77,1,70.47,100.0,38.0,9,89.35,1,70.0,100.0,71.675,30.0,1,2026-07-26,0
78,1,76.72142857142856,100.0,50.0,14,73.3,0,71.25,78.0,82.9,6.75,1,2026-07-26,1
79,1,70.85714285714286,100.0,40.0,13,63.0,1,86.0,65.0,58.25,-21.0,1,2026-07-26,0
80,1,81.77333333333333,100.0,65.0,15,79.3,0,86.0,78.0,81.15,-8.0,1,2026-07-26,0
81,1,35.906666666666666,75.0,10.0,4,48.8,11,15.0,55.0,38.4,40.0,1,2026-07-26,1
82,1,92.12666666666668,100.0,70.0,15,88.7,0,90.0,93.0,93.85,3.0,1,2026-07-26,0
83,1,68.04,100.0,40.0,12,45.3,3,69.0,79.0,51.65,10.0,1,2026-07-26,1
84,1,83.09333333333333,100.0,69.0,15,70.2,0,84.0,92.0,69.6,8.0,1,2026-07-26,0
85,1,69.76666666666667,100.0,0.0,10,0.0,5,79.0,100.0,15.5,21.0,1,2026-07-26,1
86,1,57.76666666666667,100.0,20.0,8,68.1,4,65.0,43.333333333333336,66.05,-21.666666666666664,1,2026-07-26,1
87,1,59.17857142857143,100.0,0.0,9,56.0,5,55.0,75.0,49.0,20.0,1,2026-07-26,1
88,1,74.33333333333333,100.0,0.0,7,86.5,2,75.0,0.0,84.75,0.0,1,2026-07-26,0
89,1,14.0,38.0,0.0,0,38.0,8,0.0,0.0,28.0,0.0,1,2026-07-26,1
90,1,87.90666666666667,100.0,79.0,15,82.55,0,92.0,89.0,80.775,-3.0,1,2026-07-26,0
91,1,84.86,100.0,50.0,15,84.95,0,74.0,92.0,89.975,18.0,1,2026-07-26,0
92,1,78.85,100.0,43.5,9,72.5,1,78.33333333333333,100.0,77.5,21.66666666666667,1,2026-07-26,1
93,1,32.19230769230769,60.0,0.0,3,23.0,10,41.0,26.666666666666668,26.25,-14.333333333333332,1,2026-07-26,1
94,1,53.785714285714285,90.0,17.0,8,17.0,6,75.0,56.25,23.25,-18.75,1,2026-07-26,0
96,1,68.36,100.0,1.2,11,1.2,4,82.0,88.0,22.6,6.0,1,2026-07-26,1
97,1,76.825,100.0,55.5,12,55.7,0,88.33333333333333,72.5,77.85,-15.833333333333329,1,2026-07-26,1
98,1,51.275,100.0,0.0,5,73.1,3,40.0,0.0,69.55,0.0,1,2026-07-26,1
99,1,74.25,100.0,0.0,13,79.0,1,90.0,53.75,77.0,-36.25,1,2026-07-26,0
100,1,41.15,75.0,0.0,5,0.0,5,61.25,50.0,21.75,-11.25,1,2026-07-26,1
101,1,71.86666666666666,90.0,43.0,13,67.0,2,74.0,82.0,55.0,8.0,1,2026-07-26,1
102,1,10.375,25.0,0.0,0,0.0,8,16.666666666666668,20.0,2.0,3.333333333333332,1,2026-07-26,1
103,1,89.96666666666667,100.0,40.0,13,93.0,2,97.0,100.0,66.5,3.0,1,2026-07-26,0
104,1,91.53333333333332,100.0,75.0,15,94.0,0,96.0,86.0,93.0,-10.0,1,2026-07-26,0
105,1,65.48333333333333,90.0,25.0,10,65.65,2,76.0,57.5,60.325,-18.5,1,2026-07-26,1
106,1,48.75714285714286,100.0,0.0,8,32.8,6,46.0,60.0,41.4,14.0,1,2026-07-26,1
107,1,68.35714285714286,100.0,30.0,13,77.0,1,70.0,65.0,71.5,-5.0,1,2026-07-26,0
108,1,58.46428571428572,85.0,0.0,12,76.0,2,70.0,38.75,65.75,-31.25,1,2026-07-26,0
109,1,68.95454545454545,90.0,43.5,10,85.0,1,67.5,82.5,70.0,15.0,1,2026-07-26,0
110,1,51.2,70.0,27.0,6,58.5,4,56.66666666666666,50.0,53.75,-6.666666666666664,1,2026-07-26,1
111,1,81.69999999999999,100.0,63.3,13,63.3,0,99.0,76.66666666666667,66.15,-22.33333333333333,1,2026-07-26,1
112,1,67.51428571428572,100.0,30.0,12,52.85,2,53.75,82.0,64.425,28.25,1,2026-07-26,0
113,1,31.466666666666665,75.0,0.0,5,62.0,10,17.0,19.0,68.5,2.0,1,2026-07-26,1
114,1,80.2,100.0,60.0,15,86.0,0,83.0,81.0,75.25,-2.0,1,2026-07-26,0
115,1,73.57142857142857,100.0,50.0,14,65.0,0,84.0,70.0,65.0,-14.0,1,2026-07-26,0
116,1,50.48333333333333,78.0,0.0,4,73.45,2,0.0,0.0,75.725,0.0,1,2026-07-26,1
117,1,92.2,100.0,50.0,15,91.5,0,100.0,100.0,70.75,0.0,1,2026-07-26,0
118,1,79.42,100.0,30.0,14,94.65,1,72.0,80.0,88.825,8.0,1,2026-07-26,0
119,1,69.7,100.0,10.0,11,77.5,4,80.0,67.0,59.25,-13.0,1,2026-07-26,0
120,1,88.57857142857142,100.0,64.0,14,83.05,0,100.0,92.0,73.525,-8.0,1,2026-07-26,0
121,1,48.625,80.0,18.5,5,31.75,3,65.0,55.0,46.375,-10.0,1,2026-07-26,1
122,1,92.64,100.0,78.73,14,78.73,0,100.0,96.25,80.86500000000001,-3.75,1,2026-07-26,0
123,1,34.05,63.0,0.0,4,63.0,6,36.25,25.0,42.0,-11.25,1,2026-07-26,1
124,1,80.41333333333334,95.0,69.0,15,72.1,0,83.0,85.0,70.55,2.0,1,2026-07-26,0
125,1,85.4,100.0,70.0,15,73.5,0,88.0,92.0,72.75,4.0,1,2026-07-26,0
126,1,65.63333333333334,100.0,0.0,12,54.0,3,72.0,55.0,71.5,-17.0,1,2026-07-26,0
127,1,38.95454545454545,85.0,0.0,6,0.0,5,42.0,85.0,26.0,43.0,1,2026-07-26,1
128,1,67.86666666666666,85.0,51.0,12,68.7,0,66.25,81.66666666666667,63.35,15.416666666666671,1,2026-07-26,1
129,1,55.0,100.0,20.0,8,30.0,4,58.0,55.0,55.0,-3.0,1,2026-07-26,1
130,1,64.725,100.0,23.0,6,57.4,2,76.66666666666667,0.0,66.2,0.0,1,2026-07-26,1
131,1,87.54666666666667,100.0,76.35,15,76.35,0,91.0,84.0,87.675,-7.0,1,2026-07-26,0
132,1,79.64999999999999,100.0,50.0,14,95.55,0,78.0,72.5,91.775,-5.5,1,2026-07-26,0
133,1,24.685714285714287,50.0,0.0,1,28.9,6,50.0,0.0,29.45,-50.0,1,2026-07-26,1
134,1,54.333333333333336,95.0,20.0,7,62.0,5,36.66666666666666,72.5,53.0,35.833333333333336,1,2026-07-26,1
135,1,78.47857142857143,100.0,37.0,12,50.35,2,96.0,90.0,43.675,-6.0,1,2026-07-26,1
136,1,73.15714285714286,83.85,65.0,14,83.85,0,75.0,71.0,75.925,-4.0,1,2026-07-26,0
137,1,78.88000000000001,100.0,50.35,15,50.35,0,89.0,88.0,52.425,-1.0,1,2026-07-26,1
138,1,74.6923076923077,100.0,30.0,11,88.5,2,71.25,78.75,77.75,7.5,1,2026-07-26,1
139,1,45.61538461538461,80.0,0.0,8,65.0,5,46.0,26.666666666666668,63.0,-19.33333333333333,1,2026-07-26,1
140,1,5.5,20.0,0.0,0,0.0,4,20.0,0.0,0.0,0.0,1,2026-07-26,1
141,1,55.29,100.0,30.0,8,43.78,6,61.0,40.0,65.64,-21.0,1,2026-07-26,1
142,1,89.41428571428571,100.0,75.0,14,95.9,0,92.5,90.0,87.45,-2.5,1,2026-07-26,0
143,1,45.142857142857146,90.0,0.0,3,0.0,4,55.0,30.0,54.0,-25.0,1,2026-07-26,1
144,1,62.5,95.0,0.0,7,87.0,3,60.0,72.5,58.0,12.5,1,2026-07-26,0
145,1,58.875,100.0,0.0,5,0.0,3,77.5,0.0,43.333333333333336,0.0,1,2026-07-26,1
146,1,60.07142857142857,75.0,14.5,6,55.5,1,72.5,0.0,65.25,0.0,1,2026-07-26,1
147,1,65.25,100.0,12.75,6,12.75,4,92.5,40.0,50.375,-52.5,1,2026-07-26,1
148,1,58.28888888888889,100.0,30.0,5,55.8,4,93.33333333333331,30.0,45.9,-63.33333333333333,1,2026-07-26,1
149,1,87.92857142857143,100.0,62.75,14,62.75,0,99.0,97.5,64.375,-1.5,1,2026-07-26,0
150,1,90.15,100.0,49.0,12,95.3,2,97.0,100.0,72.15,3.0,1,2026-07-26,0
151,1,53.9,100.0,0.0,6,0.0,4,45.0,80.0,0.0,35.0,1,2026-07-26,1
152,1,19.5,38.0,0.0,0,38.0,8,5.0,10.0,33.5,5.0,1,2026-07-26,1
153,1,52.29230769230769,65.0,10.0,10,60.4,3,51.0,45.0,62.7,-6.0,1,2026-07-26,1
154,1,11.4,50.0,0.0,1,0.0,4,0.0,50.0,0.6666666666666666,0.0,1,2026-07-26,1
155,1,0.0,0.0,0.0,0,0.0,6,0.0,0.0,0.0,0.0,1,2026-07-26,1
156,1,84.06,100.0,50.0,15,82.7,0,82.0,83.0,88.35,1.0,1,2026-07-26,1
157,1,19.15,80.0,0.0,2,0.0,8,29.0,0.0,10.666666666666666,-29.0,1,2026-07-26,1
158,1,8.25,33.0,0.0,0,0.0,8,0.0,0.0,22.0,0.0,1,2026-07-26,1
159,1,34.5,90.0,0.0,2,0.0,4,75.0,0.0,14.0,0.0,1,2026-07-26,1
160,1,12.5,50.0,0.0,2,0.0,6,0.0,0.0,25.0,0.0,1,2026-07-26,1
161,1,20.166666666666668,50.0,0.0,1,0.0,5,36.66666666666666,0.0,0.0,0.0,1,2026-07-26,1
162,1,29.791666666666668,80.0,0.0,5,0.0,7,49.0,40.0,0.0,-9.0,1,2026-07-26,1
163,1,67.22222222222223,100.0,0.0,7,0.0,2,90.0,100.0,0.0,10.0,1,2026-07-26,1
164,1,0.0,0.0,0.0,0,0.0,3,0.0,0.0,0.0,0.0,1,2026-07-26,1
165,1,33.0,80.0,0.0,2,0.0,3,75.0,0.0,0.0,0.0,1,2026-07-26,1
166,1,5.5,20.0,0.0,0,0.0,4,20.0,0.0,0.0,0.0,1,2026-07-26,1
167,1,0.0,0.0,0.0,0,0.0,5,0.0,0.0,0.0,0.0,1,2026-07-26,1
168,1,23.375,85.0,0.0,1,0.0,3,85.0,0.0,0.0,0.0,1,2026-07-26,1
169,1,0.0,0.0,0.0,0,0.0,6,0.0,0.0,0.0,0.0,1,2026-07-26,1
170,1,0.0,0.0,0.0,0,0.0,4,0.0,0.0,0.0,0.0,1,2026-07-26,1
171,1,0.0,0.0,0.0,0,0.0,7,0.0,0.0,0.0,0.0,1,2026-07-26,1
2,1,70.53999999999999,100.0,0.0,10,44.8,5,95.0,72.0,34.9,-23.0,1,2026-07-27,1
4,1,83.28666666666666,100.0,60.0,15,61.9,0,79.0,98.0,68.95,19.0,1,2026-07-27,1
5,1,86.00666666666666,100.0,10.0,14,93.05,1,71.0,97.0,91.525,26.0,1,2026-07-27,0
7,1,53.53333333333333,80.0,31.0,9,68.0,6,51.0,59.0,49.5,8.0,1,2026-07-27,1
8,1,57.940000000000005,94.0,0.0,11,71.05,4,46.0,52.0,82.525,6.0,1,2026-07-27,1
9,1,67.83733333333333,100.0,0.0,12,52.28,3,94.0,40.0,70.14,-54.0,1,2026-07-27,0
10,1,60.08181818181818,95.0,10.0,6,84.7,5,56.25,70.0,64.85,13.75,1,2026-07-27,1
11,1,77.07142857142857,100.0,0.0,12,0.0,2,88.0,78.0,55.333333333333336,-10.0,1,2026-07-27,1
12,1,79.43333333333334,100.0,40.0,14,87.0,1,86.0,79.0,71.0,-7.0,1,2026-07-27,0
13,1,98.49333333333334,100.0,88.7,15,88.7,0,100.0,100.0,94.35,0.0,1,2026-07-27,0
14,1,82.82142857142857,100.0,0.0,13,0.0,1,90.0,91.0,54.66666666666666,1.0,1,2026-07-27,0
15,1,88.74666666666667,100.0,70.0,15,81.1,0,92.0,94.0,77.05,2.0,1,2026-07-27,0
16,1,68.83333333333333,100.0,0.0,12,20.25,3,86.0,66.0,49.125,-20.0,1,2026-07-27,0
17,1,35.857142857142854,100.0,0.0,3,0.0,4,73.33333333333333,0.0,3.0,0.0,1,2026-07-27,1
18,1,0.0,0.0,0.0,0,0.0,6,0.0,0.0,0.0,0.0,1,2026-07-27,1
19,1,93.65333333333334,100.0,70.0,15,93.15,0,90.0,97.0,94.075,7.0,1,2026-07-27,0
20,1,53.875,100.0,20.0,4,65.0,4,100.0,20.0,47.25,-80.0,1,2026-07-27,1
21,1,67.8875,100.0,26.5,7,62.3,1,97.5,70.0,62.9,-27.5,1,2026-07-27,0
22,1,96.584,100.0,88.13,15,88.13,0,98.0,97.0,94.065,-1.0,1,2026-07-27,0
23,1,85.1,100.0,55.5,15,74.0,0,94.0,91.0,64.75,-3.0,1,2026-07-27,0
24,1,83.38888888888889,100.0,38.5,8,75.5,1,96.25,0.0,81.75,0.0,1,2026-07-27,1
25,1,77.36,100.0,46.2,13,46.2,2,81.0,83.0,64.6,2.0,1,2026-07-27,1
26,1,38.083333333333336,70.0,0.0,4,0.0,8,56.66666666666666,36.0,24.0,-20.666666666666664,1,2026-07-27,1
27,1,51.68461538461538,80.0,30.0,6,46.45,7,60.0,50.0,44.225,-10.0,1,2026-07-27,1
28,1,26.125,95.0,0.0,1,0.0,3,0.0,95.0,0.0,0.0,1,2026-07-27,1
29,1,75.61428571428571,100.0,56.05,14,56.05,0,83.0,85.0,57.025,2.0,1,2026-07-27,0
30,1,41.66666666666666,95.0,5.5,4,5.5,5,52.5,0.0,36.0,0.0,1,2026-07-27,1
31,1,90.15333333333334,100.0,65.8,15,65.8,0,97.4,90.0,80.4,-7.400000000000006,1,2026-07-27,0
32,1,84.09285714285714,100.0,59.0,14,59.4,0,91.25,98.0,59.2,6.75,1,2026-07-27,0
33,1,88.39666666666668,100.0,60.0,15,91.3,0,78.0,100.0,86.7375,22.0,1,2026-07-27,1
34,1,76.96153846153847,100.0,20.0,11,83.0,2,81.0,73.33333333333333,78.25,-7.666666666666671,1,2026-07-27,1
35,1,84.97333333333333,100.0,70.35,15,70.35,0,87.8,90.0,74.175,2.200000000000003,1,2026-07-27,1
36,1,67.6,90.0,35.0,13,64.5,2,67.0,63.0,74.75,-4.0,1,2026-07-27,0
37,1,77.27142857142857,95.0,55.0,14,81.4,0,79.0,73.75,80.7,-5.25,1,2026-07-27,0
38,1,67.25333333333333,92.0,35.0,12,79.65,3,62.0,59.0,85.825,-3.0,1,2026-07-27,1
39,1,81.94266666666667,100.0,61.57,15,61.57,0,94.0,82.0,65.285,-12.0,1,2026-07-27,0
40,1,62.392857142857146,100.0,19.0,12,19.0,2,75.0,72.5,35.5,-2.5,1,2026-07-27,1
41,1,38.9,60.0,0.0,5,46.0,5,40.0,55.0,30.666666666666668,15.0,1,2026-07-27,1
42,1,84.34615384615384,100.0,60.0,13,60.0,0,91.0,93.33333333333331,72.0,2.3333333333333286,1,2026-07-27,0
43,1,82.27857142857144,100.0,45.0,13,85.95,1,85.0,88.0,73.475,3.0,1,2026-07-27,1
44,1,83.9076923076923,100.0,67.9,13,67.9,0,93.0,88.33333333333333,71.95,-4.666666666666671,1,2026-07-27,0
45,1,89.08666666666666,100.0,65.0,15,79.15,0,88.0,92.0,86.575,4.0,1,2026-07-27,0
46,1,72.78666666666666,90.0,40.0,14,69.65,1,69.0,82.0,65.325,13.0,1,2026-07-27,1
47,1,83.44666666666667,100.0,60.0,15,75.85,0,81.0,87.0,81.925,6.0,1,2026-07-27,1
48,1,72.25733333333332,100.0,25.0,12,51.43,3,86.0,56.0,75.715,-30.0,1,2026-07-27,1
49,1,63.333333333333336,100.0,29.0,8,64.5,1,65.0,80.0,62.75,15.0,1,2026-07-27,1
50,1,46.2,84.0,20.0,6,51.3,7,40.0,33.333333333333336,67.65,-6.666666666666664,1,2026-07-27,0
51,1,87.73571428571428,100.0,50.0,14,97.9,0,89.0,82.5,93.95,-6.5,1,2026-07-27,0
52,1,71.03333333333333,100.0,50.0,15,68.0,0,82.0,67.0,61.5,-15.0,1,2026-07-27,0
53,1,57.03333333333333,100.0,19.7,7,19.7,5,72.0,50.0,44.6,-22.0,1,2026-07-27,1
54,1,74.99230769230769,100.0,30.0,10,76.45,3,67.5,97.5,62.225,30.0,1,2026-07-27,1
55,1,45.13636363636363,75.0,0.0,4,44.0,7,48.75,20.0,59.5,-28.75,1,2026-07-27,1
56,1,78.56666666666666,100.0,0.0,14,84.0,1,92.0,59.0,87.0,-33.0,1,2026-07-27,0
57,1,57.333333333333336,100.0,10.0,5,62.0,1,100.0,0.0,58.5,0.0,1,2026-07-27,1
58,1,26.375,55.0,0.0,4,53.75,8,17.5,6.666666666666667,54.375,-10.833333333333332,1,2026-07-27,1
59,1,55.67777777777778,85.0,29.0,6,36.05,3,78.33333333333333,55.0,45.525,-23.33333333333333,1,2026-07-27,1
60,1,90.91333333333334,100.0,80.0,15,84.15,0,91.8,91.0,89.575,-0.7999999999999972,1,2026-07-27,0
61,1,91.0,100.0,60.0,15,80.0,0,98.0,88.0,85.5,-10.0,1,2026-07-27,0
62,1,74.58,95.0,50.0,15,88.35,0,79.0,69.0,76.175,-10.0,1,2026-07-27,1
63,1,79.5,100.0,40.0,13,65.5,1,88.0,75.0,74.75,-13.0,1,2026-07-27,1
64,1,48.73,80.0,10.0,7,65.65,3,40.0,50.0,61.325,10.0,1,2026-07-27,1
65,1,83.24666666666667,95.0,58.0,15,88.4,0,83.8,90.0,73.2,6.200000000000003,1,2026-07-27,0
66,1,74.21333333333334,100.0,30.0,14,72.35,1,66.0,77.0,81.675,11.0,1,2026-07-27,1
67,1,87.22666666666667,100.0,67.7,15,67.7,0,96.0,86.0,76.85,-10.0,1,2026-07-27,0
68,1,75.48666666666666,100.0,30.0,12,41.65,3,72.0,90.0,60.325,18.0,1,2026-07-27,1
69,1,71.59466666666667,100.0,47.21,13,47.21,2,74.0,75.0,63.605,1.0,1,2026-07-27,0
70,1,95.83733333333332,100.0,88.28,15,88.28,0,98.0,96.0,92.64,-2.0,1,2026-07-27,0
71,1,54.642857142857146,80.0,0.0,10,66.0,4,55.0,42.0,73.0,-13.0,1,2026-07-27,1
72,1,75.97333333333333,100.0,40.0,14,96.3,1,80.0,62.0,89.65,-18.0,1,2026-07-27,0
73,1,53.4,100.0,0.0,5,0.0,5,80.0,75.0,9.333333333333334,-5.0,1,2026-07-27,1
74,1,76.5,95.0,30.0,14,50.0,1,76.0,81.0,71.0,5.0,1,2026-07-27,0
75,1,73.39285714285714,100.0,40.0,11,41.0,3,70.0,93.75,57.5,23.75,1,2026-07-27,0
76,1,64.23333333333333,100.0,20.0,11,45.0,4,76.0,61.0,52.5,-15.0,1,2026-07-27,0
77,1,70.47,100.0,38.0,9,89.35,1,70.0,100.0,71.675,30.0,1,2026-07-27,0
78,1,76.72142857142856,100.0,50.0,14,73.3,0,71.25,78.0,82.9,6.75,1,2026-07-27,1
79,1,70.85714285714286,100.0,40.0,13,63.0,1,86.0,65.0,58.25,-21.0,1,2026-07-27,0
80,1,81.77333333333333,100.0,65.0,15,79.3,0,86.0,78.0,81.15,-8.0,1,2026-07-27,0
81,1,35.906666666666666,75.0,10.0,4,48.8,11,15.0,55.0,38.4,40.0,1,2026-07-27,1
82,1,92.12666666666668,100.0,70.0,15,88.7,0,90.0,93.0,93.85,3.0,1,2026-07-27,0
83,1,68.04,100.0,40.0,12,45.3,3,69.0,79.0,51.65,10.0,1,2026-07-27,1
84,1,83.09333333333333,100.0,69.0,15,70.2,0,84.0,92.0,69.6,8.0,1,2026-07-27,0
85,1,69.76666666666667,100.0,0.0,10,0.0,5,79.0,100.0,15.5,21.0,1,2026-07-27,1
86,1,57.76666666666667,100.0,20.0,8,68.1,4,65.0,43.333333333333336,66.05,-21.666666666666664,1,2026-07-27,1
87,1,59.17857142857143,100.0,0.0,9,56.0,5,55.0,75.0,49.0,20.0,1,2026-07-27,1
88,1,74.33333333333333,100.0,0.0,7,86.5,2,75.0,0.0,84.75,0.0,1,2026-07-27,0
89,1,14.0,38.0,0.0,0,38.0,8,0.0,0.0,28.0,0.0,1,2026-07-27,1
90,1,87.90666666666667,100.0,79.0,15,82.55,0,92.0,89.0,80.775,-3.0,1,2026-07-27,0
91,1,84.86,100.0,50.0,15,84.95,0,74.0,92.0,89.975,18.0,1,2026-07-27,0
92,1,78.85,100.0,43.5,9,72.5,1,78.33333333333333,100.0,77.5,21.66666666666667,1,2026-07-27,1
93,1,32.19230769230769,60.0,0.0,3,23.0,10,41.0,26.666666666666668,26.25,-14.333333333333332,1,2026-07-27,1
94,1,53.785714285714285,90.0,17.0,8,17.0,6,75.0,56.25,23.25,-18.75,1,2026-07-27,0
96,1,68.36,100.0,1.2,11,1.2,4,82.0,88.0,22.6,6.0,1,2026-07-27,1
97,1,76.825,100.0,55.5,12,55.7,0,88.33333333333333,72.5,77.85,-15.833333333333329,1,2026-07-27,1
98,1,51.275,100.0,0.0,5,73.1,3,40.0,0.0,69.55,0.0,1,2026-07-27,1
99,1,74.25,100.0,0.0,13,79.0,1,90.0,53.75,77.0,-36.25,1,2026-07-27,0
100,1,41.15,75.0,0.0,5,0.0,5,61.25,50.0,21.75,-11.25,1,2026-07-27,1
101,1,71.86666666666666,90.0,43.0,13,67.0,2,74.0,82.0,55.0,8.0,1,2026-07-27,1
102,1,10.375,25.0,0.0,0,0.0,8,16.666666666666668,20.0,2.0,3.333333333333332,1,2026-07-27,1
103,1,89.96666666666667,100.0,40.0,13,93.0,2,97.0,100.0,66.5,3.0,1,2026-07-27,0
104,1,91.53333333333332,100.0,75.0,15,94.0,0,96.0,86.0,93.0,-10.0,1,2026-07-27,0
105,1,65.48333333333333,90.0,25.0,10,65.65,2,76.0,57.5,60.325,-18.5,1,2026-07-27,1
106,1,48.75714285714286,100.0,0.0,8,32.8,6,46.0,60.0,41.4,14.0,1,2026-07-27,1
107,1,68.35714285714286,100.0,30.0,13,77.0,1,70.0,65.0,71.5,-5.0,1,2026-07-27,0
108,1,58.46428571428572,85.0,0.0,12,76.0,2,70.0,38.75,65.75,-31.25,1,2026-07-27,0
109,1,68.95454545454545,90.0,43.5,10,85.0,1,67.5,82.5,70.0,15.0,1,2026-07-27,0
110,1,51.2,70.0,27.0,6,58.5,4,56.66666666666666,50.0,53.75,-6.666666666666664,1,2026-07-27,1
111,1,81.69999999999999,100.0,63.3,13,63.3,0,99.0,76.66666666666667,66.15,-22.33333333333333,1,2026-07-27,1
112,1,67.51428571428572,100.0,30.0,12,52.85,2,53.75,82.0,64.425,28.25,1,2026-07-27,0
113,1,31.466666666666665,75.0,0.0,5,62.0,10,17.0,19.0,68.5,2.0,1,2026-07-27,1
114,1,80.2,100.0,60.0,15,86.0,0,83.0,81.0,75.25,-2.0,1,2026-07-27,0
115,1,73.57142857142857,100.0,50.0,14,65.0,0,84.0,70.0,65.0,-14.0,1,2026-07-27,0
116,1,50.48333333333333,78.0,0.0,4,73.45,2,0.0,0.0,75.725,0.0,1,2026-07-27,1
117,1,92.2,100.0,50.0,15,91.5,0,100.0,100.0,70.75,0.0,1,2026-07-27,0
118,1,79.42,100.0,30.0,14,94.65,1,72.0,80.0,88.825,8.0,1,2026-07-27,0
119,1,69.7,100.0,10.0,11,77.5,4,80.0,67.0,59.25,-13.0,1,2026-07-27,0
120,1,88.57857142857142,100.0,64.0,14,83.05,0,100.0,92.0,73.525,-8.0,1,2026-07-27,0
121,1,48.625,80.0,18.5,5,31.75,3,65.0,55.0,46.375,-10.0,1,2026-07-27,1
122,1,92.64,100.0,78.73,14,78.73,0,100.0,96.25,80.86500000000001,-3.75,1,2026-07-27,0
123,1,34.05,63.0,0.0,4,63.0,6,36.25,25.0,42.0,-11.25,1,2026-07-27,1
124,1,80.41333333333334,95.0,69.0,15,72.1,0,83.0,85.0,70.55,2.0,1,2026-07-27,0
125,1,85.4,100.0,70.0,15,73.5,0,88.0,92.0,72.75,4.0,1,2026-07-27,0
126,1,65.63333333333334,100.0,0.0,12,54.0,3,72.0,55.0,71.5,-17.0,1,2026-07-27,0
127,1,38.95454545454545,85.0,0.0,6,0.0,5,42.0,85.0,26.0,43.0,1,2026-07-27,1
128,1,67.86666666666666,85.0,51.0,12,68.7,0,66.25,81.66666666666667,63.35,15.416666666666671,1,2026-07-27,1
129,1,55.0,100.0,20.0,8,30.0,4,58.0,55.0,55.0,-3.0,1,2026-07-27,1
130,1,64.725,100.0,23.0,6,57.4,2,76.66666666666667,0.0,66.2,0.0,1,2026-07-27,1
131,1,87.54666666666667,100.0,76.35,15,76.35,0,91.0,84.0,87.675,-7.0,1,2026-07-27,0
132,1,79.64999999999999,100.0,50.0,14,95.55,0,78.0,72.5,91.775,-5.5,1,2026-07-27,0
133,1,24.685714285714287,50.0,0.0,1,28.9,6,50.0,0.0,29.45,-50.0,1,2026-07-27,1
134,1,54.333333333333336,95.0,20.0,7,62.0,5,36.66666666666666,72.5,53.0,35.833333333333336,1,2026-07-27,1
135,1,78.47857142857143,100.0,37.0,12,50.35,2,96.0,90.0,43.675,-6.0,1,2026-07-27,1
136,1,73.15714285714286,83.85,65.0,14,83.85,0,75.0,71.0,75.925,-4.0,1,2026-07-27,0
137,1,78.88000000000001,100.0,50.35,15,50.35,0,89.0,88.0,52.425,-1.0,1,2026-07-27,1
138,1,74.6923076923077,100.0,30.0,11,88.5,2,71.25,78.75,77.75,7.5,1,2026-07-27,1
139,1,45.61538461538461,80.0,0.0,8,65.0,5,46.0,26.666666666666668,63.0,-19.33333333333333,1,2026-07-27,1
140,1,5.5,20.0,0.0,0,0.0,4,20.0,0.0,0.0,0.0,1,2026-07-27,1
141,1,55.29,100.0,30.0,8,43.78,6,61.0,40.0,65.64,-21.0,1,2026-07-27,1
142,1,89.41428571428571,100.0,75.0,14,95.9,0,92.5,90.0,87.45,-2.5,1,2026-07-27,0
143,1,45.142857142857146,90.0,0.0,3,0.0,4,55.0,30.0,54.0,-25.0,1,2026-07-27,1
144,1,62.5,95.0,0.0,7,87.0,3,60.0,72.5,58.0,12.5,1,2026-07-27,0
145,1,58.875,100.0,0.0,5,0.0,3,77.5,0.0,43.333333333333336,0.0,1,2026-07-27,1
146,1,60.07142857142857,75.0,14.5,6,55.5,1,72.5,0.0,65.25,0.0,1,2026-07-27,1
147,1,65.25,100.0,12.75,6,12.75,4,92.5,40.0,50.375,-52.5,1,2026-07-27,1
148,1,58.28888888888889,100.0,30.0,5,55.8,4,93.33333333333331,30.0,45.9,-63.33333333333333,1,2026-07-27,1
149,1,87.92857142857143,100.0,62.75,14,62.75,0,99.0,97.5,64.375,-1.5,1,2026-07-27,0
150,1,90.15,100.0,49.0,12,95.3,2,97.0,100.0,72.15,3.0,1,2026-07-27,0
151,1,53.9,100.0,0.0,6,0.0,4,45.0,80.0,0.0,35.0,1,2026-07-27,1
152,1,19.5,38.0,0.0,0,38.0,8,5.0,10.0,33.5,5.0,1,2026-07-27,1
153,1,52.29230769230769,65.0,10.0,10,60.4,3,51.0,45.0,62.7,-6.0,1,2026-07-27,1
154,1,11.4,50.0,0.0,1,0.0,4,0.0,50.0,0.6666666666666666,0.0,1,2026-07-27,1
155,1,0.0,0.0,0.0,0,0.0,6,0.0,0.0,0.0,0.0,1,2026-07-27,1
156,1,84.06,100.0,50.0,15,82.7,0,82.0,83.0,88.35,1.0,1,2026-07-27,1
157,1,19.15,80.0,0.0,2,0.0,8,29.0,0.0,10.666666666666666,-29.0,1,2026-07-27,1
158,1,8.25,33.0,0.0,0,0.0,8,0.0,0.0,22.0,0.0,1,2026-07-27,1
159,1,34.5,90.0,0.0,2,0.0,4,75.0,0.0,14.0,0.0,1,2026-07-27,1
160,1,12.5,50.0,0.0,2,0.0,6,0.0,0.0,25.0,0.0,1,2026-07-27,1
161,1,20.166666666666668,50.0,0.0,1,0.0,5,36.66666666666666,0.0,0.0,0.0,1,2026-07-27,1
162,1,29.791666666666668,80.0,0.0,5,0.0,7,49.0,40.0,0.0,-9.0,1,2026-07-27,1
163,1,67.22222222222223,100.0,0.0,7,0.0,2,90.0,100.0,0.0,10.0,1,2026-07-27,1
164,1,0.0,0.0,0.0,0,0.0,3,0.0,0.0,0.0,0.0,1,2026-07-27,1
165,1,33.0,80.0,0.0,2,0.0,3,75.0,0.0,0.0,0.0,1,2026-07-27,1
166,1,5.5,20.0,0.0,0,0.0,4,20.0,0.0,0.0,0.0,1,2026-07-27,1
167,1,0.0,0.0,0.0,0,0.0,5,0.0,0.0,0.0,0.0,1,2026-07-27,1
168,1,23.375,85.0,0.0,1,0.0,3,85.0,0.0,0.0,0.0,1,2026-07-27,1
169,1,0.0,0.0,0.0,0,0.0,6,0.0,0.0,0.0,0.0,1,2026-07-27,1
170,1,0.0,0.0,0.0,0,0.0,4,0.0,0.0,0.0,0.0,1,2026-07-27,1
171,1,0.0,0.0,0.0,0,0.0,7,0.0,0.0,0.0,0.0,1,2026-07-27,1
2,1,70.53999999999999,100.0,0.0,10,44.8,5,95.0,72.0,34.9,-23.0,1,2026-07-28,1
4,1,83.28666666666666,100.0,60.0,15,61.9,0,79.0,98.0,68.95,19.0,1,2026-07-28,1
5,1,86.00666666666666,100.0,10.0,14,93.05,1,71.0,97.0,91.525,26.0,1,2026-07-28,0
7,1,53.53333333333333,80.0,31.0,9,68.0,6,51.0,59.0,49.5,8.0,1,2026-07-28,1
8,1,57.940000000000005,94.0,0.0,11,71.05,4,46.0,52.0,82.525,6.0,1,2026-07-28,1
9,1,67.83733333333333,100.0,0.0,12,52.28,3,94.0,40.0,70.14,-54.0,1,2026-07-28,0
10,1,60.08181818181818,95.0,10.0,6,84.7,5,56.25,70.0,64.85,13.75,1,2026-07-28,1
11,1,77.07142857142857,100.0,0.0,12,0.0,2,88.0,78.0,55.333333333333336,-10.0,1,2026-07-28,1
12,1,79.43333333333334,100.0,40.0,14,87.0,1,86.0,79.0,71.0,-7.0,1,2026-07-28,0
13,1,98.49333333333334,100.0,88.7,15,88.7,0,100.0,100.0,94.35,0.0,1,2026-07-28,0
14,1,82.82142857142857,100.0,0.0,13,0.0,1,90.0,91.0,54.66666666666666,1.0,1,2026-07-28,0
15,1,88.74666666666667,100.0,70.0,15,81.1,0,92.0,94.0,77.05,2.0,1,2026-07-28,0
16,1,68.83333333333333,100.0,0.0,12,20.25,3,86.0,66.0,49.125,-20.0,1,2026-07-28,0
17,1,35.857142857142854,100.0,0.0,3,0.0,4,73.33333333333333,0.0,3.0,0.0,1,2026-07-28,1
18,1,0.0,0.0,0.0,0,0.0,6,0.0,0.0,0.0,0.0,1,2026-07-28,1
19,1,93.65333333333334,100.0,70.0,15,93.15,0,90.0,97.0,94.075,7.0,1,2026-07-28,0
20,1,53.875,100.0,20.0,4,65.0,4,100.0,20.0,47.25,-80.0,1,2026-07-28,1
21,1,67.8875,100.0,26.5,7,62.3,1,97.5,70.0,62.9,-27.5,1,2026-07-28,0
22,1,96.584,100.0,88.13,15,88.13,0,98.0,97.0,94.065,-1.0,1,2026-07-28,0
23,1,85.1,100.0,55.5,15,74.0,0,94.0,91.0,64.75,-3.0,1,2026-07-28,0
24,1,83.38888888888889,100.0,38.5,8,75.5,1,96.25,0.0,81.75,0.0,1,2026-07-28,1
25,1,77.36,100.0,46.2,13,46.2,2,81.0,83.0,64.6,2.0,1,2026-07-28,1
26,1,38.083333333333336,70.0,0.0,4,0.0,8,56.66666666666666,36.0,24.0,-20.666666666666664,1,2026-07-28,1
27,1,51.68461538461538,80.0,30.0,6,46.45,7,60.0,50.0,44.225,-10.0,1,2026-07-28,1
28,1,26.125,95.0,0.0,1,0.0,3,0.0,95.0,0.0,0.0,1,2026-07-28,1
29,1,75.61428571428571,100.0,56.05,14,56.05,0,83.0,85.0,57.025,2.0,1,2026-07-28,0
30,1,41.66666666666666,95.0,5.5,4,5.5,5,52.5,0.0,36.0,0.0,1,2026-07-28,1
31,1,90.15333333333334,100.0,65.8,15,65.8,0,97.4,90.0,80.4,-7.400000000000006,1,2026-07-28,0
32,1,84.09285714285714,100.0,59.0,14,59.4,0,91.25,98.0,59.2,6.75,1,2026-07-28,0
33,1,88.39666666666668,100.0,60.0,15,91.3,0,78.0,100.0,86.7375,22.0,1,2026-07-28,1
34,1,76.96153846153847,100.0,20.0,11,83.0,2,81.0,73.33333333333333,78.25,-7.666666666666671,1,2026-07-28,1
35,1,84.97333333333333,100.0,70.35,15,70.35,0,87.8,90.0,74.175,2.200000000000003,1,2026-07-28,1
36,1,67.6,90.0,35.0,13,64.5,2,67.0,63.0,74.75,-4.0,1,2026-07-28,0
37,1,77.27142857142857,95.0,55.0,14,81.4,0,79.0,73.75,80.7,-5.25,1,2026-07-28,0
38,1,67.25333333333333,92.0,35.0,12,79.65,3,62.0,59.0,85.825,-3.0,1,2026-07-28,1
39,1,81.94266666666667,100.0,61.57,15,61.57,0,94.0,82.0,65.285,-12.0,1,2026-07-28,0
40,1,62.392857142857146,100.0,19.0,12,19.0,2,75.0,72.5,35.5,-2.5,1,2026-07-28,1
41,1,38.9,60.0,0.0,5,46.0,5,40.0,55.0,30.666666666666668,15.0,1,2026-07-28,1
42,1,84.34615384615384,100.0,60.0,13,60.0,0,91.0,93.33333333333331,72.0,2.3333333333333286,1,2026-07-28,0
43,1,82.27857142857144,100.0,45.0,13,85.95,1,85.0,88.0,73.475,3.0,1,2026-07-28,1
44,1,83.9076923076923,100.0,67.9,13,67.9,0,93.0,88.33333333333333,71.95,-4.666666666666671,1,2026-07-28,0
45,1,89.08666666666666,100.0,65.0,15,79.15,0,88.0,92.0,86.575,4.0,1,2026-07-28,0
46,1,72.78666666666666,90.0,40.0,14,69.65,1,69.0,82.0,65.325,13.0,1,2026-07-28,1
47,1,83.44666666666667,100.0,60.0,15,75.85,0,81.0,87.0,81.925,6.0,1,2026-07-28,1
48,1,72.25733333333332,100.0,25.0,12,51.43,3,86.0,56.0,75.715,-30.0,1,2026-07-28,1
49,1,63.333333333333336,100.0,29.0,8,64.5,1,65.0,80.0,62.75,15.0,1,2026-07-28,1
50,1,46.2,84.0,20.0,6,51.3,7,40.0,33.333333333333336,67.65,-6.666666666666664,1,2026-07-28,0
51,1,87.73571428571428,100.0,50.0,14,97.9,0,89.0,82.5,93.95,-6.5,1,2026-07-28,0
52,1,71.03333333333333,100.0,50.0,15,68.0,0,82.0,67.0,61.5,-15.0,1,2026-07-28,0
53,1,57.03333333333333,100.0,19.7,7,19.7,5,72.0,50.0,44.6,-22.0,1,2026-07-28,1
54,1,74.99230769230769,100.0,30.0,10,76.45,3,67.5,97.5,62.225,30.0,1,2026-07-28,1
55,1,45.13636363636363,75.0,0.0,4,44.0,7,48.75,20.0,59.5,-28.75,1,2026-07-28,1
56,1,78.56666666666666,100.0,0.0,14,84.0,1,92.0,59.0,87.0,-33.0,1,2026-07-28,0
57,1,57.333333333333336,100.0,10.0,5,62.0,1,100.0,0.0,58.5,0.0,1,2026-07-28,1
58,1,26.375,55.0,0.0,4,53.75,8,17.5,6.666666666666667,54.375,-10.833333333333332,1,2026-07-28,1
59,1,55.67777777777778,85.0,29.0,6,36.05,3,78.33333333333333,55.0,45.525,-23.33333333333333,1,2026-07-28,1
60,1,90.91333333333334,100.0,80.0,15,84.15,0,91.8,91.0,89.575,-0.7999999999999972,1,2026-07-28,0
61,1,91.0,100.0,60.0,15,80.0,0,98.0,88.0,85.5,-10.0,1,2026-07-28,0
62,1,74.58,95.0,50.0,15,88.35,0,79.0,69.0,76.175,-10.0,1,2026-07-28,1
63,1,79.5,100.0,40.0,13,65.5,1,88.0,75.0,74.75,-13.0,1,2026-07-28,1
64,1,48.73,80.0,10.0,7,65.65,3,40.0,50.0,61.325,10.0,1,2026-07-28,1
65,1,83.24666666666667,95.0,58.0,15,88.4,0,83.8,90.0,73.2,6.200000000000003,1,2026-07-28,0
66,1,74.21333333333334,100.0,30.0,14,72.35,1,66.0,77.0,81.675,11.0,1,2026-07-28,1
67,1,87.22666666666667,100.0,67.7,15,67.7,0,96.0,86.0,76.85,-10.0,1,2026-07-28,0
68,1,75.48666666666666,100.0,30.0,12,41.65,3,72.0,90.0,60.325,18.0,1,2026-07-28,1
69,1,71.59466666666667,100.0,47.21,13,47.21,2,74.0,75.0,63.605,1.0,1,2026-07-28,0
70,1,95.83733333333332,100.0,88.28,15,88.28,0,98.0,96.0,92.64,-2.0,1,2026-07-28,0
71,1,54.642857142857146,80.0,0.0,10,66.0,4,55.0,42.0,73.0,-13.0,1,2026-07-28,1
72,1,75.97333333333333,100.0,40.0,14,96.3,1,80.0,62.0,89.65,-18.0,1,2026-07-28,0
73,1,53.4,100.0,0.0,5,0.0,5,80.0,75.0,9.333333333333334,-5.0,1,2026-07-28,1
74,1,76.5,95.0,30.0,14,50.0,1,76.0,81.0,71.0,5.0,1,2026-07-28,0
75,1,73.39285714285714,100.0,40.0,11,41.0,3,70.0,93.75,57.5,23.75,1,2026-07-28,0
76,1,64.23333333333333,100.0,20.0,11,45.0,4,76.0,61.0,52.5,-15.0,1,2026-07-28,0
77,1,70.47,100.0,38.0,9,89.35,1,70.0,100.0,71.675,30.0,1,2026-07-28,0
78,1,76.72142857142856,100.0,50.0,14,73.3,0,71.25,78.0,82.9,6.75,1,2026-07-28,1
79,1,70.85714285714286,100.0,40.0,13,63.0,1,86.0,65.0,58.25,-21.0,1,2026-07-28,0
80,1,81.77333333333333,100.0,65.0,15,79.3,0,86.0,78.0,81.15,-8.0,1,2026-07-28,0
81,1,35.906666666666666,75.0,10.0,4,48.8,11,15.0,55.0,38.4,40.0,1,2026-07-28,1
82,1,92.12666666666668,100.0,70.0,15,88.7,0,90.0,93.0,93.85,3.0,1,2026-07-28,0
83,1,68.04,100.0,40.0,12,45.3,3,69.0,79.0,51.65,10.0,1,2026-07-28,1
84,1,83.09333333333333,100.0,69.0,15,70.2,0,84.0,92.0,69.6,8.0,1,2026-07-28,0
85,1,69.76666666666667,100.0,0.0,10,0.0,5,79.0,100.0,15.5,21.0,1,2026-07-28,1
86,1,57.76666666666667,100.0,20.0,8,68.1,4,65.0,43.333333333333336,66.05,-21.666666666666664,1,2026-07-28,1
87,1,59.17857142857143,100.0,0.0,9,56.0,5,55.0,75.0,49.0,20.0,1,2026-07-28,1
88,1,74.33333333333333,100.0,0.0,7,86.5,2,75.0,0.0,84.75,0.0,1,2026-07-28,0
89,1,14.0,38.0,0.0,0,38.0,8,0.0,0.0,28.0,0.0,1,2026-07-28,1
90,1,87.90666666666667,100.0,79.0,15,82.55,0,92.0,89.0,80.775,-3.0,1,2026-07-28,0
91,1,84.86,100.0,50.0,15,84.95,0,74.0,92.0,89.975,18.0,1,2026-07-28,0
92,1,78.85,100.0,43.5,9,72.5,1,78.33333333333333,100.0,77.5,21.66666666666667,1,2026-07-28,1
93,1,32.19230769230769,60.0,0.0,3,23.0,10,41.0,26.666666666666668,26.25,-14.333333333333332,1,2026-07-28,1
94,1,53.785714285714285,90.0,17.0,8,17.0,6,75.0,56.25,23.25,-18.75,1,2026-07-28,0
96,1,68.36,100.0,1.2,11,1.2,4,82.0,88.0,22.6,6.0,1,2026-07-28,1
97,1,76.825,100.0,55.5,12,55.7,0,88.33333333333333,72.5,77.85,-15.833333333333329,1,2026-07-28,1
98,1,51.275,100.0,0.0,5,73.1,3,40.0,0.0,69.55,0.0,1,2026-07-28,1
99,1,74.25,100.0,0.0,13,79.0,1,90.0,53.75,77.0,-36.25,1,2026-07-28,0
100,1,41.15,75.0,0.0,5,0.0,5,61.25,50.0,21.75,-11.25,1,2026-07-28,1
101,1,71.86666666666666,90.0,43.0,13,67.0,2,74.0,82.0,55.0,8.0,1,2026-07-28,1
102,1,10.375,25.0,0.0,0,0.0,8,16.666666666666668,20.0,2.0,3.333333333333332,1,2026-07-28,1
103,1,89.96666666666667,100.0,40.0,13,93.0,2,97.0,100.0,66.5,3.0,1,2026-07-28,0
104,1,91.53333333333332,100.0,75.0,15,94.0,0,96.0,86.0,93.0,-10.0,1,2026-07-28,0
105,1,65.48333333333333,90.0,25.0,10,65.65,2,76.0,57.5,60.325,-18.5,1,2026-07-28,1
106,1,48.75714285714286,100.0,0.0,8,32.8,6,46.0,60.0,41.4,14.0,1,2026-07-28,1
107,1,68.35714285714286,100.0,30.0,13,77.0,1,70.0,65.0,71.5,-5.0,1,2026-07-28,0
108,1,58.46428571428572,85.0,0.0,12,76.0,2,70.0,38.75,65.75,-31.25,1,2026-07-28,0
109,1,68.95454545454545,90.0,43.5,10,85.0,1,67.5,82.5,70.0,15.0,1,2026-07-28,0
110,1,51.2,70.0,27.0,6,58.5,4,56.66666666666666,50.0,53.75,-6.666666666666664,1,2026-07-28,1
111,1,81.69999999999999,100.0,63.3,13,63.3,0,99.0,76.66666666666667,66.15,-22.33333333333333,1,2026-07-28,1
112,1,67.51428571428572,100.0,30.0,12,52.85,2,53.75,82.0,64.425,28.25,1,2026-07-28,0
113,1,31.466666666666665,75.0,0.0,5,62.0,10,17.0,19.0,68.5,2.0,1,2026-07-28,1
114,1,80.2,100.0,60.0,15,86.0,0,83.0,81.0,75.25,-2.0,1,2026-07-28,0
115,1,73.57142857142857,100.0,50.0,14,65.0,0,84.0,70.0,65.0,-14.0,1,2026-07-28,0
116,1,50.48333333333333,78.0,0.0,4,73.45,2,0.0,0.0,75.725,0.0,1,2026-07-28,1
117,1,92.2,100.0,50.0,15,91.5,0,100.0,100.0,70.75,0.0,1,2026-07-28,0
118,1,79.42,100.0,30.0,14,94.65,1,72.0,80.0,88.825,8.0,1,2026-07-28,0
119,1,69.7,100.0,10.0,11,77.5,4,80.0,67.0,59.25,-13.0,1,2026-07-28,0
120,1,88.57857142857142,100.0,64.0,14,83.05,0,100.0,92.0,73.525,-8.0,1,2026-07-28,0
121,1,48.625,80.0,18.5,5,31.75,3,65.0,55.0,46.375,-10.0,1,2026-07-28,1
122,1,92.64,100.0,78.73,14,78.73,0,100.0,96.25,80.86500000000001,-3.75,1,2026-07-28,0
123,1,34.05,63.0,0.0,4,63.0,6,36.25,25.0,42.0,-11.25,1,2026-07-28,1
124,1,80.41333333333334,95.0,69.0,15,72.1,0,83.0,85.0,70.55,2.0,1,2026-07-28,0
125,1,85.4,100.0,70.0,15,73.5,0,88.0,92.0,72.75,4.0,1,2026-07-28,0
126,1,65.63333333333334,100.0,0.0,12,54.0,3,72.0,55.0,71.5,-17.0,1,2026-07-28,0
127,1,38.95454545454545,85.0,0.0,6,0.0,5,42.0,85.0,26.0,43.0,1,2026-07-28,1
128,1,67.86666666666666,85.0,51.0,12,68.7,0,66.25,81.66666666666667,63.35,15.416666666666671,1,2026-07-28,1
129,1,55.0,100.0,20.0,8,30.0,4,58.0,55.0,55.0,-3.0,1,2026-07-28,1
130,1,64.725,100.0,23.0,6,57.4,2,76.66666666666667,0.0,66.2,0.0,1,2026-07-28,1
131,1,87.54666666666667,100.0,76.35,15,76.35,0,91.0,84.0,87.675,-7.0,1,2026-07-28,0
132,1,79.64999999999999,100.0,50.0,14,95.55,0,78.0,72.5,91.775,-5.5,1,2026-07-28,0
133,1,24.685714285714287,50.0,0.0,1,28.9,6,50.0,0.0,29.45,-50.0,1,2026-07-28,1
134,1,54.333333333333336,95.0,20.0,7,62.0,5,36.66666666666666,72.5,53.0,35.833333333333336,1,2026-07-28,1
135,1,78.47857142857143,100.0,37.0,12,50.35,2,96.0,90.0,43.675,-6.0,1,2026-07-28,1
136,1,73.15714285714286,83.85,65.0,14,83.85,0,75.0,71.0,75.925,-4.0,1,2026-07-28,0
137,1,78.88000000000001,100.0,50.35,15,50.35,0,89.0,88.0,52.425,-1.0,1,2026-07-28,1
138,1,74.6923076923077,100.0,30.0,11,88.5,2,71.25,78.75,77.75,7.5,1,2026-07-28,1
139,1,45.61538461538461,80.0,0.0,8,65.0,5,46.0,26.666666666666668,63.0,-19.33333333333333,1,2026-07-28,1
140,1,5.5,20.0,0.0,0,0.0,4,20.0,0.0,0.0,0.0,1,2026-07-28,1
141,1,55.29,100.0,30.0,8,43.78,6,61.0,40.0,65.64,-21.0,1,2026-07-28,1
142,1,89.41428571428571,100.0,75.0,14,95.9,0,92.5,90.0,87.45,-2.5,1,2026-07-28,0
143,1,45.142857142857146,90.0,0.0,3,0.0,4,55.0,30.0,54.0,-25.0,1,2026-07-28,1
144,1,62.5,95.0,0.0,7,87.0,3,60.0,72.5,58.0,12.5,1,2026-07-28,0
145,1,58.875,100.0,0.0,5,0.0,3,77.5,0.0,43.333333333333336,0.0,1,2026-07-28,1
146,1,60.07142857142857,75.0,14.5,6,55.5,1,72.5,0.0,65.25,0.0,1,2026-07-28,1
147,1,65.25,100.0,12.75,6,12.75,4,92.5,40.0,50.375,-52.5,1,2026-07-28,1
148,1,58.28888888888889,100.0,30.0,5,55.8,4,93.33333333333331,30.0,45.9,-63.33333333333333,1,2026-07-28,1
149,1,87.92857142857143,100.0,62.75,14,62.75,0,99.0,97.5,64.375,-1.5,1,2026-07-28,0
150,1,90.15,100.0,49.0,12,95.3,2,97.0,100.0,72.15,3.0,1,2026-07-28,0
151,1,53.9,100.0,0.0,6,0.0,4,45.0,80.0,0.0,35.0,1,2026-07-28,1
152,1,19.5,38.0,0.0,0,38.0,8,5.0,10.0,33.5,5.0,1,2026-07-28,1
153,1,52.29230769230769,65.0,10.0,10,60.4,3,51.0,45.0,62.7,-6.0,1,2026-07-28,1
154,1,11.4,50.0,0.0,1,0.0,4,0.0,50.0,0.6666666666666666,0.0,1,2026-07-28,1
155,1,0.0,0.0,0.0,0,0.0,6,0.0,0.0,0.0,0.0,1,2026-07-28,1
156,1,84.06,100.0,50.0,15,82.7,0,82.0,83.0,88.35,1.0,1,2026-07-28,1
157,1,19.15,80.0,0.0,2,0.0,8,29.0,0.0,10.666666666666666,-29.0,1,2026-07-28,1
158,1,8.25,33.0,0.0,0,0.0,8,0.0,0.0,22.0,0.0,1,2026-07-28,1
159,1,34.5,90.0,0.0,2,0.0,4,75.0,0.0,14.0,0.0,1,2026-07-28,1
160,1,12.5,50.0,0.0,2,0.0,6,0.0,0.0,25.0,0.0,1,2026-07-28,1
161,1,20.166666666666668,50.0,0.0,1,0.0,5,36.66666666666666,0.0,0.0,0.0,1,2026-07-28,1
162,1,29.791666666666668,80.0,0.0,5,0.0,7,49.0,40.0,0.0,-9.0,1,2026-07-28,1
163,1,67.22222222222223,100.0,0.0,7,0.0,2,90.0,100.0,0.0,10.0,1,2026-07-28,1
164,1,0.0,0.0,0.0,0,0.0,3,0.0,0.0,0.0,0.0,1,2026-07-28,1
165,1,33.0,80.0,0.0,2,0.0,3,75.0,0.0,0.0,0.0,1,2026-07-28,1
166,1,5.5,20.0,0.0,0,0.0,4,20.0,0.0,0.0,0.0,1,2026-07-28,1
167,1,0.0,0.0,0.0,0,0.0,5,0.0,0.0,0.0,0.0,1,2026-07-28,1
168,1,23.375,85.0,0.0,1,0.0,3,85.0,0.0,0.0,0.0,1,2026-07-28,1
169,1,0.0,0.0,0.0,0,0.0,6,0.0,0.0,0.0,0.0,1,2026-07-28,1
170,1,0.0,0.0,0.0,0,0.0,4,0.0,0.0,0.0,0.0,1,2026-07-28,1
171,1,0.0,0.0,0.0,0,0.0,7,0.0,0.0,0.0,0.0,1,2026-07-28,1
2,1,70.53999999999999,100.0,0.0,10,44.8,5,95.0,72.0,34.9,-23.0,1,2026-07-29,1
4,1,83.28666666666666,100.0,60.0,15,61.9,0,79.0,98.0,68.95,19.0,1,2026-07-29,1
5,1,86.00666666666666,100.0,10.0,14,93.05,1,71.0,97.0,91.525,26.0,1,2026-07-29,0
7,1,53.53333333333333,80.0,31.0,9,68.0,6,51.0,59.0,49.5,8.0,1,2026-07-29,1
8,1,57.940000000000005,94.0,0.0,11,71.05,4,46.0,52.0,82.525,6.0,1,2026-07-29,1
9,1,67.83733333333333,100.0,0.0,12,52.28,3,94.0,40.0,70.14,-54.0,1,2026-07-29,0
10,1,60.08181818181818,95.0,10.0,6,84.7,5,56.25,70.0,64.85,13.75,1,2026-07-29,1
11,1,77.07142857142857,100.0,0.0,12,0.0,2,88.0,78.0,55.333333333333336,-10.0,1,2026-07-29,1
12,1,79.43333333333334,100.0,40.0,14,87.0,1,86.0,79.0,71.0,-7.0,1,2026-07-29,0
13,1,98.49333333333334,100.0,88.7,15,88.7,0,100.0,100.0,94.35,0.0,1,2026-07-29,0
14,1,82.82142857142857,100.0,0.0,13,0.0,1,90.0,91.0,54.66666666666666,1.0,1,2026-07-29,0
15,1,88.74666666666667,100.0,70.0,15,81.1,0,92.0,94.0,77.05,2.0,1,2026-07-29,0
16,1,68.83333333333333,100.0,0.0,12,20.25,3,86.0,66.0,49.125,-20.0,1,2026-07-29,0
17,1,35.857142857142854,100.0,0.0,3,0.0,4,73.33333333333333,0.0,3.0,0.0,1,2026-07-29,1
18,1,0.0,0.0,0.0,0,0.0,6,0.0,0.0,0.0,0.0,1,2026-07-29,1
19,1,93.65333333333334,100.0,70.0,15,93.15,0,90.0,97.0,94.075,7.0,1,2026-07-29,0
20,1,53.875,100.0,20.0,4,65.0,4,100.0,20.0,47.25,-80.0,1,2026-07-29,1
21,1,67.8875,100.0,26.5,7,62.3,1,97.5,70.0,62.9,-27.5,1,2026-07-29,0
22,1,96.584,100.0,88.13,15,88.13,0,98.0,97.0,94.065,-1.0,1,2026-07-29,0
23,1,85.1,100.0,55.5,15,74.0,0,94.0,91.0,64.75,-3.0,1,2026-07-29,0
24,1,83.38888888888889,100.0,38.5,8,75.5,1,96.25,0.0,81.75,0.0,1,2026-07-29,1
25,1,77.36,100.0,46.2,13,46.2,2,81.0,83.0,64.6,2.0,1,2026-07-29,1
26,1,38.083333333333336,70.0,0.0,4,0.0,8,56.66666666666666,36.0,24.0,-20.666666666666664,1,2026-07-29,1
27,1,51.68461538461538,80.0,30.0,6,46.45,7,60.0,50.0,44.225,-10.0,1,2026-07-29,1
28,1,26.125,95.0,0.0,1,0.0,3,0.0,95.0,0.0,0.0,1,2026-07-29,1
29,1,75.61428571428571,100.0,56.05,14,56.05,0,83.0,85.0,57.025,2.0,1,2026-07-29,0
30,1,41.66666666666666,95.0,5.5,4,5.5,5,52.5,0.0,36.0,0.0,1,2026-07-29,1
31,1,90.15333333333334,100.0,65.8,15,65.8,0,97.4,90.0,80.4,-7.400000000000006,1,2026-07-29,0
32,1,84.09285714285714,100.0,59.0,14,59.4,0,91.25,98.0,59.2,6.75,1,2026-07-29,0
33,1,88.39666666666668,100.0,60.0,15,91.3,0,78.0,100.0,86.7375,22.0,1,2026-07-29,1
34,1,76.96153846153847,100.0,20.0,11,83.0,2,81.0,73.33333333333333,78.25,-7.666666666666671,1,2026-07-29,1
35,1,84.97333333333333,100.0,70.35,15,70.35,0,87.8,90.0,74.175,2.200000000000003,1,2026-07-29,1
36,1,67.6,90.0,35.0,13,64.5,2,67.0,63.0,74.75,-4.0,1,2026-07-29,0
37,1,77.27142857142857,95.0,55.0,14,81.4,0,79.0,73.75,80.7,-5.25,1,2026-07-29,0
38,1,67.25333333333333,92.0,35.0,12,79.65,3,62.0,59.0,85.825,-3.0,1,2026-07-29,1
39,1,81.94266666666667,100.0,61.57,15,61.57,0,94.0,82.0,65.285,-12.0,1,2026-07-29,0
40,1,62.392857142857146,100.0,19.0,12,19.0,2,75.0,72.5,35.5,-2.5,1,2026-07-29,1
41,1,38.9,60.0,0.0,5,46.0,5,40.0,55.0,30.666666666666668,15.0,1,2026-07-29,1
42,1,84.34615384615384,100.0,60.0,13,60.0,0,91.0,93.33333333333331,72.0,2.3333333333333286,1,2026-07-29,0
43,1,82.27857142857144,100.0,45.0,13,85.95,1,85.0,88.0,73.475,3.0,1,2026-07-29,1
44,1,83.9076923076923,100.0,67.9,13,67.9,0,93.0,88.33333333333333,71.95,-4.666666666666671,1,2026-07-29,0
45,1,89.08666666666666,100.0,65.0,15,79.15,0,88.0,92.0,86.575,4.0,1,2026-07-29,0
46,1,72.78666666666666,90.0,40.0,14,69.65,1,69.0,82.0,65.325,13.0,1,2026-07-29,1
47,1,83.44666666666667,100.0,60.0,15,75.85,0,81.0,87.0,81.925,6.0,1,2026-07-29,1
48,1,72.25733333333332,100.0,25.0,12,51.43,3,86.0,56.0,75.715,-30.0,1,2026-07-29,1
49,1,63.333333333333336,100.0,29.0,8,64.5,1,65.0,80.0,62.75,15.0,1,2026-07-29,1
50,1,46.2,84.0,20.0,6,51.3,7,40.0,33.333333333333336,67.65,-6.666666666666664,1,2026-07-29,0
51,1,87.73571428571428,100.0,50.0,14,97.9,0,89.0,82.5,93.95,-6.5,1,2026-07-29,0
52,1,71.03333333333333,100.0,50.0,15,68.0,0,82.0,67.0,61.5,-15.0,1,2026-07-29,0
53,1,57.03333333333333,100.0,19.7,7,19.7,5,72.0,50.0,44.6,-22.0,1,2026-07-29,1
54,1,74.99230769230769,100.0,30.0,10,76.45,3,67.5,97.5,62.225,30.0,1,2026-07-29,1
55,1,45.13636363636363,75.0,0.0,4,44.0,7,48.75,20.0,59.5,-28.75,1,2026-07-29,1
56,1,78.56666666666666,100.0,0.0,14,84.0,1,92.0,59.0,87.0,-33.0,1,2026-07-29,0
57,1,57.333333333333336,100.0,10.0,5,62.0,1,100.0,0.0,58.5,0.0,1,2026-07-29,1
58,1,26.375,55.0,0.0,4,53.75,8,17.5,6.666666666666667,54.375,-10.833333333333332,1,2026-07-29,1
59,1,55.67777777777778,85.0,29.0,6,36.05,3,78.33333333333333,55.0,45.525,-23.33333333333333,1,2026-07-29,1
60,1,90.91333333333334,100.0,80.0,15,84.15,0,91.8,91.0,89.575,-0.7999999999999972,1,2026-07-29,0
61,1,91.0,100.0,60.0,15,80.0,0,98.0,88.0,85.5,-10.0,1,2026-07-29,0
62,1,74.58,95.0,50.0,15,88.35,0,79.0,69.0,76.175,-10.0,1,2026-07-29,1
63,1,79.5,100.0,40.0,13,65.5,1,88.0,75.0,74.75,-13.0,1,2026-07-29,1
64,1,48.73,80.0,10.0,7,65.65,3,40.0,50.0,61.325,10.0,1,2026-07-29,1
65,1,83.24666666666667,95.0,58.0,15,88.4,0,83.8,90.0,73.2,6.200000000000003,1,2026-07-29,0
66,1,74.21333333333334,100.0,30.0,14,72.35,1,66.0,77.0,81.675,11.0,1,2026-07-29,1
67,1,87.22666666666667,100.0,67.7,15,67.7,0,96.0,86.0,76.85,-10.0,1,2026-07-29,0
68,1,75.48666666666666,100.0,30.0,12,41.65,3,72.0,90.0,60.325,18.0,1,2026-07-29,1
69,1,71.59466666666667,100.0,47.21,13,47.21,2,74.0,75.0,63.605,1.0,1,2026-07-29,0
70,1,95.83733333333332,100.0,88.28,15,88.28,0,98.0,96.0,92.64,-2.0,1,2026-07-29,0
71,1,54.642857142857146,80.0,0.0,10,66.0,4,55.0,42.0,73.0,-13.0,1,2026-07-29,1
72,1,75.97333333333333,100.0,40.0,14,96.3,1,80.0,62.0,89.65,-18.0,1,2026-07-29,0
73,1,53.4,100.0,0.0,5,0.0,5,80.0,75.0,9.333333333333334,-5.0,1,2026-07-29,1
74,1,76.5,95.0,30.0,14,50.0,1,76.0,81.0,71.0,5.0,1,2026-07-29,0
75,1,73.39285714285714,100.0,40.0,11,41.0,3,70.0,93.75,57.5,23.75,1,2026-07-29,0
76,1,64.23333333333333,100.0,20.0,11,45.0,4,76.0,61.0,52.5,-15.0,1,2026-07-29,0
77,1,70.47,100.0,38.0,9,89.35,1,70.0,100.0,71.675,30.0,1,2026-07-29,0
78,1,76.72142857142856,100.0,50.0,14,73.3,0,71.25,78.0,82.9,6.75,1,2026-07-29,1
79,1,70.85714285714286,100.0,40.0,13,63.0,1,86.0,65.0,58.25,-21.0,1,2026-07-29,0
80,1,81.77333333333333,100.0,65.0,15,79.3,0,86.0,78.0,81.15,-8.0,1,2026-07-29,0
81,1,35.906666666666666,75.0,10.0,4,48.8,11,15.0,55.0,38.4,40.0,1,2026-07-29,1
82,1,92.12666666666668,100.0,70.0,15,88.7,0,90.0,93.0,93.85,3.0,1,2026-07-29,0
83,1,68.04,100.0,40.0,12,45.3,3,69.0,79.0,51.65,10.0,1,2026-07-29,1
84,1,83.09333333333333,100.0,69.0,15,70.2,0,84.0,92.0,69.6,8.0,1,2026-07-29,0
85,1,69.76666666666667,100.0,0.0,10,0.0,5,79.0,100.0,15.5,21.0,1,2026-07-29,1
86,1,57.76666666666667,100.0,20.0,8,68.1,4,65.0,43.333333333333336,66.05,-21.666666666666664,1,2026-07-29,1
87,1,59.17857142857143,100.0,0.0,9,56.0,5,55.0,75.0,49.0,20.0,1,2026-07-29,1
88,1,74.33333333333333,100.0,0.0,7,86.5,2,75.0,0.0,84.75,0.0,1,2026-07-29,0
89,1,14.0,38.0,0.0,0,38.0,8,0.0,0.0,28.0,0.0,1,2026-07-29,1
90,1,87.90666666666667,100.0,79.0,15,82.55,0,92.0,89.0,80.775,-3.0,1,2026-07-29,0
91,1,84.86,100.0,50.0,15,84.95,0,74.0,92.0,89.975,18.0,1,2026-07-29,0
92,1,78.85,100.0,43.5,9,72.5,1,78.33333333333333,100.0,77.5,21.66666666666667,1,2026-07-29,1
93,1,32.19230769230769,60.0,0.0,3,23.0,10,41.0,26.666666666666668,26.25,-14.333333333333332,1,2026-07-29,1
94,1,53.785714285714285,90.0,17.0,8,17.0,6,75.0,56.25,23.25,-18.75,1,2026-07-29,0
96,1,68.36,100.0,1.2,11,1.2,4,82.0,88.0,22.6,6.0,1,2026-07-29,1
97,1,76.825,100.0,55.5,12,55.7,0,88.33333333333333,72.5,77.85,-15.833333333333329,1,2026-07-29,1
98,1,51.275,100.0,0.0,5,73.1,3,40.0,0.0,69.55,0.0,1,2026-07-29,1
99,1,74.25,100.0,0.0,13,79.0,1,90.0,53.75,77.0,-36.25,1,2026-07-29,0
100,1,41.15,75.0,0.0,5,0.0,5,61.25,50.0,21.75,-11.25,1,2026-07-29,1
101,1,71.86666666666666,90.0,43.0,13,67.0,2,74.0,82.0,55.0,8.0,1,2026-07-29,1
102,1,10.375,25.0,0.0,0,0.0,8,16.666666666666668,20.0,2.0,3.333333333333332,1,2026-07-29,1
103,1,89.96666666666667,100.0,40.0,13,93.0,2,97.0,100.0,66.5,3.0,1,2026-07-29,0
104,1,91.53333333333332,100.0,75.0,15,94.0,0,96.0,86.0,93.0,-10.0,1,2026-07-29,0
105,1,65.48333333333333,90.0,25.0,10,65.65,2,76.0,57.5,60.325,-18.5,1,2026-07-29,1
106,1,48.75714285714286,100.0,0.0,8,32.8,6,46.0,60.0,41.4,14.0,1,2026-07-29,1
107,1,68.35714285714286,100.0,30.0,13,77.0,1,70.0,65.0,71.5,-5.0,1,2026-07-29,0
108,1,58.46428571428572,85.0,0.0,12,76.0,2,70.0,38.75,65.75,-31.25,1,2026-07-29,0
109,1,68.95454545454545,90.0,43.5,10,85.0,1,67.5,82.5,70.0,15.0,1,2026-07-29,0
110,1,51.2,70.0,27.0,6,58.5,4,56.66666666666666,50.0,53.75,-6.666666666666664,1,2026-07-29,1
111,1,81.69999999999999,100.0,63.3,13,63.3,0,99.0,76.66666666666667,66.15,-22.33333333333333,1,2026-07-29,1
112,1,67.51428571428572,100.0,30.0,12,52.85,2,53.75,82.0,64.425,28.25,1,2026-07-29,0
113,1,31.466666666666665,75.0,0.0,5,62.0,10,17.0,19.0,68.5,2.0,1,2026-07-29,1
114,1,80.2,100.0,60.0,15,86.0,0,83.0,81.0,75.25,-2.0,1,2026-07-29,0
115,1,73.57142857142857,100.0,50.0,14,65.0,0,84.0,70.0,65.0,-14.0,1,2026-07-29,0
116,1,50.48333333333333,78.0,0.0,4,73.45,2,0.0,0.0,75.725,0.0,1,2026-07-29,1
117,1,92.2,100.0,50.0,15,91.5,0,100.0,100.0,70.75,0.0,1,2026-07-29,0
118,1,79.42,100.0,30.0,14,94.65,1,72.0,80.0,88.825,8.0,1,2026-07-29,0
119,1,69.7,100.0,10.0,11,77.5,4,80.0,67.0,59.25,-13.0,1,2026-07-29,0
120,1,88.57857142857142,100.0,64.0,14,83.05,0,100.0,92.0,73.525,-8.0,1,2026-07-29,0
121,1,48.625,80.0,18.5,5,31.75,3,65.0,55.0,46.375,-10.0,1,2026-07-29,1
122,1,92.64,100.0,78.73,14,78.73,0,100.0,96.25,80.86500000000001,-3.75,1,2026-07-29,0
123,1,34.05,63.0,0.0,4,63.0,6,36.25,25.0,42.0,-11.25,1,2026-07-29,1
124,1,80.41333333333334,95.0,69.0,15,72.1,0,83.0,85.0,70.55,2.0,1,2026-07-29,0
125,1,85.4,100.0,70.0,15,73.5,0,88.0,92.0,72.75,4.0,1,2026-07-29,0
126,1,65.63333333333334,100.0,0.0,12,54.0,3,72.0,55.0,71.5,-17.0,1,2026-07-29,0
127,1,38.95454545454545,85.0,0.0,6,0.0,5,42.0,85.0,26.0,43.0,1,2026-07-29,1
128,1,67.86666666666666,85.0,51.0,12,68.7,0,66.25,81.66666666666667,63.35,15.416666666666671,1,2026-07-29,1
129,1,55.0,100.0,20.0,8,30.0,4,58.0,55.0,55.0,-3.0,1,2026-07-29,1
130,1,64.725,100.0,23.0,6,57.4,2,76.66666666666667,0.0,66.2,0.0,1,2026-07-29,1
131,1,87.54666666666667,100.0,76.35,15,76.35,0,91.0,84.0,87.675,-7.0,1,2026-07-29,0
132,1,79.64999999999999,100.0,50.0,14,95.55,0,78.0,72.5,91.775,-5.5,1,2026-07-29,0
133,1,24.685714285714287,50.0,0.0,1,28.9,6,50.0,0.0,29.45,-50.0,1,2026-07-29,1
134,1,54.333333333333336,95.0,20.0,7,62.0,5,36.66666666666666,72.5,53.0,35.833333333333336,1,2026-07-29,1
135,1,78.47857142857143,100.0,37.0,12,50.35,2,96.0,90.0,43.675,-6.0,1,2026-07-29,1
136,1,73.15714285714286,83.85,65.0,14,83.85,0,75.0,71.0,75.925,-4.0,1,2026-07-29,0
137,1,78.88000000000001,100.0,50.35,15,50.35,0,89.0,88.0,52.425,-1.0,1,2026-07-29,1
138,1,74.6923076923077,100.0,30.0,11,88.5,2,71.25,78.75,77.75,7.5,1,2026-07-29,1
139,1,45.61538461538461,80.0,0.0,8,65.0,5,46.0,26.666666666666668,63.0,-19.33333333333333,1,2026-07-29,1
140,1,5.5,20.0,0.0,0,0.0,4,20.0,0.0,0.0,0.0,1,2026-07-29,1
141,1,55.29,100.0,30.0,8,43.78,6,61.0,40.0,65.64,-21.0,1,2026-07-29,1
142,1,89.41428571428571,100.0,75.0,14,95.9,0,92.5,90.0,87.45,-2.5,1,2026-07-29,0
143,1,45.142857142857146,90.0,0.0,3,0.0,4,55.0,30.0,54.0,-25.0,1,2026-07-29,1
144,1,62.5,95.0,0.0,7,87.0,3,60.0,72.5,58.0,12.5,1,2026-07-29,0
145,1,58.875,100.0,0.0,5,0.0,3,77.5,0.0,43.333333333333336,0.0,1,2026-07-29,1
146,1,60.07142857142857,75.0,14.5,6,55.5,1,72.5,0.0,65.25,0.0,1,2026-07-29,1
147,1,65.25,100.0,12.75,6,12.75,4,92.5,40.0,50.375,-52.5,1,2026-07-29,1
148,1,58.28888888888889,100.0,30.0,5,55.8,4,93.33333333333331,30.0,45.9,-63.33333333333333,1,2026-07-29,1
149,1,87.92857142857143,100.0,62.75,14,62.75,0,99.0,97.5,64.375,-1.5,1,2026-07-29,0
150,1,90.15,100.0,49.0,12,95.3,2,97.0,100.0,72.15,3.0,1,2026-07-29,0
151,1,53.9,100.0,0.0,6,0.0,4,45.0,80.0,0.0,35.0,1,2026-07-29,1
152,1,19.5,38.0,0.0,0,38.0,8,5.0,10.0,33.5,5.0,1,2026-07-29,1
153,1,52.29230769230769,65.0,10.0,10,60.4,3,51.0,45.0,62.7,-6.0,1,2026-07-29,1
154,1,11.4,50.0,0.0,1,0.0,4,0.0,50.0,0.6666666666666666,0.0,1,2026-07-29,1
155,1,0.0,0.0,0.0,0,0.0,6,0.0,0.0,0.0,0.0,1,2026-07-29,1
156,1,84.06,100.0,50.0,15,82.7,0,82.0,83.0,88.35,1.0,1,2026-07-29,1
157,1,19.15,80.0,0.0,2,0.0,8,29.0,0.0,10.666666666666666,-29.0,1,2026-07-29,1
158,1,8.25,33.0,0.0,0,0.0,8,0.0,0.0,22.0,0.0,1,2026-07-29,1
159,1,34.5,90.0,0.0,2,0.0,4,75.0,0.0,14.0,0.0,1,2026-07-29,1
160,1,12.5,50.0,0.0,2,0.0,6,0.0,0.0,25.0,0.0,1,2026-07-29,1
161,1,20.166666666666668,50.0,0.0,1,0.0,5,36.66666666666666,0.0,0.0,0.0,1,2026-07-29,1
162,1,29.791666666666668,80.0,0.0,5,0.0,7,49.0,40.0,0.0,-9.0,1,2026-07-29,1
163,1,67.22222222222223,100.0,0.0,7,0.0,2,90.0,100.0,0.0,10.0,1,2026-07-29,1
164,1,0.0,0.0,0.0,0,0.0,3,0.0,0.0,0.0,0.0,1,2026-07-29,1
165,1,33.0,80.0,0.0,2,0.0,3,75.0,0.0,0.0,0.0,1,2026-07-29,1
166,1,5.5,20.0,0.0,0,0.0,4,20.0,0.0,0.0,0.0,1,2026-07-29,1
167,1,0.0,0.0,0.0,0,0.0,5,0.0,0.0,0.0,0.0,1,2026-07-29,1
168,1,23.375,85.0,0.0,1,0.0,3,85.0,0.0,0.0,0.0,1,2026-07-29,1
169,1,0.0,0.0,0.0,0,0.0,6,0.0,0.0,0.0,0.0,1,2026-07-29,1
170,1,0.0,0.0,0.0,0,0.0,4,0.0,0.0,0.0,0.0,1,2026-07-29,1
171,1,0.0,0.0,0.0,0,0.0,7,0.0,0.0,0.0,0.0,1,2026-07-29,1
2,1,70.53999999999999,100.0,0.0,10,44.8,5,95.0,72.0,34.9,-23.0,1,2026-07-30,1
4,1,83.28666666666666,100.0,60.0,15,61.9,0,79.0,98.0,68.95,19.0,1,2026-07-30,1
5,1,86.00666666666666,100.0,10.0,14,93.05,1,71.0,97.0,91.525,26.0,1,2026-07-30,0
7,1,53.53333333333333,80.0,31.0,9,68.0,6,51.0,59.0,49.5,8.0,1,2026-07-30,1
8,1,57.940000000000005,94.0,0.0,11,71.05,4,46.0,52.0,82.525,6.0,1,2026-07-30,1
9,1,67.83733333333333,100.0,0.0,12,52.28,3,94.0,40.0,70.14,-54.0,1,2026-07-30,0
10,1,60.08181818181818,95.0,10.0,6,84.7,5,56.25,70.0,64.85,13.75,1,2026-07-30,1
11,1,77.07142857142857,100.0,0.0,12,0.0,2,88.0,78.0,55.333333333333336,-10.0,1,2026-07-30,1
12,1,79.43333333333334,100.0,40.0,14,87.0,1,86.0,79.0,71.0,-7.0,1,2026-07-30,0
13,1,98.49333333333334,100.0,88.7,15,88.7,0,100.0,100.0,94.35,0.0,1,2026-07-30,0
14,1,82.82142857142857,100.0,0.0,13,0.0,1,90.0,91.0,54.66666666666666,1.0,1,2026-07-30,0
15,1,88.74666666666667,100.0,70.0,15,81.1,0,92.0,94.0,77.05,2.0,1,2026-07-30,0
16,1,68.83333333333333,100.0,0.0,12,20.25,3,86.0,66.0,49.125,-20.0,1,2026-07-30,0
17,1,35.857142857142854,100.0,0.0,3,0.0,4,73.33333333333333,0.0,3.0,0.0,1,2026-07-30,1
18,1,0.0,0.0,0.0,0,0.0,6,0.0,0.0,0.0,0.0,1,2026-07-30,1
19,1,93.65333333333334,100.0,70.0,15,93.15,0,90.0,97.0,94.075,7.0,1,2026-07-30,0
20,1,53.875,100.0,20.0,4,65.0,4,100.0,20.0,47.25,-80.0,1,2026-07-30,1
21,1,67.8875,100.0,26.5,7,62.3,1,97.5,70.0,62.9,-27.5,1,2026-07-30,0
22,1,96.584,100.0,88.13,15,88.13,0,98.0,97.0,94.065,-1.0,1,2026-07-30,0
23,1,85.1,100.0,55.5,15,74.0,0,94.0,91.0,64.75,-3.0,1,2026-07-30,0
24,1,83.38888888888889,100.0,38.5,8,75.5,1,96.25,0.0,81.75,0.0,1,2026-07-30,1
25,1,77.36,100.0,46.2,13,46.2,2,81.0,83.0,64.6,2.0,1,2026-07-30,1
26,1,38.083333333333336,70.0,0.0,4,0.0,8,56.66666666666666,36.0,24.0,-20.666666666666664,1,2026-07-30,1
27,1,51.68461538461538,80.0,30.0,6,46.45,7,60.0,50.0,44.225,-10.0,1,2026-07-30,1
28,1,26.125,95.0,0.0,1,0.0,3,0.0,95.0,0.0,0.0,1,2026-07-30,1
29,1,75.61428571428571,100.0,56.05,14,56.05,0,83.0,85.0,57.025,2.0,1,2026-07-30,0
30,1,41.66666666666666,95.0,5.5,4,5.5,5,52.5,0.0,36.0,0.0,1,2026-07-30,1
31,1,90.15333333333334,100.0,65.8,15,65.8,0,97.4,90.0,80.4,-7.400000000000006,1,2026-07-30,0
32,1,84.09285714285714,100.0,59.0,14,59.4,0,91.25,98.0,59.2,6.75,1,2026-07-30,0
33,1,88.39666666666668,100.0,60.0,15,91.3,0,78.0,100.0,86.7375,22.0,1,2026-07-30,1
34,1,76.96153846153847,100.0,20.0,11,83.0,2,81.0,73.33333333333333,78.25,-7.666666666666671,1,2026-07-30,1
35,1,84.97333333333333,100.0,70.35,15,70.35,0,87.8,90.0,74.175,2.200000000000003,1,2026-07-30,1
36,1,67.6,90.0,35.0,13,64.5,2,67.0,63.0,74.75,-4.0,1,2026-07-30,0
37,1,77.27142857142857,95.0,55.0,14,81.4,0,79.0,73.75,80.7,-5.25,1,2026-07-30,0
38,1,67.25333333333333,92.0,35.0,12,79.65,3,62.0,59.0,85.825,-3.0,1,2026-07-30,1
39,1,81.94266666666667,100.0,61.57,15,61.57,0,94.0,82.0,65.285,-12.0,1,2026-07-30,0
40,1,62.392857142857146,100.0,19.0,12,19.0,2,75.0,72.5,35.5,-2.5,1,2026-07-30,1
41,1,38.9,60.0,0.0,5,46.0,5,40.0,55.0,30.666666666666668,15.0,1,2026-07-30,1
42,1,84.34615384615384,100.0,60.0,13,60.0,0,91.0,93.33333333333331,72.0,2.3333333333333286,1,2026-07-30,0
43,1,82.27857142857144,100.0,45.0,13,85.95,1,85.0,88.0,73.475,3.0,1,2026-07-30,1
44,1,83.9076923076923,100.0,67.9,13,67.9,0,93.0,88.33333333333333,71.95,-4.666666666666671,1,2026-07-30,0
45,1,89.08666666666666,100.0,65.0,15,79.15,0,88.0,92.0,86.575,4.0,1,2026-07-30,0
46,1,72.78666666666666,90.0,40.0,14,69.65,1,69.0,82.0,65.325,13.0,1,2026-07-30,1
47,1,83.44666666666667,100.0,60.0,15,75.85,0,81.0,87.0,81.925,6.0,1,2026-07-30,1
48,1,72.25733333333332,100.0,25.0,12,51.43,3,86.0,56.0,75.715,-30.0,1,2026-07-30,1
49,1,63.333333333333336,100.0,29.0,8,64.5,1,65.0,80.0,62.75,15.0,1,2026-07-30,1
50,1,46.2,84.0,20.0,6,51.3,7,40.0,33.333333333333336,67.65,-6.666666666666664,1,2026-07-30,0
51,1,87.73571428571428,100.0,50.0,14,97.9,0,89.0,82.5,93.95,-6.5,1,2026-07-30,0
52,1,71.03333333333333,100.0,50.0,15,68.0,0,82.0,67.0,61.5,-15.0,1,2026-07-30,0
53,1,57.03333333333333,100.0,19.7,7,19.7,5,72.0,50.0,44.6,-22.0,1,2026-07-30,1
54,1,74.99230769230769,100.0,30.0,10,76.45,3,67.5,97.5,62.225,30.0,1,2026-07-30,1
55,1,45.13636363636363,75.0,0.0,4,44.0,7,48.75,20.0,59.5,-28.75,1,2026-07-30,1
56,1,78.56666666666666,100.0,0.0,14,84.0,1,92.0,59.0,87.0,-33.0,1,2026-07-30,0
57,1,57.333333333333336,100.0,10.0,5,62.0,1,100.0,0.0,58.5,0.0,1,2026-07-30,1
58,1,26.375,55.0,0.0,4,53.75,8,17.5,6.666666666666667,54.375,-10.833333333333332,1,2026-07-30,1
59,1,55.67777777777778,85.0,29.0,6,36.05,3,78.33333333333333,55.0,45.525,-23.33333333333333,1,2026-07-30,1
60,1,90.91333333333334,100.0,80.0,15,84.15,0,91.8,91.0,89.575,-0.7999999999999972,1,2026-07-30,0
61,1,91.0,100.0,60.0,15,80.0,0,98.0,88.0,85.5,-10.0,1,2026-07-30,0
62,1,74.58,95.0,50.0,15,88.35,0,79.0,69.0,76.175,-10.0,1,2026-07-30,1
63,1,79.5,100.0,40.0,13,65.5,1,88.0,75.0,74.75,-13.0,1,2026-07-30,1
64,1,48.73,80.0,10.0,7,65.65,3,40.0,50.0,61.325,10.0,1,2026-07-30,1
65,1,83.24666666666667,95.0,58.0,15,88.4,0,83.8,90.0,73.2,6.200000000000003,1,2026-07-30,0
66,1,74.21333333333334,100.0,30.0,14,72.35,1,66.0,77.0,81.675,11.0,1,2026-07-30,1
67,1,87.22666666666667,100.0,67.7,15,67.7,0,96.0,86.0,76.85,-10.0,1,2026-07-30,0
68,1,75.48666666666666,100.0,30.0,12,41.65,3,72.0,90.0,60.325,18.0,1,2026-07-30,1
69,1,71.59466666666667,100.0,47.21,13,47.21,2,74.0,75.0,63.605,1.0,1,2026-07-30,0
70,1,95.83733333333332,100.0,88.28,15,88.28,0,98.0,96.0,92.64,-2.0,1,2026-07-30,0
71,1,54.642857142857146,80.0,0.0,10,66.0,4,55.0,42.0,73.0,-13.0,1,2026-07-30,1
72,1,75.97333333333333,100.0,40.0,14,96.3,1,80.0,62.0,89.65,-18.0,1,2026-07-30,0
73,1,53.4,100.0,0.0,5,0.0,5,80.0,75.0,9.333333333333334,-5.0,1,2026-07-30,1
74,1,76.5,95.0,30.0,14,50.0,1,76.0,81.0,71.0,5.0,1,2026-07-30,0
75,1,73.39285714285714,100.0,40.0,11,41.0,3,70.0,93.75,57.5,23.75,1,2026-07-30,0
76,1,64.23333333333333,100.0,20.0,11,45.0,4,76.0,61.0,52.5,-15.0,1,2026-07-30,0
77,1,70.47,100.0,38.0,9,89.35,1,70.0,100.0,71.675,30.0,1,2026-07-30,0
78,1,76.72142857142856,100.0,50.0,14,73.3,0,71.25,78.0,82.9,6.75,1,2026-07-30,1
79,1,70.85714285714286,100.0,40.0,13,63.0,1,86.0,65.0,58.25,-21.0,1,2026-07-30,0
80,1,81.77333333333333,100.0,65.0,15,79.3,0,86.0,78.0,81.15,-8.0,1,2026-07-30,0
81,1,35.906666666666666,75.0,10.0,4,48.8,11,15.0,55.0,38.4,40.0,1,2026-07-30,1
82,1,92.12666666666668,100.0,70.0,15,88.7,0,90.0,93.0,93.85,3.0,1,2026-07-30,0
83,1,68.04,100.0,40.0,12,45.3,3,69.0,79.0,51.65,10.0,1,2026-07-30,1
84,1,83.09333333333333,100.0,69.0,15,70.2,0,84.0,92.0,69.6,8.0,1,2026-07-30,0
85,1,69.76666666666667,100.0,0.0,10,0.0,5,79.0,100.0,15.5,21.0,1,2026-07-30,1
86,1,57.76666666666667,100.0,20.0,8,68.1,4,65.0,43.333333333333336,66.05,-21.666666666666664,1,2026-07-30,1
87,1,59.17857142857143,100.0,0.0,9,56.0,5,55.0,75.0,49.0,20.0,1,2026-07-30,1
88,1,74.33333333333333,100.0,0.0,7,86.5,2,75.0,0.0,84.75,0.0,1,2026-07-30,0
89,1,14.0,38.0,0.0,0,38.0,8,0.0,0.0,28.0,0.0,1,2026-07-30,1
90,1,87.90666666666667,100.0,79.0,15,82.55,0,92.0,89.0,80.775,-3.0,1,2026-07-30,0
91,1,84.86,100.0,50.0,15,84.95,0,74.0,92.0,89.975,18.0,1,2026-07-30,0
92,1,78.85,100.0,43.5,9,72.5,1,78.33333333333333,100.0,77.5,21.66666666666667,1,2026-07-30,1
93,1,32.19230769230769,60.0,0.0,3,23.0,10,41.0,26.666666666666668,26.25,-14.333333333333332,1,2026-07-30,1
94,1,53.785714285714285,90.0,17.0,8,17.0,6,75.0,56.25,23.25,-18.75,1,2026-07-30,0
96,1,68.36,100.0,1.2,11,1.2,4,82.0,88.0,22.6,6.0,1,2026-07-30,1
97,1,76.825,100.0,55.5,12,55.7,0,88.33333333333333,72.5,77.85,-15.833333333333329,1,2026-07-30,1
98,1,51.275,100.0,0.0,5,73.1,3,40.0,0.0,69.55,0.0,1,2026-07-30,1
99,1,74.25,100.0,0.0,13,79.0,1,90.0,53.75,77.0,-36.25,1,2026-07-30,0
100,1,41.15,75.0,0.0,5,0.0,5,61.25,50.0,21.75,-11.25,1,2026-07-30,1
101,1,71.86666666666666,90.0,43.0,13,67.0,2,74.0,82.0,55.0,8.0,1,2026-07-30,1
102,1,10.375,25.0,0.0,0,0.0,8,16.666666666666668,20.0,2.0,3.333333333333332,1,2026-07-30,1
103,1,89.96666666666667,100.0,40.0,13,93.0,2,97.0,100.0,66.5,3.0,1,2026-07-30,0
104,1,91.53333333333332,100.0,75.0,15,94.0,0,96.0,86.0,93.0,-10.0,1,2026-07-30,0
105,1,65.48333333333333,90.0,25.0,10,65.65,2,76.0,57.5,60.325,-18.5,1,2026-07-30,1
106,1,48.75714285714286,100.0,0.0,8,32.8,6,46.0,60.0,41.4,14.0,1,2026-07-30,1
107,1,68.35714285714286,100.0,30.0,13,77.0,1,70.0,65.0,71.5,-5.0,1,2026-07-30,0
108,1,58.46428571428572,85.0,0.0,12,76.0,2,70.0,38.75,65.75,-31.25,1,2026-07-30,0
109,1,68.95454545454545,90.0,43.5,10,85.0,1,67.5,82.5,70.0,15.0,1,2026-07-30,0
110,1,51.2,70.0,27.0,6,58.5,4,56.66666666666666,50.0,53.75,-6.666666666666664,1,2026-07-30,1
111,1,81.69999999999999,100.0,63.3,13,63.3,0,99.0,76.66666666666667,66.15,-22.33333333333333,1,2026-07-30,1
112,1,67.51428571428572,100.0,30.0,12,52.85,2,53.75,82.0,64.425,28.25,1,2026-07-30,0
113,1,31.466666666666665,75.0,0.0,5,62.0,10,17.0,19.0,68.5,2.0,1,2026-07-30,1
114,1,80.2,100.0,60.0,15,86.0,0,83.0,81.0,75.25,-2.0,1,2026-07-30,0
115,1,73.57142857142857,100.0,50.0,14,65.0,0,84.0,70.0,65.0,-14.0,1,2026-07-30,0
116,1,50.48333333333333,78.0,0.0,4,73.45,2,0.0,0.0,75.725,0.0,1,2026-07-30,1
117,1,92.2,100.0,50.0,15,91.5,0,100.0,100.0,70.75,0.0,1,2026-07-30,0
118,1,79.42,100.0,30.0,14,94.65,1,72.0,80.0,88.825,8.0,1,2026-07-30,0
119,1,69.7,100.0,10.0,11,77.5,4,80.0,67.0,59.25,-13.0,1,2026-07-30,0
120,1,88.57857142857142,100.0,64.0,14,83.05,0,100.0,92.0,73.525,-8.0,1,2026-07-30,0
121,1,48.625,80.0,18.5,5,31.75,3,65.0,55.0,46.375,-10.0,1,2026-07-30,1
122,1,92.64,100.0,78.73,14,78.73,0,100.0,96.25,80.86500000000001,-3.75,1,2026-07-30,0
123,1,34.05,63.0,0.0,4,63.0,6,36.25,25.0,42.0,-11.25,1,2026-07-30,1
124,1,80.41333333333334,95.0,69.0,15,72.1,0,83.0,85.0,70.55,2.0,1,2026-07-30,0
125,1,85.4,100.0,70.0,15,73.5,0,88.0,92.0,72.75,4.0,1,2026-07-30,0
126,1,65.63333333333334,100.0,0.0,12,54.0,3,72.0,55.0,71.5,-17.0,1,2026-07-30,0
127,1,38.95454545454545,85.0,0.0,6,0.0,5,42.0,85.0,26.0,43.0,1,2026-07-30,1
128,1,67.86666666666666,85.0,51.0,12,68.7,0,66.25,81.66666666666667,63.35,15.416666666666671,1,2026-07-30,1
129,1,55.0,100.0,20.0,8,30.0,4,58.0,55.0,55.0,-3.0,1,2026-07-30,1
130,1,64.725,100.0,23.0,6,57.4,2,76.66666666666667,0.0,66.2,0.0,1,2026-07-30,1
131,1,87.54666666666667,100.0,76.35,15,76.35,0,91.0,84.0,87.675,-7.0,1,2026-07-30,0
132,1,79.64999999999999,100.0,50.0,14,95.55,0,78.0,72.5,91.775,-5.5,1,2026-07-30,0
133,1,24.685714285714287,50.0,0.0,1,28.9,6,50.0,0.0,29.45,-50.0,1,2026-07-30,1
134,1,54.333333333333336,95.0,20.0,7,62.0,5,36.66666666666666,72.5,53.0,35.833333333333336,1,2026-07-30,1
135,1,78.47857142857143,100.0,37.0,12,50.35,2,96.0,90.0,43.675,-6.0,1,2026-07-30,1
136,1,73.15714285714286,83.85,65.0,14,83.85,0,75.0,71.0,75.925,-4.0,1,2026-07-30,0
137,1,78.88000000000001,100.0,50.35,15,50.35,0,89.0,88.0,52.425,-1.0,1,2026-07-30,1
138,1,74.6923076923077,100.0,30.0,11,88.5,2,71.25,78.75,77.75,7.5,1,2026-07-30,1
139,1,45.61538461538461,80.0,0.0,8,65.0,5,46.0,26.666666666666668,63.0,-19.33333333333333,1,2026-07-30,1
140,1,5.5,20.0,0.0,0,0.0,4,20.0,0.0,0.0,0.0,1,2026-07-30,1
141,1,55.29,100.0,30.0,8,43.78,6,61.0,40.0,65.64,-21.0,1,2026-07-30,1
142,1,89.41428571428571,100.0,75.0,14,95.9,0,92.5,90.0,87.45,-2.5,1,2026-07-30,0
143,1,45.142857142857146,90.0,0.0,3,0.0,4,55.0,30.0,54.0,-25.0,1,2026-07-30,1
144,1,62.5,95.0,0.0,7,87.0,3,60.0,72.5,58.0,12.5,1,2026-07-30,0
145,1,58.875,100.0,0.0,5,0.0,3,77.5,0.0,43.333333333333336,0.0,1,2026-07-30,1
146,1,60.07142857142857,75.0,14.5,6,55.5,1,72.5,0.0,65.25,0.0,1,2026-07-30,1
147,1,65.25,100.0,12.75,6,12.75,4,92.5,40.0,50.375,-52.5,1,2026-07-30,1
148,1,58.28888888888889,100.0,30.0,5,55.8,4,93.33333333333331,30.0,45.9,-63.33333333333333,1,2026-07-30,1
149,1,87.92857142857143,100.0,62.75,14,62.75,0,99.0,97.5,64.375,-1.5,1,2026-07-30,0
150,1,90.15,100.0,49.0,12,95.3,2,97.0,100.0,72.15,3.0,1,2026-07-30,0
151,1,53.9,100.0,0.0,6,0.0,4,45.0,80.0,0.0,35.0,1,2026-07-30,1
152,1,19.5,38.0,0.0,0,38.0,8,5.0,10.0,33.5,5.0,1,2026-07-30,1
153,1,52.29230769230769,65.0,10.0,10,60.4,3,51.0,45.0,62.7,-6.0,1,2026-07-30,1
154,1,11.4,50.0,0.0,1,0.0,4,0.0,50.0,0.6666666666666666,0.0,1,2026-07-30,1
155,1,0.0,0.0,0.0,0,0.0,6,0.0,0.0,0.0,0.0,1,2026-07-30,1
156,1,84.06,100.0,50.0,15,82.7,0,82.0,83.0,88.35,1.0,1,2026-07-30,1
157,1,19.15,80.0,0.0,2,0.0,8,29.0,0.0,10.666666666666666,-29.0,1,2026-07-30,1
158,1,8.25,33.0,0.0,0,0.0,8,0.0,0.0,22.0,0.0,1,2026-07-30,1
159,1,34.5,90.0,0.0,2,0.0,4,75.0,0.0,14.0,0.0,1,2026-07-30,1
160,1,12.5,50.0,0.0,2,0.0,6,0.0,0.0,25.0,0.0,1,2026-07-30,1
161,1,20.166666666666668,50.0,0.0,1,0.0,5,36.66666666666666,0.0,0.0,0.0,1,2026-07-30,1
162,1,29.791666666666668,80.0,0.0,5,0.0,7,49.0,40.0,0.0,-9.0,1,2026-07-30,1
163,1,67.22222222222223,100.0,0.0,7,0.0,2,90.0,100.0,0.0,10.0,1,2026-07-30,1
164,1,0.0,0.0,0.0,0,0.0,3,0.0,0.0,0.0,0.0,1,2026-07-30,1
165,1,33.0,80.0,0.0,2,0.0,3,75.0,0.0,0.0,0.0,1,2026-07-30,1
166,1,5.5,20.0,0.0,0,0.0,4,20.0,0.0,0.0,0.0,1,2026-07-30,1
167,1,0.0,0.0,0.0,0,0.0,5,0.0,0.0,0.0,0.0,1,2026-07-30,1
168,1,23.375,85.0,0.0,1,0.0,3,85.0,0.0,0.0,0.0,1,2026-07-30,1
169,1,0.0,0.0,0.0,0,0.0,6,0.0,0.0,0.0,0.0,1,2026-07-30,1
170,1,0.0,0.0,0.0,0,0.0,4,0.0,0.0,0.0,0.0,1,2026-07-30,1
171,1,0.0,0.0,0.0,0,0.0,7,0.0,0.0,0.0,0.0,1,2026-07-30,1
2,1,70.53999999999999,100.0,0.0,10,44.8,5,95.0,72.0,34.9,-23.0,1,2026-07-31,1
4,1,83.28666666666666,100.0,60.0,15,61.9,0,79.0,98.0,68.95,19.0,1,2026-07-31,1
5,1,86.00666666666666,100.0,10.0,14,93.05,1,71.0,97.0,91.525,26.0,1,2026-07-31,0
7,1,53.53333333333333,80.0,31.0,9,68.0,6,51.0,59.0,49.5,8.0,1,2026-07-31,1
8,1,57.940000000000005,94.0,0.0,11,71.05,4,46.0,52.0,82.525,6.0,1,2026-07-31,1
9,1,67.83733333333333,100.0,0.0,12,52.28,3,94.0,40.0,70.14,-54.0,1,2026-07-31,0
10,1,60.08181818181818,95.0,10.0,6,84.7,5,56.25,70.0,64.85,13.75,1,2026-07-31,1
11,1,77.07142857142857,100.0,0.0,12,0.0,2,88.0,78.0,55.333333333333336,-10.0,1,2026-07-31,1
12,1,79.43333333333334,100.0,40.0,14,87.0,1,86.0,79.0,71.0,-7.0,1,2026-07-31,0
13,1,98.49333333333334,100.0,88.7,15,88.7,0,100.0,100.0,94.35,0.0,1,2026-07-31,0
14,1,82.82142857142857,100.0,0.0,13,0.0,1,90.0,91.0,54.66666666666666,1.0,1,2026-07-31,0
15,1,88.74666666666667,100.0,70.0,15,81.1,0,92.0,94.0,77.05,2.0,1,2026-07-31,0
16,1,68.83333333333333,100.0,0.0,12,20.25,3,86.0,66.0,49.125,-20.0,1,2026-07-31,0
17,1,35.857142857142854,100.0,0.0,3,0.0,4,73.33333333333333,0.0,3.0,0.0,1,2026-07-31,1
18,1,0.0,0.0,0.0,0,0.0,6,0.0,0.0,0.0,0.0,1,2026-07-31,1
19,1,93.65333333333334,100.0,70.0,15,93.15,0,90.0,97.0,94.075,7.0,1,2026-07-31,0
20,1,53.875,100.0,20.0,4,65.0,4,100.0,20.0,47.25,-80.0,1,2026-07-31,1
21,1,67.8875,100.0,26.5,7,62.3,1,97.5,70.0,62.9,-27.5,1,2026-07-31,0
22,1,96.584,100.0,88.13,15,88.13,0,98.0,97.0,94.065,-1.0,1,2026-07-31,0
23,1,85.1,100.0,55.5,15,74.0,0,94.0,91.0,64.75,-3.0,1,2026-07-31,0
24,1,83.38888888888889,100.0,38.5,8,75.5,1,96.25,0.0,81.75,0.0,1,2026-07-31,1
25,1,77.36,100.0,46.2,13,46.2,2,81.0,83.0,64.6,2.0,1,2026-07-31,1
26,1,38.083333333333336,70.0,0.0,4,0.0,8,56.66666666666666,36.0,24.0,-20.666666666666664,1,2026-07-31,1
27,1,51.68461538461538,80.0,30.0,6,46.45,7,60.0,50.0,44.225,-10.0,1,2026-07-31,1
28,1,26.125,95.0,0.0,1,0.0,3,0.0,95.0,0.0,0.0,1,2026-07-31,1
29,1,75.61428571428571,100.0,56.05,14,56.05,0,83.0,85.0,57.025,2.0,1,2026-07-31,0
30,1,41.66666666666666,95.0,5.5,4,5.5,5,52.5,0.0,36.0,0.0,1,2026-07-31,1
31,1,90.15333333333334,100.0,65.8,15,65.8,0,97.4,90.0,80.4,-7.400000000000006,1,2026-07-31,0
32,1,84.09285714285714,100.0,59.0,14,59.4,0,91.25,98.0,59.2,6.75,1,2026-07-31,0
33,1,88.39666666666668,100.0,60.0,15,91.3,0,78.0,100.0,86.7375,22.0,1,2026-07-31,1
34,1,76.96153846153847,100.0,20.0,11,83.0,2,81.0,73.33333333333333,78.25,-7.666666666666671,1,2026-07-31,1
35,1,84.97333333333333,100.0,70.35,15,70.35,0,87.8,90.0,74.175,2.200000000000003,1,2026-07-31,1
36,1,67.6,90.0,35.0,13,64.5,2,67.0,63.0,74.75,-4.0,1,2026-07-31,0
37,1,77.27142857142857,95.0,55.0,14,81.4,0,79.0,73.75,80.7,-5.25,1,2026-07-31,0
38,1,67.25333333333333,92.0,35.0,12,79.65,3,62.0,59.0,85.825,-3.0,1,2026-07-31,1
39,1,81.94266666666667,100.0,61.57,15,61.57,0,94.0,82.0,65.285,-12.0,1,2026-07-31,0
40,1,62.392857142857146,100.0,19.0,12,19.0,2,75.0,72.5,35.5,-2.5,1,2026-07-31,1
41,1,38.9,60.0,0.0,5,46.0,5,40.0,55.0,30.666666666666668,15.0,1,2026-07-31,1
42,1,84.34615384615384,100.0,60.0,13,60.0,0,91.0,93.33333333333331,72.0,2.3333333333333286,1,2026-07-31,0
43,1,82.27857142857144,100.0,45.0,13,85.95,1,85.0,88.0,73.475,3.0,1,2026-07-31,1
44,1,83.9076923076923,100.0,67.9,13,67.9,0,93.0,88.33333333333333,71.95,-4.666666666666671,1,2026-07-31,0
45,1,89.08666666666666,100.0,65.0,15,79.15,0,88.0,92.0,86.575,4.0,1,2026-07-31,0
46,1,72.78666666666666,90.0,40.0,14,69.65,1,69.0,82.0,65.325,13.0,1,2026-07-31,1
47,1,83.44666666666667,100.0,60.0,15,75.85,0,81.0,87.0,81.925,6.0,1,2026-07-31,1
48,1,72.25733333333332,100.0,25.0,12,51.43,3,86.0,56.0,75.715,-30.0,1,2026-07-31,1
49,1,63.333333333333336,100.0,29.0,8,64.5,1,65.0,80.0,62.75,15.0,1,2026-07-31,1
50,1,46.2,84.0,20.0,6,51.3,7,40.0,33.333333333333336,67.65,-6.666666666666664,1,2026-07-31,0
51,1,87.73571428571428,100.0,50.0,14,97.9,0,89.0,82.5,93.95,-6.5,1,2026-07-31,0
52,1,71.03333333333333,100.0,50.0,15,68.0,0,82.0,67.0,61.5,-15.0,1,2026-07-31,0
53,1,57.03333333333333,100.0,19.7,7,19.7,5,72.0,50.0,44.6,-22.0,1,2026-07-31,1
54,1,74.99230769230769,100.0,30.0,10,76.45,3,67.5,97.5,62.225,30.0,1,2026-07-31,1
55,1,45.13636363636363,75.0,0.0,4,44.0,7,48.75,20.0,59.5,-28.75,1,2026-07-31,1
56,1,78.56666666666666,100.0,0.0,14,84.0,1,92.0,59.0,87.0,-33.0,1,2026-07-31,0
57,1,57.333333333333336,100.0,10.0,5,62.0,1,100.0,0.0,58.5,0.0,1,2026-07-31,1
58,1,26.375,55.0,0.0,4,53.75,8,17.5,6.666666666666667,54.375,-10.833333333333332,1,2026-07-31,1
59,1,55.67777777777778,85.0,29.0,6,36.05,3,78.33333333333333,55.0,45.525,-23.33333333333333,1,2026-07-31,1
60,1,90.91333333333334,100.0,80.0,15,84.15,0,91.8,91.0,89.575,-0.7999999999999972,1,2026-07-31,0
61,1,91.0,100.0,60.0,15,80.0,0,98.0,88.0,85.5,-10.0,1,2026-07-31,0
62,1,74.58,95.0,50.0,15,88.35,0,79.0,69.0,76.175,-10.0,1,2026-07-31,1
63,1,79.5,100.0,40.0,13,65.5,1,88.0,75.0,74.75,-13.0,1,2026-07-31,1
64,1,48.73,80.0,10.0,7,65.65,3,40.0,50.0,61.325,10.0,1,2026-07-31,1
65,1,83.24666666666667,95.0,58.0,15,88.4,0,83.8,90.0,73.2,6.200000000000003,1,2026-07-31,0
66,1,74.21333333333334,100.0,30.0,14,72.35,1,66.0,77.0,81.675,11.0,1,2026-07-31,1
67,1,87.22666666666667,100.0,67.7,15,67.7,0,96.0,86.0,76.85,-10.0,1,2026-07-31,0
68,1,75.48666666666666,100.0,30.0,12,41.65,3,72.0,90.0,60.325,18.0,1,2026-07-31,1
69,1,71.59466666666667,100.0,47.21,13,47.21,2,74.0,75.0,63.605,1.0,1,2026-07-31,0
70,1,95.83733333333332,100.0,88.28,15,88.28,0,98.0,96.0,92.64,-2.0,1,2026-07-31,0
71,1,54.642857142857146,80.0,0.0,10,66.0,4,55.0,42.0,73.0,-13.0,1,2026-07-31,1
72,1,75.97333333333333,100.0,40.0,14,96.3,1,80.0,62.0,89.65,-18.0,1,2026-07-31,0
73,1,53.4,100.0,0.0,5,0.0,5,80.0,75.0,9.333333333333334,-5.0,1,2026-07-31,1
74,1,76.5,95.0,30.0,14,50.0,1,76.0,81.0,71.0,5.0,1,2026-07-31,0
75,1,73.39285714285714,100.0,40.0,11,41.0,3,70.0,93.75,57.5,23.75,1,2026-07-31,0
76,1,64.23333333333333,100.0,20.0,11,45.0,4,76.0,61.0,52.5,-15.0,1,2026-07-31,0
77,1,70.47,100.0,38.0,9,89.35,1,70.0,100.0,71.675,30.0,1,2026-07-31,0
78,1,76.72142857142856,100.0,50.0,14,73.3,0,71.25,78.0,82.9,6.75,1,2026-07-31,1
79,1,70.85714285714286,100.0,40.0,13,63.0,1,86.0,65.0,58.25,-21.0,1,2026-07-31,0
80,1,81.77333333333333,100.0,65.0,15,79.3,0,86.0,78.0,81.15,-8.0,1,2026-07-31,0
81,1,35.906666666666666,75.0,10.0,4,48.8,11,15.0,55.0,38.4,40.0,1,2026-07-31,1
82,1,92.12666666666668,100.0,70.0,15,88.7,0,90.0,93.0,93.85,3.0,1,2026-07-31,0
83,1,68.04,100.0,40.0,12,45.3,3,69.0,79.0,51.65,10.0,1,2026-07-31,1
84,1,83.09333333333333,100.0,69.0,15,70.2,0,84.0,92.0,69.6,8.0,1,2026-07-31,0
85,1,69.76666666666667,100.0,0.0,10,0.0,5,79.0,100.0,15.5,21.0,1,2026-07-31,1
86,1,57.76666666666667,100.0,20.0,8,68.1,4,65.0,43.333333333333336,66.05,-21.666666666666664,1,2026-07-31,1
87,1,59.17857142857143,100.0,0.0,9,56.0,5,55.0,75.0,49.0,20.0,1,2026-07-31,1
88,1,74.33333333333333,100.0,0.0,7,86.5,2,75.0,0.0,84.75,0.0,1,2026-07-31,0
89,1,14.0,38.0,0.0,0,38.0,8,0.0,0.0,28.0,0.0,1,2026-07-31,1
90,1,87.90666666666667,100.0,79.0,15,82.55,0,92.0,89.0,80.775,-3.0,1,2026-07-31,0
91,1,84.86,100.0,50.0,15,84.95,0,74.0,92.0,89.975,18.0,1,2026-07-31,0
92,1,78.85,100.0,43.5,9,72.5,1,78.33333333333333,100.0,77.5,21.66666666666667,1,2026-07-31,1
93,1,32.19230769230769,60.0,0.0,3,23.0,10,41.0,26.666666666666668,26.25,-14.333333333333332,1,2026-07-31,1
94,1,53.785714285714285,90.0,17.0,8,17.0,6,75.0,56.25,23.25,-18.75,1,2026-07-31,0
96,1,68.36,100.0,1.2,11,1.2,4,82.0,88.0,22.6,6.0,1,2026-07-31,1
97,1,76.825,100.0,55.5,12,55.7,0,88.33333333333333,72.5,77.85,-15.833333333333329,1,2026-07-31,1
98,1,51.275,100.0,0.0,5,73.1,3,40.0,0.0,69.55,0.0,1,2026-07-31,1
99,1,74.25,100.0,0.0,13,79.0,1,90.0,53.75,77.0,-36.25,1,2026-07-31,0
100,1,41.15,75.0,0.0,5,0.0,5,61.25,50.0,21.75,-11.25,1,2026-07-31,1
101,1,71.86666666666666,90.0,43.0,13,67.0,2,74.0,82.0,55.0,8.0,1,2026-07-31,1
102,1,10.375,25.0,0.0,0,0.0,8,16.666666666666668,20.0,2.0,3.333333333333332,1,2026-07-31,1
103,1,89.96666666666667,100.0,40.0,13,93.0,2,97.0,100.0,66.5,3.0,1,2026-07-31,0
104,1,91.53333333333332,100.0,75.0,15,94.0,0,96.0,86.0,93.0,-10.0,1,2026-07-31,0
105,1,65.48333333333333,90.0,25.0,10,65.65,2,76.0,57.5,60.325,-18.5,1,2026-07-31,1
106,1,48.75714285714286,100.0,0.0,8,32.8,6,46.0,60.0,41.4,14.0,1,2026-07-31,1
107,1,68.35714285714286,100.0,30.0,13,77.0,1,70.0,65.0,71.5,-5.0,1,2026-07-31,0
108,1,58.46428571428572,85.0,0.0,12,76.0,2,70.0,38.75,65.75,-31.25,1,2026-07-31,0
109,1,68.95454545454545,90.0,43.5,10,85.0,1,67.5,82.5,70.0,15.0,1,2026-07-31,0
110,1,51.2,70.0,27.0,6,58.5,4,56.66666666666666,50.0,53.75,-6.666666666666664,1,2026-07-31,1
111,1,81.69999999999999,100.0,63.3,13,63.3,0,99.0,76.66666666666667,66.15,-22.33333333333333,1,2026-07-31,1
112,1,67.51428571428572,100.0,30.0,12,52.85,2,53.75,82.0,64.425,28.25,1,2026-07-31,0
113,1,31.466666666666665,75.0,0.0,5,62.0,10,17.0,19.0,68.5,2.0,1,2026-07-31,1
114,1,80.2,100.0,60.0,15,86.0,0,83.0,81.0,75.25,-2.0,1,2026-07-31,0
115,1,73.57142857142857,100.0,50.0,14,65.0,0,84.0,70.0,65.0,-14.0,1,2026-07-31,0
116,1,50.48333333333333,78.0,0.0,4,73.45,2,0.0,0.0,75.725,0.0,1,2026-07-31,1
117,1,92.2,100.0,50.0,15,91.5,0,100.0,100.0,70.75,0.0,1,2026-07-31,0
118,1,79.42,100.0,30.0,14,94.65,1,72.0,80.0,88.825,8.0,1,2026-07-31,0
119,1,69.7,100.0,10.0,11,77.5,4,80.0,67.0,59.25,-13.0,1,2026-07-31,0
120,1,88.57857142857142,100.0,64.0,14,83.05,0,100.0,92.0,73.525,-8.0,1,2026-07-31,0
121,1,48.625,80.0,18.5,5,31.75,3,65.0,55.0,46.375,-10.0,1,2026-07-31,1
122,1,92.64,100.0,78.73,14,78.73,0,100.0,96.25,80.86500000000001,-3.75,1,2026-07-31,0
123,1,34.05,63.0,0.0,4,63.0,6,36.25,25.0,42.0,-11.25,1,2026-07-31,1
124,1,80.41333333333334,95.0,69.0,15,72.1,0,83.0,85.0,70.55,2.0,1,2026-07-31,0
125,1,85.4,100.0,70.0,15,73.5,0,88.0,92.0,72.75,4.0,1,2026-07-31,0
126,1,65.63333333333334,100.0,0.0,12,54.0,3,72.0,55.0,71.5,-17.0,1,2026-07-31,0
127,1,38.95454545454545,85.0,0.0,6,0.0,5,42.0,85.0,26.0,43.0,1,2026-07-31,1
128,1,67.86666666666666,85.0,51.0,12,68.7,0,66.25,81.66666666666667,63.35,15.416666666666671,1,2026-07-31,1
129,1,55.0,100.0,20.0,8,30.0,4,58.0,55.0,55.0,-3.0,1,2026-07-31,1
130,1,64.725,100.0,23.0,6,57.4,2,76.66666666666667,0.0,66.2,0.0,1,2026-07-31,1
131,1,87.54666666666667,100.0,76.35,15,76.35,0,91.0,84.0,87.675,-7.0,1,2026-07-31,0
132,1,79.64999999999999,100.0,50.0,14,95.55,0,78.0,72.5,91.775,-5.5,1,2026-07-31,0
133,1,24.685714285714287,50.0,0.0,1,28.9,6,50.0,0.0,29.45,-50.0,1,2026-07-31,1
134,1,54.333333333333336,95.0,20.0,7,62.0,5,36.66666666666666,72.5,53.0,35.833333333333336,1,2026-07-31,1
135,1,78.47857142857143,100.0,37.0,12,50.35,2,96.0,90.0,43.675,-6.0,1,2026-07-31,1
136,1,73.15714285714286,83.85,65.0,14,83.85,0,75.0,71.0,75.925,-4.0,1,2026-07-31,0
137,1,78.88000000000001,100.0,50.35,15,50.35,0,89.0,88.0,52.425,-1.0,1,2026-07-31,1
138,1,74.6923076923077,100.0,30.0,11,88.5,2,71.25,78.75,77.75,7.5,1,2026-07-31,1
139,1,45.61538461538461,80.0,0.0,8,65.0,5,46.0,26.666666666666668,63.0,-19.33333333333333,1,2026-07-31,1
140,1,5.5,20.0,0.0,0,0.0,4,20.0,0.0,0.0,0.0,1,2026-07-31,1
141,1,55.29,100.0,30.0,8,43.78,6,61.0,40.0,65.64,-21.0,1,2026-07-31,1
142,1,89.41428571428571,100.0,75.0,14,95.9,0,92.5,90.0,87.45,-2.5,1,2026-07-31,0
143,1,45.142857142857146,90.0,0.0,3,0.0,4,55.0,30.0,54.0,-25.0,1,2026-07-31,1
144,1,62.5,95.0,0.0,7,87.0,3,60.0,72.5,58.0,12.5,1,2026-07-31,0
145,1,58.875,100.0,0.0,5,0.0,3,77.5,0.0,43.333333333333336,0.0,1,2026-07-31,1
146,1,60.07142857142857,75.0,14.5,6,55.5,1,72.5,0.0,65.25,0.0,1,2026-07-31,1
147,1,65.25,100.0,12.75,6,12.75,4,92.5,40.0,50.375,-52.5,1,2026-07-31,1
148,1,58.28888888888889,100.0,30.0,5,55.8,4,93.33333333333331,30.0,45.9,-63.33333333333333,1,2026-07-31,1
149,1,87.92857142857143,100.0,62.75,14,62.75,0,99.0,97.5,64.375,-1.5,1,2026-07-31,0
150,1,90.15,100.0,49.0,12,95.3,2,97.0,100.0,72.15,3.0,1,2026-07-31,0
151,1,53.9,100.0,0.0,6,0.0,4,45.0,80.0,0.0,35.0,1,2026-07-31,1
152,1,19.5,38.0,0.0,0,38.0,8,5.0,10.0,33.5,5.0,1,2026-07-31,1
153,1,52.29230769230769,65.0,10.0,10,60.4,3,51.0,45.0,62.7,-6.0,1,2026-07-31,1
154,1,11.4,50.0,0.0,1,0.0,4,0.0,50.0,0.6666666666666666,0.0,1,2026-07-31,1
155,1,0.0,0.0,0.0,0,0.0,6,0.0,0.0,0.0,0.0,1,2026-07-31,1
156,1,84.06,100.0,50.0,15,82.7,0,82.0,83.0,88.35,1.0,1,2026-07-31,1
157,1,19.15,80.0,0.0,2,0.0,8,29.0,0.0,10.666666666666666,-29.0,1,2026-07-31,1
158,1,8.25,33.0,0.0,0,0.0,8,0.0,0.0,22.0,0.0,1,2026-07-31,1
159,1,34.5,90.0,0.0,2,0.0,4,75.0,0.0,14.0,0.0,1,2026-07-31,1
160,1,12.5,50.0,0.0,2,0.0,6,0.0,0.0,25.0,0.0,1,2026-07-31,1
161,1,20.166666666666668,50.0,0.0,1,0.0,5,36.66666666666666,0.0,0.0,0.0,1,2026-07-31,1
162,1,29.791666666666668,80.0,0.0,5,0.0,7,49.0,40.0,0.0,-9.0,1,2026-07-31,1
163,1,67.22222222222223,100.0,0.0,7,0.0,2,90.0,100.0,0.0,10.0,1,2026-07-31,1
164,1,0.0,0.0,0.0,0,0.0,3,0.0,0.0,0.0,0.0,1,2026-07-31,1
165,1,33.0,80.0,0.0,2,0.0,3,75.0,0.0,0.0,0.0,1,2026-07-31,1
166,1,5.5,20.0,0.0,0,0.0,4,20.0,0.0,0.0,0.0,1,2026-07-31,1
167,1,0.0,0.0,0.0,0,0.0,5,0.0,0.0,0.0,0.0,1,2026-07-31,1
168,1,23.375,85.0,0.0,1,0.0,3,85.0,0.0,0.0,0.0,1,2026-07-31,1
169,1,0.0,0.0,0.0,0,0.0,6,0.0,0.0,0.0,0.0,1,2026-07-31,1
170,1,0.0,0.0,0.0,0,0.0,4,0.0,0.0,0.0,0.0,1,2026-07-31,1
171,1,0.0,0.0,0.0,0,0.0,7,0.0,0.0,0.0,0.0,1,2026-07-31,1
2,1,70.53999999999999,100.0,0.0,20,44.8,10,95.0,72.0,34.9,-23.0,1,2026-08-01,1
4,1,83.28666666666666,100.0,60.0,30,61.9,0,79.0,98.0,68.95,19.0,1,2026-08-01,1
5,1,86.00666666666666,100.0,10.0,28,93.05,2,71.0,97.0,91.525,26.0,1,2026-08-01,0
7,1,53.53333333333333,80.0,31.0,18,68.0,12,51.0,59.0,49.5,8.0,1,2026-08-01,1
8,1,57.940000000000005,94.0,0.0,22,71.05,8,46.0,52.0,82.525,6.0,1,2026-08-01,1
9,1,67.83733333333333,100.0,0.0,24,52.28,6,94.0,40.0,70.14,-54.0,1,2026-08-01,0
10,1,60.08181818181818,95.0,10.0,12,84.7,10,56.25,70.0,64.85,13.75,1,2026-08-01,1
11,1,77.07142857142857,100.0,0.0,24,0.0,4,88.0,78.0,55.333333333333336,-10.0,1,2026-08-01,1
12,1,79.43333333333334,100.0,40.0,28,87.0,2,86.0,79.0,71.0,-7.0,1,2026-08-01,0
13,1,98.49333333333334,100.0,88.7,30,88.7,0,100.0,100.0,94.35,0.0,1,2026-08-01,0
14,1,82.82142857142857,100.0,0.0,26,0.0,2,90.0,91.0,54.666666666666664,1.0,1,2026-08-01,0
15,1,88.74666666666667,100.0,70.0,30,81.1,0,92.0,94.0,77.05,2.0,1,2026-08-01,0
16,1,68.83333333333333,100.0,0.0,24,20.25,6,86.0,66.0,49.125,-20.0,1,2026-08-01,0
17,1,35.857142857142854,100.0,0.0,6,0.0,8,73.33333333333333,0.0,3.0,0.0,1,2026-08-01,1
18,1,0.0,0.0,0.0,0,0.0,12,0.0,0.0,0.0,0.0,1,2026-08-01,1
19,1,93.65333333333334,100.0,70.0,30,93.15,0,90.0,97.0,94.075,7.0,1,2026-08-01,0
20,1,53.875,100.0,20.0,8,65.0,8,100.0,20.0,47.25,-80.0,1,2026-08-01,1
21,1,67.8875,100.0,26.5,14,62.3,2,97.5,70.0,62.9,-27.5,1,2026-08-01,0
22,1,96.584,100.0,88.13,30,88.13,0,98.0,97.0,94.065,-1.0,1,2026-08-01,0
23,1,85.1,100.0,55.5,30,74.0,0,94.0,91.0,64.75,-3.0,1,2026-08-01,0
24,1,83.38888888888889,100.0,38.5,16,75.5,2,96.25,0.0,81.75,0.0,1,2026-08-01,1
25,1,77.36,100.0,46.2,26,46.2,4,81.0,83.0,64.6,2.0,1,2026-08-01,1
26,1,38.083333333333336,70.0,0.0,8,0.0,16,56.666666666666664,36.0,24.0,-20.666666666666664,1,2026-08-01,1
27,1,51.684615384615384,80.0,30.0,12,46.45,14,60.0,50.0,44.225,-10.0,1,2026-08-01,1
28,1,26.125,95.0,0.0,2,0.0,6,0.0,95.0,0.0,0.0,1,2026-08-01,1
29,1,75.61428571428571,100.0,56.05,28,56.05,0,83.0,85.0,57.025,2.0,1,2026-08-01,0
30,1,41.666666666666664,95.0,5.5,8,5.5,10,52.5,0.0,36.0,0.0,1,2026-08-01,1
31,1,90.15333333333334,100.0,65.8,30,65.8,0,97.4,90.0,80.4,-7.400000000000006,1,2026-08-01,0
32,1,84.09285714285714,100.0,59.0,28,59.4,0,91.25,98.0,59.2,6.75,1,2026-08-01,0
33,1,88.39666666666668,100.0,60.0,30,91.3,0,78.0,100.0,86.7375,22.0,1,2026-08-01,1
34,1,76.96153846153847,100.0,20.0,22,83.0,4,81.0,73.33333333333333,78.25,-7.666666666666671,1,2026-08-01,1
35,1,84.97333333333333,100.0,70.35,30,70.35,0,87.8,90.0,74.175,2.200000000000003,1,2026-08-01,1
36,1,67.6,90.0,35.0,26,64.5,4,67.0,63.0,74.75,-4.0,1,2026-08-01,0
37,1,77.27142857142857,95.0,55.0,28,81.4,0,79.0,73.75,80.7,-5.25,1,2026-08-01,0
38,1,67.25333333333333,92.0,35.0,24,79.65,6,62.0,59.0,85.825,-3.0,1,2026-08-01,1
39,1,81.94266666666667,100.0,61.57,30,61.57,0,94.0,82.0,65.285,-12.0,1,2026-08-01,0
40,1,62.392857142857146,100.0,19.0,24,19.0,4,75.0,72.5,35.5,-2.5,1,2026-08-01,1
41,1,38.9,60.0,0.0,10,46.0,10,40.0,55.0,30.666666666666668,15.0,1,2026-08-01,1
42,1,84.34615384615384,100.0,60.0,26,60.0,0,91.0,93.33333333333333,72.0,2.3333333333333286,1,2026-08-01,0
43,1,82.27857142857144,100.0,45.0,26,85.95,2,85.0,88.0,73.475,3.0,1,2026-08-01,1
44,1,83.9076923076923,100.0,67.9,26,67.9,0,93.0,88.33333333333333,71.95,-4.666666666666671,1,2026-08-01,0
45,1,89.08666666666666,100.0,65.0,30,79.15,0,88.0,92.0,86.575,4.0,1,2026-08-01,0
46,1,72.78666666666666,90.0,40.0,28,69.65,2,69.0,82.0,65.325,13.0,1,2026-08-01,1
47,1,83.44666666666667,100.0,60.0,30,75.85,0,81.0,87.0,81.925,6.0,1,2026-08-01,1
48,1,72.25733333333332,100.0,25.0,24,51.43,6,86.0,56.0,75.715,-30.0,1,2026-08-01,1
49,1,63.333333333333336,100.0,29.0,16,64.5,2,65.0,80.0,62.75,15.0,1,2026-08-01,1
50,1,46.2,84.0,20.0,12,51.3,14,40.0,33.333333333333336,67.65,-6.666666666666664,1,2026-08-01,0
51,1,87.73571428571428,100.0,50.0,28,97.9,0,89.0,82.5,93.95,-6.5,1,2026-08-01,0
52,1,71.03333333333333,100.0,50.0,30,68.0,0,82.0,67.0,61.5,-15.0,1,2026-08-01,0
53,1,57.03333333333333,100.0,19.7,14,19.7,10,72.0,50.0,44.6,-22.0,1,2026-08-01,1
54,1,74.99230769230769,100.0,30.0,20,76.45,6,67.5,97.5,62.225,30.0,1,2026-08-01,1
55,1,45.13636363636363,75.0,0.0,8,44.0,14,48.75,20.0,59.5,-28.75,1,2026-08-01,1
56,1,78.56666666666666,100.0,0.0,28,84.0,2,92.0,59.0,87.0,-33.0,1,2026-08-01,0
57,1,57.333333333333336,100.0,10.0,10,62.0,2,100.0,0.0,58.5,0.0,1,2026-08-01,1
58,1,26.375,55.0,0.0,8,53.75,16,17.5,6.666666666666667,54.375,-10.833333333333332,1,2026-08-01,1
59,1,55.67777777777778,85.0,29.0,12,36.05,6,78.33333333333333,55.0,45.525,-23.33333333333333,1,2026-08-01,1
60,1,90.91333333333334,100.0,80.0,30,84.15,0,91.8,91.0,89.575,-0.7999999999999972,1,2026-08-01,0
61,1,91.0,100.0,60.0,30,80.0,0,98.0,88.0,85.5,-10.0,1,2026-08-01,0
62,1,74.58,95.0,50.0,30,88.35,0,79.0,69.0,76.175,-10.0,1,2026-08-01,1
63,1,79.5,100.0,40.0,26,65.5,2,88.0,75.0,74.75,-13.0,1,2026-08-01,1
64,1,48.730000000000004,80.0,10.0,14,65.65,6,40.0,50.0,61.325,10.0,1,2026-08-01,1
65,1,83.24666666666667,95.0,58.0,30,88.4,0,83.8,90.0,73.2,6.200000000000003,1,2026-08-01,0
66,1,74.21333333333334,100.0,30.0,28,72.35,2,66.0,77.0,81.675,11.0,1,2026-08-01,1
67,1,87.22666666666667,100.0,67.7,30,67.7,0,96.0,86.0,76.85,-10.0,1,2026-08-01,0
68,1,75.48666666666666,100.0,30.0,24,41.65,6,72.0,90.0,60.325,18.0,1,2026-08-01,1
69,1,71.59466666666667,100.0,47.21,26,47.21,4,74.0,75.0,63.605000000000004,1.0,1,2026-08-01,0
70,1,95.83733333333333,100.0,88.28,30,88.28,0,98.0,96.0,92.64,-2.0,1,2026-08-01,0
71,1,54.642857142857146,80.0,0.0,20,66.0,8,55.0,42.0,73.0,-13.0,1,2026-08-01,1
72,1,75.97333333333333,100.0,40.0,28,96.3,2,80.0,62.0,89.65,-18.0,1,2026-08-01,0
73,1,53.4,100.0,0.0,10,0.0,10,80.0,75.0,9.333333333333334,-5.0,1,2026-08-01,1
74,1,76.5,95.0,30.0,28,50.0,2,76.0,81.0,71.0,5.0,1,2026-08-01,0
75,1,73.39285714285714,100.0,40.0,22,41.0,6,70.0,93.75,57.5,23.75,1,2026-08-01,0
76,1,64.23333333333333,100.0,20.0,22,45.0,8,76.0,61.0,52.5,-15.0,1,2026-08-01,0
77,1,70.47,100.0,38.0,18,89.35,2,70.0,100.0,71.675,30.0,1,2026-08-01,0
78,1,76.72142857142856,100.0,50.0,28,73.3,0,71.25,78.0,82.9,6.75,1,2026-08-01,1
79,1,70.85714285714286,100.0,40.0,26,63.0,2,86.0,65.0,58.25,-21.0,1,2026-08-01,0
80,1,81.77333333333333,100.0,65.0,30,79.3,0,86.0,78.0,81.15,-8.0,1,2026-08-01,0
81,1,35.906666666666666,75.0,10.0,8,48.8,22,15.0,55.0,38.4,40.0,1,2026-08-01,1
82,1,92.12666666666668,100.0,70.0,30,88.7,0,90.0,93.0,93.85,3.0,1,2026-08-01,0
83,1,68.04,100.0,40.0,24,45.3,6,69.0,79.0,51.65,10.0,1,2026-08-01,1
84,1,83.09333333333333,100.0,69.0,30,70.2,0,84.0,92.0,69.6,8.0,1,2026-08-01,0
85,1,69.76666666666667,100.0,0.0,20,0.0,10,79.0,100.0,15.5,21.0,1,2026-08-01,1
86,1,57.76666666666667,100.0,20.0,16,68.1,8,65.0,43.333333333333336,66.05,-21.666666666666664,1,2026-08-01,1
87,1,59.17857142857143,100.0,0.0,18,56.0,10,55.0,75.0,49.0,20.0,1,2026-08-01,1
88,1,74.33333333333333,100.0,0.0,14,86.5,4,75.0,0.0,84.75,0.0,1,2026-08-01,0
89,1,14.0,38.0,0.0,0,38.0,16,0.0,0.0,28.0,0.0,1,2026-08-01,1
90,1,87.90666666666667,100.0,79.0,30,82.55,0,92.0,89.0,80.775,-3.0,1,2026-08-01,0
91,1,84.86,100.0,50.0,30,84.95,0,74.0,92.0,89.975,18.0,1,2026-08-01,0
92,1,78.85,100.0,43.5,18,72.5,2,78.33333333333333,100.0,77.5,21.66666666666667,1,2026-08-01,1
93,1,32.19230769230769,60.0,0.0,6,23.0,20,41.0,26.666666666666668,26.25,-14.333333333333332,1,2026-08-01,1
94,1,53.785714285714285,90.0,17.0,16,17.0,12,75.0,56.25,23.25,-18.75,1,2026-08-01,0
96,1,68.36,100.0,1.2,22,1.2,8,82.0,88.0,22.6,6.0,1,2026-08-01,1
97,1,76.825,100.0,55.5,24,55.7,0,88.33333333333333,72.5,77.85,-15.833333333333329,1,2026-08-01,1
98,1,51.275,100.0,0.0,10,73.1,6,40.0,0.0,69.55,0.0,1,2026-08-01,1
99,1,74.25,100.0,0.0,26,79.0,2,90.0,53.75,77.0,-36.25,1,2026-08-01,0
100,1,41.15,75.0,0.0,10,0.0,10,61.25,50.0,21.75,-11.25,1,2026-08-01,1
101,1,71.86666666666666,90.0,43.0,26,67.0,4,74.0,82.0,55.0,8.0,1,2026-08-01,1
102,1,10.375,25.0,0.0,0,0.0,16,16.666666666666668,20.0,2.0,3.333333333333332,1,2026-08-01,1
103,1,89.96666666666667,100.0,40.0,26,93.0,4,97.0,100.0,66.5,3.0,1,2026-08-01,0
104,1,91.53333333333333,100.0,75.0,30,94.0,0,96.0,86.0,93.0,-10.0,1,2026-08-01,0
105,1,65.48333333333333,90.0,25.0,20,65.65,4,76.0,57.5,60.325,-18.5,1,2026-08-01,1
106,1,48.75714285714286,100.0,0.0,16,32.8,12,46.0,60.0,41.4,14.0,1,2026-08-01,1
107,1,68.35714285714286,100.0,30.0,26,77.0,2,70.0,65.0,71.5,-5.0,1,2026-08-01,0
108,1,58.464285714285715,85.0,0.0,24,76.0,4,70.0,38.75,65.75,-31.25,1,2026-08-01,0
109,1,68.95454545454545,90.0,43.5,20,85.0,2,67.5,82.5,70.0,15.0,1,2026-08-01,0
110,1,51.2,70.0,27.0,12,58.5,8,56.666666666666664,50.0,53.75,-6.666666666666664,1,2026-08-01,1
111,1,81.69999999999999,100.0,63.3,26,63.3,0,99.0,76.66666666666667,66.15,-22.33333333333333,1,2026-08-01,1
112,1,67.51428571428572,100.0,30.0,24,52.85,4,53.75,82.0,64.425,28.25,1,2026-08-01,0
113,1,31.466666666666665,75.0,0.0,10,62.0,20,17.0,19.0,68.5,2.0,1,2026-08-01,1
114,1,80.2,100.0,60.0,30,86.0,0,83.0,81.0,75.25,-2.0,1,2026-08-01,0
115,1,73.57142857142857,100.0,50.0,28,65.0,0,84.0,70.0,65.0,-14.0,1,2026-08-01,0
116,1,50.48333333333333,78.0,0.0,8,73.45,4,0.0,0.0,75.725,0.0,1,2026-08-01,1
117,1,92.2,100.0,50.0,30,91.5,0,100.0,100.0,70.75,0.0,1,2026-08-01,0
118,1,79.42,100.0,30.0,28,94.65,2,72.0,80.0,88.825,8.0,1,2026-08-01,0
119,1,69.7,100.0,10.0,22,77.5,8,80.0,67.0,59.25,-13.0,1,2026-08-01,0
120,1,88.57857142857142,100.0,64.0,28,83.05,0,100.0,92.0,73.525,-8.0,1,2026-08-01,0
121,1,48.625,80.0,18.5,10,31.75,6,65.0,55.0,46.375,-10.0,1,2026-08-01,1
122,1,92.64,100.0,78.73,28,78.73,0,100.0,96.25,80.86500000000001,-3.75,1,2026-08-01,0
123,1,34.05,63.0,0.0,8,63.0,12,36.25,25.0,42.0,-11.25,1,2026-08-01,1
124,1,80.41333333333334,95.0,69.0,30,72.1,0,83.0,85.0,70.55,2.0,1,2026-08-01,0
125,1,85.4,100.0,70.0,30,73.5,0,88.0,92.0,72.75,4.0,1,2026-08-01,0
126,1,65.63333333333334,100.0,0.0,24,54.0,6,72.0,55.0,71.5,-17.0,1,2026-08-01,0
127,1,38.95454545454545,85.0,0.0,12,0.0,10,42.0,85.0,26.0,43.0,1,2026-08-01,1
128,1,67.86666666666666,85.0,51.0,24,68.7,0,66.25,81.66666666666667,63.35,15.416666666666671,1,2026-08-01,1
129,1,55.0,100.0,20.0,16,30.0,8,58.0,55.0,55.0,-3.0,1,2026-08-01,1
130,1,64.725,100.0,23.0,12,57.4,4,76.66666666666667,0.0,66.2,0.0,1,2026-08-01,1
131,1,87.54666666666667,100.0,76.35,30,76.35,0,91.0,84.0,87.675,-7.0,1,2026-08-01,0
132,1,79.64999999999999,100.0,50.0,28,95.55,0,78.0,72.5,91.775,-5.5,1,2026-08-01,0
133,1,24.685714285714287,50.0,0.0,2,28.9,12,50.0,0.0,29.45,-50.0,1,2026-08-01,1
134,1,54.333333333333336,95.0,20.0,14,62.0,10,36.666666666666664,72.5,53.0,35.833333333333336,1,2026-08-01,1
135,1,78.47857142857143,100.0,37.0,24,50.35,4,96.0,90.0,43.675,-6.0,1,2026-08-01,1
136,1,73.15714285714286,83.85,65.0,28,83.85,0,75.0,71.0,75.925,-4.0,1,2026-08-01,0
137,1,78.88000000000001,100.0,50.35,30,50.35,0,89.0,88.0,52.425,-1.0,1,2026-08-01,1
138,1,74.6923076923077,100.0,30.0,22,88.5,4,71.25,78.75,77.75,7.5,1,2026-08-01,1
139,1,45.61538461538461,80.0,0.0,16,65.0,10,46.0,26.666666666666668,63.0,-19.333333333333332,1,2026-08-01,1
140,1,5.5,20.0,0.0,0,0.0,8,20.0,0.0,0.0,0.0,1,2026-08-01,1
141,1,55.29,100.0,30.0,16,43.78,12,61.0,40.0,65.64,-21.0,1,2026-08-01,1
142,1,89.41428571428571,100.0,75.0,28,95.9,0,92.5,90.0,87.45,-2.5,1,2026-08-01,0
143,1,45.142857142857146,90.0,0.0,6,0.0,8,55.0,30.0,54.0,-25.0,1,2026-08-01,1
144,1,62.5,95.0,0.0,14,87.0,6,60.0,72.5,58.0,12.5,1,2026-08-01,0
145,1,58.875,100.0,0.0,10,0.0,6,77.5,0.0,43.333333333333336,0.0,1,2026-08-01,1
146,1,60.07142857142857,75.0,14.5,12,55.5,2,72.5,0.0,65.25,0.0,1,2026-08-01,1
147,1,65.25,100.0,12.75,12,12.75,8,92.5,40.0,50.375,-52.5,1,2026-08-01,1
148,1,58.28888888888889,100.0,30.0,10,55.8,8,93.33333333333333,30.0,45.9,-63.33333333333333,1,2026-08-01,1
149,1,87.92857142857143,100.0,62.75,28,62.75,0,99.0,97.5,64.375,-1.5,1,2026-08-01,0
150,1,90.14999999999999,100.0,49.0,24,95.3,4,97.0,100.0,72.15,3.0,1,2026-08-01,0
151,1,53.9,100.0,0.0,12,0.0,8,45.0,80.0,0.0,35.0,1,2026-08-01,1
152,1,19.5,38.0,0.0,0,38.0,16,5.0,10.0,33.5,5.0,1,2026-08-01,1
153,1,52.29230769230769,65.0,10.0,20,60.4,6,51.0,45.0,62.7,-6.0,1,2026-08-01,1
154,1,11.4,50.0,0.0,2,0.0,8,0.0,50.0,0.6666666666666666,0.0,1,2026-08-01,1
155,1,0.0,0.0,0.0,0,0.0,12,0.0,0.0,0.0,0.0,1,2026-08-01,1
156,1,84.06,100.0,50.0,30,82.7,0,82.0,83.0,88.35,1.0,1,2026-08-01,1
157,1,19.15,80.0,0.0,4,0.0,16,29.0,0.0,10.666666666666666,-29.0,1,2026-08-01,1
158,1,8.25,33.0,0.0,0,0.0,16,0.0,0.0,22.0,0.0,1,2026-08-01,1
159,1,34.5,90.0,0.0,4,0.0,8,75.0,0.0,14.0,0.0,1,2026-08-01,1
160,1,12.5,50.0,0.0,4,0.0,12,0.0,0.0,25.0,0.0,1,2026-08-01,1
161,1,20.166666666666668,50.0,0.0,2,0.0,10,36.666666666666664,0.0,0.0,0.0,1,2026-08-01,1
162,1,29.791666666666668,80.0,0.0,10,0.0,14,49.0,40.0,0.0,-9.0,1,2026-08-01,1
163,1,67.22222222222223,100.0,0.0,14,0.0,4,90.0,100.0,0.0,10.0,1,2026-08-01,1
164,1,0.0,0.0,0.0,0,0.0,6,0.0,0.0,0.0,0.0,1,2026-08-01,1
165,1,33.0,80.0,0.0,4,0.0,6,75.0,0.0,0.0,0.0,1,2026-08-01,1
166,1,5.5,20.0,0.0,0,0.0,8,20.0,0.0,0.0,0.0,1,2026-08-01,1
167,1,0.0,0.0,0.0,0,0.0,10,0.0,0.0,0.0,0.0,1,2026-08-01,1
168,1,23.375,85.0,0.0,2,0.0,6,85.0,0.0,0.0,0.0,1,2026-08-01,1
169,1,0.0,0.0,0.0,0,0.0,12,0.0,0.0,0.0,0.0,1,2026-08-01,1
170,1,0.0,0.0,0.0,0,0.0,8,0.0,0.0,0.0,0.0,1,2026-08-01,1
171,1,0.0,0.0,0.0,0,0.0,14,0.0,0.0,0.0,0.0,1,2026-08-01,1
