student_key,course_key,assessments_attempted,avg_score_so_far,max_score_so_far,min_score_so_far,pass_assessment_count,latest_assessment_score,fail_assessment_count,early_exercise_avg,late_exercise_avg,assignment_avg_score,score_trend,academic_period_key,snapshot_date
172,2,0.0,0.0,0.0,0.0,0,0.0,0,0.0,0.0,0.0,0.0,2,2026-07-05
172,2,0.0,0.0,0.0,0.0,0,0.0,0,0.0,0.0,0.0,0.0,2,2026-07-06
1,1,0.0,0.0,0.0,0.0,0,0.0,0,0.0,0.0,0.0,0.0,1,2026-07-07
2,1,30.0,70.53999999999999,100.0,0.0,20,44.8,10,95.0,72.0,34.9,-23.0,1,2026-07-07
3,1,36.0,58.083333333333336,100.0,0.0,27,0.0,9,66.0,63.333333333333336,41.66666666666666,-2.6666666666666643,1,2026-07-07
4,1,30.0,83.28666666666666,100.0,60.0,30,61.9,0,79.0,98.0,68.95,19.0,1,2026-07-07
5,1,30.0,86.00666666666666,100.0,10.0,28,93.05,2,71.0,97.0,91.525,26.0,1,2026-07-07
6,1,45.0,81.62666666666667,100.0,54.0,45,60.45,0,87.0,94.0,57.225,7.0,1,2026-07-07
7,1,30.0,53.53333333333333,80.0,31.0,18,68.0,12,51.0,59.0,49.5,8.0,1,2026-07-07
8,1,30.0,57.940000000000005,94.0,0.0,22,71.05,8,46.0,52.0,82.525,6.0,1,2026-07-07
9,1,30.0,67.83733333333333,100.0,0.0,24,52.28,6,94.0,40.0,70.14,-54.0,1,2026-07-07
10,1,22.0,60.08181818181818,95.0,10.0,12,84.7,10,56.25,70.0,64.85,13.75,1,2026-07-07
11,1,28.0,77.07142857142857,100.0,0.0,24,0.0,4,88.0,78.0,55.333333333333336,-10.0,1,2026-07-07
12,1,30.0,79.43333333333334,100.0,40.0,28,87.0,2,86.0,79.0,71.0,-7.0,1,2026-07-07
13,1,30.0,98.49333333333334,100.0,88.7,30,88.7,0,100.0,100.0,94.35,0.0,1,2026-07-07
14,1,28.0,82.82142857142857,100.0,0.0,26,0.0,2,90.0,91.0,54.66666666666666,1.0,1,2026-07-07
15,1,30.0,88.74666666666667,100.0,70.0,30,81.1,0,92.0,94.0,77.05,2.0,1,2026-07-07
16,1,30.0,68.83333333333333,100.0,0.0,24,20.25,6,86.0,66.0,49.125,-20.0,1,2026-07-07
17,1,14.0,35.857142857142854,100.0,0.0,6,0.0,8,73.33333333333333,0.0,3.0,0.0,1,2026-07-07
18,1,12.0,0.0,0.0,0.0,0,0.0,12,0.0,0.0,0.0,0.0,1,2026-07-07
19,1,30.0,93.65333333333334,100.0,70.0,30,93.15,0,90.0,97.0,94.075,7.0,1,2026-07-07
20,1,16.0,53.875,100.0,20.0,8,65.0,8,100.0,20.0,47.25,-80.0,1,2026-07-07
21,1,16.0,67.8875,100.0,26.5,14,62.3,2,97.5,70.0,62.9,-27.5,1,2026-07-07
22,1,30.0,96.584,100.0,88.13,30,88.13,0,98.0,97.0,94.065,-1.0,1,2026-07-07
23,1,30.0,85.1,100.0,55.5,30,74.0,0,94.0,91.0,64.75,-3.0,1,2026-07-07
24,1,18.0,83.38888888888889,100.0,38.5,16,75.5,2,96.25,0.0,81.75,0.0,1,2026-07-07
25,1,30.0,77.36,100.0,46.2,26,46.2,4,81.0,83.0,64.6,2.0,1,2026-07-07
26,1,24.0,38.083333333333336,70.0,0.0,8,0.0,16,56.66666666666666,36.0,24.0,-20.666666666666664,1,2026-07-07
27,1,26.0,51.68461538461538,80.0,30.0,12,46.45,14,60.0,50.0,44.225,-10.0,1,2026-07-07
28,1,8.0,26.125,95.0,0.0,2,0.0,6,0.0,95.0,0.0,0.0,1,2026-07-07
29,1,28.0,75.61428571428571,100.0,56.05,28,56.05,0,83.0,85.0,57.025,2.0,1,2026-07-07
30,1,18.0,41.66666666666666,95.0,5.5,8,5.5,10,52.5,0.0,36.0,0.0,1,2026-07-07
31,1,30.0,90.15333333333334,100.0,65.8,30,65.8,0,97.4,90.0,80.4,-7.400000000000006,1,2026-07-07
32,1,28.0,84.09285714285714,100.0,59.0,28,59.4,0,91.25,98.0,59.2,6.75,1,2026-07-07
33,1,30.0,88.39666666666668,100.0,60.0,30,91.3,0,78.0,100.0,86.7375,22.0,1,2026-07-07
34,1,26.0,76.96153846153847,100.0,20.0,22,83.0,4,81.0,73.33333333333333,78.25,-7.666666666666671,1,2026-07-07
35,1,30.0,84.97333333333333,100.0,70.35,30,70.35,0,87.8,90.0,74.175,2.200000000000003,1,2026-07-07
36,1,30.0,67.6,90.0,35.0,26,64.5,4,67.0,63.0,74.75,-4.0,1,2026-07-07
37,1,28.0,77.27142857142857,95.0,55.0,28,81.4,0,79.0,73.75,80.7,-5.25,1,2026-07-07
38,1,30.0,67.25333333333333,92.0,35.0,24,79.65,6,62.0,59.0,85.825,-3.0,1,2026-07-07
39,1,30.0,81.94266666666667,100.0,61.57,30,61.57,0,94.0,82.0,65.285,-12.0,1,2026-07-07
40,1,28.0,62.392857142857146,100.0,19.0,24,19.0,4,75.0,72.5,35.5,-2.5,1,2026-07-07
41,1,20.0,38.9,60.0,0.0,10,46.0,10,40.0,55.0,30.666666666666668,15.0,1,2026-07-07
42,1,26.0,84.34615384615384,100.0,60.0,26,60.0,0,91.0,93.33333333333331,72.0,2.3333333333333286,1,2026-07-07
43,1,28.0,82.27857142857144,100.0,45.0,26,85.95,2,85.0,88.0,73.475,3.0,1,2026-07-07
44,1,26.0,83.9076923076923,100.0,67.9,26,67.9,0,93.0,88.33333333333333,71.95,-4.666666666666671,1,2026-07-07
45,1,30.0,89.08666666666666,100.0,65.0,30,79.15,0,88.0,92.0,86.575,4.0,1,2026-07-07
46,1,30.0,72.78666666666666,90.0,40.0,28,69.65,2,69.0,82.0,65.325,13.0,1,2026-07-07
47,1,30.0,83.44666666666667,100.0,60.0,30,75.85,0,81.0,87.0,81.925,6.0,1,2026-07-07
48,1,30.0,72.25733333333332,100.0,25.0,24,51.43,6,86.0,56.0,75.715,-30.0,1,2026-07-07
49,1,18.0,63.333333333333336,100.0,29.0,16,64.5,2,65.0,80.0,62.75,15.0,1,2026-07-07
50,1,26.0,46.2,84.0,20.0,12,51.3,14,40.0,33.333333333333336,67.65,-6.666666666666664,1,2026-07-07
51,1,28.0,87.73571428571428,100.0,50.0,28,97.9,0,89.0,82.5,93.95,-6.5,1,2026-07-07
52,1,30.0,71.03333333333333,100.0,50.0,30,68.0,0,82.0,67.0,61.5,-15.0,1,2026-07-07
53,1,24.0,57.03333333333333,100.0,19.7,14,19.7,10,72.0,50.0,44.6,-22.0,1,2026-07-07
54,1,26.0,74.99230769230769,100.0,30.0,20,76.45,6,67.5,97.5,62.225,30.0,1,2026-07-07
55,1,22.0,45.13636363636363,75.0,0.0,8,44.0,14,48.75,20.0,59.5,-28.75,1,2026-07-07
56,1,30.0,78.56666666666666,100.0,0.0,28,84.0,2,92.0,59.0,87.0,-33.0,1,2026-07-07
57,1,12.0,57.333333333333336,100.0,10.0,10,62.0,2,100.0,0.0,58.5,0.0,1,2026-07-07
58,1,24.0,26.375,55.0,0.0,8,53.75,16,17.5,6.666666666666667,54.375,-10.833333333333332,1,2026-07-07
59,1,18.0,55.67777777777778,85.0,29.0,12,36.05,6,78.33333333333333,55.0,45.525,-23.33333333333333,1,2026-07-07
60,1,30.0,90.91333333333334,100.0,80.0,30,84.15,0,91.8,91.0,89.575,-0.7999999999999972,1,2026-07-07
61,1,30.0,91.0,100.0,60.0,30,80.0,0,98.0,88.0,85.5,-10.0,1,2026-07-07
62,1,30.0,74.58,95.0,50.0,30,88.35,0,79.0,69.0,76.175,-10.0,1,2026-07-07
63,1,28.0,79.5,100.0,40.0,26,65.5,2,88.0,75.0,74.75,-13.0,1,2026-07-07
64,1,20.0,48.73,80.0,10.0,14,65.65,6,40.0,50.0,61.325,10.0,1,2026-07-07
65,1,30.0,83.24666666666667,95.0,58.0,30,88.4,0,83.8,90.0,73.2,6.200000000000003,1,2026-07-07
66,1,30.0,74.21333333333334,100.0,30.0,28,72.35,2,66.0,77.0,81.675,11.0,1,2026-07-07
67,1,30.0,87.22666666666667,100.0,67.7,30,67.7,0,96.0,86.0,76.85,-10.0,1,2026-07-07
68,1,30.0,75.48666666666666,100.0,30.0,24,41.65,6,72.0,90.0,60.325,18.0,1,2026-07-07
69,1,30.0,71.59466666666667,100.0,47.21,26,47.21,4,74.0,75.0,63.605,1.0,1,2026-07-07
70,1,30.0,95.83733333333332,100.0,88.28,30,88.28,0,98.0,96.0,92.64,-2.0,1,2026-07-07
71,1,28.0,54.642857142857146,80.0,0.0,20,66.0,8,55.0,42.0,73.0,-13.0,1,2026-07-07
72,1,30.0,75.97333333333333,100.0,40.0,28,96.3,2,80.0,62.0,89.65,-18.0,1,2026-07-07
73,1,20.0,53.4,100.0,0.0,10,0.0,10,80.0,75.0,9.333333333333334,-5.0,1,2026-07-07
74,1,30.0,76.5,95.0,30.0,28,50.0,2,76.0,81.0,71.0,5.0,1,2026-07-07
75,1,28.0,73.39285714285714,100.0,40.0,22,41.0,6,70.0,93.75,57.5,23.75,1,2026-07-07
76,1,30.0,64.23333333333333,100.0,20.0,22,45.0,8,76.0,61.0,52.5,-15.0,1,2026-07-07
77,1,20.0,70.47,100.0,38.0,18,89.35,2,70.0,100.0,71.675,30.0,1,2026-07-07
78,1,28.0,76.72142857142856,100.0,50.0,28,73.3,0,71.25,78.0,82.9,6.75,1,2026-07-07
79,1,28.0,70.85714285714286,100.0,40.0,26,63.0,2,86.0,65.0,58.25,-21.0,1,2026-07-07
80,1,30.0,81.77333333333333,100.0,65.0,30,79.3,0,86.0,78.0,81.15,-8.0,1,2026-07-07
81,1,30.0,35.906666666666666,75.0,10.0,8,48.8,22,15.0,55.0,38.4,40.0,1,2026-07-07
82,1,30.0,92.12666666666668,100.0,70.0,30,88.7,0,90.0,93.0,93.85,3.0,1,2026-07-07
83,1,30.0,68.04,100.0,40.0,24,45.3,6,69.0,79.0,51.65,10.0,1,2026-07-07
84,1,30.0,83.09333333333333,100.0,69.0,30,70.2,0,84.0,92.0,69.6,8.0,1,2026-07-07
85,1,30.0,69.76666666666667,100.0,0.0,20,0.0,10,79.0,100.0,15.5,21.0,1,2026-07-07
86,1,24.0,57.76666666666667,100.0,20.0,16,68.1,8,65.0,43.333333333333336,66.05,-21.666666666666664,1,2026-07-07
87,1,28.0,59.17857142857143,100.0,0.0,18,56.0,10,55.0,75.0,49.0,20.0,1,2026-07-07
88,1,18.0,74.33333333333333,100.0,0.0,14,86.5,4,75.0,0.0,84.75,0.0,1,2026-07-07
89,1,16.0,14.0,38.0,0.0,0,38.0,16,0.0,0.0,28.0,0.0,1,2026-07-07
90,1,30.0,87.90666666666667,100.0,79.0,30,82.55,0,92.0,89.0,80.775,-3.0,1,2026-07-07
91,1,30.0,84.86,100.0,50.0,30,84.95,0,74.0,92.0,89.975,18.0,1,2026-07-07
92,1,20.0,78.85,100.0,43.5,18,72.5,2,78.33333333333333,100.0,77.5,21.66666666666667,1,2026-07-07
93,1,26.0,32.19230769230769,60.0,0.0,6,23.0,20,41.0,26.666666666666668,26.25,-14.333333333333332,1,2026-07-07
94,1,28.0,53.785714285714285,90.0,17.0,16,17.0,12,75.0,56.25,23.25,-18.75,1,2026-07-07
95,1,36.0,41.833333333333336,86.0,0.0,12,0.0,24,55.0,26.666666666666668,43.0,-28.33333333333333,1,2026-07-07
96,1,30.0,68.36,100.0,1.2,22,1.2,8,82.0,88.0,22.6,6.0,1,2026-07-07
97,1,24.0,76.825,100.0,55.5,24,55.7,0,88.33333333333333,72.5,77.85,-15.833333333333329,1,2026-07-07
98,1,16.0,51.275,100.0,0.0,10,73.1,6,40.0,0.0,69.55,0.0,1,2026-07-07
99,1,28.0,74.25,100.0,0.0,26,79.0,2,90.0,53.75,77.0,-36.25,1,2026-07-07
100,1,20.0,41.15,75.0,0.0,10,0.0,10,61.25,50.0,21.75,-11.25,1,2026-07-07
101,1,30.0,71.86666666666666,90.0,43.0,26,67.0,4,74.0,82.0,55.0,8.0,1,2026-07-07
102,1,16.0,10.375,25.0,0.0,0,0.0,16,16.666666666666668,20.0,2.0,3.333333333333332,1,2026-07-07
103,1,30.0,89.96666666666667,100.0,40.0,26,93.0,4,97.0,100.0,66.5,3.0,1,2026-07-07
104,1,30.0,91.53333333333332,100.0,75.0,30,94.0,0,96.0,86.0,93.0,-10.0,1,2026-07-07
105,1,24.0,65.48333333333333,90.0,25.0,20,65.65,4,76.0,57.5,60.325,-18.5,1,2026-07-07
106,1,28.0,48.75714285714286,100.0,0.0,16,32.8,12,46.0,60.0,41.4,14.0,1,2026-07-07
107,1,28.0,68.35714285714286,100.0,30.0,26,77.0,2,70.0,65.0,71.5,-5.0,1,2026-07-07
108,1,28.0,58.46428571428572,85.0,0.0,24,76.0,4,70.0,38.75,65.75,-31.25,1,2026-07-07
109,1,22.0,68.95454545454545,90.0,43.5,20,85.0,2,67.5,82.5,70.0,15.0,1,2026-07-07
110,1,20.0,51.2,70.0,27.0,12,58.5,8,56.66666666666666,50.0,53.75,-6.666666666666664,1,2026-07-07
111,1,26.0,81.69999999999999,100.0,63.3,26,63.3,0,99.0,76.66666666666667,66.15,-22.33333333333333,1,2026-07-07
112,1,28.0,67.51428571428572,100.0,30.0,24,52.85,4,53.75,82.0,64.425,28.25,1,2026-07-07
113,1,30.0,31.466666666666665,75.0,0.0,10,62.0,20,17.0,19.0,68.5,2.0,1,2026-07-07
114,1,30.0,80.2,100.0,60.0,30,86.0,0,83.0,81.0,75.25,-2.0,1,2026-07-07
115,1,28.0,73.57142857142857,100.0,50.0,28,65.0,0,84.0,70.0,65.0,-14.0,1,2026-07-07
116,1,12.0,50.48333333333333,78.0,0.0,8,73.45,4,0.0,0.0,75.725,0.0,1,2026-07-07
117,1,30.0,92.2,100.0,50.0,30,91.5,0,100.0,100.0,70.75,0.0,1,2026-07-07
118,1,30.0,79.42,100.0,30.0,28,94.65,2,72.0,80.0,88.825,8.0,1,2026-07-07
119,1,30.0,69.7,100.0,10.0,22,77.5,8,80.0,67.0,59.25,-13.0,1,2026-07-07
120,1,28.0,88.57857142857142,100.0,64.0,28,83.05,0,100.0,92.0,73.525,-8.0,1,2026-07-07
121,1,16.0,48.625,80.0,18.5,10,31.75,6,65.0,55.0,46.375,-10.0,1,2026-07-07
122,1,28.0,92.64,100.0,78.73,28,78.73,0,100.0,96.25,80.86500000000001,-3.75,1,2026-07-07
123,1,20.0,34.05,63.0,0.0,8,63.0,12,36.25,25.0,42.0,-11.25,1,2026-07-07
124,1,30.0,80.41333333333334,95.0,69.0,30,72.1,0,83.0,85.0,70.55,2.0,1,2026-07-07
125,1,30.0,85.4,100.0,70.0,30,73.5,0,88.0,92.0,72.75,4.0,1,2026-07-07
126,1,30.0,65.63333333333334,100.0,0.0,24,54.0,6,72.0,55.0,71.5,-17.0,1,2026-07-07
127,1,22.0,38.95454545454545,85.0,0.0,12,0.0,10,42.0,85.0,26.0,43.0,1,2026-07-07
128,1,24.0,67.86666666666666,85.0,51.0,24,68.7,0,66.25,81.66666666666667,63.35,15.416666666666671,1,2026-07-07
129,1,24.0,55.0,100.0,20.0,16,30.0,8,58.0,55.0,55.0,-3.0,1,2026-07-07
130,1,16.0,64.725,100.0,23.0,12,57.4,4,76.66666666666667,0.0,66.2,0.0,1,2026-07-07
131,1,30.0,87.54666666666667,100.0,76.35,30,76.35,0,91.0,84.0,87.675,-7.0,1,2026-07-07
132,1,28.0,79.64999999999999,100.0,50.0,28,95.55,0,78.0,72.5,91.775,-5.5,1,2026-07-07
133,1,14.0,24.685714285714287,50.0,0.0,2,28.9,12,50.0,0.0,29.45,-50.0,1,2026-07-07
134,1,24.0,54.333333333333336,95.0,20.0,14,62.0,10,36.66666666666666,72.5,53.0,35.833333333333336,1,2026-07-07
135,1,28.0,78.47857142857143,100.0,37.0,24,50.35,4,96.0,90.0,43.675,-6.0,1,2026-07-07
136,1,28.0,73.15714285714286,83.85,65.0,28,83.85,0,75.0,71.0,75.925,-4.0,1,2026-07-07
137,1,30.0,78.88000000000001,100.0,50.35,30,50.35,0,89.0,88.0,52.425,-1.0,1,2026-07-07
138,1,26.0,74.6923076923077,100.0,30.0,22,88.5,4,71.25,78.75,77.75,7.5,1,2026-07-07
139,1,26.0,45.61538461538461,80.0,0.0,16,65.0,10,46.0,26.666666666666668,63.0,-19.33333333333333,1,2026-07-07
140,1,8.0,5.5,20.0,0.0,0,0.0,8,20.0,0.0,0.0,0.0,1,2026-07-07
141,1,28.0,55.29,100.0,30.0,16,43.78,12,61.0,40.0,65.64,-21.0,1,2026-07-07
142,1,28.0,89.41428571428571,100.0,75.0,28,95.9,0,92.5,90.0,87.45,-2.5,1,2026-07-07
143,1,14.0,45.142857142857146,90.0,0.0,6,0.0,8,55.0,30.0,54.0,-25.0,1,2026-07-07
144,1,20.0,62.5,95.0,0.0,14,87.0,6,60.0,72.5,58.0,12.5,1,2026-07-07
145,1,16.0,58.875,100.0,0.0,10,0.0,6,77.5,0.0,43.333333333333336,0.0,1,2026-07-07
146,1,14.0,60.07142857142857,75.0,14.5,12,55.5,2,72.5,0.0,65.25,0.0,1,2026-07-07
147,1,20.0,65.25,100.0,12.75,12,12.75,8,92.5,40.0,50.375,-52.5,1,2026-07-07
148,1,18.0,58.28888888888889,100.0,30.0,10,55.8,8,93.33333333333331,30.0,45.9,-63.33333333333333,1,2026-07-07
149,1,28.0,87.92857142857143,100.0,62.75,28,62.75,0,99.0,97.5,64.375,-1.5,1,2026-07-07
150,1,28.0,90.15,100.0,49.0,24,95.3,4,97.0,100.0,72.15,3.0,1,2026-07-07
151,1,20.0,53.9,100.0,0.0,12,0.0,8,45.0,80.0,0.0,35.0,1,2026-07-07
152,1,16.0,19.5,38.0,0.0,0,38.0,16,5.0,10.0,33.5,5.0,1,2026-07-07
153,1,26.0,52.29230769230769,65.0,10.0,20,60.4,6,51.0,45.0,62.7,-6.0,1,2026-07-07
154,1,10.0,11.4,50.0,0.0,2,0.0,8,0.0,50.0,0.6666666666666666,0.0,1,2026-07-07
155,1,12.0,0.0,0.0,0.0,0,0.0,12,0.0,0.0,0.0,0.0,1,2026-07-07
156,1,30.0,84.06,100.0,50.0,30,82.7,0,82.0,83.0,88.35,1.0,1,2026-07-07
157,1,20.0,19.15,80.0,0.0,4,0.0,16,29.0,0.0,10.666666666666666,-29.0,1,2026-07-07
158,1,16.0,8.25,33.0,0.0,0,0.0,16,0.0,0.0,22.0,0.0,1,2026-07-07
159,1,12.0,34.5,90.0,0.0,4,0.0,8,75.0,0.0,14.0,0.0,1,2026-07-07
160,1,16.0,12.5,50.0,0.0,4,0.0,12,0.0,0.0,25.0,0.0,1,2026-07-07
161,1,12.0,20.166666666666668,50.0,0.0,2,0.0,10,36.66666666666666,0.0,0.0,0.0,1,2026-07-07
162,1,24.0,29.791666666666668,80.0,0.0,10,0.0,14,49.0,40.0,0.0,-9.0,1,2026-07-07
163,1,18.0,67.22222222222223,100.0,0.0,14,0.0,4,90.0,100.0,0.0,10.0,1,2026-07-07
164,1,6.0,0.0,0.0,0.0,0,0.0,6,0.0,0.0,0.0,0.0,1,2026-07-07
165,1,10.0,33.0,80.0,0.0,4,0.0,6,75.0,0.0,0.0,0.0,1,2026-07-07
166,1,8.0,5.5,20.0,0.0,0,0.0,8,20.0,0.0,0.0,0.0,1,2026-07-07
167,1,10.0,0.0,0.0,0.0,0,0.0,10,0.0,0.0,0.0,0.0,1,2026-07-07
168,1,8.0,23.375,85.0,0.0,2,0.0,6,85.0,0.0,0.0,0.0,1,2026-07-07
169,1,12.0,0.0,0.0,0.0,0,0.0,12,0.0,0.0,0.0,0.0,1,2026-07-07
170,1,8.0,0.0,0.0,0.0,0,0.0,8,0.0,0.0,0.0,0.0,1,2026-07-07
171,1,14.0,0.0,0.0,0.0,0,0.0,14,0.0,0.0,0.0,0.0,1,2026-07-07
172,2,0.0,0.0,0.0,0.0,0,0.0,0,0.0,0.0,0.0,0.0,2,2026-07-07
1,1,0.0,0.0,0.0,0.0,0,0.0,0,0.0,0.0,0.0,0.0,1,2026-07-08
2,1,30.0,70.53999999999999,100.0,0.0,20,44.8,10,95.0,72.0,34.9,-23.0,1,2026-07-08
3,1,36.0,58.083333333333336,100.0,0.0,27,0.0,9,66.0,63.333333333333336,41.66666666666666,-2.6666666666666643,1,2026-07-08
4,1,30.0,83.28666666666666,100.0,60.0,30,61.9,0,79.0,98.0,68.95,19.0,1,2026-07-08
5,1,30.0,86.00666666666666,100.0,10.0,28,93.05,2,71.0,97.0,91.525,26.0,1,2026-07-08
6,1,45.0,81.62666666666667,100.0,54.0,45,60.45,0,87.0,94.0,57.225,7.0,1,2026-07-08
7,1,30.0,53.53333333333333,80.0,31.0,18,68.0,12,51.0,59.0,49.5,8.0,1,2026-07-08
8,1,30.0,57.940000000000005,94.0,0.0,22,71.05,8,46.0,52.0,82.525,6.0,1,2026-07-08
9,1,30.0,67.83733333333333,100.0,0.0,24,52.28,6,94.0,40.0,70.14,-54.0,1,2026-07-08
10,1,22.0,60.08181818181818,95.0,10.0,12,84.7,10,56.25,70.0,64.85,13.75,1,2026-07-08
11,1,28.0,77.07142857142857,100.0,0.0,24,0.0,4,88.0,78.0,55.333333333333336,-10.0,1,2026-07-08
12,1,30.0,79.43333333333334,100.0,40.0,28,87.0,2,86.0,79.0,71.0,-7.0,1,2026-07-08
13,1,30.0,98.49333333333334,100.0,88.7,30,88.7,0,100.0,100.0,94.35,0.0,1,2026-07-08
14,1,28.0,82.82142857142857,100.0,0.0,26,0.0,2,90.0,91.0,54.66666666666666,1.0,1,2026-07-08
15,1,30.0,88.74666666666667,100.0,70.0,30,81.1,0,92.0,94.0,77.05,2.0,1,2026-07-08
16,1,30.0,68.83333333333333,100.0,0.0,24,20.25,6,86.0,66.0,49.125,-20.0,1,2026-07-08
17,1,14.0,35.857142857142854,100.0,0.0,6,0.0,8,73.33333333333333,0.0,3.0,0.0,1,2026-07-08
18,1,12.0,0.0,0.0,0.0,0,0.0,12,0.0,0.0,0.0,0.0,1,2026-07-08
19,1,30.0,93.65333333333334,100.0,70.0,30,93.15,0,90.0,97.0,94.075,7.0,1,2026-07-08
20,1,16.0,53.875,100.0,20.0,8,65.0,8,100.0,20.0,47.25,-80.0,1,2026-07-08
21,1,16.0,67.8875,100.0,26.5,14,62.3,2,97.5,70.0,62.9,-27.5,1,2026-07-08
22,1,30.0,96.584,100.0,88.13,30,88.13,0,98.0,97.0,94.065,-1.0,1,2026-07-08
23,1,30.0,85.1,100.0,55.5,30,74.0,0,94.0,91.0,64.75,-3.0,1,2026-07-08
24,1,18.0,83.38888888888889,100.0,38.5,16,75.5,2,96.25,0.0,81.75,0.0,1,2026-07-08
25,1,30.0,77.36,100.0,46.2,26,46.2,4,81.0,83.0,64.6,2.0,1,2026-07-08
26,1,24.0,38.083333333333336,70.0,0.0,8,0.0,16,56.66666666666666,36.0,24.0,-20.666666666666664,1,2026-07-08
27,1,26.0,51.68461538461538,80.0,30.0,12,46.45,14,60.0,50.0,44.225,-10.0,1,2026-07-08
28,1,8.0,26.125,95.0,0.0,2,0.0,6,0.0,95.0,0.0,0.0,1,2026-07-08
29,1,28.0,75.61428571428571,100.0,56.05,28,56.05,0,83.0,85.0,57.025,2.0,1,2026-07-08
30,1,18.0,41.66666666666666,95.0,5.5,8,5.5,10,52.5,0.0,36.0,0.0,1,2026-07-08
31,1,30.0,90.15333333333334,100.0,65.8,30,65.8,0,97.4,90.0,80.4,-7.400000000000006,1,2026-07-08
32,1,28.0,84.09285714285714,100.0,59.0,28,59.4,0,91.25,98.0,59.2,6.75,1,2026-07-08
33,1,30.0,88.39666666666668,100.0,60.0,30,91.3,0,78.0,100.0,86.7375,22.0,1,2026-07-08
34,1,26.0,76.96153846153847,100.0,20.0,22,83.0,4,81.0,73.33333333333333,78.25,-7.666666666666671,1,2026-07-08
35,1,30.0,84.97333333333333,100.0,70.35,30,70.35,0,87.8,90.0,74.175,2.200000000000003,1,2026-07-08
36,1,30.0,67.6,90.0,35.0,26,64.5,4,67.0,63.0,74.75,-4.0,1,2026-07-08
37,1,28.0,77.27142857142857,95.0,55.0,28,81.4,0,79.0,73.75,80.7,-5.25,1,2026-07-08
38,1,30.0,67.25333333333333,92.0,35.0,24,79.65,6,62.0,59.0,85.825,-3.0,1,2026-07-08
39,1,30.0,81.94266666666667,100.0,61.57,30,61.57,0,94.0,82.0,65.285,-12.0,1,2026-07-08
40,1,28.0,62.392857142857146,100.0,19.0,24,19.0,4,75.0,72.5,35.5,-2.5,1,2026-07-08
41,1,20.0,38.9,60.0,0.0,10,46.0,10,40.0,55.0,30.666666666666668,15.0,1,2026-07-08
42,1,26.0,84.34615384615384,100.0,60.0,26,60.0,0,91.0,93.33333333333331,72.0,2.3333333333333286,1,2026-07-08
43,1,28.0,82.27857142857144,100.0,45.0,26,85.95,2,85.0,88.0,73.475,3.0,1,2026-07-08
44,1,26.0,83.9076923076923,100.0,67.9,26,67.9,0,93.0,88.33333333333333,71.95,-4.666666666666671,1,2026-07-08
45,1,30.0,89.08666666666666,100.0,65.0,30,79.15,0,88.0,92.0,86.575,4.0,1,2026-07-08
46,1,30.0,72.78666666666666,90.0,40.0,28,69.65,2,69.0,82.0,65.325,13.0,1,2026-07-08
47,1,30.0,83.44666666666667,100.0,60.0,30,75.85,0,81.0,87.0,81.925,6.0,1,2026-07-08
48,1,30.0,72.25733333333332,100.0,25.0,24,51.43,6,86.0,56.0,75.715,-30.0,1,2026-07-08
49,1,18.0,63.333333333333336,100.0,29.0,16,64.5,2,65.0,80.0,62.75,15.0,1,2026-07-08
50,1,26.0,46.2,84.0,20.0,12,51.3,14,40.0,33.333333333333336,67.65,-6.666666666666664,1,2026-07-08
51,1,28.0,87.73571428571428,100.0,50.0,28,97.9,0,89.0,82.5,93.95,-6.5,1,2026-07-08
52,1,30.0,71.03333333333333,100.0,50.0,30,68.0,0,82.0,67.0,61.5,-15.0,1,2026-07-08
53,1,24.0,57.03333333333333,100.0,19.7,14,19.7,10,72.0,50.0,44.6,-22.0,1,2026-07-08
54,1,26.0,74.99230769230769,100.0,30.0,20,76.45,6,67.5,97.5,62.225,30.0,1,2026-07-08
55,1,22.0,45.13636363636363,75.0,0.0,8,44.0,14,48.75,20.0,59.5,-28.75,1,2026-07-08
56,1,30.0,78.56666666666666,100.0,0.0,28,84.0,2,92.0,59.0,87.0,-33.0,1,2026-07-08
57,1,12.0,57.333333333333336,100.0,10.0,10,62.0,2,100.0,0.0,58.5,0.0,1,2026-07-08
58,1,24.0,26.375,55.0,0.0,8,53.75,16,17.5,6.666666666666667,54.375,-10.833333333333332,1,2026-07-08
59,1,18.0,55.67777777777778,85.0,29.0,12,36.05,6,78.33333333333333,55.0,45.525,-23.33333333333333,1,2026-07-08
60,1,30.0,90.91333333333334,100.0,80.0,30,84.15,0,91.8,91.0,89.575,-0.7999999999999972,1,2026-07-08
61,1,30.0,91.0,100.0,60.0,30,80.0,0,98.0,88.0,85.5,-10.0,1,2026-07-08
62,1,30.0,74.58,95.0,50.0,30,88.35,0,79.0,69.0,76.175,-10.0,1,2026-07-08
63,1,28.0,79.5,100.0,40.0,26,65.5,2,88.0,75.0,74.75,-13.0,1,2026-07-08
64,1,20.0,48.73,80.0,10.0,14,65.65,6,40.0,50.0,61.325,10.0,1,2026-07-08
65,1,30.0,83.24666666666667,95.0,58.0,30,88.4,0,83.8,90.0,73.2,6.200000000000003,1,2026-07-08
66,1,30.0,74.21333333333334,100.0,30.0,28,72.35,2,66.0,77.0,81.675,11.0,1,2026-07-08
67,1,30.0,87.22666666666667,100.0,67.7,30,67.7,0,96.0,86.0,76.85,-10.0,1,2026-07-08
68,1,30.0,75.48666666666666,100.0,30.0,24,41.65,6,72.0,90.0,60.325,18.0,1,2026-07-08
69,1,30.0,71.59466666666667,100.0,47.21,26,47.21,4,74.0,75.0,63.605,1.0,1,2026-07-08
70,1,30.0,95.83733333333332,100.0,88.28,30,88.28,0,98.0,96.0,92.64,-2.0,1,2026-07-08
71,1,28.0,54.642857142857146,80.0,0.0,20,66.0,8,55.0,42.0,73.0,-13.0,1,2026-07-08
72,1,30.0,75.97333333333333,100.0,40.0,28,96.3,2,80.0,62.0,89.65,-18.0,1,2026-07-08
73,1,20.0,53.4,100.0,0.0,10,0.0,10,80.0,75.0,9.333333333333334,-5.0,1,2026-07-08
74,1,30.0,76.5,95.0,30.0,28,50.0,2,76.0,81.0,71.0,5.0,1,2026-07-08
75,1,28.0,73.39285714285714,100.0,40.0,22,41.0,6,70.0,93.75,57.5,23.75,1,2026-07-08
76,1,30.0,64.23333333333333,100.0,20.0,22,45.0,8,76.0,61.0,52.5,-15.0,1,2026-07-08
77,1,20.0,70.47,100.0,38.0,18,89.35,2,70.0,100.0,71.675,30.0,1,2026-07-08
78,1,28.0,76.72142857142856,100.0,50.0,28,73.3,0,71.25,78.0,82.9,6.75,1,2026-07-08
79,1,28.0,70.85714285714286,100.0,40.0,26,63.0,2,86.0,65.0,58.25,-21.0,1,2026-07-08
80,1,30.0,81.77333333333333,100.0,65.0,30,79.3,0,86.0,78.0,81.15,-8.0,1,2026-07-08
81,1,30.0,35.906666666666666,75.0,10.0,8,48.8,22,15.0,55.0,38.4,40.0,1,2026-07-08
82,1,30.0,92.12666666666668,100.0,70.0,30,88.7,0,90.0,93.0,93.85,3.0,1,2026-07-08
83,1,30.0,68.04,100.0,40.0,24,45.3,6,69.0,79.0,51.65,10.0,1,2026-07-08
84,1,30.0,83.09333333333333,100.0,69.0,30,70.2,0,84.0,92.0,69.6,8.0,1,2026-07-08
85,1,30.0,69.76666666666667,100.0,0.0,20,0.0,10,79.0,100.0,15.5,21.0,1,2026-07-08
86,1,24.0,57.76666666666667,100.0,20.0,16,68.1,8,65.0,43.333333333333336,66.05,-21.666666666666664,1,2026-07-08
87,1,28.0,59.17857142857143,100.0,0.0,18,56.0,10,55.0,75.0,49.0,20.0,1,2026-07-08
88,1,18.0,74.33333333333333,100.0,0.0,14,86.5,4,75.0,0.0,84.75,0.0,1,2026-07-08
89,1,16.0,14.0,38.0,0.0,0,38.0,16,0.0,0.0,28.0,0.0,1,2026-07-08
90,1,30.0,87.90666666666667,100.0,79.0,30,82.55,0,92.0,89.0,80.775,-3.0,1,2026-07-08
91,1,30.0,84.86,100.0,50.0,30,84.95,0,74.0,92.0,89.975,18.0,1,2026-07-08
92,1,20.0,78.85,100.0,43.5,18,72.5,2,78.33333333333333,100.0,77.5,21.66666666666667,1,2026-07-08
93,1,26.0,32.19230769230769,60.0,0.0,6,23.0,20,41.0,26.666666666666668,26.25,-14.333333333333332,1,2026-07-08
94,1,28.0,53.785714285714285,90.0,17.0,16,17.0,12,75.0,56.25,23.25,-18.75,1,2026-07-08
95,1,36.0,41.833333333333336,86.0,0.0,12,0.0,24,55.0,26.666666666666668,43.0,-28.33333333333333,1,2026-07-08
96,1,30.0,68.36,100.0,1.2,22,1.2,8,82.0,88.0,22.6,6.0,1,2026-07-08
97,1,24.0,76.825,100.0,55.5,24,55.7,0,88.33333333333333,72.5,77.85,-15.833333333333329,1,2026-07-08
98,1,16.0,51.275,100.0,0.0,10,73.1,6,40.0,0.0,69.55,0.0,1,2026-07-08
99,1,28.0,74.25,100.0,0.0,26,79.0,2,90.0,53.75,77.0,-36.25,1,2026-07-08
100,1,20.0,41.15,75.0,0.0,10,0.0,10,61.25,50.0,21.75,-11.25,1,2026-07-08
101,1,30.0,71.86666666666666,90.0,43.0,26,67.0,4,74.0,82.0,55.0,8.0,1,2026-07-08
102,1,16.0,10.375,25.0,0.0,0,0.0,16,16.666666666666668,20.0,2.0,3.333333333333332,1,2026-07-08
103,1,30.0,89.96666666666667,100.0,40.0,26,93.0,4,97.0,100.0,66.5,3.0,1,2026-07-08
104,1,30.0,91.53333333333332,100.0,75.0,30,94.0,0,96.0,86.0,93.0,-10.0,1,2026-07-08
105,1,24.0,65.48333333333333,90.0,25.0,20,65.65,4,76.0,57.5,60.325,-18.5,1,2026-07-08
106,1,28.0,48.75714285714286,100.0,0.0,16,32.8,12,46.0,60.0,41.4,14.0,1,2026-07-08
107,1,28.0,68.35714285714286,100.0,30.0,26,77.0,2,70.0,65.0,71.5,-5.0,1,2026-07-08
108,1,28.0,58.46428571428572,85.0,0.0,24,76.0,4,70.0,38.75,65.75,-31.25,1,2026-07-08
109,1,22.0,68.95454545454545,90.0,43.5,20,85.0,2,67.5,82.5,70.0,15.0,1,2026-07-08
110,1,20.0,51.2,70.0,27.0,12,58.5,8,56.66666666666666,50.0,53.75,-6.666666666666664,1,2026-07-08
111,1,26.0,81.69999999999999,100.0,63.3,26,63.3,0,99.0,76.66666666666667,66.15,-22.33333333333333,1,2026-07-08
112,1,28.0,67.51428571428572,100.0,30.0,24,52.85,4,53.75,82.0,64.425,28.25,1,2026-07-08
113,1,30.0,31.466666666666665,75.0,0.0,10,62.0,20,17.0,19.0,68.5,2.0,1,2026-07-08
114,1,30.0,80.2,100.0,60.0,30,86.0,0,83.0,81.0,75.25,-2.0,1,2026-07-08
115,1,28.0,73.57142857142857,100.0,50.0,28,65.0,0,84.0,70.0,65.0,-14.0,1,2026-07-08
116,1,12.0,50.48333333333333,78.0,0.0,8,73.45,4,0.0,0.0,75.725,0.0,1,2026-07-08
117,1,30.0,92.2,100.0,50.0,30,91.5,0,100.0,100.0,70.75,0.0,1,2026-07-08
118,1,30.0,79.42,100.0,30.0,28,94.65,2,72.0,80.0,88.825,8.0,1,2026-07-08
119,1,30.0,69.7,100.0,10.0,22,77.5,8,80.0,67.0,59.25,-13.0,1,2026-07-08
120,1,28.0,88.57857142857142,100.0,64.0,28,83.05,0,100.0,92.0,73.525,-8.0,1,2026-07-08
121,1,16.0,48.625,80.0,18.5,10,31.75,6,65.0,55.0,46.375,-10.0,1,2026-07-08
122,1,28.0,92.64,100.0,78.73,28,78.73,0,100.0,96.25,80.86500000000001,-3.75,1,2026-07-08
123,1,20.0,34.05,63.0,0.0,8,63.0,12,36.25,25.0,42.0,-11.25,1,2026-07-08
124,1,30.0,80.41333333333334,95.0,69.0,30,72.1,0,83.0,85.0,70.55,2.0,1,2026-07-08
125,1,30.0,85.4,100.0,70.0,30,73.5,0,88.0,92.0,72.75,4.0,1,2026-07-08
126,1,30.0,65.63333333333334,100.0,0.0,24,54.0,6,72.0,55.0,71.5,-17.0,1,2026-07-08
127,1,22.0,38.95454545454545,85.0,0.0,12,0.0,10,42.0,85.0,26.0,43.0,1,2026-07-08
128,1,24.0,67.86666666666666,85.0,51.0,24,68.7,0,66.25,81.66666666666667,63.35,15.416666666666671,1,2026-07-08
129,1,24.0,55.0,100.0,20.0,16,30.0,8,58.0,55.0,55.0,-3.0,1,2026-07-08
130,1,16.0,64.725,100.0,23.0,12,57.4,4,76.66666666666667,0.0,66.2,0.0,1,2026-07-08
131,1,30.0,87.54666666666667,100.0,76.35,30,76.35,0,91.0,84.0,87.675,-7.0,1,2026-07-08
132,1,28.0,79.64999999999999,100.0,50.0,28,95.55,0,78.0,72.5,91.775,-5.5,1,2026-07-08
133,1,14.0,24.685714285714287,50.0,0.0,2,28.9,12,50.0,0.0,29.45,-50.0,1,2026-07-08
134,1,24.0,54.333333333333336,95.0,20.0,14,62.0,10,36.66666666666666,72.5,53.0,35.833333333333336,1,2026-07-08
135,1,28.0,78.47857142857143,100.0,37.0,24,50.35,4,96.0,90.0,43.675,-6.0,1,2026-07-08
136,1,28.0,73.15714285714286,83.85,65.0,28,83.85,0,75.0,71.0,75.925,-4.0,1,2026-07-08
137,1,30.0,78.88000000000001,100.0,50.35,30,50.35,0,89.0,88.0,52.425,-1.0,1,2026-07-08
138,1,26.0,74.6923076923077,100.0,30.0,22,88.5,4,71.25,78.75,77.75,7.5,1,2026-07-08
139,1,26.0,45.61538461538461,80.0,0.0,16,65.0,10,46.0,26.666666666666668,63.0,-19.33333333333333,1,2026-07-08
140,1,8.0,5.5,20.0,0.0,0,0.0,8,20.0,0.0,0.0,0.0,1,2026-07-08
141,1,28.0,55.29,100.0,30.0,16,43.78,12,61.0,40.0,65.64,-21.0,1,2026-07-08
142,1,28.0,89.41428571428571,100.0,75.0,28,95.9,0,92.5,90.0,87.45,-2.5,1,2026-07-08
143,1,14.0,45.142857142857146,90.0,0.0,6,0.0,8,55.0,30.0,54.0,-25.0,1,2026-07-08
144,1,20.0,62.5,95.0,0.0,14,87.0,6,60.0,72.5,58.0,12.5,1,2026-07-08
145,1,16.0,58.875,100.0,0.0,10,0.0,6,77.5,0.0,43.333333333333336,0.0,1,2026-07-08
146,1,14.0,60.07142857142857,75.0,14.5,12,55.5,2,72.5,0.0,65.25,0.0,1,2026-07-08
147,1,20.0,65.25,100.0,12.75,12,12.75,8,92.5,40.0,50.375,-52.5,1,2026-07-08
148,1,18.0,58.28888888888889,100.0,30.0,10,55.8,8,93.33333333333331,30.0,45.9,-63.33333333333333,1,2026-07-08
149,1,28.0,87.92857142857143,100.0,62.75,28,62.75,0,99.0,97.5,64.375,-1.5,1,2026-07-08
150,1,28.0,90.15,100.0,49.0,24,95.3,4,97.0,100.0,72.15,3.0,1,2026-07-08
151,1,20.0,53.9,100.0,0.0,12,0.0,8,45.0,80.0,0.0,35.0,1,2026-07-08
152,1,16.0,19.5,38.0,0.0,0,38.0,16,5.0,10.0,33.5,5.0,1,2026-07-08
153,1,26.0,52.29230769230769,65.0,10.0,20,60.4,6,51.0,45.0,62.7,-6.0,1,2026-07-08
154,1,10.0,11.4,50.0,0.0,2,0.0,8,0.0,50.0,0.6666666666666666,0.0,1,2026-07-08
155,1,12.0,0.0,0.0,0.0,0,0.0,12,0.0,0.0,0.0,0.0,1,2026-07-08
156,1,30.0,84.06,100.0,50.0,30,82.7,0,82.0,83.0,88.35,1.0,1,2026-07-08
157,1,20.0,19.15,80.0,0.0,4,0.0,16,29.0,0.0,10.666666666666666,-29.0,1,2026-07-08
158,1,16.0,8.25,33.0,0.0,0,0.0,16,0.0,0.0,22.0,0.0,1,2026-07-08
159,1,12.0,34.5,90.0,0.0,4,0.0,8,75.0,0.0,14.0,0.0,1,2026-07-08
160,1,16.0,12.5,50.0,0.0,4,0.0,12,0.0,0.0,25.0,0.0,1,2026-07-08
161,1,12.0,20.166666666666668,50.0,0.0,2,0.0,10,36.66666666666666,0.0,0.0,0.0,1,2026-07-08
162,1,24.0,29.791666666666668,80.0,0.0,10,0.0,14,49.0,40.0,0.0,-9.0,1,2026-07-08
163,1,18.0,67.22222222222223,100.0,0.0,14,0.0,4,90.0,100.0,0.0,10.0,1,2026-07-08
164,1,6.0,0.0,0.0,0.0,0,0.0,6,0.0,0.0,0.0,0.0,1,2026-07-08
165,1,10.0,33.0,80.0,0.0,4,0.0,6,75.0,0.0,0.0,0.0,1,2026-07-08
166,1,8.0,5.5,20.0,0.0,0,0.0,8,20.0,0.0,0.0,0.0,1,2026-07-08
167,1,10.0,0.0,0.0,0.0,0,0.0,10,0.0,0.0,0.0,0.0,1,2026-07-08
168,1,8.0,23.375,85.0,0.0,2,0.0,6,85.0,0.0,0.0,0.0,1,2026-07-08
169,1,12.0,0.0,0.0,0.0,0,0.0,12,0.0,0.0,0.0,0.0,1,2026-07-08
170,1,8.0,0.0,0.0,0.0,0,0.0,8,0.0,0.0,0.0,0.0,1,2026-07-08
171,1,14.0,0.0,0.0,0.0,0,0.0,14,0.0,0.0,0.0,0.0,1,2026-07-08
172,2,0.0,0.0,0.0,0.0,0,0.0,0,0.0,0.0,0.0,0.0,2,2026-07-08
1,1,0.0,0.0,0.0,0.0,0,0.0,0,0.0,0.0,0.0,0.0,1,2026-07-09
2,1,15.0,70.53999999999999,100.0,0.0,10,44.8,5,95.0,72.0,34.9,-23.0,1,2026-07-09
3,1,12.0,58.083333333333336,100.0,0.0,9,0.0,3,66.0,63.333333333333336,41.66666666666666,-2.6666666666666643,1,2026-07-09
4,1,15.0,83.28666666666666,100.0,60.0,15,61.9,0,79.0,98.0,68.95,19.0,1,2026-07-09
5,1,15.0,86.00666666666666,100.0,10.0,14,93.05,1,71.0,97.0,91.525,26.0,1,2026-07-09
6,1,15.0,81.62666666666668,100.0,54.0,15,60.45,0,87.0,94.0,57.225,7.0,1,2026-07-09
7,1,15.0,53.53333333333333,80.0,31.0,9,68.0,6,51.0,59.0,49.5,8.0,1,2026-07-09
8,1,15.0,57.940000000000005,94.0,0.0,11,71.05,4,46.0,52.0,82.525,6.0,1,2026-07-09
9,1,15.0,67.83733333333333,100.0,0.0,12,52.28,3,94.0,40.0,70.14,-54.0,1,2026-07-09
10,1,11.0,60.08181818181818,95.0,10.0,6,84.7,5,56.25,70.0,64.85,13.75,1,2026-07-09
11,1,14.0,77.07142857142857,100.0,0.0,12,0.0,2,88.0,78.0,55.333333333333336,-10.0,1,2026-07-09
12,1,15.0,79.43333333333334,100.0,40.0,14,87.0,1,86.0,79.0,71.0,-7.0,1,2026-07-09
13,1,15.0,98.49333333333334,100.0,88.7,15,88.7,0,100.0,100.0,94.35,0.0,1,2026-07-09
14,1,14.0,82.82142857142857,100.0,0.0,13,0.0,1,90.0,91.0,54.66666666666666,1.0,1,2026-07-09
15,1,15.0,88.74666666666667,100.0,70.0,15,81.1,0,92.0,94.0,77.05,2.0,1,2026-07-09
16,1,15.0,68.83333333333333,100.0,0.0,12,20.25,3,86.0,66.0,49.125,-20.0,1,2026-07-09
17,1,7.0,35.857142857142854,100.0,0.0,3,0.0,4,73.33333333333333,0.0,3.0,0.0,1,2026-07-09
18,1,6.0,0.0,0.0,0.0,0,0.0,6,0.0,0.0,0.0,0.0,1,2026-07-09
19,1,15.0,93.65333333333334,100.0,70.0,15,93.15,0,90.0,97.0,94.075,7.0,1,2026-07-09
20,1,8.0,53.875,100.0,20.0,4,65.0,4,100.0,20.0,47.25,-80.0,1,2026-07-09
21,1,8.0,67.8875,100.0,26.5,7,62.3,1,97.5,70.0,62.9,-27.5,1,2026-07-09
22,1,15.0,96.584,100.0,88.13,15,88.13,0,98.0,97.0,94.065,-1.0,1,2026-07-09
23,1,15.0,85.1,100.0,55.5,15,74.0,0,94.0,91.0,64.75,-3.0,1,2026-07-09
24,1,9.0,83.38888888888889,100.0,38.5,8,75.5,1,96.25,0.0,81.75,0.0,1,2026-07-09
25,1,15.0,77.36,100.0,46.2,13,46.2,2,81.0,83.0,64.6,2.0,1,2026-07-09
26,1,12.0,38.083333333333336,70.0,0.0,4,0.0,8,56.66666666666666,36.0,24.0,-20.666666666666664,1,2026-07-09
27,1,13.0,51.68461538461538,80.0,30.0,6,46.45,7,60.0,50.0,44.225,-10.0,1,2026-07-09
28,1,4.0,26.125,95.0,0.0,1,0.0,3,0.0,95.0,0.0,0.0,1,2026-07-09
29,1,14.0,75.61428571428571,100.0,56.05,14,56.05,0,83.0,85.0,57.025,2.0,1,2026-07-09
30,1,9.0,41.66666666666666,95.0,5.5,4,5.5,5,52.5,0.0,36.0,0.0,1,2026-07-09
31,1,15.0,90.15333333333334,100.0,65.8,15,65.8,0,97.4,90.0,80.4,-7.400000000000006,1,2026-07-09
32,1,14.0,84.09285714285714,100.0,59.0,14,59.4,0,91.25,98.0,59.2,6.75,1,2026-07-09
33,1,15.0,88.39666666666668,100.0,60.0,15,91.3,0,78.0,100.0,86.7375,22.0,1,2026-07-09
34,1,13.0,76.96153846153847,100.0,20.0,11,83.0,2,81.0,73.33333333333333,78.25,-7.666666666666671,1,2026-07-09
35,1,15.0,84.97333333333333,100.0,70.35,15,70.35,0,87.8,90.0,74.175,2.200000000000003,1,2026-07-09
36,1,15.0,67.6,90.0,35.0,13,64.5,2,67.0,63.0,74.75,-4.0,1,2026-07-09
37,1,14.0,77.27142857142857,95.0,55.0,14,81.4,0,79.0,73.75,80.7,-5.25,1,2026-07-09
38,1,15.0,67.25333333333333,92.0,35.0,12,79.65,3,62.0,59.0,85.825,-3.0,1,2026-07-09
39,1,15.0,81.94266666666667,100.0,61.57,15,61.57,0,94.0,82.0,65.285,-12.0,1,2026-07-09
40,1,14.0,62.392857142857146,100.0,19.0,12,19.0,2,75.0,72.5,35.5,-2.5,1,2026-07-09
41,1,10.0,38.9,60.0,0.0,5,46.0,5,40.0,55.0,30.666666666666668,15.0,1,2026-07-09
42,1,13.0,84.34615384615384,100.0,60.0,13,60.0,0,91.0,93.33333333333331,72.0,2.3333333333333286,1,2026-07-09
43,1,14.0,82.27857142857144,100.0,45.0,13,85.95,1,85.0,88.0,73.475,3.0,1,2026-07-09
44,1,13.0,83.9076923076923,100.0,67.9,13,67.9,0,93.0,88.33333333333333,71.95,-4.666666666666671,1,2026-07-09
45,1,15.0,89.08666666666666,100.0,65.0,15,79.15,0,88.0,92.0,86.575,4.0,1,2026-07-09
46,1,15.0,72.78666666666666,90.0,40.0,14,69.65,1,69.0,82.0,65.325,13.0,1,2026-07-09
47,1,15.0,83.44666666666667,100.0,60.0,15,75.85,0,81.0,87.0,81.925,6.0,1,2026-07-09
48,1,15.0,72.25733333333332,100.0,25.0,12,51.43,3,86.0,56.0,75.715,-30.0,1,2026-07-09
49,1,9.0,63.333333333333336,100.0,29.0,8,64.5,1,65.0,80.0,62.75,15.0,1,2026-07-09
50,1,13.0,46.2,84.0,20.0,6,51.3,7,40.0,33.333333333333336,67.65,-6.666666666666664,1,2026-07-09
51,1,14.0,87.73571428571428,100.0,50.0,14,97.9,0,89.0,82.5,93.95,-6.5,1,2026-07-09
52,1,15.0,71.03333333333333,100.0,50.0,15,68.0,0,82.0,67.0,61.5,-15.0,1,2026-07-09
53,1,12.0,57.03333333333333,100.0,19.7,7,19.7,5,72.0,50.0,44.6,-22.0,1,2026-07-09
54,1,13.0,74.99230769230769,100.0,30.0,10,76.45,3,67.5,97.5,62.225,30.0,1,2026-07-09
55,1,11.0,45.13636363636363,75.0,0.0,4,44.0,7,48.75,20.0,59.5,-28.75,1,2026-07-09
56,1,15.0,78.56666666666666,100.0,0.0,14,84.0,1,92.0,59.0,87.0,-33.0,1,2026-07-09
57,1,6.0,57.333333333333336,100.0,10.0,5,62.0,1,100.0,0.0,58.5,0.0,1,2026-07-09
58,1,12.0,26.375,55.0,0.0,4,53.75,8,17.5,6.666666666666667,54.375,-10.833333333333332,1,2026-07-09
59,1,9.0,55.67777777777778,85.0,29.0,6,36.05,3,78.33333333333333,55.0,45.525,-23.33333333333333,1,2026-07-09
60,1,15.0,90.91333333333334,100.0,80.0,15,84.15,0,91.8,91.0,89.575,-0.7999999999999972,1,2026-07-09
61,1,15.0,91.0,100.0,60.0,15,80.0,0,98.0,88.0,85.5,-10.0,1,2026-07-09
62,1,15.0,74.58,95.0,50.0,15,88.35,0,79.0,69.0,76.175,-10.0,1,2026-07-09
63,1,14.0,79.5,100.0,40.0,13,65.5,1,88.0,75.0,74.75,-13.0,1,2026-07-09
64,1,10.0,48.73,80.0,10.0,7,65.65,3,40.0,50.0,61.325,10.0,1,2026-07-09
65,1,15.0,83.24666666666667,95.0,58.0,15,88.4,0,83.8,90.0,73.2,6.200000000000003,1,2026-07-09
66,1,15.0,74.21333333333334,100.0,30.0,14,72.35,1,66.0,77.0,81.675,11.0,1,2026-07-09
67,1,15.0,87.22666666666667,100.0,67.7,15,67.7,0,96.0,86.0,76.85,-10.0,1,2026-07-09
68,1,15.0,75.48666666666666,100.0,30.0,12,41.65,3,72.0,90.0,60.325,18.0,1,2026-07-09
69,1,15.0,71.59466666666667,100.0,47.21,13,47.21,2,74.0,75.0,63.605,1.0,1,2026-07-09
70,1,15.0,95.83733333333332,100.0,88.28,15,88.28,0,98.0,96.0,92.64,-2.0,1,2026-07-09
71,1,14.0,54.642857142857146,80.0,0.0,10,66.0,4,55.0,42.0,73.0,-13.0,1,2026-07-09
72,1,15.0,75.97333333333333,100.0,40.0,14,96.3,1,80.0,62.0,89.65,-18.0,1,2026-07-09
73,1,10.0,53.4,100.0,0.0,5,0.0,5,80.0,75.0,9.333333333333334,-5.0,1,2026-07-09
74,1,15.0,76.5,95.0,30.0,14,50.0,1,76.0,81.0,71.0,5.0,1,2026-07-09
75,1,14.0,73.39285714285714,100.0,40.0,11,41.0,3,70.0,93.75,57.5,23.75,1,2026-07-09
76,1,15.0,64.23333333333333,100.0,20.0,11,45.0,4,76.0,61.0,52.5,-15.0,1,2026-07-09
77,1,10.0,70.47,100.0,38.0,9,89.35,1,70.0,100.0,71.675,30.0,1,2026-07-09
78,1,14.0,76.72142857142856,100.0,50.0,14,73.3,0,71.25,78.0,82.9,6.75,1,2026-07-09
79,1,14.0,70.85714285714286,100.0,40.0,13,63.0,1,86.0,65.0,58.25,-21.0,1,2026-07-09
80,1,15.0,81.77333333333333,100.0,65.0,15,79.3,0,86.0,78.0,81.15,-8.0,1,2026-07-09
81,1,15.0,35.906666666666666,75.0,10.0,4,48.8,11,15.0,55.0,38.4,40.0,1,2026-07-09
82,1,15.0,92.12666666666668,100.0,70.0,15,88.7,0,90.0,93.0,93.85,3.0,1,2026-07-09
83,1,15.0,68.04,100.0,40.0,12,45.3,3,69.0,79.0,51.65,10.0,1,2026-07-09
84,1,15.0,83.09333333333333,100.0,69.0,15,70.2,0,84.0,92.0,69.6,8.0,1,2026-07-09
85,1,15.0,69.76666666666667,100.0,0.0,10,0.0,5,79.0,100.0,15.5,21.0,1,2026-07-09
86,1,12.0,57.76666666666667,100.0,20.0,8,68.1,4,65.0,43.333333333333336,66.05,-21.666666666666664,1,2026-07-09
87,1,14.0,59.17857142857143,100.0,0.0,9,56.0,5,55.0,75.0,49.0,20.0,1,2026-07-09
88,1,9.0,74.33333333333333,100.0,0.0,7,86.5,2,75.0,0.0,84.75,0.0,1,2026-07-09
89,1,8.0,14.0,38.0,0.0,0,38.0,8,0.0,0.0,28.0,0.0,1,2026-07-09
90,1,15.0,87.90666666666667,100.0,79.0,15,82.55,0,92.0,89.0,80.775,-3.0,1,2026-07-09
91,1,15.0,84.86,100.0,50.0,15,84.95,0,74.0,92.0,89.975,18.0,1,2026-07-09
92,1,10.0,78.85,100.0,43.5,9,72.5,1,78.33333333333333,100.0,77.5,21.66666666666667,1,2026-07-09
93,1,13.0,32.19230769230769,60.0,0.0,3,23.0,10,41.0,26.666666666666668,26.25,-14.333333333333332,1,2026-07-09
94,1,14.0,53.785714285714285,90.0,17.0,8,17.0,6,75.0,56.25,23.25,-18.75,1,2026-07-09
95,1,12.0,41.833333333333336,86.0,0.0,4,0.0,8,55.0,26.666666666666668,43.0,-28.33333333333333,1,2026-07-09
96,1,15.0,68.36,100.0,1.2,11,1.2,4,82.0,88.0,22.6,6.0,1,2026-07-09
97,1,12.0,76.825,100.0,55.5,12,55.7,0,88.33333333333333,72.5,77.85,-15.833333333333329,1,2026-07-09
98,1,8.0,51.275,100.0,0.0,5,73.1,3,40.0,0.0,69.55,0.0,1,2026-07-09
99,1,14.0,74.25,100.0,0.0,13,79.0,1,90.0,53.75,77.0,-36.25,1,2026-07-09
100,1,10.0,41.15,75.0,0.0,5,0.0,5,61.25,50.0,21.75,-11.25,1,2026-07-09
101,1,15.0,71.86666666666666,90.0,43.0,13,67.0,2,74.0,82.0,55.0,8.0,1,2026-07-09
102,1,8.0,10.375,25.0,0.0,0,0.0,8,16.666666666666668,20.0,2.0,3.333333333333332,1,2026-07-09
103,1,15.0,89.96666666666667,100.0,40.0,13,93.0,2,97.0,100.0,66.5,3.0,1,2026-07-09
104,1,15.0,91.53333333333332,100.0,75.0,15,94.0,0,96.0,86.0,93.0,-10.0,1,2026-07-09
105,1,12.0,65.48333333333333,90.0,25.0,10,65.65,2,76.0,57.5,60.325,-18.5,1,2026-07-09
106,1,14.0,48.75714285714286,100.0,0.0,8,32.8,6,46.0,60.0,41.4,14.0,1,2026-07-09
107,1,14.0,68.35714285714286,100.0,30.0,13,77.0,1,70.0,65.0,71.5,-5.0,1,2026-07-09
108,1,14.0,58.46428571428572,85.0,0.0,12,76.0,2,70.0,38.75,65.75,-31.25,1,2026-07-09
109,1,11.0,68.95454545454545,90.0,43.5,10,85.0,1,67.5,82.5,70.0,15.0,1,2026-07-09
110,1,10.0,51.2,70.0,27.0,6,58.5,4,56.66666666666666,50.0,53.75,-6.666666666666664,1,2026-07-09
111,1,13.0,81.69999999999999,100.0,63.3,13,63.3,0,99.0,76.66666666666667,66.15,-22.33333333333333,1,2026-07-09
112,1,14.0,67.51428571428572,100.0,30.0,12,52.85,2,53.75,82.0,64.425,28.25,1,2026-07-09
113,1,15.0,31.466666666666665,75.0,0.0,5,62.0,10,17.0,19.0,68.5,2.0,1,2026-07-09
114,1,15.0,80.2,100.0,60.0,15,86.0,0,83.0,81.0,75.25,-2.0,1,2026-07-09
115,1,14.0,73.57142857142857,100.0,50.0,14,65.0,0,84.0,70.0,65.0,-14.0,1,2026-07-09
116,1,6.0,50.48333333333333,78.0,0.0,4,73.45,2,0.0,0.0,75.725,0.0,1,2026-07-09
117,1,15.0,92.2,100.0,50.0,15,91.5,0,100.0,100.0,70.75,0.0,1,2026-07-09
118,1,15.0,79.42,100.0,30.0,14,94.65,1,72.0,80.0,88.825,8.0,1,2026-07-09
119,1,15.0,69.7,100.0,10.0,11,77.5,4,80.0,67.0,59.25,-13.0,1,2026-07-09
120,1,14.0,88.57857142857142,100.0,64.0,14,83.05,0,100.0,92.0,73.525,-8.0,1,2026-07-09
121,1,8.0,48.625,80.0,18.5,5,31.75,3,65.0,55.0,46.375,-10.0,1,2026-07-09
122,1,14.0,92.64,100.0,78.73,14,78.73,0,100.0,96.25,80.86500000000001,-3.75,1,2026-07-09
123,1,10.0,34.05,63.0,0.0,4,63.0,6,36.25,25.0,42.0,-11.25,1,2026-07-09
124,1,15.0,80.41333333333334,95.0,69.0,15,72.1,0,83.0,85.0,70.55,2.0,1,2026-07-09
125,1,15.0,85.4,100.0,70.0,15,73.5,0,88.0,92.0,72.75,4.0,1,2026-07-09
126,1,15.0,65.63333333333334,100.0,0.0,12,54.0,3,72.0,55.0,71.5,-17.0,1,2026-07-09
127,1,11.0,38.95454545454545,85.0,0.0,6,0.0,5,42.0,85.0,26.0,43.0,1,2026-07-09
128,1,12.0,67.86666666666666,85.0,51.0,12,68.7,0,66.25,81.66666666666667,63.35,15.416666666666671,1,2026-07-09
129,1,12.0,55.0,100.0,20.0,8,30.0,4,58.0,55.0,55.0,-3.0,1,2026-07-09
130,1,8.0,64.725,100.0,23.0,6,57.4,2,76.66666666666667,0.0,66.2,0.0,1,2026-07-09
131,1,15.0,87.54666666666667,100.0,76.35,15,76.35,0,91.0,84.0,87.675,-7.0,1,2026-07-09
132,1,14.0,79.64999999999999,100.0,50.0,14,95.55,0,78.0,72.5,91.775,-5.5,1,2026-07-09
133,1,7.0,24.685714285714287,50.0,0.0,1,28.9,6,50.0,0.0,29.45,-50.0,1,2026-07-09
134,1,12.0,54.333333333333336,95.0,20.0,7,62.0,5,36.66666666666666,72.5,53.0,35.833333333333336,1,2026-07-09
135,1,14.0,78.47857142857143,100.0,37.0,12,50.35,2,96.0,90.0,43.675,-6.0,1,2026-07-09
136,1,14.0,73.15714285714286,83.85,65.0,14,83.85,0,75.0,71.0,75.925,-4.0,1,2026-07-09
137,1,15.0,78.88000000000001,100.0,50.35,15,50.35,0,89.0,88.0,52.425,-1.0,1,2026-07-09
138,1,13.0,74.6923076923077,100.0,30.0,11,88.5,2,71.25,78.75,77.75,7.5,1,2026-07-09
139,1,13.0,45.61538461538461,80.0,0.0,8,65.0,5,46.0,26.666666666666668,63.0,-19.33333333333333,1,2026-07-09
140,1,4.0,5.5,20.0,0.0,0,0.0,4,20.0,0.0,0.0,0.0,1,2026-07-09
141,1,14.0,55.29,100.0,30.0,8,43.78,6,61.0,40.0,65.64,-21.0,1,2026-07-09
142,1,14.0,89.41428571428571,100.0,75.0,14,95.9,0,92.5,90.0,87.45,-2.5,1,2026-07-09
143,1,7.0,45.142857142857146,90.0,0.0,3,0.0,4,55.0,30.0,54.0,-25.0,1,2026-07-09
144,1,10.0,62.5,95.0,0.0,7,87.0,3,60.0,72.5,58.0,12.5,1,2026-07-09
145,1,8.0,58.875,100.0,0.0,5,0.0,3,77.5,0.0,43.333333333333336,0.0,1,2026-07-09
146,1,7.0,60.07142857142857,75.0,14.5,6,55.5,1,72.5,0.0,65.25,0.0,1,2026-07-09
147,1,10.0,65.25,100.0,12.75,6,12.75,4,92.5,40.0,50.375,-52.5,1,2026-07-09
148,1,9.0,58.28888888888889,100.0,30.0,5,55.8,4,93.33333333333331,30.0,45.9,-63.33333333333333,1,2026-07-09
149,1,14.0,87.92857142857143,100.0,62.75,14,62.75,0,99.0,97.5,64.375,-1.5,1,2026-07-09
150,1,14.0,90.15,100.0,49.0,12,95.3,2,97.0,100.0,72.15,3.0,1,2026-07-09
151,1,10.0,53.9,100.0,0.0,6,0.0,4,45.0,80.0,0.0,35.0,1,2026-07-09
152,1,8.0,19.5,38.0,0.0,0,38.0,8,5.0,10.0,33.5,5.0,1,2026-07-09
153,1,13.0,52.29230769230769,65.0,10.0,10,60.4,3,51.0,45.0,62.7,-6.0,1,2026-07-09
154,1,5.0,11.4,50.0,0.0,1,0.0,4,0.0,50.0,0.6666666666666666,0.0,1,2026-07-09
155,1,6.0,0.0,0.0,0.0,0,0.0,6,0.0,0.0,0.0,0.0,1,2026-07-09
156,1,15.0,84.06,100.0,50.0,15,82.7,0,82.0,83.0,88.35,1.0,1,2026-07-09
157,1,10.0,19.15,80.0,0.0,2,0.0,8,29.0,0.0,10.666666666666666,-29.0,1,2026-07-09
158,1,8.0,8.25,33.0,0.0,0,0.0,8,0.0,0.0,22.0,0.0,1,2026-07-09
159,1,6.0,34.5,90.0,0.0,2,0.0,4,75.0,0.0,14.0,0.0,1,2026-07-09
160,1,8.0,12.5,50.0,0.0,2,0.0,6,0.0,0.0,25.0,0.0,1,2026-07-09
161,1,6.0,20.166666666666668,50.0,0.0,1,0.0,5,36.66666666666666,0.0,0.0,0.0,1,2026-07-09
162,1,12.0,29.791666666666668,80.0,0.0,5,0.0,7,49.0,40.0,0.0,-9.0,1,2026-07-09
163,1,9.0,67.22222222222223,100.0,0.0,7,0.0,2,90.0,100.0,0.0,10.0,1,2026-07-09
164,1,3.0,0.0,0.0,0.0,0,0.0,3,0.0,0.0,0.0,0.0,1,2026-07-09
165,1,5.0,33.0,80.0,0.0,2,0.0,3,75.0,0.0,0.0,0.0,1,2026-07-09
166,1,4.0,5.5,20.0,0.0,0,0.0,4,20.0,0.0,0.0,0.0,1,2026-07-09
167,1,5.0,0.0,0.0,0.0,0,0.0,5,0.0,0.0,0.0,0.0,1,2026-07-09
168,1,4.0,23.375,85.0,0.0,1,0.0,3,85.0,0.0,0.0,0.0,1,2026-07-09
169,1,6.0,0.0,0.0,0.0,0,0.0,6,0.0,0.0,0.0,0.0,1,2026-07-09
170,1,4.0,0.0,0.0,0.0,0,0.0,4,0.0,0.0,0.0,0.0,1,2026-07-09
171,1,7.0,0.0,0.0,0.0,0,0.0,7,0.0,0.0,0.0,0.0,1,2026-07-09
172,2,0.0,0.0,0.0,0.0,0,0.0,0,0.0,0.0,0.0,0.0,2,2026-07-09
1,1,0.0,0.0,0.0,0.0,0,0.0,0,0.0,0.0,0.0,0.0,1,2026-07-10
2,1,15.0,70.53999999999999,100.0,0.0,10,44.8,5,95.0,72.0,34.9,-23.0,1,2026-07-10
3,1,12.0,58.083333333333336,100.0,0.0,9,0.0,3,66.0,63.333333333333336,41.66666666666666,-2.6666666666666643,1,2026-07-10
4,1,15.0,83.28666666666666,100.0,60.0,15,61.9,0,79.0,98.0,68.95,19.0,1,2026-07-10
5,1,15.0,86.00666666666666,100.0,10.0,14,93.05,1,71.0,97.0,91.525,26.0,1,2026-07-10
6,1,15.0,81.62666666666668,100.0,54.0,15,60.45,0,87.0,94.0,57.225,7.0,1,2026-07-10
7,1,15.0,53.53333333333333,80.0,31.0,9,68.0,6,51.0,59.0,49.5,8.0,1,2026-07-10
8,1,15.0,57.940000000000005,94.0,0.0,11,71.05,4,46.0,52.0,82.525,6.0,1,2026-07-10
9,1,15.0,67.83733333333333,100.0,0.0,12,52.28,3,94.0,40.0,70.14,-54.0,1,2026-07-10
10,1,11.0,60.08181818181818,95.0,10.0,6,84.7,5,56.25,70.0,64.85,13.75,1,2026-07-10
11,1,14.0,77.07142857142857,100.0,0.0,12,0.0,2,88.0,78.0,55.333333333333336,-10.0,1,2026-07-10
12,1,15.0,79.43333333333334,100.0,40.0,14,87.0,1,86.0,79.0,71.0,-7.0,1,2026-07-10
13,1,15.0,98.49333333333334,100.0,88.7,15,88.7,0,100.0,100.0,94.35,0.0,1,2026-07-10
14,1,14.0,82.82142857142857,100.0,0.0,13,0.0,1,90.0,91.0,54.66666666666666,1.0,1,2026-07-10
15,1,15.0,88.74666666666667,100.0,70.0,15,81.1,0,92.0,94.0,77.05,2.0,1,2026-07-10
16,1,15.0,68.83333333333333,100.0,0.0,12,20.25,3,86.0,66.0,49.125,-20.0,1,2026-07-10
17,1,7.0,35.857142857142854,100.0,0.0,3,0.0,4,73.33333333333333,0.0,3.0,0.0,1,2026-07-10
18,1,6.0,0.0,0.0,0.0,0,0.0,6,0.0,0.0,0.0,0.0,1,2026-07-10
19,1,15.0,93.65333333333334,100.0,70.0,15,93.15,0,90.0,97.0,94.075,7.0,1,2026-07-10
20,1,8.0,53.875,100.0,20.0,4,65.0,4,100.0,20.0,47.25,-80.0,1,2026-07-10
21,1,8.0,67.8875,100.0,26.5,7,62.3,1,97.5,70.0,62.9,-27.5,1,2026-07-10
22,1,15.0,96.584,100.0,88.13,15,88.13,0,98.0,97.0,94.065,-1.0,1,2026-07-10
23,1,15.0,85.1,100.0,55.5,15,74.0,0,94.0,91.0,64.75,-3.0,1,2026-07-10
24,1,9.0,83.38888888888889,100.0,38.5,8,75.5,1,96.25,0.0,81.75,0.0,1,2026-07-10
25,1,15.0,77.36,100.0,46.2,13,46.2,2,81.0,83.0,64.6,2.0,1,2026-07-10
26,1,12.0,38.083333333333336,70.0,0.0,4,0.0,8,56.66666666666666,36.0,24.0,-20.666666666666664,1,2026-07-10
27,1,13.0,51.68461538461538,80.0,30.0,6,46.45,7,60.0,50.0,44.225,-10.0,1,2026-07-10
28,1,4.0,26.125,95.0,0.0,1,0.0,3,0.0,95.0,0.0,0.0,1,2026-07-10
29,1,14.0,75.61428571428571,100.0,56.05,14,56.05,0,83.0,85.0,57.025,2.0,1,2026-07-10
30,1,9.0,41.66666666666666,95.0,5.5,4,5.5,5,52.5,0.0,36.0,0.0,1,2026-07-10
31,1,15.0,90.15333333333334,100.0,65.8,15,65.8,0,97.4,90.0,80.4,-7.400000000000006,1,2026-07-10
32,1,14.0,84.09285714285714,100.0,59.0,14,59.4,0,91.25,98.0,59.2,6.75,1,2026-07-10
33,1,15.0,88.39666666666668,100.0,60.0,15,91.3,0,78.0,100.0,86.7375,22.0,1,2026-07-10
34,1,13.0,76.96153846153847,100.0,20.0,11,83.0,2,81.0,73.33333333333333,78.25,-7.666666666666671,1,2026-07-10
35,1,15.0,84.97333333333333,100.0,70.35,15,70.35,0,87.8,90.0,74.175,2.200000000000003,1,2026-07-10
36,1,15.0,67.6,90.0,35.0,13,64.5,2,67.0,63.0,74.75,-4.0,1,2026-07-10
37,1,14.0,77.27142857142857,95.0,55.0,14,81.4,0,79.0,73.75,80.7,-5.25,1,2026-07-10
38,1,15.0,67.25333333333333,92.0,35.0,12,79.65,3,62.0,59.0,85.825,-3.0,1,2026-07-10
39,1,15.0,81.94266666666667,100.0,61.57,15,61.57,0,94.0,82.0,65.285,-12.0,1,2026-07-10
40,1,14.0,62.392857142857146,100.0,19.0,12,19.0,2,75.0,72.5,35.5,-2.5,1,2026-07-10
41,1,10.0,38.9,60.0,0.0,5,46.0,5,40.0,55.0,30.666666666666668,15.0,1,2026-07-10
42,1,13.0,84.34615384615384,100.0,60.0,13,60.0,0,91.0,93.33333333333331,72.0,2.3333333333333286,1,2026-07-10
43,1,14.0,82.27857142857144,100.0,45.0,13,85.95,1,85.0,88.0,73.475,3.0,1,2026-07-10
44,1,13.0,83.9076923076923,100.0,67.9,13,67.9,0,93.0,88.33333333333333,71.95,-4.666666666666671,1,2026-07-10
45,1,15.0,89.08666666666666,100.0,65.0,15,79.15,0,88.0,92.0,86.575,4.0,1,2026-07-10
46,1,15.0,72.78666666666666,90.0,40.0,14,69.65,1,69.0,82.0,65.325,13.0,1,2026-07-10
47,1,15.0,83.44666666666667,100.0,60.0,15,75.85,0,81.0,87.0,81.925,6.0,1,2026-07-10
48,1,15.0,72.25733333333332,100.0,25.0,12,51.43,3,86.0,56.0,75.715,-30.0,1,2026-07-10
49,1,9.0,63.333333333333336,100.0,29.0,8,64.5,1,65.0,80.0,62.75,15.0,1,2026-07-10
50,1,13.0,46.2,84.0,20.0,6,51.3,7,40.0,33.333333333333336,67.65,-6.666666666666664,1,2026-07-10
51,1,14.0,87.73571428571428,100.0,50.0,14,97.9,0,89.0,82.5,93.95,-6.5,1,2026-07-10
52,1,15.0,71.03333333333333,100.0,50.0,15,68.0,0,82.0,67.0,61.5,-15.0,1,2026-07-10
53,1,12.0,57.03333333333333,100.0,19.7,7,19.7,5,72.0,50.0,44.6,-22.0,1,2026-07-10
54,1,13.0,74.99230769230769,100.0,30.0,10,76.45,3,67.5,97.5,62.225,30.0,1,2026-07-10
55,1,11.0,45.13636363636363,75.0,0.0,4,44.0,7,48.75,20.0,59.5,-28.75,1,2026-07-10
56,1,15.0,78.56666666666666,100.0,0.0,14,84.0,1,92.0,59.0,87.0,-33.0,1,2026-07-10
57,1,6.0,57.333333333333336,100.0,10.0,5,62.0,1,100.0,0.0,58.5,0.0,1,2026-07-10
58,1,12.0,26.375,55.0,0.0,4,53.75,8,17.5,6.666666666666667,54.375,-10.833333333333332,1,2026-07-10
59,1,9.0,55.67777777777778,85.0,29.0,6,36.05,3,78.33333333333333,55.0,45.525,-23.33333333333333,1,2026-07-10
60,1,15.0,90.91333333333334,100.0,80.0,15,84.15,0,91.8,91.0,89.575,-0.7999999999999972,1,2026-07-10
61,1,15.0,91.0,100.0,60.0,15,80.0,0,98.0,88.0,85.5,-10.0,1,2026-07-10
62,1,15.0,74.58,95.0,50.0,15,88.35,0,79.0,69.0,76.175,-10.0,1,2026-07-10
63,1,14.0,79.5,100.0,40.0,13,65.5,1,88.0,75.0,74.75,-13.0,1,2026-07-10
64,1,10.0,48.73,80.0,10.0,7,65.65,3,40.0,50.0,61.325,10.0,1,2026-07-10
65,1,15.0,83.24666666666667,95.0,58.0,15,88.4,0,83.8,90.0,73.2,6.200000000000003,1,2026-07-10
66,1,15.0,74.21333333333334,100.0,30.0,14,72.35,1,66.0,77.0,81.675,11.0,1,2026-07-10
67,1,15.0,87.22666666666667,100.0,67.7,15,67.7,0,96.0,86.0,76.85,-10.0,1,2026-07-10
68,1,15.0,75.48666666666666,100.0,30.0,12,41.65,3,72.0,90.0,60.325,18.0,1,2026-07-10
69,1,15.0,71.59466666666667,100.0,47.21,13,47.21,2,74.0,75.0,63.605,1.0,1,2026-07-10
70,1,15.0,95.83733333333332,100.0,88.28,15,88.28,0,98.0,96.0,92.64,-2.0,1,2026-07-10
71,1,14.0,54.642857142857146,80.0,0.0,10,66.0,4,55.0,42.0,73.0,-13.0,1,2026-07-10
72,1,15.0,75.97333333333333,100.0,40.0,14,96.3,1,80.0,62.0,89.65,-18.0,1,2026-07-10
73,1,10.0,53.4,100.0,0.0,5,0.0,5,80.0,75.0,9.333333333333334,-5.0,1,2026-07-10
74,1,15.0,76.5,95.0,30.0,14,50.0,1,76.0,81.0,71.0,5.0,1,2026-07-10
75,1,14.0,73.39285714285714,100.0,40.0,11,41.0,3,70.0,93.75,57.5,23.75,1,2026-07-10
76,1,15.0,64.23333333333333,100.0,20.0,11,45.0,4,76.0,61.0,52.5,-15.0,1,2026-07-10
77,1,10.0,70.47,100.0,38.0,9,89.35,1,70.0,100.0,71.675,30.0,1,2026-07-10
78,1,14.0,76.72142857142856,100.0,50.0,14,73.3,0,71.25,78.0,82.9,6.75,1,2026-07-10
79,1,14.0,70.85714285714286,100.0,40.0,13,63.0,1,86.0,65.0,58.25,-21.0,1,2026-07-10
80,1,15.0,81.77333333333333,100.0,65.0,15,79.3,0,86.0,78.0,81.15,-8.0,1,2026-07-10
81,1,15.0,35.906666666666666,75.0,10.0,4,48.8,11,15.0,55.0,38.4,40.0,1,2026-07-10
82,1,15.0,92.12666666666668,100.0,70.0,15,88.7,0,90.0,93.0,93.85,3.0,1,2026-07-10
83,1,15.0,68.04,100.0,40.0,12,45.3,3,69.0,79.0,51.65,10.0,1,2026-07-10
84,1,15.0,83.09333333333333,100.0,69.0,15,70.2,0,84.0,92.0,69.6,8.0,1,2026-07-10
85,1,15.0,69.76666666666667,100.0,0.0,10,0.0,5,79.0,100.0,15.5,21.0,1,2026-07-10
86,1,12.0,57.76666666666667,100.0,20.0,8,68.1,4,65.0,43.333333333333336,66.05,-21.666666666666664,1,2026-07-10
87,1,14.0,59.17857142857143,100.0,0.0,9,56.0,5,55.0,75.0,49.0,20.0,1,2026-07-10
88,1,9.0,74.33333333333333,100.0,0.0,7,86.5,2,75.0,0.0,84.75,0.0,1,2026-07-10
89,1,8.0,14.0,38.0,0.0,0,38.0,8,0.0,0.0,28.0,0.0,1,2026-07-10
90,1,15.0,87.90666666666667,100.0,79.0,15,82.55,0,92.0,89.0,80.775,-3.0,1,2026-07-10
91,1,15.0,84.86,100.0,50.0,15,84.95,0,74.0,92.0,89.975,18.0,1,2026-07-10
92,1,10.0,78.85,100.0,43.5,9,72.5,1,78.33333333333333,100.0,77.5,21.66666666666667,1,2026-07-10
93,1,13.0,32.19230769230769,60.0,0.0,3,23.0,10,41.0,26.666666666666668,26.25,-14.333333333333332,1,2026-07-10
94,1,14.0,53.785714285714285,90.0,17.0,8,17.0,6,75.0,56.25,23.25,-18.75,1,2026-07-10
95,1,12.0,41.833333333333336,86.0,0.0,4,0.0,8,55.0,26.666666666666668,43.0,-28.33333333333333,1,2026-07-10
96,1,15.0,68.36,100.0,1.2,11,1.2,4,82.0,88.0,22.6,6.0,1,2026-07-10
97,1,12.0,76.825,100.0,55.5,12,55.7,0,88.33333333333333,72.5,77.85,-15.833333333333329,1,2026-07-10
98,1,8.0,51.275,100.0,0.0,5,73.1,3,40.0,0.0,69.55,0.0,1,2026-07-10
99,1,14.0,74.25,100.0,0.0,13,79.0,1,90.0,53.75,77.0,-36.25,1,2026-07-10
100,1,10.0,41.15,75.0,0.0,5,0.0,5,61.25,50.0,21.75,-11.25,1,2026-07-10
101,1,15.0,71.86666666666666,90.0,43.0,13,67.0,2,74.0,82.0,55.0,8.0,1,2026-07-10
102,1,8.0,10.375,25.0,0.0,0,0.0,8,16.666666666666668,20.0,2.0,3.333333333333332,1,2026-07-10
103,1,15.0,89.96666666666667,100.0,40.0,13,93.0,2,97.0,100.0,66.5,3.0,1,2026-07-10
104,1,15.0,91.53333333333332,100.0,75.0,15,94.0,0,96.0,86.0,93.0,-10.0,1,2026-07-10
105,1,12.0,65.48333333333333,90.0,25.0,10,65.65,2,76.0,57.5,60.325,-18.5,1,2026-07-10
106,1,14.0,48.75714285714286,100.0,0.0,8,32.8,6,46.0,60.0,41.4,14.0,1,2026-07-10
107,1,14.0,68.35714285714286,100.0,30.0,13,77.0,1,70.0,65.0,71.5,-5.0,1,2026-07-10
108,1,14.0,58.46428571428572,85.0,0.0,12,76.0,2,70.0,38.75,65.75,-31.25,1,2026-07-10
109,1,11.0,68.95454545454545,90.0,43.5,10,85.0,1,67.5,82.5,70.0,15.0,1,2026-07-10
110,1,10.0,51.2,70.0,27.0,6,58.5,4,56.66666666666666,50.0,53.75,-6.666666666666664,1,2026-07-10
111,1,13.0,81.69999999999999,100.0,63.3,13,63.3,0,99.0,76.66666666666667,66.15,-22.33333333333333,1,2026-07-10
112,1,14.0,67.51428571428572,100.0,30.0,12,52.85,2,53.75,82.0,64.425,28.25,1,2026-07-10
113,1,15.0,31.466666666666665,75.0,0.0,5,62.0,10,17.0,19.0,68.5,2.0,1,2026-07-10
114,1,15.0,80.2,100.0,60.0,15,86.0,0,83.0,81.0,75.25,-2.0,1,2026-07-10
115,1,14.0,73.57142857142857,100.0,50.0,14,65.0,0,84.0,70.0,65.0,-14.0,1,2026-07-10
116,1,6.0,50.48333333333333,78.0,0.0,4,73.45,2,0.0,0.0,75.725,0.0,1,2026-07-10
117,1,15.0,92.2,100.0,50.0,15,91.5,0,100.0,100.0,70.75,0.0,1,2026-07-10
118,1,15.0,79.42,100.0,30.0,14,94.65,1,72.0,80.0,88.825,8.0,1,2026-07-10
119,1,15.0,69.7,100.0,10.0,11,77.5,4,80.0,67.0,59.25,-13.0,1,2026-07-10
120,1,14.0,88.57857142857142,100.0,64.0,14,83.05,0,100.0,92.0,73.525,-8.0,1,2026-07-10
121,1,8.0,48.625,80.0,18.5,5,31.75,3,65.0,55.0,46.375,-10.0,1,2026-07-10
122,1,14.0,92.64,100.0,78.73,14,78.73,0,100.0,96.25,80.86500000000001,-3.75,1,2026-07-10
123,1,10.0,34.05,63.0,0.0,4,63.0,6,36.25,25.0,42.0,-11.25,1,2026-07-10
124,1,15.0,80.41333333333334,95.0,69.0,15,72.1,0,83.0,85.0,70.55,2.0,1,2026-07-10
125,1,15.0,85.4,100.0,70.0,15,73.5,0,88.0,92.0,72.75,4.0,1,2026-07-10
126,1,15.0,65.63333333333334,100.0,0.0,12,54.0,3,72.0,55.0,71.5,-17.0,1,2026-07-10
127,1,11.0,38.95454545454545,85.0,0.0,6,0.0,5,42.0,85.0,26.0,43.0,1,2026-07-10
128,1,12.0,67.86666666666666,85.0,51.0,12,68.7,0,66.25,81.66666666666667,63.35,15.416666666666671,1,2026-07-10
129,1,12.0,55.0,100.0,20.0,8,30.0,4,58.0,55.0,55.0,-3.0,1,2026-07-10
130,1,8.0,64.725,100.0,23.0,6,57.4,2,76.66666666666667,0.0,66.2,0.0,1,2026-07-10
131,1,15.0,87.54666666666667,100.0,76.35,15,76.35,0,91.0,84.0,87.675,-7.0,1,2026-07-10
132,1,14.0,79.64999999999999,100.0,50.0,14,95.55,0,78.0,72.5,91.775,-5.5,1,2026-07-10
133,1,7.0,24.685714285714287,50.0,0.0,1,28.9,6,50.0,0.0,29.45,-50.0,1,2026-07-10
134,1,12.0,54.333333333333336,95.0,20.0,7,62.0,5,36.66666666666666,72.5,53.0,35.833333333333336,1,2026-07-10
135,1,14.0,78.47857142857143,100.0,37.0,12,50.35,2,96.0,90.0,43.675,-6.0,1,2026-07-10
136,1,14.0,73.15714285714286,83.85,65.0,14,83.85,0,75.0,71.0,75.925,-4.0,1,2026-07-10
137,1,15.0,78.88000000000001,100.0,50.35,15,50.35,0,89.0,88.0,52.425,-1.0,1,2026-07-10
138,1,13.0,74.6923076923077,100.0,30.0,11,88.5,2,71.25,78.75,77.75,7.5,1,2026-07-10
139,1,13.0,45.61538461538461,80.0,0.0,8,65.0,5,46.0,26.666666666666668,63.0,-19.33333333333333,1,2026-07-10
140,1,4.0,5.5,20.0,0.0,0,0.0,4,20.0,0.0,0.0,0.0,1,2026-07-10
141,1,14.0,55.29,100.0,30.0,8,43.78,6,61.0,40.0,65.64,-21.0,1,2026-07-10
142,1,14.0,89.41428571428571,100.0,75.0,14,95.9,0,92.5,90.0,87.45,-2.5,1,2026-07-10
143,1,7.0,45.142857142857146,90.0,0.0,3,0.0,4,55.0,30.0,54.0,-25.0,1,2026-07-10
144,1,10.0,62.5,95.0,0.0,7,87.0,3,60.0,72.5,58.0,12.5,1,2026-07-10
145,1,8.0,58.875,100.0,0.0,5,0.0,3,77.5,0.0,43.333333333333336,0.0,1,2026-07-10
146,1,7.0,60.07142857142857,75.0,14.5,6,55.5,1,72.5,0.0,65.25,0.0,1,2026-07-10
147,1,10.0,65.25,100.0,12.75,6,12.75,4,92.5,40.0,50.375,-52.5,1,2026-07-10
148,1,9.0,58.28888888888889,100.0,30.0,5,55.8,4,93.33333333333331,30.0,45.9,-63.33333333333333,1,2026-07-10
149,1,14.0,87.92857142857143,100.0,62.75,14,62.75,0,99.0,97.5,64.375,-1.5,1,2026-07-10
150,1,14.0,90.15,100.0,49.0,12,95.3,2,97.0,100.0,72.15,3.0,1,2026-07-10
151,1,10.0,53.9,100.0,0.0,6,0.0,4,45.0,80.0,0.0,35.0,1,2026-07-10
152,1,8.0,19.5,38.0,0.0,0,38.0,8,5.0,10.0,33.5,5.0,1,2026-07-10
153,1,13.0,52.29230769230769,65.0,10.0,10,60.4,3,51.0,45.0,62.7,-6.0,1,2026-07-10
154,1,5.0,11.4,50.0,0.0,1,0.0,4,0.0,50.0,0.6666666666666666,0.0,1,2026-07-10
155,1,6.0,0.0,0.0,0.0,0,0.0,6,0.0,0.0,0.0,0.0,1,2026-07-10
156,1,15.0,84.06,100.0,50.0,15,82.7,0,82.0,83.0,88.35,1.0,1,2026-07-10
157,1,10.0,19.15,80.0,0.0,2,0.0,8,29.0,0.0,10.666666666666666,-29.0,1,2026-07-10
158,1,8.0,8.25,33.0,0.0,0,0.0,8,0.0,0.0,22.0,0.0,1,2026-07-10
159,1,6.0,34.5,90.0,0.0,2,0.0,4,75.0,0.0,14.0,0.0,1,2026-07-10
160,1,8.0,12.5,50.0,0.0,2,0.0,6,0.0,0.0,25.0,0.0,1,2026-07-10
161,1,6.0,20.166666666666668,50.0,0.0,1,0.0,5,36.66666666666666,0.0,0.0,0.0,1,2026-07-10
162,1,12.0,29.791666666666668,80.0,0.0,5,0.0,7,49.0,40.0,0.0,-9.0,1,2026-07-10
163,1,9.0,67.22222222222223,100.0,0.0,7,0.0,2,90.0,100.0,0.0,10.0,1,2026-07-10
164,1,3.0,0.0,0.0,0.0,0,0.0,3,0.0,0.0,0.0,0.0,1,2026-07-10
165,1,5.0,33.0,80.0,0.0,2,0.0,3,75.0,0.0,0.0,0.0,1,2026-07-10
166,1,4.0,5.5,20.0,0.0,0,0.0,4,20.0,0.0,0.0,0.0,1,2026-07-10
167,1,5.0,0.0,0.0,0.0,0,0.0,5,0.0,0.0,0.0,0.0,1,2026-07-10
168,1,4.0,23.375,85.0,0.0,1,0.0,3,85.0,0.0,0.0,0.0,1,2026-07-10
169,1,6.0,0.0,0.0,0.0,0,0.0,6,0.0,0.0,0.0,0.0,1,2026-07-10
170,1,4.0,0.0,0.0,0.0,0,0.0,4,0.0,0.0,0.0,0.0,1,2026-07-10
171,1,7.0,0.0,0.0,0.0,0,0.0,7,0.0,0.0,0.0,0.0,1,2026-07-10
172,2,0.0,0.0,0.0,0.0,0,0.0,0,0.0,0.0,0.0,0.0,2,2026-07-10
1,1,0.0,0.0,0.0,0.0,0,0.0,0,0.0,0.0,0.0,0.0,1,2026-07-11
2,1,15.0,70.53999999999999,100.0,0.0,10,44.8,5,95.0,72.0,34.9,-23.0,1,2026-07-11
3,1,12.0,58.083333333333336,100.0,0.0,9,0.0,3,66.0,63.333333333333336,41.66666666666666,-2.6666666666666643,1,2026-07-11
4,1,15.0,83.28666666666666,100.0,60.0,15,61.9,0,79.0,98.0,68.95,19.0,1,2026-07-11
5,1,15.0,86.00666666666666,100.0,10.0,14,93.05,1,71.0,97.0,91.525,26.0,1,2026-07-11
6,1,15.0,81.62666666666668,100.0,54.0,15,60.45,0,87.0,94.0,57.225,7.0,1,2026-07-11
7,1,15.0,53.53333333333333,80.0,31.0,9,68.0,6,51.0,59.0,49.5,8.0,1,2026-07-11
8,1,15.0,57.940000000000005,94.0,0.0,11,71.05,4,46.0,52.0,82.525,6.0,1,2026-07-11
9,1,15.0,67.83733333333333,100.0,0.0,12,52.28,3,94.0,40.0,70.14,-54.0,1,2026-07-11
10,1,11.0,60.08181818181818,95.0,10.0,6,84.7,5,56.25,70.0,64.85,13.75,1,2026-07-11
11,1,14.0,77.07142857142857,100.0,0.0,12,0.0,2,88.0,78.0,55.333333333333336,-10.0,1,2026-07-11
12,1,15.0,79.43333333333334,100.0,40.0,14,87.0,1,86.0,79.0,71.0,-7.0,1,2026-07-11
13,1,15.0,98.49333333333334,100.0,88.7,15,88.7,0,100.0,100.0,94.35,0.0,1,2026-07-11
14,1,14.0,82.82142857142857,100.0,0.0,13,0.0,1,90.0,91.0,54.66666666666666,1.0,1,2026-07-11
15,1,15.0,88.74666666666667,100.0,70.0,15,81.1,0,92.0,94.0,77.05,2.0,1,2026-07-11
16,1,15.0,68.83333333333333,100.0,0.0,12,20.25,3,86.0,66.0,49.125,-20.0,1,2026-07-11
17,1,7.0,35.857142857142854,100.0,0.0,3,0.0,4,73.33333333333333,0.0,3.0,0.0,1,2026-07-11
18,1,6.0,0.0,0.0,0.0,0,0.0,6,0.0,0.0,0.0,0.0,1,2026-07-11
19,1,15.0,93.65333333333334,100.0,70.0,15,93.15,0,90.0,97.0,94.075,7.0,1,2026-07-11
20,1,8.0,53.875,100.0,20.0,4,65.0,4,100.0,20.0,47.25,-80.0,1,2026-07-11
21,1,8.0,67.8875,100.0,26.5,7,62.3,1,97.5,70.0,62.9,-27.5,1,2026-07-11
22,1,15.0,96.584,100.0,88.13,15,88.13,0,98.0,97.0,94.065,-1.0,1,2026-07-11
23,1,15.0,85.1,100.0,55.5,15,74.0,0,94.0,91.0,64.75,-3.0,1,2026-07-11
24,1,9.0,83.38888888888889,100.0,38.5,8,75.5,1,96.25,0.0,81.75,0.0,1,2026-07-11
25,1,15.0,77.36,100.0,46.2,13,46.2,2,81.0,83.0,64.6,2.0,1,2026-07-11
26,1,12.0,38.083333333333336,70.0,0.0,4,0.0,8,56.66666666666666,36.0,24.0,-20.666666666666664,1,2026-07-11
27,1,13.0,51.68461538461538,80.0,30.0,6,46.45,7,60.0,50.0,44.225,-10.0,1,2026-07-11
28,1,4.0,26.125,95.0,0.0,1,0.0,3,0.0,95.0,0.0,0.0,1,2026-07-11
29,1,14.0,75.61428571428571,100.0,56.05,14,56.05,0,83.0,85.0,57.025,2.0,1,2026-07-11
30,1,9.0,41.66666666666666,95.0,5.5,4,5.5,5,52.5,0.0,36.0,0.0,1,2026-07-11
31,1,15.0,90.15333333333334,100.0,65.8,15,65.8,0,97.4,90.0,80.4,-7.400000000000006,1,2026-07-11
32,1,14.0,84.09285714285714,100.0,59.0,14,59.4,0,91.25,98.0,59.2,6.75,1,2026-07-11
33,1,15.0,88.39666666666668,100.0,60.0,15,91.3,0,78.0,100.0,86.7375,22.0,1,2026-07-11
34,1,13.0,76.96153846153847,100.0,20.0,11,83.0,2,81.0,73.33333333333333,78.25,-7.666666666666671,1,2026-07-11
35,1,15.0,84.97333333333333,100.0,70.35,15,70.35,0,87.8,90.0,74.175,2.200000000000003,1,2026-07-11
36,1,15.0,67.6,90.0,35.0,13,64.5,2,67.0,63.0,74.75,-4.0,1,2026-07-11
37,1,14.0,77.27142857142857,95.0,55.0,14,81.4,0,79.0,73.75,80.7,-5.25,1,2026-07-11
38,1,15.0,67.25333333333333,92.0,35.0,12,79.65,3,62.0,59.0,85.825,-3.0,1,2026-07-11
39,1,15.0,81.94266666666667,100.0,61.57,15,61.57,0,94.0,82.0,65.285,-12.0,1,2026-07-11
40,1,14.0,62.392857142857146,100.0,19.0,12,19.0,2,75.0,72.5,35.5,-2.5,1,2026-07-11
41,1,10.0,38.9,60.0,0.0,5,46.0,5,40.0,55.0,30.666666666666668,15.0,1,2026-07-11
42,1,13.0,84.34615384615384,100.0,60.0,13,60.0,0,91.0,93.33333333333331,72.0,2.3333333333333286,1,2026-07-11
43,1,14.0,82.27857142857144,100.0,45.0,13,85.95,1,85.0,88.0,73.475,3.0,1,2026-07-11
44,1,13.0,83.9076923076923,100.0,67.9,13,67.9,0,93.0,88.33333333333333,71.95,-4.666666666666671,1,2026-07-11
45,1,15.0,89.08666666666666,100.0,65.0,15,79.15,0,88.0,92.0,86.575,4.0,1,2026-07-11
46,1,15.0,72.78666666666666,90.0,40.0,14,69.65,1,69.0,82.0,65.325,13.0,1,2026-07-11
47,1,15.0,83.44666666666667,100.0,60.0,15,75.85,0,81.0,87.0,81.925,6.0,1,2026-07-11
48,1,15.0,72.25733333333332,100.0,25.0,12,51.43,3,86.0,56.0,75.715,-30.0,1,2026-07-11
49,1,9.0,63.333333333333336,100.0,29.0,8,64.5,1,65.0,80.0,62.75,15.0,1,2026-07-11
50,1,13.0,46.2,84.0,20.0,6,51.3,7,40.0,33.333333333333336,67.65,-6.666666666666664,1,2026-07-11
51,1,14.0,87.73571428571428,100.0,50.0,14,97.9,0,89.0,82.5,93.95,-6.5,1,2026-07-11
52,1,15.0,71.03333333333333,100.0,50.0,15,68.0,0,82.0,67.0,61.5,-15.0,1,2026-07-11
53,1,12.0,57.03333333333333,100.0,19.7,7,19.7,5,72.0,50.0,44.6,-22.0,1,2026-07-11
54,1,13.0,74.99230769230769,100.0,30.0,10,76.45,3,67.5,97.5,62.225,30.0,1,2026-07-11
55,1,11.0,45.13636363636363,75.0,0.0,4,44.0,7,48.75,20.0,59.5,-28.75,1,2026-07-11
56,1,15.0,78.56666666666666,100.0,0.0,14,84.0,1,92.0,59.0,87.0,-33.0,1,2026-07-11
57,1,6.0,57.333333333333336,100.0,10.0,5,62.0,1,100.0,0.0,58.5,0.0,1,2026-07-11
58,1,12.0,26.375,55.0,0.0,4,53.75,8,17.5,6.666666666666667,54.375,-10.833333333333332,1,2026-07-11
59,1,9.0,55.67777777777778,85.0,29.0,6,36.05,3,78.33333333333333,55.0,45.525,-23.33333333333333,1,2026-07-11
60,1,15.0,90.91333333333334,100.0,80.0,15,84.15,0,91.8,91.0,89.575,-0.7999999999999972,1,2026-07-11
61,1,15.0,91.0,100.0,60.0,15,80.0,0,98.0,88.0,85.5,-10.0,1,2026-07-11
62,1,15.0,74.58,95.0,50.0,15,88.35,0,79.0,69.0,76.175,-10.0,1,2026-07-11
63,1,14.0,79.5,100.0,40.0,13,65.5,1,88.0,75.0,74.75,-13.0,1,2026-07-11
64,1,10.0,48.73,80.0,10.0,7,65.65,3,40.0,50.0,61.325,10.0,1,2026-07-11
65,1,15.0,83.24666666666667,95.0,58.0,15,88.4,0,83.8,90.0,73.2,6.200000000000003,1,2026-07-11
66,1,15.0,74.21333333333334,100.0,30.0,14,72.35,1,66.0,77.0,81.675,11.0,1,2026-07-11
67,1,15.0,87.22666666666667,100.0,67.7,15,67.7,0,96.0,86.0,76.85,-10.0,1,2026-07-11
68,1,15.0,75.48666666666666,100.0,30.0,12,41.65,3,72.0,90.0,60.325,18.0,1,2026-07-11
69,1,15.0,71.59466666666667,100.0,47.21,13,47.21,2,74.0,75.0,63.605,1.0,1,2026-07-11
70,1,15.0,95.83733333333332,100.0,88.28,15,88.28,0,98.0,96.0,92.64,-2.0,1,2026-07-11
71,1,14.0,54.642857142857146,80.0,0.0,10,66.0,4,55.0,42.0,73.0,-13.0,1,2026-07-11
72,1,15.0,75.97333333333333,100.0,40.0,14,96.3,1,80.0,62.0,89.65,-18.0,1,2026-07-11
73,1,10.0,53.4,100.0,0.0,5,0.0,5,80.0,75.0,9.333333333333334,-5.0,1,2026-07-11
74,1,15.0,76.5,95.0,30.0,14,50.0,1,76.0,81.0,71.0,5.0,1,2026-07-11
75,1,14.0,73.39285714285714,100.0,40.0,11,41.0,3,70.0,93.75,57.5,23.75,1,2026-07-11
76,1,15.0,64.23333333333333,100.0,20.0,11,45.0,4,76.0,61.0,52.5,-15.0,1,2026-07-11
77,1,10.0,70.47,100.0,38.0,9,89.35,1,70.0,100.0,71.675,30.0,1,2026-07-11
78,1,14.0,76.72142857142856,100.0,50.0,14,73.3,0,71.25,78.0,82.9,6.75,1,2026-07-11
79,1,14.0,70.85714285714286,100.0,40.0,13,63.0,1,86.0,65.0,58.25,-21.0,1,2026-07-11
80,1,15.0,81.77333333333333,100.0,65.0,15,79.3,0,86.0,78.0,81.15,-8.0,1,2026-07-11
81,1,15.0,35.906666666666666,75.0,10.0,4,48.8,11,15.0,55.0,38.4,40.0,1,2026-07-11
82,1,15.0,92.12666666666668,100.0,70.0,15,88.7,0,90.0,93.0,93.85,3.0,1,2026-07-11
83,1,15.0,68.04,100.0,40.0,12,45.3,3,69.0,79.0,51.65,10.0,1,2026-07-11
84,1,15.0,83.09333333333333,100.0,69.0,15,70.2,0,84.0,92.0,69.6,8.0,1,2026-07-11
85,1,15.0,69.76666666666667,100.0,0.0,10,0.0,5,79.0,100.0,15.5,21.0,1,2026-07-11
86,1,12.0,57.76666666666667,100.0,20.0,8,68.1,4,65.0,43.333333333333336,66.05,-21.666666666666664,1,2026-07-11
87,1,14.0,59.17857142857143,100.0,0.0,9,56.0,5,55.0,75.0,49.0,20.0,1,2026-07-11
88,1,9.0,74.33333333333333,100.0,0.0,7,86.5,2,75.0,0.0,84.75,0.0,1,2026-07-11
89,1,8.0,14.0,38.0,0.0,0,38.0,8,0.0,0.0,28.0,0.0,1,2026-07-11
90,1,15.0,87.90666666666667,100.0,79.0,15,82.55,0,92.0,89.0,80.775,-3.0,1,2026-07-11
91,1,15.0,84.86,100.0,50.0,15,84.95,0,74.0,92.0,89.975,18.0,1,2026-07-11
92,1,10.0,78.85,100.0,43.5,9,72.5,1,78.33333333333333,100.0,77.5,21.66666666666667,1,2026-07-11
93,1,13.0,32.19230769230769,60.0,0.0,3,23.0,10,41.0,26.666666666666668,26.25,-14.333333333333332,1,2026-07-11
94,1,14.0,53.785714285714285,90.0,17.0,8,17.0,6,75.0,56.25,23.25,-18.75,1,2026-07-11
95,1,12.0,41.833333333333336,86.0,0.0,4,0.0,8,55.0,26.666666666666668,43.0,-28.33333333333333,1,2026-07-11
96,1,15.0,68.36,100.0,1.2,11,1.2,4,82.0,88.0,22.6,6.0,1,2026-07-11
97,1,12.0,76.825,100.0,55.5,12,55.7,0,88.33333333333333,72.5,77.85,-15.833333333333329,1,2026-07-11
98,1,8.0,51.275,100.0,0.0,5,73.1,3,40.0,0.0,69.55,0.0,1,2026-07-11
99,1,14.0,74.25,100.0,0.0,13,79.0,1,90.0,53.75,77.0,-36.25,1,2026-07-11
100,1,10.0,41.15,75.0,0.0,5,0.0,5,61.25,50.0,21.75,-11.25,1,2026-07-11
101,1,15.0,71.86666666666666,90.0,43.0,13,67.0,2,74.0,82.0,55.0,8.0,1,2026-07-11
102,1,8.0,10.375,25.0,0.0,0,0.0,8,16.666666666666668,20.0,2.0,3.333333333333332,1,2026-07-11
103,1,15.0,89.96666666666667,100.0,40.0,13,93.0,2,97.0,100.0,66.5,3.0,1,2026-07-11
104,1,15.0,91.53333333333332,100.0,75.0,15,94.0,0,96.0,86.0,93.0,-10.0,1,2026-07-11
105,1,12.0,65.48333333333333,90.0,25.0,10,65.65,2,76.0,57.5,60.325,-18.5,1,2026-07-11
106,1,14.0,48.75714285714286,100.0,0.0,8,32.8,6,46.0,60.0,41.4,14.0,1,2026-07-11
107,1,14.0,68.35714285714286,100.0,30.0,13,77.0,1,70.0,65.0,71.5,-5.0,1,2026-07-11
108,1,14.0,58.46428571428572,85.0,0.0,12,76.0,2,70.0,38.75,65.75,-31.25,1,2026-07-11
109,1,11.0,68.95454545454545,90.0,43.5,10,85.0,1,67.5,82.5,70.0,15.0,1,2026-07-11
110,1,10.0,51.2,70.0,27.0,6,58.5,4,56.66666666666666,50.0,53.75,-6.666666666666664,1,2026-07-11
111,1,13.0,81.69999999999999,100.0,63.3,13,63.3,0,99.0,76.66666666666667,66.15,-22.33333333333333,1,2026-07-11
112,1,14.0,67.51428571428572,100.0,30.0,12,52.85,2,53.75,82.0,64.425,28.25,1,2026-07-11
113,1,15.0,31.466666666666665,75.0,0.0,5,62.0,10,17.0,19.0,68.5,2.0,1,2026-07-11
114,1,15.0,80.2,100.0,60.0,15,86.0,0,83.0,81.0,75.25,-2.0,1,2026-07-11
115,1,14.0,73.57142857142857,100.0,50.0,14,65.0,0,84.0,70.0,65.0,-14.0,1,2026-07-11
116,1,6.0,50.48333333333333,78.0,0.0,4,73.45,2,0.0,0.0,75.725,0.0,1,2026-07-11
117,1,15.0,92.2,100.0,50.0,15,91.5,0,100.0,100.0,70.75,0.0,1,2026-07-11
118,1,15.0,79.42,100.0,30.0,14,94.65,1,72.0,80.0,88.825,8.0,1,2026-07-11
119,1,15.0,69.7,100.0,10.0,11,77.5,4,80.0,67.0,59.25,-13.0,1,2026-07-11
120,1,14.0,88.57857142857142,100.0,64.0,14,83.05,0,100.0,92.0,73.525,-8.0,1,2026-07-11
121,1,8.0,48.625,80.0,18.5,5,31.75,3,65.0,55.0,46.375,-10.0,1,2026-07-11
122,1,14.0,92.64,100.0,78.73,14,78.73,0,100.0,96.25,80.86500000000001,-3.75,1,2026-07-11
123,1,10.0,34.05,63.0,0.0,4,63.0,6,36.25,25.0,42.0,-11.25,1,2026-07-11
124,1,15.0,80.41333333333334,95.0,69.0,15,72.1,0,83.0,85.0,70.55,2.0,1,2026-07-11
125,1,15.0,85.4,100.0,70.0,15,73.5,0,88.0,92.0,72.75,4.0,1,2026-07-11
126,1,15.0,65.63333333333334,100.0,0.0,12,54.0,3,72.0,55.0,71.5,-17.0,1,2026-07-11
127,1,11.0,38.95454545454545,85.0,0.0,6,0.0,5,42.0,85.0,26.0,43.0,1,2026-07-11
128,1,12.0,67.86666666666666,85.0,51.0,12,68.7,0,66.25,81.66666666666667,63.35,15.416666666666671,1,2026-07-11
129,1,12.0,55.0,100.0,20.0,8,30.0,4,58.0,55.0,55.0,-3.0,1,2026-07-11
130,1,8.0,64.725,100.0,23.0,6,57.4,2,76.66666666666667,0.0,66.2,0.0,1,2026-07-11
131,1,15.0,87.54666666666667,100.0,76.35,15,76.35,0,91.0,84.0,87.675,-7.0,1,2026-07-11
132,1,14.0,79.64999999999999,100.0,50.0,14,95.55,0,78.0,72.5,91.775,-5.5,1,2026-07-11
133,1,7.0,24.685714285714287,50.0,0.0,1,28.9,6,50.0,0.0,29.45,-50.0,1,2026-07-11
134,1,12.0,54.333333333333336,95.0,20.0,7,62.0,5,36.66666666666666,72.5,53.0,35.833333333333336,1,2026-07-11
135,1,14.0,78.47857142857143,100.0,37.0,12,50.35,2,96.0,90.0,43.675,-6.0,1,2026-07-11
136,1,14.0,73.15714285714286,83.85,65.0,14,83.85,0,75.0,71.0,75.925,-4.0,1,2026-07-11
137,1,15.0,78.88000000000001,100.0,50.35,15,50.35,0,89.0,88.0,52.425,-1.0,1,2026-07-11
138,1,13.0,74.6923076923077,100.0,30.0,11,88.5,2,71.25,78.75,77.75,7.5,1,2026-07-11
139,1,13.0,45.61538461538461,80.0,0.0,8,65.0,5,46.0,26.666666666666668,63.0,-19.33333333333333,1,2026-07-11
140,1,4.0,5.5,20.0,0.0,0,0.0,4,20.0,0.0,0.0,0.0,1,2026-07-11
141,1,14.0,55.29,100.0,30.0,8,43.78,6,61.0,40.0,65.64,-21.0,1,2026-07-11
142,1,14.0,89.41428571428571,100.0,75.0,14,95.9,0,92.5,90.0,87.45,-2.5,1,2026-07-11
143,1,7.0,45.142857142857146,90.0,0.0,3,0.0,4,55.0,30.0,54.0,-25.0,1,2026-07-11
144,1,10.0,62.5,95.0,0.0,7,87.0,3,60.0,72.5,58.0,12.5,1,2026-07-11
145,1,8.0,58.875,100.0,0.0,5,0.0,3,77.5,0.0,43.333333333333336,0.0,1,2026-07-11
146,1,7.0,60.07142857142857,75.0,14.5,6,55.5,1,72.5,0.0,65.25,0.0,1,2026-07-11
147,1,10.0,65.25,100.0,12.75,6,12.75,4,92.5,40.0,50.375,-52.5,1,2026-07-11
148,1,9.0,58.28888888888889,100.0,30.0,5,55.8,4,93.33333333333331,30.0,45.9,-63.33333333333333,1,2026-07-11
149,1,14.0,87.92857142857143,100.0,62.75,14,62.75,0,99.0,97.5,64.375,-1.5,1,2026-07-11
150,1,14.0,90.15,100.0,49.0,12,95.3,2,97.0,100.0,72.15,3.0,1,2026-07-11
151,1,10.0,53.9,100.0,0.0,6,0.0,4,45.0,80.0,0.0,35.0,1,2026-07-11
152,1,8.0,19.5,38.0,0.0,0,38.0,8,5.0,10.0,33.5,5.0,1,2026-07-11
153,1,13.0,52.29230769230769,65.0,10.0,10,60.4,3,51.0,45.0,62.7,-6.0,1,2026-07-11
154,1,5.0,11.4,50.0,0.0,1,0.0,4,0.0,50.0,0.6666666666666666,0.0,1,2026-07-11
155,1,6.0,0.0,0.0,0.0,0,0.0,6,0.0,0.0,0.0,0.0,1,2026-07-11
156,1,15.0,84.06,100.0,50.0,15,82.7,0,82.0,83.0,88.35,1.0,1,2026-07-11
157,1,10.0,19.15,80.0,0.0,2,0.0,8,29.0,0.0,10.666666666666666,-29.0,1,2026-07-11
158,1,8.0,8.25,33.0,0.0,0,0.0,8,0.0,0.0,22.0,0.0,1,2026-07-11
159,1,6.0,34.5,90.0,0.0,2,0.0,4,75.0,0.0,14.0,0.0,1,2026-07-11
160,1,8.0,12.5,50.0,0.0,2,0.0,6,0.0,0.0,25.0,0.0,1,2026-07-11
161,1,6.0,20.166666666666668,50.0,0.0,1,0.0,5,36.66666666666666,0.0,0.0,0.0,1,2026-07-11
162,1,12.0,29.791666666666668,80.0,0.0,5,0.0,7,49.0,40.0,0.0,-9.0,1,2026-07-11
163,1,9.0,67.22222222222223,100.0,0.0,7,0.0,2,90.0,100.0,0.0,10.0,1,2026-07-11
164,1,3.0,0.0,0.0,0.0,0,0.0,3,0.0,0.0,0.0,0.0,1,2026-07-11
165,1,5.0,33.0,80.0,0.0,2,0.0,3,75.0,0.0,0.0,0.0,1,2026-07-11
166,1,4.0,5.5,20.0,0.0,0,0.0,4,20.0,0.0,0.0,0.0,1,2026-07-11
167,1,5.0,0.0,0.0,0.0,0,0.0,5,0.0,0.0,0.0,0.0,1,2026-07-11
168,1,4.0,23.375,85.0,0.0,1,0.0,3,85.0,0.0,0.0,0.0,1,2026-07-11
169,1,6.0,0.0,0.0,0.0,0,0.0,6,0.0,0.0,0.0,0.0,1,2026-07-11
170,1,4.0,0.0,0.0,0.0,0,0.0,4,0.0,0.0,0.0,0.0,1,2026-07-11
171,1,7.0,0.0,0.0,0.0,0,0.0,7,0.0,0.0,0.0,0.0,1,2026-07-11
172,2,0.0,0.0,0.0,0.0,0,0.0,0,0.0,0.0,0.0,0.0,2,2026-07-11
1,1,0.0,0.0,0.0,0.0,0,0.0,0,0.0,0.0,0.0,0.0,1,2026-07-12
2,1,15.0,70.53999999999999,100.0,0.0,10,44.8,5,95.0,72.0,34.9,-23.0,1,2026-07-12
3,1,12.0,58.083333333333336,100.0,0.0,9,0.0,3,66.0,63.333333333333336,41.66666666666666,-2.6666666666666643,1,2026-07-12
4,1,15.0,83.28666666666666,100.0,60.0,15,61.9,0,79.0,98.0,68.95,19.0,1,2026-07-12
5,1,15.0,86.00666666666666,100.0,10.0,14,93.05,1,71.0,97.0,91.525,26.0,1,2026-07-12
6,1,15.0,81.62666666666668,100.0,54.0,15,60.45,0,87.0,94.0,57.225,7.0,1,2026-07-12
7,1,15.0,53.53333333333333,80.0,31.0,9,68.0,6,51.0,59.0,49.5,8.0,1,2026-07-12
8,1,15.0,57.940000000000005,94.0,0.0,11,71.05,4,46.0,52.0,82.525,6.0,1,2026-07-12
9,1,15.0,67.83733333333333,100.0,0.0,12,52.28,3,94.0,40.0,70.14,-54.0,1,2026-07-12
10,1,11.0,60.08181818181818,95.0,10.0,6,84.7,5,56.25,70.0,64.85,13.75,1,2026-07-12
11,1,14.0,77.07142857142857,100.0,0.0,12,0.0,2,88.0,78.0,55.333333333333336,-10.0,1,2026-07-12
12,1,15.0,79.43333333333334,100.0,40.0,14,87.0,1,86.0,79.0,71.0,-7.0,1,2026-07-12
13,1,15.0,98.49333333333334,100.0,88.7,15,88.7,0,100.0,100.0,94.35,0.0,1,2026-07-12
14,1,14.0,82.82142857142857,100.0,0.0,13,0.0,1,90.0,91.0,54.66666666666666,1.0,1,2026-07-12
15,1,15.0,88.74666666666667,100.0,70.0,15,81.1,0,92.0,94.0,77.05,2.0,1,2026-07-12
16,1,15.0,68.83333333333333,100.0,0.0,12,20.25,3,86.0,66.0,49.125,-20.0,1,2026-07-12
17,1,7.0,35.857142857142854,100.0,0.0,3,0.0,4,73.33333333333333,0.0,3.0,0.0,1,2026-07-12
18,1,6.0,0.0,0.0,0.0,0,0.0,6,0.0,0.0,0.0,0.0,1,2026-07-12
19,1,15.0,93.65333333333334,100.0,70.0,15,93.15,0,90.0,97.0,94.075,7.0,1,2026-07-12
20,1,8.0,53.875,100.0,20.0,4,65.0,4,100.0,20.0,47.25,-80.0,1,2026-07-12
21,1,8.0,67.8875,100.0,26.5,7,62.3,1,97.5,70.0,62.9,-27.5,1,2026-07-12
22,1,15.0,96.584,100.0,88.13,15,88.13,0,98.0,97.0,94.065,-1.0,1,2026-07-12
23,1,15.0,85.1,100.0,55.5,15,74.0,0,94.0,91.0,64.75,-3.0,1,2026-07-12
24,1,9.0,83.38888888888889,100.0,38.5,8,75.5,1,96.25,0.0,81.75,0.0,1,2026-07-12
25,1,15.0,77.36,100.0,46.2,13,46.2,2,81.0,83.0,64.6,2.0,1,2026-07-12
26,1,12.0,38.083333333333336,70.0,0.0,4,0.0,8,56.66666666666666,36.0,24.0,-20.666666666666664,1,2026-07-12
27,1,13.0,51.68461538461538,80.0,30.0,6,46.45,7,60.0,50.0,44.225,-10.0,1,2026-07-12
28,1,4.0,26.125,95.0,0.0,1,0.0,3,0.0,95.0,0.0,0.0,1,2026-07-12
29,1,14.0,75.61428571428571,100.0,56.05,14,56.05,0,83.0,85.0,57.025,2.0,1,2026-07-12
30,1,9.0,41.66666666666666,95.0,5.5,4,5.5,5,52.5,0.0,36.0,0.0,1,2026-07-12
31,1,15.0,90.15333333333334,100.0,65.8,15,65.8,0,97.4,90.0,80.4,-7.400000000000006,1,2026-07-12
32,1,14.0,84.09285714285714,100.0,59.0,14,59.4,0,91.25,98.0,59.2,6.75,1,2026-07-12
33,1,15.0,88.39666666666668,100.0,60.0,15,91.3,0,78.0,100.0,86.7375,22.0,1,2026-07-12
34,1,13.0,76.96153846153847,100.0,20.0,11,83.0,2,81.0,73.33333333333333,78.25,-7.666666666666671,1,2026-07-12
35,1,15.0,84.97333333333333,100.0,70.35,15,70.35,0,87.8,90.0,74.175,2.200000000000003,1,2026-07-12
36,1,15.0,67.6,90.0,35.0,13,64.5,2,67.0,63.0,74.75,-4.0,1,2026-07-12
37,1,14.0,77.27142857142857,95.0,55.0,14,81.4,0,79.0,73.75,80.7,-5.25,1,2026-07-12
38,1,15.0,67.25333333333333,92.0,35.0,12,79.65,3,62.0,59.0,85.825,-3.0,1,2026-07-12
39,1,15.0,81.94266666666667,100.0,61.57,15,61.57,0,94.0,82.0,65.285,-12.0,1,2026-07-12
40,1,14.0,62.392857142857146,100.0,19.0,12,19.0,2,75.0,72.5,35.5,-2.5,1,2026-07-12
41,1,10.0,38.9,60.0,0.0,5,46.0,5,40.0,55.0,30.666666666666668,15.0,1,2026-07-12
42,1,13.0,84.34615384615384,100.0,60.0,13,60.0,0,91.0,93.33333333333331,72.0,2.3333333333333286,1,2026-07-12
43,1,14.0,82.27857142857144,100.0,45.0,13,85.95,1,85.0,88.0,73.475,3.0,1,2026-07-12
44,1,13.0,83.9076923076923,100.0,67.9,13,67.9,0,93.0,88.33333333333333,71.95,-4.666666666666671,1,2026-07-12
45,1,15.0,89.08666666666666,100.0,65.0,15,79.15,0,88.0,92.0,86.575,4.0,1,2026-07-12
46,1,15.0,72.78666666666666,90.0,40.0,14,69.65,1,69.0,82.0,65.325,13.0,1,2026-07-12
47,1,15.0,83.44666666666667,100.0,60.0,15,75.85,0,81.0,87.0,81.925,6.0,1,2026-07-12
48,1,15.0,72.25733333333332,100.0,25.0,12,51.43,3,86.0,56.0,75.715,-30.0,1,2026-07-12
49,1,9.0,63.333333333333336,100.0,29.0,8,64.5,1,65.0,80.0,62.75,15.0,1,2026-07-12
50,1,13.0,46.2,84.0,20.0,6,51.3,7,40.0,33.333333333333336,67.65,-6.666666666666664,1,2026-07-12
51,1,14.0,87.73571428571428,100.0,50.0,14,97.9,0,89.0,82.5,93.95,-6.5,1,2026-07-12
52,1,15.0,71.03333333333333,100.0,50.0,15,68.0,0,82.0,67.0,61.5,-15.0,1,2026-07-12
53,1,12.0,57.03333333333333,100.0,19.7,7,19.7,5,72.0,50.0,44.6,-22.0,1,2026-07-12
54,1,13.0,74.99230769230769,100.0,30.0,10,76.45,3,67.5,97.5,62.225,30.0,1,2026-07-12
55,1,11.0,45.13636363636363,75.0,0.0,4,44.0,7,48.75,20.0,59.5,-28.75,1,2026-07-12
56,1,15.0,78.56666666666666,100.0,0.0,14,84.0,1,92.0,59.0,87.0,-33.0,1,2026-07-12
57,1,6.0,57.333333333333336,100.0,10.0,5,62.0,1,100.0,0.0,58.5,0.0,1,2026-07-12
58,1,12.0,26.375,55.0,0.0,4,53.75,8,17.5,6.666666666666667,54.375,-10.833333333333332,1,2026-07-12
59,1,9.0,55.67777777777778,85.0,29.0,6,36.05,3,78.33333333333333,55.0,45.525,-23.33333333333333,1,2026-07-12
60,1,15.0,90.91333333333334,100.0,80.0,15,84.15,0,91.8,91.0,89.575,-0.7999999999999972,1,2026-07-12
61,1,15.0,91.0,100.0,60.0,15,80.0,0,98.0,88.0,85.5,-10.0,1,2026-07-12
62,1,15.0,74.58,95.0,50.0,15,88.35,0,79.0,69.0,76.175,-10.0,1,2026-07-12
63,1,14.0,79.5,100.0,40.0,13,65.5,1,88.0,75.0,74.75,-13.0,1,2026-07-12
64,1,10.0,48.73,80.0,10.0,7,65.65,3,40.0,50.0,61.325,10.0,1,2026-07-12
65,1,15.0,83.24666666666667,95.0,58.0,15,88.4,0,83.8,90.0,73.2,6.200000000000003,1,2026-07-12
66,1,15.0,74.21333333333334,100.0,30.0,14,72.35,1,66.0,77.0,81.675,11.0,1,2026-07-12
67,1,15.0,87.22666666666667,100.0,67.7,15,67.7,0,96.0,86.0,76.85,-10.0,1,2026-07-12
68,1,15.0,75.48666666666666,100.0,30.0,12,41.65,3,72.0,90.0,60.325,18.0,1,2026-07-12
69,1,15.0,71.59466666666667,100.0,47.21,13,47.21,2,74.0,75.0,63.605,1.0,1,2026-07-12
70,1,15.0,95.83733333333332,100.0,88.28,15,88.28,0,98.0,96.0,92.64,-2.0,1,2026-07-12
71,1,14.0,54.642857142857146,80.0,0.0,10,66.0,4,55.0,42.0,73.0,-13.0,1,2026-07-12
72,1,15.0,75.97333333333333,100.0,40.0,14,96.3,1,80.0,62.0,89.65,-18.0,1,2026-07-12
73,1,10.0,53.4,100.0,0.0,5,0.0,5,80.0,75.0,9.333333333333334,-5.0,1,2026-07-12
74,1,15.0,76.5,95.0,30.0,14,50.0,1,76.0,81.0,71.0,5.0,1,2026-07-12
75,1,14.0,73.39285714285714,100.0,40.0,11,41.0,3,70.0,93.75,57.5,23.75,1,2026-07-12
76,1,15.0,64.23333333333333,100.0,20.0,11,45.0,4,76.0,61.0,52.5,-15.0,1,2026-07-12
77,1,10.0,70.47,100.0,38.0,9,89.35,1,70.0,100.0,71.675,30.0,1,2026-07-12
78,1,14.0,76.72142857142856,100.0,50.0,14,73.3,0,71.25,78.0,82.9,6.75,1,2026-07-12
79,1,14.0,70.85714285714286,100.0,40.0,13,63.0,1,86.0,65.0,58.25,-21.0,1,2026-07-12
80,1,15.0,81.77333333333333,100.0,65.0,15,79.3,0,86.0,78.0,81.15,-8.0,1,2026-07-12
81,1,15.0,35.906666666666666,75.0,10.0,4,48.8,11,15.0,55.0,38.4,40.0,1,2026-07-12
82,1,15.0,92.12666666666668,100.0,70.0,15,88.7,0,90.0,93.0,93.85,3.0,1,2026-07-12
83,1,15.0,68.04,100.0,40.0,12,45.3,3,69.0,79.0,51.65,10.0,1,2026-07-12
84,1,15.0,83.09333333333333,100.0,69.0,15,70.2,0,84.0,92.0,69.6,8.0,1,2026-07-12
85,1,15.0,69.76666666666667,100.0,0.0,10,0.0,5,79.0,100.0,15.5,21.0,1,2026-07-12
86,1,12.0,57.76666666666667,100.0,20.0,8,68.1,4,65.0,43.333333333333336,66.05,-21.666666666666664,1,2026-07-12
87,1,14.0,59.17857142857143,100.0,0.0,9,56.0,5,55.0,75.0,49.0,20.0,1,2026-07-12
88,1,9.0,74.33333333333333,100.0,0.0,7,86.5,2,75.0,0.0,84.75,0.0,1,2026-07-12
89,1,8.0,14.0,38.0,0.0,0,38.0,8,0.0,0.0,28.0,0.0,1,2026-07-12
90,1,15.0,87.90666666666667,100.0,79.0,15,82.55,0,92.0,89.0,80.775,-3.0,1,2026-07-12
91,1,15.0,84.86,100.0,50.0,15,84.95,0,74.0,92.0,89.975,18.0,1,2026-07-12
92,1,10.0,78.85,100.0,43.5,9,72.5,1,78.33333333333333,100.0,77.5,21.66666666666667,1,2026-07-12
93,1,13.0,32.19230769230769,60.0,0.0,3,23.0,10,41.0,26.666666666666668,26.25,-14.333333333333332,1,2026-07-12
94,1,14.0,53.785714285714285,90.0,17.0,8,17.0,6,75.0,56.25,23.25,-18.75,1,2026-07-12
95,1,12.0,41.833333333333336,86.0,0.0,4,0.0,8,55.0,26.666666666666668,43.0,-28.33333333333333,1,2026-07-12
96,1,15.0,68.36,100.0,1.2,11,1.2,4,82.0,88.0,22.6,6.0,1,2026-07-12
97,1,12.0,76.825,100.0,55.5,12,55.7,0,88.33333333333333,72.5,77.85,-15.833333333333329,1,2026-07-12
98,1,8.0,51.275,100.0,0.0,5,73.1,3,40.0,0.0,69.55,0.0,1,2026-07-12
99,1,14.0,74.25,100.0,0.0,13,79.0,1,90.0,53.75,77.0,-36.25,1,2026-07-12
100,1,10.0,41.15,75.0,0.0,5,0.0,5,61.25,50.0,21.75,-11.25,1,2026-07-12
101,1,15.0,71.86666666666666,90.0,43.0,13,67.0,2,74.0,82.0,55.0,8.0,1,2026-07-12
102,1,8.0,10.375,25.0,0.0,0,0.0,8,16.666666666666668,20.0,2.0,3.333333333333332,1,2026-07-12
103,1,15.0,89.96666666666667,100.0,40.0,13,93.0,2,97.0,100.0,66.5,3.0,1,2026-07-12
104,1,15.0,91.53333333333332,100.0,75.0,15,94.0,0,96.0,86.0,93.0,-10.0,1,2026-07-12
105,1,12.0,65.48333333333333,90.0,25.0,10,65.65,2,76.0,57.5,60.325,-18.5,1,2026-07-12
106,1,14.0,48.75714285714286,100.0,0.0,8,32.8,6,46.0,60.0,41.4,14.0,1,2026-07-12
107,1,14.0,68.35714285714286,100.0,30.0,13,77.0,1,70.0,65.0,71.5,-5.0,1,2026-07-12
108,1,14.0,58.46428571428572,85.0,0.0,12,76.0,2,70.0,38.75,65.75,-31.25,1,2026-07-12
109,1,11.0,68.95454545454545,90.0,43.5,10,85.0,1,67.5,82.5,70.0,15.0,1,2026-07-12
110,1,10.0,51.2,70.0,27.0,6,58.5,4,56.66666666666666,50.0,53.75,-6.666666666666664,1,2026-07-12
111,1,13.0,81.69999999999999,100.0,63.3,13,63.3,0,99.0,76.66666666666667,66.15,-22.33333333333333,1,2026-07-12
112,1,14.0,67.51428571428572,100.0,30.0,12,52.85,2,53.75,82.0,64.425,28.25,1,2026-07-12
113,1,15.0,31.466666666666665,75.0,0.0,5,62.0,10,17.0,19.0,68.5,2.0,1,2026-07-12
114,1,15.0,80.2,100.0,60.0,15,86.0,0,83.0,81.0,75.25,-2.0,1,2026-07-12
115,1,14.0,73.57142857142857,100.0,50.0,14,65.0,0,84.0,70.0,65.0,-14.0,1,2026-07-12
116,1,6.0,50.48333333333333,78.0,0.0,4,73.45,2,0.0,0.0,75.725,0.0,1,2026-07-12
117,1,15.0,92.2,100.0,50.0,15,91.5,0,100.0,100.0,70.75,0.0,1,2026-07-12
118,1,15.0,79.42,100.0,30.0,14,94.65,1,72.0,80.0,88.825,8.0,1,2026-07-12
119,1,15.0,69.7,100.0,10.0,11,77.5,4,80.0,67.0,59.25,-13.0,1,2026-07-12
120,1,14.0,88.57857142857142,100.0,64.0,14,83.05,0,100.0,92.0,73.525,-8.0,1,2026-07-12
121,1,8.0,48.625,80.0,18.5,5,31.75,3,65.0,55.0,46.375,-10.0,1,2026-07-12
122,1,14.0,92.64,100.0,78.73,14,78.73,0,100.0,96.25,80.86500000000001,-3.75,1,2026-07-12
123,1,10.0,34.05,63.0,0.0,4,63.0,6,36.25,25.0,42.0,-11.25,1,2026-07-12
124,1,15.0,80.41333333333334,95.0,69.0,15,72.1,0,83.0,85.0,70.55,2.0,1,2026-07-12
125,1,15.0,85.4,100.0,70.0,15,73.5,0,88.0,92.0,72.75,4.0,1,2026-07-12
126,1,15.0,65.63333333333334,100.0,0.0,12,54.0,3,72.0,55.0,71.5,-17.0,1,2026-07-12
127,1,11.0,38.95454545454545,85.0,0.0,6,0.0,5,42.0,85.0,26.0,43.0,1,2026-07-12
128,1,12.0,67.86666666666666,85.0,51.0,12,68.7,0,66.25,81.66666666666667,63.35,15.416666666666671,1,2026-07-12
129,1,12.0,55.0,100.0,20.0,8,30.0,4,58.0,55.0,55.0,-3.0,1,2026-07-12
130,1,8.0,64.725,100.0,23.0,6,57.4,2,76.66666666666667,0.0,66.2,0.0,1,2026-07-12
131,1,15.0,87.54666666666667,100.0,76.35,15,76.35,0,91.0,84.0,87.675,-7.0,1,2026-07-12
132,1,14.0,79.64999999999999,100.0,50.0,14,95.55,0,78.0,72.5,91.775,-5.5,1,2026-07-12
133,1,7.0,24.685714285714287,50.0,0.0,1,28.9,6,50.0,0.0,29.45,-50.0,1,2026-07-12
134,1,12.0,54.333333333333336,95.0,20.0,7,62.0,5,36.66666666666666,72.5,53.0,35.833333333333336,1,2026-07-12
135,1,14.0,78.47857142857143,100.0,37.0,12,50.35,2,96.0,90.0,43.675,-6.0,1,2026-07-12
136,1,14.0,73.15714285714286,83.85,65.0,14,83.85,0,75.0,71.0,75.925,-4.0,1,2026-07-12
137,1,15.0,78.88000000000001,100.0,50.35,15,50.35,0,89.0,88.0,52.425,-1.0,1,2026-07-12
138,1,13.0,74.6923076923077,100.0,30.0,11,88.5,2,71.25,78.75,77.75,7.5,1,2026-07-12
139,1,13.0,45.61538461538461,80.0,0.0,8,65.0,5,46.0,26.666666666666668,63.0,-19.33333333333333,1,2026-07-12
140,1,4.0,5.5,20.0,0.0,0,0.0,4,20.0,0.0,0.0,0.0,1,2026-07-12
141,1,14.0,55.29,100.0,30.0,8,43.78,6,61.0,40.0,65.64,-21.0,1,2026-07-12
142,1,14.0,89.41428571428571,100.0,75.0,14,95.9,0,92.5,90.0,87.45,-2.5,1,2026-07-12
143,1,7.0,45.142857142857146,90.0,0.0,3,0.0,4,55.0,30.0,54.0,-25.0,1,2026-07-12
144,1,10.0,62.5,95.0,0.0,7,87.0,3,60.0,72.5,58.0,12.5,1,2026-07-12
145,1,8.0,58.875,100.0,0.0,5,0.0,3,77.5,0.0,43.333333333333336,0.0,1,2026-07-12
146,1,7.0,60.07142857142857,75.0,14.5,6,55.5,1,72.5,0.0,65.25,0.0,1,2026-07-12
147,1,10.0,65.25,100.0,12.75,6,12.75,4,92.5,40.0,50.375,-52.5,1,2026-07-12
148,1,9.0,58.28888888888889,100.0,30.0,5,55.8,4,93.33333333333331,30.0,45.9,-63.33333333333333,1,2026-07-12
149,1,14.0,87.92857142857143,100.0,62.75,14,62.75,0,99.0,97.5,64.375,-1.5,1,2026-07-12
150,1,14.0,90.15,100.0,49.0,12,95.3,2,97.0,100.0,72.15,3.0,1,2026-07-12
151,1,10.0,53.9,100.0,0.0,6,0.0,4,45.0,80.0,0.0,35.0,1,2026-07-12
152,1,8.0,19.5,38.0,0.0,0,38.0,8,5.0,10.0,33.5,5.0,1,2026-07-12
153,1,13.0,52.29230769230769,65.0,10.0,10,60.4,3,51.0,45.0,62.7,-6.0,1,2026-07-12
154,1,5.0,11.4,50.0,0.0,1,0.0,4,0.0,50.0,0.6666666666666666,0.0,1,2026-07-12
155,1,6.0,0.0,0.0,0.0,0,0.0,6,0.0,0.0,0.0,0.0,1,2026-07-12
156,1,15.0,84.06,100.0,50.0,15,82.7,0,82.0,83.0,88.35,1.0,1,2026-07-12
157,1,10.0,19.15,80.0,0.0,2,0.0,8,29.0,0.0,10.666666666666666,-29.0,1,2026-07-12
158,1,8.0,8.25,33.0,0.0,0,0.0,8,0.0,0.0,22.0,0.0,1,2026-07-12
159,1,6.0,34.5,90.0,0.0,2,0.0,4,75.0,0.0,14.0,0.0,1,2026-07-12
160,1,8.0,12.5,50.0,0.0,2,0.0,6,0.0,0.0,25.0,0.0,1,2026-07-12
161,1,6.0,20.166666666666668,50.0,0.0,1,0.0,5,36.66666666666666,0.0,0.0,0.0,1,2026-07-12
162,1,12.0,29.791666666666668,80.0,0.0,5,0.0,7,49.0,40.0,0.0,-9.0,1,2026-07-12
163,1,9.0,67.22222222222223,100.0,0.0,7,0.0,2,90.0,100.0,0.0,10.0,1,2026-07-12
164,1,3.0,0.0,0.0,0.0,0,0.0,3,0.0,0.0,0.0,0.0,1,2026-07-12
165,1,5.0,33.0,80.0,0.0,2,0.0,3,75.0,0.0,0.0,0.0,1,2026-07-12
166,1,4.0,5.5,20.0,0.0,0,0.0,4,20.0,0.0,0.0,0.0,1,2026-07-12
167,1,5.0,0.0,0.0,0.0,0,0.0,5,0.0,0.0,0.0,0.0,1,2026-07-12
168,1,4.0,23.375,85.0,0.0,1,0.0,3,85.0,0.0,0.0,0.0,1,2026-07-12
169,1,6.0,0.0,0.0,0.0,0,0.0,6,0.0,0.0,0.0,0.0,1,2026-07-12
170,1,4.0,0.0,0.0,0.0,0,0.0,4,0.0,0.0,0.0,0.0,1,2026-07-12
171,1,7.0,0.0,0.0,0.0,0,0.0,7,0.0,0.0,0.0,0.0,1,2026-07-12
172,2,0.0,0.0,0.0,0.0,0,0.0,0,0.0,0.0,0.0,0.0,2,2026-07-12
1,1,0.0,0.0,0.0,0.0,0,0.0,0,0.0,0.0,0.0,0.0,1,2026-07-13
2,1,15.0,70.53999999999999,100.0,0.0,10,44.8,5,95.0,72.0,34.9,-23.0,1,2026-07-13
3,1,12.0,58.083333333333336,100.0,0.0,9,0.0,3,66.0,63.333333333333336,41.66666666666666,-2.6666666666666643,1,2026-07-13
4,1,15.0,83.28666666666666,100.0,60.0,15,61.9,0,79.0,98.0,68.95,19.0,1,2026-07-13
5,1,15.0,86.00666666666666,100.0,10.0,14,93.05,1,71.0,97.0,91.525,26.0,1,2026-07-13
6,1,15.0,81.62666666666668,100.0,54.0,15,60.45,0,87.0,94.0,57.225,7.0,1,2026-07-13
7,1,15.0,53.53333333333333,80.0,31.0,9,68.0,6,51.0,59.0,49.5,8.0,1,2026-07-13
8,1,15.0,57.940000000000005,94.0,0.0,11,71.05,4,46.0,52.0,82.525,6.0,1,2026-07-13
9,1,15.0,67.83733333333333,100.0,0.0,12,52.28,3,94.0,40.0,70.14,-54.0,1,2026-07-13
10,1,11.0,60.08181818181818,95.0,10.0,6,84.7,5,56.25,70.0,64.85,13.75,1,2026-07-13
11,1,14.0,77.07142857142857,100.0,0.0,12,0.0,2,88.0,78.0,55.333333333333336,-10.0,1,2026-07-13
12,1,15.0,79.43333333333334,100.0,40.0,14,87.0,1,86.0,79.0,71.0,-7.0,1,2026-07-13
13,1,15.0,98.49333333333334,100.0,88.7,15,88.7,0,100.0,100.0,94.35,0.0,1,2026-07-13
14,1,14.0,82.82142857142857,100.0,0.0,13,0.0,1,90.0,91.0,54.66666666666666,1.0,1,2026-07-13
15,1,15.0,88.74666666666667,100.0,70.0,15,81.1,0,92.0,94.0,77.05,2.0,1,2026-07-13
16,1,15.0,68.83333333333333,100.0,0.0,12,20.25,3,86.0,66.0,49.125,-20.0,1,2026-07-13
17,1,7.0,35.857142857142854,100.0,0.0,3,0.0,4,73.33333333333333,0.0,3.0,0.0,1,2026-07-13
18,1,6.0,0.0,0.0,0.0,0,0.0,6,0.0,0.0,0.0,0.0,1,2026-07-13
19,1,15.0,93.65333333333334,100.0,70.0,15,93.15,0,90.0,97.0,94.075,7.0,1,2026-07-13
20,1,8.0,53.875,100.0,20.0,4,65.0,4,100.0,20.0,47.25,-80.0,1,2026-07-13
21,1,8.0,67.8875,100.0,26.5,7,62.3,1,97.5,70.0,62.9,-27.5,1,2026-07-13
22,1,15.0,96.584,100.0,88.13,15,88.13,0,98.0,97.0,94.065,-1.0,1,2026-07-13
23,1,15.0,85.1,100.0,55.5,15,74.0,0,94.0,91.0,64.75,-3.0,1,2026-07-13
24,1,9.0,83.38888888888889,100.0,38.5,8,75.5,1,96.25,0.0,81.75,0.0,1,2026-07-13
25,1,15.0,77.36,100.0,46.2,13,46.2,2,81.0,83.0,64.6,2.0,1,2026-07-13
26,1,12.0,38.083333333333336,70.0,0.0,4,0.0,8,56.66666666666666,36.0,24.0,-20.666666666666664,1,2026-07-13
27,1,13.0,51.68461538461538,80.0,30.0,6,46.45,7,60.0,50.0,44.225,-10.0,1,2026-07-13
28,1,4.0,26.125,95.0,0.0,1,0.0,3,0.0,95.0,0.0,0.0,1,2026-07-13
29,1,14.0,75.61428571428571,100.0,56.05,14,56.05,0,83.0,85.0,57.025,2.0,1,2026-07-13
30,1,9.0,41.66666666666666,95.0,5.5,4,5.5,5,52.5,0.0,36.0,0.0,1,2026-07-13
31,1,15.0,90.15333333333334,100.0,65.8,15,65.8,0,97.4,90.0,80.4,-7.400000000000006,1,2026-07-13
32,1,14.0,84.09285714285714,100.0,59.0,14,59.4,0,91.25,98.0,59.2,6.75,1,2026-07-13
33,1,15.0,88.39666666666668,100.0,60.0,15,91.3,0,78.0,100.0,86.7375,22.0,1,2026-07-13
34,1,13.0,76.96153846153847,100.0,20.0,11,83.0,2,81.0,73.33333333333333,78.25,-7.666666666666671,1,2026-07-13
35,1,15.0,84.97333333333333,100.0,70.35,15,70.35,0,87.8,90.0,74.175,2.200000000000003,1,2026-07-13
36,1,15.0,67.6,90.0,35.0,13,64.5,2,67.0,63.0,74.75,-4.0,1,2026-07-13
37,1,14.0,77.27142857142857,95.0,55.0,14,81.4,0,79.0,73.75,80.7,-5.25,1,2026-07-13
38,1,15.0,67.25333333333333,92.0,35.0,12,79.65,3,62.0,59.0,85.825,-3.0,1,2026-07-13
39,1,15.0,81.94266666666667,100.0,61.57,15,61.57,0,94.0,82.0,65.285,-12.0,1,2026-07-13
40,1,14.0,62.392857142857146,100.0,19.0,12,19.0,2,75.0,72.5,35.5,-2.5,1,2026-07-13
41,1,10.0,38.9,60.0,0.0,5,46.0,5,40.0,55.0,30.666666666666668,15.0,1,2026-07-13
42,1,13.0,84.34615384615384,100.0,60.0,13,60.0,0,91.0,93.33333333333331,72.0,2.3333333333333286,1,2026-07-13
43,1,14.0,82.27857142857144,100.0,45.0,13,85.95,1,85.0,88.0,73.475,3.0,1,2026-07-13
44,1,13.0,83.9076923076923,100.0,67.9,13,67.9,0,93.0,88.33333333333333,71.95,-4.666666666666671,1,2026-07-13
45,1,15.0,89.08666666666666,100.0,65.0,15,79.15,0,88.0,92.0,86.575,4.0,1,2026-07-13
46,1,15.0,72.78666666666666,90.0,40.0,14,69.65,1,69.0,82.0,65.325,13.0,1,2026-07-13
47,1,15.0,83.44666666666667,100.0,60.0,15,75.85,0,81.0,87.0,81.925,6.0,1,2026-07-13
48,1,15.0,72.25733333333332,100.0,25.0,12,51.43,3,86.0,56.0,75.715,-30.0,1,2026-07-13
49,1,9.0,63.333333333333336,100.0,29.0,8,64.5,1,65.0,80.0,62.75,15.0,1,2026-07-13
50,1,13.0,46.2,84.0,20.0,6,51.3,7,40.0,33.333333333333336,67.65,-6.666666666666664,1,2026-07-13
51,1,14.0,87.73571428571428,100.0,50.0,14,97.9,0,89.0,82.5,93.95,-6.5,1,2026-07-13
52,1,15.0,71.03333333333333,100.0,50.0,15,68.0,0,82.0,67.0,61.5,-15.0,1,2026-07-13
53,1,12.0,57.03333333333333,100.0,19.7,7,19.7,5,72.0,50.0,44.6,-22.0,1,2026-07-13
54,1,13.0,74.99230769230769,100.0,30.0,10,76.45,3,67.5,97.5,62.225,30.0,1,2026-07-13
55,1,11.0,45.13636363636363,75.0,0.0,4,44.0,7,48.75,20.0,59.5,-28.75,1,2026-07-13
56,1,15.0,78.56666666666666,100.0,0.0,14,84.0,1,92.0,59.0,87.0,-33.0,1,2026-07-13
57,1,6.0,57.333333333333336,100.0,10.0,5,62.0,1,100.0,0.0,58.5,0.0,1,2026-07-13
58,1,12.0,26.375,55.0,0.0,4,53.75,8,17.5,6.666666666666667,54.375,-10.833333333333332,1,2026-07-13
59,1,9.0,55.67777777777778,85.0,29.0,6,36.05,3,78.33333333333333,55.0,45.525,-23.33333333333333,1,2026-07-13
60,1,15.0,90.91333333333334,100.0,80.0,15,84.15,0,91.8,91.0,89.575,-0.7999999999999972,1,2026-07-13
61,1,15.0,91.0,100.0,60.0,15,80.0,0,98.0,88.0,85.5,-10.0,1,2026-07-13
62,1,15.0,74.58,95.0,50.0,15,88.35,0,79.0,69.0,76.175,-10.0,1,2026-07-13
63,1,14.0,79.5,100.0,40.0,13,65.5,1,88.0,75.0,74.75,-13.0,1,2026-07-13
64,1,10.0,48.73,80.0,10.0,7,65.65,3,40.0,50.0,61.325,10.0,1,2026-07-13
65,1,15.0,83.24666666666667,95.0,58.0,15,88.4,0,83.8,90.0,73.2,6.200000000000003,1,2026-07-13
66,1,15.0,74.21333333333334,100.0,30.0,14,72.35,1,66.0,77.0,81.675,11.0,1,2026-07-13
67,1,15.0,87.22666666666667,100.0,67.7,15,67.7,0,96.0,86.0,76.85,-10.0,1,2026-07-13
68,1,15.0,75.48666666666666,100.0,30.0,12,41.65,3,72.0,90.0,60.325,18.0,1,2026-07-13
69,1,15.0,71.59466666666667,100.0,47.21,13,47.21,2,74.0,75.0,63.605,1.0,1,2026-07-13
70,1,15.0,95.83733333333332,100.0,88.28,15,88.28,0,98.0,96.0,92.64,-2.0,1,2026-07-13
71,1,14.0,54.642857142857146,80.0,0.0,10,66.0,4,55.0,42.0,73.0,-13.0,1,2026-07-13
72,1,15.0,75.97333333333333,100.0,40.0,14,96.3,1,80.0,62.0,89.65,-18.0,1,2026-07-13
73,1,10.0,53.4,100.0,0.0,5,0.0,5,80.0,75.0,9.333333333333334,-5.0,1,2026-07-13
74,1,15.0,76.5,95.0,30.0,14,50.0,1,76.0,81.0,71.0,5.0,1,2026-07-13
75,1,14.0,73.39285714285714,100.0,40.0,11,41.0,3,70.0,93.75,57.5,23.75,1,2026-07-13
76,1,15.0,64.23333333333333,100.0,20.0,11,45.0,4,76.0,61.0,52.5,-15.0,1,2026-07-13
77,1,10.0,70.47,100.0,38.0,9,89.35,1,70.0,100.0,71.675,30.0,1,2026-07-13
78,1,14.0,76.72142857142856,100.0,50.0,14,73.3,0,71.25,78.0,82.9,6.75,1,2026-07-13
79,1,14.0,70.85714285714286,100.0,40.0,13,63.0,1,86.0,65.0,58.25,-21.0,1,2026-07-13
80,1,15.0,81.77333333333333,100.0,65.0,15,79.3,0,86.0,78.0,81.15,-8.0,1,2026-07-13
81,1,15.0,35.906666666666666,75.0,10.0,4,48.8,11,15.0,55.0,38.4,40.0,1,2026-07-13
82,1,15.0,92.12666666666668,100.0,70.0,15,88.7,0,90.0,93.0,93.85,3.0,1,2026-07-13
83,1,15.0,68.04,100.0,40.0,12,45.3,3,69.0,79.0,51.65,10.0,1,2026-07-13
84,1,15.0,83.09333333333333,100.0,69.0,15,70.2,0,84.0,92.0,69.6,8.0,1,2026-07-13
85,1,15.0,69.76666666666667,100.0,0.0,10,0.0,5,79.0,100.0,15.5,21.0,1,2026-07-13
86,1,12.0,57.76666666666667,100.0,20.0,8,68.1,4,65.0,43.333333333333336,66.05,-21.666666666666664,1,2026-07-13
87,1,14.0,59.17857142857143,100.0,0.0,9,56.0,5,55.0,75.0,49.0,20.0,1,2026-07-13
88,1,9.0,74.33333333333333,100.0,0.0,7,86.5,2,75.0,0.0,84.75,0.0,1,2026-07-13
89,1,8.0,14.0,38.0,0.0,0,38.0,8,0.0,0.0,28.0,0.0,1,2026-07-13
90,1,15.0,87.90666666666667,100.0,79.0,15,82.55,0,92.0,89.0,80.775,-3.0,1,2026-07-13
91,1,15.0,84.86,100.0,50.0,15,84.95,0,74.0,92.0,89.975,18.0,1,2026-07-13
92,1,10.0,78.85,100.0,43.5,9,72.5,1,78.33333333333333,100.0,77.5,21.66666666666667,1,2026-07-13
93,1,13.0,32.19230769230769,60.0,0.0,3,23.0,10,41.0,26.666666666666668,26.25,-14.333333333333332,1,2026-07-13
94,1,14.0,53.785714285714285,90.0,17.0,8,17.0,6,75.0,56.25,23.25,-18.75,1,2026-07-13
95,1,12.0,41.833333333333336,86.0,0.0,4,0.0,8,55.0,26.666666666666668,43.0,-28.33333333333333,1,2026-07-13
96,1,15.0,68.36,100.0,1.2,11,1.2,4,82.0,88.0,22.6,6.0,1,2026-07-13
97,1,12.0,76.825,100.0,55.5,12,55.7,0,88.33333333333333,72.5,77.85,-15.833333333333329,1,2026-07-13
98,1,8.0,51.275,100.0,0.0,5,73.1,3,40.0,0.0,69.55,0.0,1,2026-07-13
99,1,14.0,74.25,100.0,0.0,13,79.0,1,90.0,53.75,77.0,-36.25,1,2026-07-13
100,1,10.0,41.15,75.0,0.0,5,0.0,5,61.25,50.0,21.75,-11.25,1,2026-07-13
101,1,15.0,71.86666666666666,90.0,43.0,13,67.0,2,74.0,82.0,55.0,8.0,1,2026-07-13
102,1,8.0,10.375,25.0,0.0,0,0.0,8,16.666666666666668,20.0,2.0,3.333333333333332,1,2026-07-13
103,1,15.0,89.96666666666667,100.0,40.0,13,93.0,2,97.0,100.0,66.5,3.0,1,2026-07-13
104,1,15.0,91.53333333333332,100.0,75.0,15,94.0,0,96.0,86.0,93.0,-10.0,1,2026-07-13
105,1,12.0,65.48333333333333,90.0,25.0,10,65.65,2,76.0,57.5,60.325,-18.5,1,2026-07-13
106,1,14.0,48.75714285714286,100.0,0.0,8,32.8,6,46.0,60.0,41.4,14.0,1,2026-07-13
107,1,14.0,68.35714285714286,100.0,30.0,13,77.0,1,70.0,65.0,71.5,-5.0,1,2026-07-13
108,1,14.0,58.46428571428572,85.0,0.0,12,76.0,2,70.0,38.75,65.75,-31.25,1,2026-07-13
109,1,11.0,68.95454545454545,90.0,43.5,10,85.0,1,67.5,82.5,70.0,15.0,1,2026-07-13
110,1,10.0,51.2,70.0,27.0,6,58.5,4,56.66666666666666,50.0,53.75,-6.666666666666664,1,2026-07-13
111,1,13.0,81.69999999999999,100.0,63.3,13,63.3,0,99.0,76.66666666666667,66.15,-22.33333333333333,1,2026-07-13
112,1,14.0,67.51428571428572,100.0,30.0,12,52.85,2,53.75,82.0,64.425,28.25,1,2026-07-13
113,1,15.0,31.466666666666665,75.0,0.0,5,62.0,10,17.0,19.0,68.5,2.0,1,2026-07-13
114,1,15.0,80.2,100.0,60.0,15,86.0,0,83.0,81.0,75.25,-2.0,1,2026-07-13
115,1,14.0,73.57142857142857,100.0,50.0,14,65.0,0,84.0,70.0,65.0,-14.0,1,2026-07-13
116,1,6.0,50.48333333333333,78.0,0.0,4,73.45,2,0.0,0.0,75.725,0.0,1,2026-07-13
117,1,15.0,92.2,100.0,50.0,15,91.5,0,100.0,100.0,70.75,0.0,1,2026-07-13
118,1,15.0,79.42,100.0,30.0,14,94.65,1,72.0,80.0,88.825,8.0,1,2026-07-13
119,1,15.0,69.7,100.0,10.0,11,77.5,4,80.0,67.0,59.25,-13.0,1,2026-07-13
120,1,14.0,88.57857142857142,100.0,64.0,14,83.05,0,100.0,92.0,73.525,-8.0,1,2026-07-13
121,1,8.0,48.625,80.0,18.5,5,31.75,3,65.0,55.0,46.375,-10.0,1,2026-07-13
122,1,14.0,92.64,100.0,78.73,14,78.73,0,100.0,96.25,80.86500000000001,-3.75,1,2026-07-13
123,1,10.0,34.05,63.0,0.0,4,63.0,6,36.25,25.0,42.0,-11.25,1,2026-07-13
124,1,15.0,80.41333333333334,95.0,69.0,15,72.1,0,83.0,85.0,70.55,2.0,1,2026-07-13
125,1,15.0,85.4,100.0,70.0,15,73.5,0,88.0,92.0,72.75,4.0,1,2026-07-13
126,1,15.0,65.63333333333334,100.0,0.0,12,54.0,3,72.0,55.0,71.5,-17.0,1,2026-07-13
127,1,11.0,38.95454545454545,85.0,0.0,6,0.0,5,42.0,85.0,26.0,43.0,1,2026-07-13
128,1,12.0,67.86666666666666,85.0,51.0,12,68.7,0,66.25,81.66666666666667,63.35,15.416666666666671,1,2026-07-13
129,1,12.0,55.0,100.0,20.0,8,30.0,4,58.0,55.0,55.0,-3.0,1,2026-07-13
130,1,8.0,64.725,100.0,23.0,6,57.4,2,76.66666666666667,0.0,66.2,0.0,1,2026-07-13
131,1,15.0,87.54666666666667,100.0,76.35,15,76.35,0,91.0,84.0,87.675,-7.0,1,2026-07-13
132,1,14.0,79.64999999999999,100.0,50.0,14,95.55,0,78.0,72.5,91.775,-5.5,1,2026-07-13
133,1,7.0,24.685714285714287,50.0,0.0,1,28.9,6,50.0,0.0,29.45,-50.0,1,2026-07-13
134,1,12.0,54.333333333333336,95.0,20.0,7,62.0,5,36.66666666666666,72.5,53.0,35.833333333333336,1,2026-07-13
135,1,14.0,78.47857142857143,100.0,37.0,12,50.35,2,96.0,90.0,43.675,-6.0,1,2026-07-13
136,1,14.0,73.15714285714286,83.85,65.0,14,83.85,0,75.0,71.0,75.925,-4.0,1,2026-07-13
137,1,15.0,78.88000000000001,100.0,50.35,15,50.35,0,89.0,88.0,52.425,-1.0,1,2026-07-13
138,1,13.0,74.6923076923077,100.0,30.0,11,88.5,2,71.25,78.75,77.75,7.5,1,2026-07-13
139,1,13.0,45.61538461538461,80.0,0.0,8,65.0,5,46.0,26.666666666666668,63.0,-19.33333333333333,1,2026-07-13
140,1,4.0,5.5,20.0,0.0,0,0.0,4,20.0,0.0,0.0,0.0,1,2026-07-13
141,1,14.0,55.29,100.0,30.0,8,43.78,6,61.0,40.0,65.64,-21.0,1,2026-07-13
142,1,14.0,89.41428571428571,100.0,75.0,14,95.9,0,92.5,90.0,87.45,-2.5,1,2026-07-13
143,1,7.0,45.142857142857146,90.0,0.0,3,0.0,4,55.0,30.0,54.0,-25.0,1,2026-07-13
144,1,10.0,62.5,95.0,0.0,7,87.0,3,60.0,72.5,58.0,12.5,1,2026-07-13
145,1,8.0,58.875,100.0,0.0,5,0.0,3,77.5,0.0,43.333333333333336,0.0,1,2026-07-13
146,1,7.0,60.07142857142857,75.0,14.5,6,55.5,1,72.5,0.0,65.25,0.0,1,2026-07-13
147,1,10.0,65.25,100.0,12.75,6,12.75,4,92.5,40.0,50.375,-52.5,1,2026-07-13
148,1,9.0,58.28888888888889,100.0,30.0,5,55.8,4,93.33333333333331,30.0,45.9,-63.33333333333333,1,2026-07-13
149,1,14.0,87.92857142857143,100.0,62.75,14,62.75,0,99.0,97.5,64.375,-1.5,1,2026-07-13
150,1,14.0,90.15,100.0,49.0,12,95.3,2,97.0,100.0,72.15,3.0,1,2026-07-13
151,1,10.0,53.9,100.0,0.0,6,0.0,4,45.0,80.0,0.0,35.0,1,2026-07-13
152,1,8.0,19.5,38.0,0.0,0,38.0,8,5.0,10.0,33.5,5.0,1,2026-07-13
153,1,13.0,52.29230769230769,65.0,10.0,10,60.4,3,51.0,45.0,62.7,-6.0,1,2026-07-13
154,1,5.0,11.4,50.0,0.0,1,0.0,4,0.0,50.0,0.6666666666666666,0.0,1,2026-07-13
155,1,6.0,0.0,0.0,0.0,0,0.0,6,0.0,0.0,0.0,0.0,1,2026-07-13
156,1,15.0,84.06,100.0,50.0,15,82.7,0,82.0,83.0,88.35,1.0,1,2026-07-13
157,1,10.0,19.15,80.0,0.0,2,0.0,8,29.0,0.0,10.666666666666666,-29.0,1,2026-07-13
158,1,8.0,8.25,33.0,0.0,0,0.0,8,0.0,0.0,22.0,0.0,1,2026-07-13
159,1,6.0,34.5,90.0,0.0,2,0.0,4,75.0,0.0,14.0,0.0,1,2026-07-13
160,1,8.0,12.5,50.0,0.0,2,0.0,6,0.0,0.0,25.0,0.0,1,2026-07-13
161,1,6.0,20.166666666666668,50.0,0.0,1,0.0,5,36.66666666666666,0.0,0.0,0.0,1,2026-07-13
162,1,12.0,29.791666666666668,80.0,0.0,5,0.0,7,49.0,40.0,0.0,-9.0,1,2026-07-13
163,1,9.0,67.22222222222223,100.0,0.0,7,0.0,2,90.0,100.0,0.0,10.0,1,2026-07-13
164,1,3.0,0.0,0.0,0.0,0,0.0,3,0.0,0.0,0.0,0.0,1,2026-07-13
165,1,5.0,33.0,80.0,0.0,2,0.0,3,75.0,0.0,0.0,0.0,1,2026-07-13
166,1,4.0,5.5,20.0,0.0,0,0.0,4,20.0,0.0,0.0,0.0,1,2026-07-13
167,1,5.0,0.0,0.0,0.0,0,0.0,5,0.0,0.0,0.0,0.0,1,2026-07-13
168,1,4.0,23.375,85.0,0.0,1,0.0,3,85.0,0.0,0.0,0.0,1,2026-07-13
169,1,6.0,0.0,0.0,0.0,0,0.0,6,0.0,0.0,0.0,0.0,1,2026-07-13
170,1,4.0,0.0,0.0,0.0,0,0.0,4,0.0,0.0,0.0,0.0,1,2026-07-13
171,1,7.0,0.0,0.0,0.0,0,0.0,7,0.0,0.0,0.0,0.0,1,2026-07-13
172,2,0.0,0.0,0.0,0.0,0,0.0,0,0.0,0.0,0.0,0.0,2,2026-07-13
173,3,0.0,0.0,0.0,0.0,0,0.0,0,0.0,0.0,0.0,0.0,2,2026-07-13
1,1,0.0,0.0,0.0,0.0,0,0.0,0,0.0,0.0,0.0,0.0,1,2026-07-14
2,1,15.0,70.53999999999999,100.0,0.0,10,44.8,5,95.0,72.0,34.9,-23.0,1,2026-07-14
3,1,12.0,58.083333333333336,100.0,0.0,9,0.0,3,66.0,63.333333333333336,41.66666666666666,-2.6666666666666643,1,2026-07-14
4,1,15.0,83.28666666666666,100.0,60.0,15,61.9,0,79.0,98.0,68.95,19.0,1,2026-07-14
5,1,15.0,86.00666666666666,100.0,10.0,14,93.05,1,71.0,97.0,91.525,26.0,1,2026-07-14
6,1,15.0,81.62666666666668,100.0,54.0,15,60.45,0,87.0,94.0,57.225,7.0,1,2026-07-14
7,1,15.0,53.53333333333333,80.0,31.0,9,68.0,6,51.0,59.0,49.5,8.0,1,2026-07-14
8,1,15.0,57.940000000000005,94.0,0.0,11,71.05,4,46.0,52.0,82.525,6.0,1,2026-07-14
9,1,15.0,67.83733333333333,100.0,0.0,12,52.28,3,94.0,40.0,70.14,-54.0,1,2026-07-14
10,1,11.0,60.08181818181818,95.0,10.0,6,84.7,5,56.25,70.0,64.85,13.75,1,2026-07-14
11,1,14.0,77.07142857142857,100.0,0.0,12,0.0,2,88.0,78.0,55.333333333333336,-10.0,1,2026-07-14
12,1,15.0,79.43333333333334,100.0,40.0,14,87.0,1,86.0,79.0,71.0,-7.0,1,2026-07-14
13,1,15.0,98.49333333333334,100.0,88.7,15,88.7,0,100.0,100.0,94.35,0.0,1,2026-07-14
14,1,14.0,82.82142857142857,100.0,0.0,13,0.0,1,90.0,91.0,54.66666666666666,1.0,1,2026-07-14
15,1,15.0,88.74666666666667,100.0,70.0,15,81.1,0,92.0,94.0,77.05,2.0,1,2026-07-14
16,1,15.0,68.83333333333333,100.0,0.0,12,20.25,3,86.0,66.0,49.125,-20.0,1,2026-07-14
17,1,7.0,35.857142857142854,100.0,0.0,3,0.0,4,73.33333333333333,0.0,3.0,0.0,1,2026-07-14
18,1,6.0,0.0,0.0,0.0,0,0.0,6,0.0,0.0,0.0,0.0,1,2026-07-14
19,1,15.0,93.65333333333334,100.0,70.0,15,93.15,0,90.0,97.0,94.075,7.0,1,2026-07-14
20,1,8.0,53.875,100.0,20.0,4,65.0,4,100.0,20.0,47.25,-80.0,1,2026-07-14
21,1,8.0,67.8875,100.0,26.5,7,62.3,1,97.5,70.0,62.9,-27.5,1,2026-07-14
22,1,15.0,96.584,100.0,88.13,15,88.13,0,98.0,97.0,94.065,-1.0,1,2026-07-14
23,1,15.0,85.1,100.0,55.5,15,74.0,0,94.0,91.0,64.75,-3.0,1,2026-07-14
24,1,9.0,83.38888888888889,100.0,38.5,8,75.5,1,96.25,0.0,81.75,0.0,1,2026-07-14
25,1,15.0,77.36,100.0,46.2,13,46.2,2,81.0,83.0,64.6,2.0,1,2026-07-14
26,1,12.0,38.083333333333336,70.0,0.0,4,0.0,8,56.66666666666666,36.0,24.0,-20.666666666666664,1,2026-07-14
27,1,13.0,51.68461538461538,80.0,30.0,6,46.45,7,60.0,50.0,44.225,-10.0,1,2026-07-14
28,1,4.0,26.125,95.0,0.0,1,0.0,3,0.0,95.0,0.0,0.0,1,2026-07-14
29,1,14.0,75.61428571428571,100.0,56.05,14,56.05,0,83.0,85.0,57.025,2.0,1,2026-07-14
30,1,9.0,41.66666666666666,95.0,5.5,4,5.5,5,52.5,0.0,36.0,0.0,1,2026-07-14
31,1,15.0,90.15333333333334,100.0,65.8,15,65.8,0,97.4,90.0,80.4,-7.400000000000006,1,2026-07-14
32,1,14.0,84.09285714285714,100.0,59.0,14,59.4,0,91.25,98.0,59.2,6.75,1,2026-07-14
33,1,15.0,88.39666666666668,100.0,60.0,15,91.3,0,78.0,100.0,86.7375,22.0,1,2026-07-14
34,1,13.0,76.96153846153847,100.0,20.0,11,83.0,2,81.0,73.33333333333333,78.25,-7.666666666666671,1,2026-07-14
35,1,15.0,84.97333333333333,100.0,70.35,15,70.35,0,87.8,90.0,74.175,2.200000000000003,1,2026-07-14
36,1,15.0,67.6,90.0,35.0,13,64.5,2,67.0,63.0,74.75,-4.0,1,2026-07-14
37,1,14.0,77.27142857142857,95.0,55.0,14,81.4,0,79.0,73.75,80.7,-5.25,1,2026-07-14
38,1,15.0,67.25333333333333,92.0,35.0,12,79.65,3,62.0,59.0,85.825,-3.0,1,2026-07-14
39,1,15.0,81.94266666666667,100.0,61.57,15,61.57,0,94.0,82.0,65.285,-12.0,1,2026-07-14
40,1,14.0,62.392857142857146,100.0,19.0,12,19.0,2,75.0,72.5,35.5,-2.5,1,2026-07-14
41,1,10.0,38.9,60.0,0.0,5,46.0,5,40.0,55.0,30.666666666666668,15.0,1,2026-07-14
42,1,13.0,84.34615384615384,100.0,60.0,13,60.0,0,91.0,93.33333333333331,72.0,2.3333333333333286,1,2026-07-14
43,1,14.0,82.27857142857144,100.0,45.0,13,85.95,1,85.0,88.0,73.475,3.0,1,2026-07-14
44,1,13.0,83.9076923076923,100.0,67.9,13,67.9,0,93.0,88.33333333333333,71.95,-4.666666666666671,1,2026-07-14
45,1,15.0,89.08666666666666,100.0,65.0,15,79.15,0,88.0,92.0,86.575,4.0,1,2026-07-14
46,1,15.0,72.78666666666666,90.0,40.0,14,69.65,1,69.0,82.0,65.325,13.0,1,2026-07-14
47,1,15.0,83.44666666666667,100.0,60.0,15,75.85,0,81.0,87.0,81.925,6.0,1,2026-07-14
48,1,15.0,72.25733333333332,100.0,25.0,12,51.43,3,86.0,56.0,75.715,-30.0,1,2026-07-14
49,1,9.0,63.333333333333336,100.0,29.0,8,64.5,1,65.0,80.0,62.75,15.0,1,2026-07-14
50,1,13.0,46.2,84.0,20.0,6,51.3,7,40.0,33.333333333333336,67.65,-6.666666666666664,1,2026-07-14
51,1,14.0,87.73571428571428,100.0,50.0,14,97.9,0,89.0,82.5,93.95,-6.5,1,2026-07-14
52,1,15.0,71.03333333333333,100.0,50.0,15,68.0,0,82.0,67.0,61.5,-15.0,1,2026-07-14
53,1,12.0,57.03333333333333,100.0,19.7,7,19.7,5,72.0,50.0,44.6,-22.0,1,2026-07-14
54,1,13.0,74.99230769230769,100.0,30.0,10,76.45,3,67.5,97.5,62.225,30.0,1,2026-07-14
55,1,11.0,45.13636363636363,75.0,0.0,4,44.0,7,48.75,20.0,59.5,-28.75,1,2026-07-14
56,1,15.0,78.56666666666666,100.0,0.0,14,84.0,1,92.0,59.0,87.0,-33.0,1,2026-07-14
57,1,6.0,57.333333333333336,100.0,10.0,5,62.0,1,100.0,0.0,58.5,0.0,1,2026-07-14
58,1,12.0,26.375,55.0,0.0,4,53.75,8,17.5,6.666666666666667,54.375,-10.833333333333332,1,2026-07-14
59,1,9.0,55.67777777777778,85.0,29.0,6,36.05,3,78.33333333333333,55.0,45.525,-23.33333333333333,1,2026-07-14
60,1,15.0,90.91333333333334,100.0,80.0,15,84.15,0,91.8,91.0,89.575,-0.7999999999999972,1,2026-07-14
61,1,15.0,91.0,100.0,60.0,15,80.0,0,98.0,88.0,85.5,-10.0,1,2026-07-14
62,1,15.0,74.58,95.0,50.0,15,88.35,0,79.0,69.0,76.175,-10.0,1,2026-07-14
63,1,14.0,79.5,100.0,40.0,13,65.5,1,88.0,75.0,74.75,-13.0,1,2026-07-14
64,1,10.0,48.73,80.0,10.0,7,65.65,3,40.0,50.0,61.325,10.0,1,2026-07-14
65,1,15.0,83.24666666666667,95.0,58.0,15,88.4,0,83.8,90.0,73.2,6.200000000000003,1,2026-07-14
66,1,15.0,74.21333333333334,100.0,30.0,14,72.35,1,66.0,77.0,81.675,11.0,1,2026-07-14
67,1,15.0,87.22666666666667,100.0,67.7,15,67.7,0,96.0,86.0,76.85,-10.0,1,2026-07-14
68,1,15.0,75.48666666666666,100.0,30.0,12,41.65,3,72.0,90.0,60.325,18.0,1,2026-07-14
69,1,15.0,71.59466666666667,100.0,47.21,13,47.21,2,74.0,75.0,63.605,1.0,1,2026-07-14
70,1,15.0,95.83733333333332,100.0,88.28,15,88.28,0,98.0,96.0,92.64,-2.0,1,2026-07-14
71,1,14.0,54.642857142857146,80.0,0.0,10,66.0,4,55.0,42.0,73.0,-13.0,1,2026-07-14
72,1,15.0,75.97333333333333,100.0,40.0,14,96.3,1,80.0,62.0,89.65,-18.0,1,2026-07-14
73,1,10.0,53.4,100.0,0.0,5,0.0,5,80.0,75.0,9.333333333333334,-5.0,1,2026-07-14
74,1,15.0,76.5,95.0,30.0,14,50.0,1,76.0,81.0,71.0,5.0,1,2026-07-14
75,1,14.0,73.39285714285714,100.0,40.0,11,41.0,3,70.0,93.75,57.5,23.75,1,2026-07-14
76,1,15.0,64.23333333333333,100.0,20.0,11,45.0,4,76.0,61.0,52.5,-15.0,1,2026-07-14
77,1,10.0,70.47,100.0,38.0,9,89.35,1,70.0,100.0,71.675,30.0,1,2026-07-14
78,1,14.0,76.72142857142856,100.0,50.0,14,73.3,0,71.25,78.0,82.9,6.75,1,2026-07-14
79,1,14.0,70.85714285714286,100.0,40.0,13,63.0,1,86.0,65.0,58.25,-21.0,1,2026-07-14
80,1,15.0,81.77333333333333,100.0,65.0,15,79.3,0,86.0,78.0,81.15,-8.0,1,2026-07-14
81,1,15.0,35.906666666666666,75.0,10.0,4,48.8,11,15.0,55.0,38.4,40.0,1,2026-07-14
82,1,15.0,92.12666666666668,100.0,70.0,15,88.7,0,90.0,93.0,93.85,3.0,1,2026-07-14
83,1,15.0,68.04,100.0,40.0,12,45.3,3,69.0,79.0,51.65,10.0,1,2026-07-14
84,1,15.0,83.09333333333333,100.0,69.0,15,70.2,0,84.0,92.0,69.6,8.0,1,2026-07-14
85,1,15.0,69.76666666666667,100.0,0.0,10,0.0,5,79.0,100.0,15.5,21.0,1,2026-07-14
86,1,12.0,57.76666666666667,100.0,20.0,8,68.1,4,65.0,43.333333333333336,66.05,-21.666666666666664,1,2026-07-14
87,1,14.0,59.17857142857143,100.0,0.0,9,56.0,5,55.0,75.0,49.0,20.0,1,2026-07-14
88,1,9.0,74.33333333333333,100.0,0.0,7,86.5,2,75.0,0.0,84.75,0.0,1,2026-07-14
89,1,8.0,14.0,38.0,0.0,0,38.0,8,0.0,0.0,28.0,0.0,1,2026-07-14
90,1,15.0,87.90666666666667,100.0,79.0,15,82.55,0,92.0,89.0,80.775,-3.0,1,2026-07-14
91,1,15.0,84.86,100.0,50.0,15,84.95,0,74.0,92.0,89.975,18.0,1,2026-07-14
92,1,10.0,78.85,100.0,43.5,9,72.5,1,78.33333333333333,100.0,77.5,21.66666666666667,1,2026-07-14
93,1,13.0,32.19230769230769,60.0,0.0,3,23.0,10,41.0,26.666666666666668,26.25,-14.333333333333332,1,2026-07-14
94,1,14.0,53.785714285714285,90.0,17.0,8,17.0,6,75.0,56.25,23.25,-18.75,1,2026-07-14
95,1,12.0,41.833333333333336,86.0,0.0,4,0.0,8,55.0,26.666666666666668,43.0,-28.33333333333333,1,2026-07-14
96,1,15.0,68.36,100.0,1.2,11,1.2,4,82.0,88.0,22.6,6.0,1,2026-07-14
97,1,12.0,76.825,100.0,55.5,12,55.7,0,88.33333333333333,72.5,77.85,-15.833333333333329,1,2026-07-14
98,1,8.0,51.275,100.0,0.0,5,73.1,3,40.0,0.0,69.55,0.0,1,2026-07-14
99,1,14.0,74.25,100.0,0.0,13,79.0,1,90.0,53.75,77.0,-36.25,1,2026-07-14
100,1,10.0,41.15,75.0,0.0,5,0.0,5,61.25,50.0,21.75,-11.25,1,2026-07-14
101,1,15.0,71.86666666666666,90.0,43.0,13,67.0,2,74.0,82.0,55.0,8.0,1,2026-07-14
102,1,8.0,10.375,25.0,0.0,0,0.0,8,16.666666666666668,20.0,2.0,3.333333333333332,1,2026-07-14
103,1,15.0,89.96666666666667,100.0,40.0,13,93.0,2,97.0,100.0,66.5,3.0,1,2026-07-14
104,1,15.0,91.53333333333332,100.0,75.0,15,94.0,0,96.0,86.0,93.0,-10.0,1,2026-07-14
105,1,12.0,65.48333333333333,90.0,25.0,10,65.65,2,76.0,57.5,60.325,-18.5,1,2026-07-14
106,1,14.0,48.75714285714286,100.0,0.0,8,32.8,6,46.0,60.0,41.4,14.0,1,2026-07-14
107,1,14.0,68.35714285714286,100.0,30.0,13,77.0,1,70.0,65.0,71.5,-5.0,1,2026-07-14
108,1,14.0,58.46428571428572,85.0,0.0,12,76.0,2,70.0,38.75,65.75,-31.25,1,2026-07-14
109,1,11.0,68.95454545454545,90.0,43.5,10,85.0,1,67.5,82.5,70.0,15.0,1,2026-07-14
110,1,10.0,51.2,70.0,27.0,6,58.5,4,56.66666666666666,50.0,53.75,-6.666666666666664,1,2026-07-14
111,1,13.0,81.69999999999999,100.0,63.3,13,63.3,0,99.0,76.66666666666667,66.15,-22.33333333333333,1,2026-07-14
112,1,14.0,67.51428571428572,100.0,30.0,12,52.85,2,53.75,82.0,64.425,28.25,1,2026-07-14
113,1,15.0,31.466666666666665,75.0,0.0,5,62.0,10,17.0,19.0,68.5,2.0,1,2026-07-14
114,1,15.0,80.2,100.0,60.0,15,86.0,0,83.0,81.0,75.25,-2.0,1,2026-07-14
115,1,14.0,73.57142857142857,100.0,50.0,14,65.0,0,84.0,70.0,65.0,-14.0,1,2026-07-14
116,1,6.0,50.48333333333333,78.0,0.0,4,73.45,2,0.0,0.0,75.725,0.0,1,2026-07-14
117,1,15.0,92.2,100.0,50.0,15,91.5,0,100.0,100.0,70.75,0.0,1,2026-07-14
118,1,15.0,79.42,100.0,30.0,14,94.65,1,72.0,80.0,88.825,8.0,1,2026-07-14
119,1,15.0,69.7,100.0,10.0,11,77.5,4,80.0,67.0,59.25,-13.0,1,2026-07-14
120,1,14.0,88.57857142857142,100.0,64.0,14,83.05,0,100.0,92.0,73.525,-8.0,1,2026-07-14
121,1,8.0,48.625,80.0,18.5,5,31.75,3,65.0,55.0,46.375,-10.0,1,2026-07-14
122,1,14.0,92.64,100.0,78.73,14,78.73,0,100.0,96.25,80.86500000000001,-3.75,1,2026-07-14
123,1,10.0,34.05,63.0,0.0,4,63.0,6,36.25,25.0,42.0,-11.25,1,2026-07-14
124,1,15.0,80.41333333333334,95.0,69.0,15,72.1,0,83.0,85.0,70.55,2.0,1,2026-07-14
125,1,15.0,85.4,100.0,70.0,15,73.5,0,88.0,92.0,72.75,4.0,1,2026-07-14
126,1,15.0,65.63333333333334,100.0,0.0,12,54.0,3,72.0,55.0,71.5,-17.0,1,2026-07-14
127,1,11.0,38.95454545454545,85.0,0.0,6,0.0,5,42.0,85.0,26.0,43.0,1,2026-07-14
128,1,12.0,67.86666666666666,85.0,51.0,12,68.7,0,66.25,81.66666666666667,63.35,15.416666666666671,1,2026-07-14
129,1,12.0,55.0,100.0,20.0,8,30.0,4,58.0,55.0,55.0,-3.0,1,2026-07-14
130,1,8.0,64.725,100.0,23.0,6,57.4,2,76.66666666666667,0.0,66.2,0.0,1,2026-07-14
131,1,15.0,87.54666666666667,100.0,76.35,15,76.35,0,91.0,84.0,87.675,-7.0,1,2026-07-14
132,1,14.0,79.64999999999999,100.0,50.0,14,95.55,0,78.0,72.5,91.775,-5.5,1,2026-07-14
133,1,7.0,24.685714285714287,50.0,0.0,1,28.9,6,50.0,0.0,29.45,-50.0,1,2026-07-14
134,1,12.0,54.333333333333336,95.0,20.0,7,62.0,5,36.66666666666666,72.5,53.0,35.833333333333336,1,2026-07-14
135,1,14.0,78.47857142857143,100.0,37.0,12,50.35,2,96.0,90.0,43.675,-6.0,1,2026-07-14
136,1,14.0,73.15714285714286,83.85,65.0,14,83.85,0,75.0,71.0,75.925,-4.0,1,2026-07-14
137,1,15.0,78.88000000000001,100.0,50.35,15,50.35,0,89.0,88.0,52.425,-1.0,1,2026-07-14
138,1,13.0,74.6923076923077,100.0,30.0,11,88.5,2,71.25,78.75,77.75,7.5,1,2026-07-14
139,1,13.0,45.61538461538461,80.0,0.0,8,65.0,5,46.0,26.666666666666668,63.0,-19.33333333333333,1,2026-07-14
140,1,4.0,5.5,20.0,0.0,0,0.0,4,20.0,0.0,0.0,0.0,1,2026-07-14
141,1,14.0,55.29,100.0,30.0,8,43.78,6,61.0,40.0,65.64,-21.0,1,2026-07-14
142,1,14.0,89.41428571428571,100.0,75.0,14,95.9,0,92.5,90.0,87.45,-2.5,1,2026-07-14
143,1,7.0,45.142857142857146,90.0,0.0,3,0.0,4,55.0,30.0,54.0,-25.0,1,2026-07-14
144,1,10.0,62.5,95.0,0.0,7,87.0,3,60.0,72.5,58.0,12.5,1,2026-07-14
145,1,8.0,58.875,100.0,0.0,5,0.0,3,77.5,0.0,43.333333333333336,0.0,1,2026-07-14
146,1,7.0,60.07142857142857,75.0,14.5,6,55.5,1,72.5,0.0,65.25,0.0,1,2026-07-14
147,1,10.0,65.25,100.0,12.75,6,12.75,4,92.5,40.0,50.375,-52.5,1,2026-07-14
148,1,9.0,58.28888888888889,100.0,30.0,5,55.8,4,93.33333333333331,30.0,45.9,-63.33333333333333,1,2026-07-14
149,1,14.0,87.92857142857143,100.0,62.75,14,62.75,0,99.0,97.5,64.375,-1.5,1,2026-07-14
150,1,14.0,90.15,100.0,49.0,12,95.3,2,97.0,100.0,72.15,3.0,1,2026-07-14
151,1,10.0,53.9,100.0,0.0,6,0.0,4,45.0,80.0,0.0,35.0,1,2026-07-14
152,1,8.0,19.5,38.0,0.0,0,38.0,8,5.0,10.0,33.5,5.0,1,2026-07-14
153,1,13.0,52.29230769230769,65.0,10.0,10,60.4,3,51.0,45.0,62.7,-6.0,1,2026-07-14
154,1,5.0,11.4,50.0,0.0,1,0.0,4,0.0,50.0,0.6666666666666666,0.0,1,2026-07-14
155,1,6.0,0.0,0.0,0.0,0,0.0,6,0.0,0.0,0.0,0.0,1,2026-07-14
156,1,15.0,84.06,100.0,50.0,15,82.7,0,82.0,83.0,88.35,1.0,1,2026-07-14
157,1,10.0,19.15,80.0,0.0,2,0.0,8,29.0,0.0,10.666666666666666,-29.0,1,2026-07-14
158,1,8.0,8.25,33.0,0.0,0,0.0,8,0.0,0.0,22.0,0.0,1,2026-07-14
159,1,6.0,34.5,90.0,0.0,2,0.0,4,75.0,0.0,14.0,0.0,1,2026-07-14
160,1,8.0,12.5,50.0,0.0,2,0.0,6,0.0,0.0,25.0,0.0,1,2026-07-14
161,1,6.0,20.166666666666668,50.0,0.0,1,0.0,5,36.66666666666666,0.0,0.0,0.0,1,2026-07-14
162,1,12.0,29.791666666666668,80.0,0.0,5,0.0,7,49.0,40.0,0.0,-9.0,1,2026-07-14
163,1,9.0,67.22222222222223,100.0,0.0,7,0.0,2,90.0,100.0,0.0,10.0,1,2026-07-14
164,1,3.0,0.0,0.0,0.0,0,0.0,3,0.0,0.0,0.0,0.0,1,2026-07-14
165,1,5.0,33.0,80.0,0.0,2,0.0,3,75.0,0.0,0.0,0.0,1,2026-07-14
166,1,4.0,5.5,20.0,0.0,0,0.0,4,20.0,0.0,0.0,0.0,1,2026-07-14
167,1,5.0,0.0,0.0,0.0,0,0.0,5,0.0,0.0,0.0,0.0,1,2026-07-14
168,1,4.0,23.375,85.0,0.0,1,0.0,3,85.0,0.0,0.0,0.0,1,2026-07-14
169,1,6.0,0.0,0.0,0.0,0,0.0,6,0.0,0.0,0.0,0.0,1,2026-07-14
170,1,4.0,0.0,0.0,0.0,0,0.0,4,0.0,0.0,0.0,0.0,1,2026-07-14
171,1,7.0,0.0,0.0,0.0,0,0.0,7,0.0,0.0,0.0,0.0,1,2026-07-14
172,2,0.0,0.0,0.0,0.0,0,0.0,0,0.0,0.0,0.0,0.0,2,2026-07-14
173,3,0.0,0.0,0.0,0.0,0,0.0,0,0.0,0.0,0.0,0.0,2,2026-07-14
1,1,0.0,0.0,0.0,0.0,0,0.0,0,0.0,0.0,0.0,0.0,1,2026-07-15
2,1,15.0,70.53999999999999,100.0,0.0,10,44.8,5,95.0,72.0,34.9,-23.0,1,2026-07-15
3,1,12.0,58.083333333333336,100.0,0.0,9,0.0,3,66.0,63.333333333333336,41.66666666666666,-2.6666666666666643,1,2026-07-15
4,1,15.0,83.28666666666666,100.0,60.0,15,61.9,0,79.0,98.0,68.95,19.0,1,2026-07-15
5,1,15.0,86.00666666666666,100.0,10.0,14,93.05,1,71.0,97.0,91.525,26.0,1,2026-07-15
6,1,15.0,81.62666666666668,100.0,54.0,15,60.45,0,87.0,94.0,57.225,7.0,1,2026-07-15
7,1,15.0,53.53333333333333,80.0,31.0,9,68.0,6,51.0,59.0,49.5,8.0,1,2026-07-15
8,1,15.0,57.940000000000005,94.0,0.0,11,71.05,4,46.0,52.0,82.525,6.0,1,2026-07-15
9,1,15.0,67.83733333333333,100.0,0.0,12,52.28,3,94.0,40.0,70.14,-54.0,1,2026-07-15
10,1,11.0,60.08181818181818,95.0,10.0,6,84.7,5,56.25,70.0,64.85,13.75,1,2026-07-15
11,1,14.0,77.07142857142857,100.0,0.0,12,0.0,2,88.0,78.0,55.333333333333336,-10.0,1,2026-07-15
12,1,15.0,79.43333333333334,100.0,40.0,14,87.0,1,86.0,79.0,71.0,-7.0,1,2026-07-15
13,1,15.0,98.49333333333334,100.0,88.7,15,88.7,0,100.0,100.0,94.35,0.0,1,2026-07-15
14,1,14.0,82.82142857142857,100.0,0.0,13,0.0,1,90.0,91.0,54.66666666666666,1.0,1,2026-07-15
15,1,15.0,88.74666666666667,100.0,70.0,15,81.1,0,92.0,94.0,77.05,2.0,1,2026-07-15
16,1,15.0,68.83333333333333,100.0,0.0,12,20.25,3,86.0,66.0,49.125,-20.0,1,2026-07-15
17,1,7.0,35.857142857142854,100.0,0.0,3,0.0,4,73.33333333333333,0.0,3.0,0.0,1,2026-07-15
18,1,6.0,0.0,0.0,0.0,0,0.0,6,0.0,0.0,0.0,0.0,1,2026-07-15
19,1,15.0,93.65333333333334,100.0,70.0,15,93.15,0,90.0,97.0,94.075,7.0,1,2026-07-15
20,1,8.0,53.875,100.0,20.0,4,65.0,4,100.0,20.0,47.25,-80.0,1,2026-07-15
21,1,8.0,67.8875,100.0,26.5,7,62.3,1,97.5,70.0,62.9,-27.5,1,2026-07-15
22,1,15.0,96.584,100.0,88.13,15,88.13,0,98.0,97.0,94.065,-1.0,1,2026-07-15
23,1,15.0,85.1,100.0,55.5,15,74.0,0,94.0,91.0,64.75,-3.0,1,2026-07-15
24,1,9.0,83.38888888888889,100.0,38.5,8,75.5,1,96.25,0.0,81.75,0.0,1,2026-07-15
25,1,15.0,77.36,100.0,46.2,13,46.2,2,81.0,83.0,64.6,2.0,1,2026-07-15
26,1,12.0,38.083333333333336,70.0,0.0,4,0.0,8,56.66666666666666,36.0,24.0,-20.666666666666664,1,2026-07-15
27,1,13.0,51.68461538461538,80.0,30.0,6,46.45,7,60.0,50.0,44.225,-10.0,1,2026-07-15
28,1,4.0,26.125,95.0,0.0,1,0.0,3,0.0,95.0,0.0,0.0,1,2026-07-15
29,1,14.0,75.61428571428571,100.0,56.05,14,56.05,0,83.0,85.0,57.025,2.0,1,2026-07-15
30,1,9.0,41.66666666666666,95.0,5.5,4,5.5,5,52.5,0.0,36.0,0.0,1,2026-07-15
31,1,15.0,90.15333333333334,100.0,65.8,15,65.8,0,97.4,90.0,80.4,-7.400000000000006,1,2026-07-15
32,1,14.0,84.09285714285714,100.0,59.0,14,59.4,0,91.25,98.0,59.2,6.75,1,2026-07-15
33,1,15.0,88.39666666666668,100.0,60.0,15,91.3,0,78.0,100.0,86.7375,22.0,1,2026-07-15
34,1,13.0,76.96153846153847,100.0,20.0,11,83.0,2,81.0,73.33333333333333,78.25,-7.666666666666671,1,2026-07-15
35,1,15.0,84.97333333333333,100.0,70.35,15,70.35,0,87.8,90.0,74.175,2.200000000000003,1,2026-07-15
36,1,15.0,67.6,90.0,35.0,13,64.5,2,67.0,63.0,74.75,-4.0,1,2026-07-15
37,1,14.0,77.27142857142857,95.0,55.0,14,81.4,0,79.0,73.75,80.7,-5.25,1,2026-07-15
38,1,15.0,67.25333333333333,92.0,35.0,12,79.65,3,62.0,59.0,85.825,-3.0,1,2026-07-15
39,1,15.0,81.94266666666667,100.0,61.57,15,61.57,0,94.0,82.0,65.285,-12.0,1,2026-07-15
40,1,14.0,62.392857142857146,100.0,19.0,12,19.0,2,75.0,72.5,35.5,-2.5,1,2026-07-15
41,1,10.0,38.9,60.0,0.0,5,46.0,5,40.0,55.0,30.666666666666668,15.0,1,2026-07-15
42,1,13.0,84.34615384615384,100.0,60.0,13,60.0,0,91.0,93.33333333333331,72.0,2.3333333333333286,1,2026-07-15
43,1,14.0,82.27857142857144,100.0,45.0,13,85.95,1,85.0,88.0,73.475,3.0,1,2026-07-15
44,1,13.0,83.9076923076923,100.0,67.9,13,67.9,0,93.0,88.33333333333333,71.95,-4.666666666666671,1,2026-07-15
45,1,15.0,89.08666666666666,100.0,65.0,15,79.15,0,88.0,92.0,86.575,4.0,1,2026-07-15
46,1,15.0,72.78666666666666,90.0,40.0,14,69.65,1,69.0,82.0,65.325,13.0,1,2026-07-15
47,1,15.0,83.44666666666667,100.0,60.0,15,75.85,0,81.0,87.0,81.925,6.0,1,2026-07-15
48,1,15.0,72.25733333333332,100.0,25.0,12,51.43,3,86.0,56.0,75.715,-30.0,1,2026-07-15
49,1,9.0,63.333333333333336,100.0,29.0,8,64.5,1,65.0,80.0,62.75,15.0,1,2026-07-15
50,1,13.0,46.2,84.0,20.0,6,51.3,7,40.0,33.333333333333336,67.65,-6.666666666666664,1,2026-07-15
51,1,14.0,87.73571428571428,100.0,50.0,14,97.9,0,89.0,82.5,93.95,-6.5,1,2026-07-15
52,1,15.0,71.03333333333333,100.0,50.0,15,68.0,0,82.0,67.0,61.5,-15.0,1,2026-07-15
53,1,12.0,57.03333333333333,100.0,19.7,7,19.7,5,72.0,50.0,44.6,-22.0,1,2026-07-15
54,1,13.0,74.99230769230769,100.0,30.0,10,76.45,3,67.5,97.5,62.225,30.0,1,2026-07-15
55,1,11.0,45.13636363636363,75.0,0.0,4,44.0,7,48.75,20.0,59.5,-28.75,1,2026-07-15
56,1,15.0,78.56666666666666,100.0,0.0,14,84.0,1,92.0,59.0,87.0,-33.0,1,2026-07-15
57,1,6.0,57.333333333333336,100.0,10.0,5,62.0,1,100.0,0.0,58.5,0.0,1,2026-07-15
58,1,12.0,26.375,55.0,0.0,4,53.75,8,17.5,6.666666666666667,54.375,-10.833333333333332,1,2026-07-15
59,1,9.0,55.67777777777778,85.0,29.0,6,36.05,3,78.33333333333333,55.0,45.525,-23.33333333333333,1,2026-07-15
60,1,15.0,90.91333333333334,100.0,80.0,15,84.15,0,91.8,91.0,89.575,-0.7999999999999972,1,2026-07-15
61,1,15.0,91.0,100.0,60.0,15,80.0,0,98.0,88.0,85.5,-10.0,1,2026-07-15
62,1,15.0,74.58,95.0,50.0,15,88.35,0,79.0,69.0,76.175,-10.0,1,2026-07-15
63,1,14.0,79.5,100.0,40.0,13,65.5,1,88.0,75.0,74.75,-13.0,1,2026-07-15
64,1,10.0,48.73,80.0,10.0,7,65.65,3,40.0,50.0,61.325,10.0,1,2026-07-15
65,1,15.0,83.24666666666667,95.0,58.0,15,88.4,0,83.8,90.0,73.2,6.200000000000003,1,2026-07-15
66,1,15.0,74.21333333333334,100.0,30.0,14,72.35,1,66.0,77.0,81.675,11.0,1,2026-07-15
67,1,15.0,87.22666666666667,100.0,67.7,15,67.7,0,96.0,86.0,76.85,-10.0,1,2026-07-15
68,1,15.0,75.48666666666666,100.0,30.0,12,41.65,3,72.0,90.0,60.325,18.0,1,2026-07-15
69,1,15.0,71.59466666666667,100.0,47.21,13,47.21,2,74.0,75.0,63.605,1.0,1,2026-07-15
70,1,15.0,95.83733333333332,100.0,88.28,15,88.28,0,98.0,96.0,92.64,-2.0,1,2026-07-15
71,1,14.0,54.642857142857146,80.0,0.0,10,66.0,4,55.0,42.0,73.0,-13.0,1,2026-07-15
72,1,15.0,75.97333333333333,100.0,40.0,14,96.3,1,80.0,62.0,89.65,-18.0,1,2026-07-15
73,1,10.0,53.4,100.0,0.0,5,0.0,5,80.0,75.0,9.333333333333334,-5.0,1,2026-07-15
74,1,15.0,76.5,95.0,30.0,14,50.0,1,76.0,81.0,71.0,5.0,1,2026-07-15
75,1,14.0,73.39285714285714,100.0,40.0,11,41.0,3,70.0,93.75,57.5,23.75,1,2026-07-15
76,1,15.0,64.23333333333333,100.0,20.0,11,45.0,4,76.0,61.0,52.5,-15.0,1,2026-07-15
77,1,10.0,70.47,100.0,38.0,9,89.35,1,70.0,100.0,71.675,30.0,1,2026-07-15
78,1,14.0,76.72142857142856,100.0,50.0,14,73.3,0,71.25,78.0,82.9,6.75,1,2026-07-15
79,1,14.0,70.85714285714286,100.0,40.0,13,63.0,1,86.0,65.0,58.25,-21.0,1,2026-07-15
80,1,15.0,81.77333333333333,100.0,65.0,15,79.3,0,86.0,78.0,81.15,-8.0,1,2026-07-15
81,1,15.0,35.906666666666666,75.0,10.0,4,48.8,11,15.0,55.0,38.4,40.0,1,2026-07-15
82,1,15.0,92.12666666666668,100.0,70.0,15,88.7,0,90.0,93.0,93.85,3.0,1,2026-07-15
83,1,15.0,68.04,100.0,40.0,12,45.3,3,69.0,79.0,51.65,10.0,1,2026-07-15
84,1,15.0,83.09333333333333,100.0,69.0,15,70.2,0,84.0,92.0,69.6,8.0,1,2026-07-15
85,1,15.0,69.76666666666667,100.0,0.0,10,0.0,5,79.0,100.0,15.5,21.0,1,2026-07-15
86,1,12.0,57.76666666666667,100.0,20.0,8,68.1,4,65.0,43.333333333333336,66.05,-21.666666666666664,1,2026-07-15
87,1,14.0,59.17857142857143,100.0,0.0,9,56.0,5,55.0,75.0,49.0,20.0,1,2026-07-15
88,1,9.0,74.33333333333333,100.0,0.0,7,86.5,2,75.0,0.0,84.75,0.0,1,2026-07-15
89,1,8.0,14.0,38.0,0.0,0,38.0,8,0.0,0.0,28.0,0.0,1,2026-07-15
90,1,15.0,87.90666666666667,100.0,79.0,15,82.55,0,92.0,89.0,80.775,-3.0,1,2026-07-15
91,1,15.0,84.86,100.0,50.0,15,84.95,0,74.0,92.0,89.975,18.0,1,2026-07-15
92,1,10.0,78.85,100.0,43.5,9,72.5,1,78.33333333333333,100.0,77.5,21.66666666666667,1,2026-07-15
93,1,13.0,32.19230769230769,60.0,0.0,3,23.0,10,41.0,26.666666666666668,26.25,-14.333333333333332,1,2026-07-15
94,1,14.0,53.785714285714285,90.0,17.0,8,17.0,6,75.0,56.25,23.25,-18.75,1,2026-07-15
95,1,12.0,41.833333333333336,86.0,0.0,4,0.0,8,55.0,26.666666666666668,43.0,-28.33333333333333,1,2026-07-15
96,1,15.0,68.36,100.0,1.2,11,1.2,4,82.0,88.0,22.6,6.0,1,2026-07-15
97,1,12.0,76.825,100.0,55.5,12,55.7,0,88.33333333333333,72.5,77.85,-15.833333333333329,1,2026-07-15
98,1,8.0,51.275,100.0,0.0,5,73.1,3,40.0,0.0,69.55,0.0,1,2026-07-15
99,1,14.0,74.25,100.0,0.0,13,79.0,1,90.0,53.75,77.0,-36.25,1,2026-07-15
100,1,10.0,41.15,75.0,0.0,5,0.0,5,61.25,50.0,21.75,-11.25,1,2026-07-15
101,1,15.0,71.86666666666666,90.0,43.0,13,67.0,2,74.0,82.0,55.0,8.0,1,2026-07-15
102,1,8.0,10.375,25.0,0.0,0,0.0,8,16.666666666666668,20.0,2.0,3.333333333333332,1,2026-07-15
103,1,15.0,89.96666666666667,100.0,40.0,13,93.0,2,97.0,100.0,66.5,3.0,1,2026-07-15
104,1,15.0,91.53333333333332,100.0,75.0,15,94.0,0,96.0,86.0,93.0,-10.0,1,2026-07-15
105,1,12.0,65.48333333333333,90.0,25.0,10,65.65,2,76.0,57.5,60.325,-18.5,1,2026-07-15
106,1,14.0,48.75714285714286,100.0,0.0,8,32.8,6,46.0,60.0,41.4,14.0,1,2026-07-15
107,1,14.0,68.35714285714286,100.0,30.0,13,77.0,1,70.0,65.0,71.5,-5.0,1,2026-07-15
108,1,14.0,58.46428571428572,85.0,0.0,12,76.0,2,70.0,38.75,65.75,-31.25,1,2026-07-15
109,1,11.0,68.95454545454545,90.0,43.5,10,85.0,1,67.5,82.5,70.0,15.0,1,2026-07-15
110,1,10.0,51.2,70.0,27.0,6,58.5,4,56.66666666666666,50.0,53.75,-6.666666666666664,1,2026-07-15
111,1,13.0,81.69999999999999,100.0,63.3,13,63.3,0,99.0,76.66666666666667,66.15,-22.33333333333333,1,2026-07-15
112,1,14.0,67.51428571428572,100.0,30.0,12,52.85,2,53.75,82.0,64.425,28.25,1,2026-07-15
113,1,15.0,31.466666666666665,75.0,0.0,5,62.0,10,17.0,19.0,68.5,2.0,1,2026-07-15
114,1,15.0,80.2,100.0,60.0,15,86.0,0,83.0,81.0,75.25,-2.0,1,2026-07-15
115,1,14.0,73.57142857142857,100.0,50.0,14,65.0,0,84.0,70.0,65.0,-14.0,1,2026-07-15
116,1,6.0,50.48333333333333,78.0,0.0,4,73.45,2,0.0,0.0,75.725,0.0,1,2026-07-15
117,1,15.0,92.2,100.0,50.0,15,91.5,0,100.0,100.0,70.75,0.0,1,2026-07-15
118,1,15.0,79.42,100.0,30.0,14,94.65,1,72.0,80.0,88.825,8.0,1,2026-07-15
119,1,15.0,69.7,100.0,10.0,11,77.5,4,80.0,67.0,59.25,-13.0,1,2026-07-15
120,1,14.0,88.57857142857142,100.0,64.0,14,83.05,0,100.0,92.0,73.525,-8.0,1,2026-07-15
121,1,8.0,48.625,80.0,18.5,5,31.75,3,65.0,55.0,46.375,-10.0,1,2026-07-15
122,1,14.0,92.64,100.0,78.73,14,78.73,0,100.0,96.25,80.86500000000001,-3.75,1,2026-07-15
123,1,10.0,34.05,63.0,0.0,4,63.0,6,36.25,25.0,42.0,-11.25,1,2026-07-15
124,1,15.0,80.41333333333334,95.0,69.0,15,72.1,0,83.0,85.0,70.55,2.0,1,2026-07-15
125,1,15.0,85.4,100.0,70.0,15,73.5,0,88.0,92.0,72.75,4.0,1,2026-07-15
126,1,15.0,65.63333333333334,100.0,0.0,12,54.0,3,72.0,55.0,71.5,-17.0,1,2026-07-15
127,1,11.0,38.95454545454545,85.0,0.0,6,0.0,5,42.0,85.0,26.0,43.0,1,2026-07-15
128,1,12.0,67.86666666666666,85.0,51.0,12,68.7,0,66.25,81.66666666666667,63.35,15.416666666666671,1,2026-07-15
129,1,12.0,55.0,100.0,20.0,8,30.0,4,58.0,55.0,55.0,-3.0,1,2026-07-15
130,1,8.0,64.725,100.0,23.0,6,57.4,2,76.66666666666667,0.0,66.2,0.0,1,2026-07-15
131,1,15.0,87.54666666666667,100.0,76.35,15,76.35,0,91.0,84.0,87.675,-7.0,1,2026-07-15
132,1,14.0,79.64999999999999,100.0,50.0,14,95.55,0,78.0,72.5,91.775,-5.5,1,2026-07-15
133,1,7.0,24.685714285714287,50.0,0.0,1,28.9,6,50.0,0.0,29.45,-50.0,1,2026-07-15
134,1,12.0,54.333333333333336,95.0,20.0,7,62.0,5,36.66666666666666,72.5,53.0,35.833333333333336,1,2026-07-15
135,1,14.0,78.47857142857143,100.0,37.0,12,50.35,2,96.0,90.0,43.675,-6.0,1,2026-07-15
136,1,14.0,73.15714285714286,83.85,65.0,14,83.85,0,75.0,71.0,75.925,-4.0,1,2026-07-15
137,1,15.0,78.88000000000001,100.0,50.35,15,50.35,0,89.0,88.0,52.425,-1.0,1,2026-07-15
138,1,13.0,74.6923076923077,100.0,30.0,11,88.5,2,71.25,78.75,77.75,7.5,1,2026-07-15
139,1,13.0,45.61538461538461,80.0,0.0,8,65.0,5,46.0,26.666666666666668,63.0,-19.33333333333333,1,2026-07-15
140,1,4.0,5.5,20.0,0.0,0,0.0,4,20.0,0.0,0.0,0.0,1,2026-07-15
141,1,14.0,55.29,100.0,30.0,8,43.78,6,61.0,40.0,65.64,-21.0,1,2026-07-15
142,1,14.0,89.41428571428571,100.0,75.0,14,95.9,0,92.5,90.0,87.45,-2.5,1,2026-07-15
143,1,7.0,45.142857142857146,90.0,0.0,3,0.0,4,55.0,30.0,54.0,-25.0,1,2026-07-15
144,1,10.0,62.5,95.0,0.0,7,87.0,3,60.0,72.5,58.0,12.5,1,2026-07-15
145,1,8.0,58.875,100.0,0.0,5,0.0,3,77.5,0.0,43.333333333333336,0.0,1,2026-07-15
146,1,7.0,60.07142857142857,75.0,14.5,6,55.5,1,72.5,0.0,65.25,0.0,1,2026-07-15
147,1,10.0,65.25,100.0,12.75,6,12.75,4,92.5,40.0,50.375,-52.5,1,2026-07-15
148,1,9.0,58.28888888888889,100.0,30.0,5,55.8,4,93.33333333333331,30.0,45.9,-63.33333333333333,1,2026-07-15
149,1,14.0,87.92857142857143,100.0,62.75,14,62.75,0,99.0,97.5,64.375,-1.5,1,2026-07-15
150,1,14.0,90.15,100.0,49.0,12,95.3,2,97.0,100.0,72.15,3.0,1,2026-07-15
151,1,10.0,53.9,100.0,0.0,6,0.0,4,45.0,80.0,0.0,35.0,1,2026-07-15
152,1,8.0,19.5,38.0,0.0,0,38.0,8,5.0,10.0,33.5,5.0,1,2026-07-15
153,1,13.0,52.29230769230769,65.0,10.0,10,60.4,3,51.0,45.0,62.7,-6.0,1,2026-07-15
154,1,5.0,11.4,50.0,0.0,1,0.0,4,0.0,50.0,0.6666666666666666,0.0,1,2026-07-15
155,1,6.0,0.0,0.0,0.0,0,0.0,6,0.0,0.0,0.0,0.0,1,2026-07-15
156,1,15.0,84.06,100.0,50.0,15,82.7,0,82.0,83.0,88.35,1.0,1,2026-07-15
157,1,10.0,19.15,80.0,0.0,2,0.0,8,29.0,0.0,10.666666666666666,-29.0,1,2026-07-15
158,1,8.0,8.25,33.0,0.0,0,0.0,8,0.0,0.0,22.0,0.0,1,2026-07-15
159,1,6.0,34.5,90.0,0.0,2,0.0,4,75.0,0.0,14.0,0.0,1,2026-07-15
160,1,8.0,12.5,50.0,0.0,2,0.0,6,0.0,0.0,25.0,0.0,1,2026-07-15
161,1,6.0,20.166666666666668,50.0,0.0,1,0.0,5,36.66666666666666,0.0,0.0,0.0,1,2026-07-15
162,1,12.0,29.791666666666668,80.0,0.0,5,0.0,7,49.0,40.0,0.0,-9.0,1,2026-07-15
163,1,9.0,67.22222222222223,100.0,0.0,7,0.0,2,90.0,100.0,0.0,10.0,1,2026-07-15
164,1,3.0,0.0,0.0,0.0,0,0.0,3,0.0,0.0,0.0,0.0,1,2026-07-15
165,1,5.0,33.0,80.0,0.0,2,0.0,3,75.0,0.0,0.0,0.0,1,2026-07-15
166,1,4.0,5.5,20.0,0.0,0,0.0,4,20.0,0.0,0.0,0.0,1,2026-07-15
167,1,5.0,0.0,0.0,0.0,0,0.0,5,0.0,0.0,0.0,0.0,1,2026-07-15
168,1,4.0,23.375,85.0,0.0,1,0.0,3,85.0,0.0,0.0,0.0,1,2026-07-15
169,1,6.0,0.0,0.0,0.0,0,0.0,6,0.0,0.0,0.0,0.0,1,2026-07-15
170,1,4.0,0.0,0.0,0.0,0,0.0,4,0.0,0.0,0.0,0.0,1,2026-07-15
171,1,7.0,0.0,0.0,0.0,0,0.0,7,0.0,0.0,0.0,0.0,1,2026-07-15
172,2,0.0,0.0,0.0,0.0,0,0.0,0,0.0,0.0,0.0,0.0,2,2026-07-15
173,3,0.0,0.0,0.0,0.0,0,0.0,0,0.0,0.0,0.0,0.0,2,2026-07-15
1,1,0.0,0.0,0.0,0.0,0,0.0,0,0.0,0.0,0.0,0.0,1,2026-07-16
2,1,15.0,70.53999999999999,100.0,0.0,10,44.8,5,95.0,72.0,34.9,-23.0,1,2026-07-16
3,1,12.0,58.083333333333336,100.0,0.0,9,0.0,3,66.0,63.333333333333336,41.66666666666666,-2.6666666666666643,1,2026-07-16
4,1,15.0,83.28666666666666,100.0,60.0,15,61.9,0,79.0,98.0,68.95,19.0,1,2026-07-16
5,1,15.0,86.00666666666666,100.0,10.0,14,93.05,1,71.0,97.0,91.525,26.0,1,2026-07-16
6,1,15.0,81.62666666666668,100.0,54.0,15,60.45,0,87.0,94.0,57.225,7.0,1,2026-07-16
7,1,15.0,53.53333333333333,80.0,31.0,9,68.0,6,51.0,59.0,49.5,8.0,1,2026-07-16
8,1,15.0,57.940000000000005,94.0,0.0,11,71.05,4,46.0,52.0,82.525,6.0,1,2026-07-16
9,1,15.0,67.83733333333333,100.0,0.0,12,52.28,3,94.0,40.0,70.14,-54.0,1,2026-07-16
10,1,11.0,60.08181818181818,95.0,10.0,6,84.7,5,56.25,70.0,64.85,13.75,1,2026-07-16
11,1,14.0,77.07142857142857,100.0,0.0,12,0.0,2,88.0,78.0,55.333333333333336,-10.0,1,2026-07-16
12,1,15.0,79.43333333333334,100.0,40.0,14,87.0,1,86.0,79.0,71.0,-7.0,1,2026-07-16
13,1,15.0,98.49333333333334,100.0,88.7,15,88.7,0,100.0,100.0,94.35,0.0,1,2026-07-16
14,1,14.0,82.82142857142857,100.0,0.0,13,0.0,1,90.0,91.0,54.66666666666666,1.0,1,2026-07-16
15,1,15.0,88.74666666666667,100.0,70.0,15,81.1,0,92.0,94.0,77.05,2.0,1,2026-07-16
16,1,15.0,68.83333333333333,100.0,0.0,12,20.25,3,86.0,66.0,49.125,-20.0,1,2026-07-16
17,1,7.0,35.857142857142854,100.0,0.0,3,0.0,4,73.33333333333333,0.0,3.0,0.0,1,2026-07-16
18,1,6.0,0.0,0.0,0.0,0,0.0,6,0.0,0.0,0.0,0.0,1,2026-07-16
19,1,15.0,93.65333333333334,100.0,70.0,15,93.15,0,90.0,97.0,94.075,7.0,1,2026-07-16
20,1,8.0,53.875,100.0,20.0,4,65.0,4,100.0,20.0,47.25,-80.0,1,2026-07-16
21,1,8.0,67.8875,100.0,26.5,7,62.3,1,97.5,70.0,62.9,-27.5,1,2026-07-16
22,1,15.0,96.584,100.0,88.13,15,88.13,0,98.0,97.0,94.065,-1.0,1,2026-07-16
23,1,15.0,85.1,100.0,55.5,15,74.0,0,94.0,91.0,64.75,-3.0,1,2026-07-16
24,1,9.0,83.38888888888889,100.0,38.5,8,75.5,1,96.25,0.0,81.75,0.0,1,2026-07-16
25,1,15.0,77.36,100.0,46.2,13,46.2,2,81.0,83.0,64.6,2.0,1,2026-07-16
26,1,12.0,38.083333333333336,70.0,0.0,4,0.0,8,56.66666666666666,36.0,24.0,-20.666666666666664,1,2026-07-16
27,1,13.0,51.68461538461538,80.0,30.0,6,46.45,7,60.0,50.0,44.225,-10.0,1,2026-07-16
28,1,4.0,26.125,95.0,0.0,1,0.0,3,0.0,95.0,0.0,0.0,1,2026-07-16
29,1,14.0,75.61428571428571,100.0,56.05,14,56.05,0,83.0,85.0,57.025,2.0,1,2026-07-16
30,1,9.0,41.66666666666666,95.0,5.5,4,5.5,5,52.5,0.0,36.0,0.0,1,2026-07-16
31,1,15.0,90.15333333333334,100.0,65.8,15,65.8,0,97.4,90.0,80.4,-7.400000000000006,1,2026-07-16
32,1,14.0,84.09285714285714,100.0,59.0,14,59.4,0,91.25,98.0,59.2,6.75,1,2026-07-16
33,1,15.0,88.39666666666668,100.0,60.0,15,91.3,0,78.0,100.0,86.7375,22.0,1,2026-07-16
34,1,13.0,76.96153846153847,100.0,20.0,11,83.0,2,81.0,73.33333333333333,78.25,-7.666666666666671,1,2026-07-16
35,1,15.0,84.97333333333333,100.0,70.35,15,70.35,0,87.8,90.0,74.175,2.200000000000003,1,2026-07-16
36,1,15.0,67.6,90.0,35.0,13,64.5,2,67.0,63.0,74.75,-4.0,1,2026-07-16
37,1,14.0,77.27142857142857,95.0,55.0,14,81.4,0,79.0,73.75,80.7,-5.25,1,2026-07-16
38,1,15.0,67.25333333333333,92.0,35.0,12,79.65,3,62.0,59.0,85.825,-3.0,1,2026-07-16
39,1,15.0,81.94266666666667,100.0,61.57,15,61.57,0,94.0,82.0,65.285,-12.0,1,2026-07-16
40,1,14.0,62.392857142857146,100.0,19.0,12,19.0,2,75.0,72.5,35.5,-2.5,1,2026-07-16
41,1,10.0,38.9,60.0,0.0,5,46.0,5,40.0,55.0,30.666666666666668,15.0,1,2026-07-16
42,1,13.0,84.34615384615384,100.0,60.0,13,60.0,0,91.0,93.33333333333331,72.0,2.3333333333333286,1,2026-07-16
43,1,14.0,82.27857142857144,100.0,45.0,13,85.95,1,85.0,88.0,73.475,3.0,1,2026-07-16
44,1,13.0,83.9076923076923,100.0,67.9,13,67.9,0,93.0,88.33333333333333,71.95,-4.666666666666671,1,2026-07-16
45,1,15.0,89.08666666666666,100.0,65.0,15,79.15,0,88.0,92.0,86.575,4.0,1,2026-07-16
46,1,15.0,72.78666666666666,90.0,40.0,14,69.65,1,69.0,82.0,65.325,13.0,1,2026-07-16
47,1,15.0,83.44666666666667,100.0,60.0,15,75.85,0,81.0,87.0,81.925,6.0,1,2026-07-16
48,1,15.0,72.25733333333332,100.0,25.0,12,51.43,3,86.0,56.0,75.715,-30.0,1,2026-07-16
49,1,9.0,63.333333333333336,100.0,29.0,8,64.5,1,65.0,80.0,62.75,15.0,1,2026-07-16
50,1,13.0,46.2,84.0,20.0,6,51.3,7,40.0,33.333333333333336,67.65,-6.666666666666664,1,2026-07-16
51,1,14.0,87.73571428571428,100.0,50.0,14,97.9,0,89.0,82.5,93.95,-6.5,1,2026-07-16
52,1,15.0,71.03333333333333,100.0,50.0,15,68.0,0,82.0,67.0,61.5,-15.0,1,2026-07-16
53,1,12.0,57.03333333333333,100.0,19.7,7,19.7,5,72.0,50.0,44.6,-22.0,1,2026-07-16
54,1,13.0,74.99230769230769,100.0,30.0,10,76.45,3,67.5,97.5,62.225,30.0,1,2026-07-16
55,1,11.0,45.13636363636363,75.0,0.0,4,44.0,7,48.75,20.0,59.5,-28.75,1,2026-07-16
56,1,15.0,78.56666666666666,100.0,0.0,14,84.0,1,92.0,59.0,87.0,-33.0,1,2026-07-16
57,1,6.0,57.333333333333336,100.0,10.0,5,62.0,1,100.0,0.0,58.5,0.0,1,2026-07-16
58,1,12.0,26.375,55.0,0.0,4,53.75,8,17.5,6.666666666666667,54.375,-10.833333333333332,1,2026-07-16
59,1,9.0,55.67777777777778,85.0,29.0,6,36.05,3,78.33333333333333,55.0,45.525,-23.33333333333333,1,2026-07-16
60,1,15.0,90.91333333333334,100.0,80.0,15,84.15,0,91.8,91.0,89.575,-0.7999999999999972,1,2026-07-16
61,1,15.0,91.0,100.0,60.0,15,80.0,0,98.0,88.0,85.5,-10.0,1,2026-07-16
62,1,15.0,74.58,95.0,50.0,15,88.35,0,79.0,69.0,76.175,-10.0,1,2026-07-16
63,1,14.0,79.5,100.0,40.0,13,65.5,1,88.0,75.0,74.75,-13.0,1,2026-07-16
64,1,10.0,48.73,80.0,10.0,7,65.65,3,40.0,50.0,61.325,10.0,1,2026-07-16
65,1,15.0,83.24666666666667,95.0,58.0,15,88.4,0,83.8,90.0,73.2,6.200000000000003,1,2026-07-16
66,1,15.0,74.21333333333334,100.0,30.0,14,72.35,1,66.0,77.0,81.675,11.0,1,2026-07-16
67,1,15.0,87.22666666666667,100.0,67.7,15,67.7,0,96.0,86.0,76.85,-10.0,1,2026-07-16
68,1,15.0,75.48666666666666,100.0,30.0,12,41.65,3,72.0,90.0,60.325,18.0,1,2026-07-16
69,1,15.0,71.59466666666667,100.0,47.21,13,47.21,2,74.0,75.0,63.605,1.0,1,2026-07-16
70,1,15.0,95.83733333333332,100.0,88.28,15,88.28,0,98.0,96.0,92.64,-2.0,1,2026-07-16
71,1,14.0,54.642857142857146,80.0,0.0,10,66.0,4,55.0,42.0,73.0,-13.0,1,2026-07-16
72,1,15.0,75.97333333333333,100.0,40.0,14,96.3,1,80.0,62.0,89.65,-18.0,1,2026-07-16
73,1,10.0,53.4,100.0,0.0,5,0.0,5,80.0,75.0,9.333333333333334,-5.0,1,2026-07-16
74,1,15.0,76.5,95.0,30.0,14,50.0,1,76.0,81.0,71.0,5.0,1,2026-07-16
75,1,14.0,73.39285714285714,100.0,40.0,11,41.0,3,70.0,93.75,57.5,23.75,1,2026-07-16
76,1,15.0,64.23333333333333,100.0,20.0,11,45.0,4,76.0,61.0,52.5,-15.0,1,2026-07-16
77,1,10.0,70.47,100.0,38.0,9,89.35,1,70.0,100.0,71.675,30.0,1,2026-07-16
78,1,14.0,76.72142857142856,100.0,50.0,14,73.3,0,71.25,78.0,82.9,6.75,1,2026-07-16
79,1,14.0,70.85714285714286,100.0,40.0,13,63.0,1,86.0,65.0,58.25,-21.0,1,2026-07-16
80,1,15.0,81.77333333333333,100.0,65.0,15,79.3,0,86.0,78.0,81.15,-8.0,1,2026-07-16
81,1,15.0,35.906666666666666,75.0,10.0,4,48.8,11,15.0,55.0,38.4,40.0,1,2026-07-16
82,1,15.0,92.12666666666668,100.0,70.0,15,88.7,0,90.0,93.0,93.85,3.0,1,2026-07-16
83,1,15.0,68.04,100.0,40.0,12,45.3,3,69.0,79.0,51.65,10.0,1,2026-07-16
84,1,15.0,83.09333333333333,100.0,69.0,15,70.2,0,84.0,92.0,69.6,8.0,1,2026-07-16
85,1,15.0,69.76666666666667,100.0,0.0,10,0.0,5,79.0,100.0,15.5,21.0,1,2026-07-16
86,1,12.0,57.76666666666667,100.0,20.0,8,68.1,4,65.0,43.333333333333336,66.05,-21.666666666666664,1,2026-07-16
87,1,14.0,59.17857142857143,100.0,0.0,9,56.0,5,55.0,75.0,49.0,20.0,1,2026-07-16
88,1,9.0,74.33333333333333,100.0,0.0,7,86.5,2,75.0,0.0,84.75,0.0,1,2026-07-16
89,1,8.0,14.0,38.0,0.0,0,38.0,8,0.0,0.0,28.0,0.0,1,2026-07-16
90,1,15.0,87.90666666666667,100.0,79.0,15,82.55,0,92.0,89.0,80.775,-3.0,1,2026-07-16
91,1,15.0,84.86,100.0,50.0,15,84.95,0,74.0,92.0,89.975,18.0,1,2026-07-16
92,1,10.0,78.85,100.0,43.5,9,72.5,1,78.33333333333333,100.0,77.5,21.66666666666667,1,2026-07-16
93,1,13.0,32.19230769230769,60.0,0.0,3,23.0,10,41.0,26.666666666666668,26.25,-14.333333333333332,1,2026-07-16
94,1,14.0,53.785714285714285,90.0,17.0,8,17.0,6,75.0,56.25,23.25,-18.75,1,2026-07-16
95,1,12.0,41.833333333333336,86.0,0.0,4,0.0,8,55.0,26.666666666666668,43.0,-28.33333333333333,1,2026-07-16
96,1,15.0,68.36,100.0,1.2,11,1.2,4,82.0,88.0,22.6,6.0,1,2026-07-16
97,1,12.0,76.825,100.0,55.5,12,55.7,0,88.33333333333333,72.5,77.85,-15.833333333333329,1,2026-07-16
98,1,8.0,51.275,100.0,0.0,5,73.1,3,40.0,0.0,69.55,0.0,1,2026-07-16
99,1,14.0,74.25,100.0,0.0,13,79.0,1,90.0,53.75,77.0,-36.25,1,2026-07-16
100,1,10.0,41.15,75.0,0.0,5,0.0,5,61.25,50.0,21.75,-11.25,1,2026-07-16
101,1,15.0,71.86666666666666,90.0,43.0,13,67.0,2,74.0,82.0,55.0,8.0,1,2026-07-16
102,1,8.0,10.375,25.0,0.0,0,0.0,8,16.666666666666668,20.0,2.0,3.333333333333332,1,2026-07-16
103,1,15.0,89.96666666666667,100.0,40.0,13,93.0,2,97.0,100.0,66.5,3.0,1,2026-07-16
104,1,15.0,91.53333333333332,100.0,75.0,15,94.0,0,96.0,86.0,93.0,-10.0,1,2026-07-16
105,1,12.0,65.48333333333333,90.0,25.0,10,65.65,2,76.0,57.5,60.325,-18.5,1,2026-07-16
106,1,14.0,48.75714285714286,100.0,0.0,8,32.8,6,46.0,60.0,41.4,14.0,1,2026-07-16
107,1,14.0,68.35714285714286,100.0,30.0,13,77.0,1,70.0,65.0,71.5,-5.0,1,2026-07-16
108,1,14.0,58.46428571428572,85.0,0.0,12,76.0,2,70.0,38.75,65.75,-31.25,1,2026-07-16
109,1,11.0,68.95454545454545,90.0,43.5,10,85.0,1,67.5,82.5,70.0,15.0,1,2026-07-16
110,1,10.0,51.2,70.0,27.0,6,58.5,4,56.66666666666666,50.0,53.75,-6.666666666666664,1,2026-07-16
111,1,13.0,81.69999999999999,100.0,63.3,13,63.3,0,99.0,76.66666666666667,66.15,-22.33333333333333,1,2026-07-16
112,1,14.0,67.51428571428572,100.0,30.0,12,52.85,2,53.75,82.0,64.425,28.25,1,2026-07-16
113,1,15.0,31.466666666666665,75.0,0.0,5,62.0,10,17.0,19.0,68.5,2.0,1,2026-07-16
114,1,15.0,80.2,100.0,60.0,15,86.0,0,83.0,81.0,75.25,-2.0,1,2026-07-16
115,1,14.0,73.57142857142857,100.0,50.0,14,65.0,0,84.0,70.0,65.0,-14.0,1,2026-07-16
116,1,6.0,50.48333333333333,78.0,0.0,4,73.45,2,0.0,0.0,75.725,0.0,1,2026-07-16
117,1,15.0,92.2,100.0,50.0,15,91.5,0,100.0,100.0,70.75,0.0,1,2026-07-16
118,1,15.0,79.42,100.0,30.0,14,94.65,1,72.0,80.0,88.825,8.0,1,2026-07-16
119,1,15.0,69.7,100.0,10.0,11,77.5,4,80.0,67.0,59.25,-13.0,1,2026-07-16
120,1,14.0,88.57857142857142,100.0,64.0,14,83.05,0,100.0,92.0,73.525,-8.0,1,2026-07-16
121,1,8.0,48.625,80.0,18.5,5,31.75,3,65.0,55.0,46.375,-10.0,1,2026-07-16
122,1,14.0,92.64,100.0,78.73,14,78.73,0,100.0,96.25,80.86500000000001,-3.75,1,2026-07-16
123,1,10.0,34.05,63.0,0.0,4,63.0,6,36.25,25.0,42.0,-11.25,1,2026-07-16
124,1,15.0,80.41333333333334,95.0,69.0,15,72.1,0,83.0,85.0,70.55,2.0,1,2026-07-16
125,1,15.0,85.4,100.0,70.0,15,73.5,0,88.0,92.0,72.75,4.0,1,2026-07-16
126,1,15.0,65.63333333333334,100.0,0.0,12,54.0,3,72.0,55.0,71.5,-17.0,1,2026-07-16
127,1,11.0,38.95454545454545,85.0,0.0,6,0.0,5,42.0,85.0,26.0,43.0,1,2026-07-16
128,1,12.0,67.86666666666666,85.0,51.0,12,68.7,0,66.25,81.66666666666667,63.35,15.416666666666671,1,2026-07-16
129,1,12.0,55.0,100.0,20.0,8,30.0,4,58.0,55.0,55.0,-3.0,1,2026-07-16
130,1,8.0,64.725,100.0,23.0,6,57.4,2,76.66666666666667,0.0,66.2,0.0,1,2026-07-16
131,1,15.0,87.54666666666667,100.0,76.35,15,76.35,0,91.0,84.0,87.675,-7.0,1,2026-07-16
132,1,14.0,79.64999999999999,100.0,50.0,14,95.55,0,78.0,72.5,91.775,-5.5,1,2026-07-16
133,1,7.0,24.685714285714287,50.0,0.0,1,28.9,6,50.0,0.0,29.45,-50.0,1,2026-07-16
134,1,12.0,54.333333333333336,95.0,20.0,7,62.0,5,36.66666666666666,72.5,53.0,35.833333333333336,1,2026-07-16
135,1,14.0,78.47857142857143,100.0,37.0,12,50.35,2,96.0,90.0,43.675,-6.0,1,2026-07-16
136,1,14.0,73.15714285714286,83.85,65.0,14,83.85,0,75.0,71.0,75.925,-4.0,1,2026-07-16
137,1,15.0,78.88000000000001,100.0,50.35,15,50.35,0,89.0,88.0,52.425,-1.0,1,2026-07-16
138,1,13.0,74.6923076923077,100.0,30.0,11,88.5,2,71.25,78.75,77.75,7.5,1,2026-07-16
139,1,13.0,45.61538461538461,80.0,0.0,8,65.0,5,46.0,26.666666666666668,63.0,-19.33333333333333,1,2026-07-16
140,1,4.0,5.5,20.0,0.0,0,0.0,4,20.0,0.0,0.0,0.0,1,2026-07-16
141,1,14.0,55.29,100.0,30.0,8,43.78,6,61.0,40.0,65.64,-21.0,1,2026-07-16
142,1,14.0,89.41428571428571,100.0,75.0,14,95.9,0,92.5,90.0,87.45,-2.5,1,2026-07-16
143,1,7.0,45.142857142857146,90.0,0.0,3,0.0,4,55.0,30.0,54.0,-25.0,1,2026-07-16
144,1,10.0,62.5,95.0,0.0,7,87.0,3,60.0,72.5,58.0,12.5,1,2026-07-16
145,1,8.0,58.875,100.0,0.0,5,0.0,3,77.5,0.0,43.333333333333336,0.0,1,2026-07-16
146,1,7.0,60.07142857142857,75.0,14.5,6,55.5,1,72.5,0.0,65.25,0.0,1,2026-07-16
147,1,10.0,65.25,100.0,12.75,6,12.75,4,92.5,40.0,50.375,-52.5,1,2026-07-16
148,1,9.0,58.28888888888889,100.0,30.0,5,55.8,4,93.33333333333331,30.0,45.9,-63.33333333333333,1,2026-07-16
149,1,14.0,87.92857142857143,100.0,62.75,14,62.75,0,99.0,97.5,64.375,-1.5,1,2026-07-16
150,1,14.0,90.15,100.0,49.0,12,95.3,2,97.0,100.0,72.15,3.0,1,2026-07-16
151,1,10.0,53.9,100.0,0.0,6,0.0,4,45.0,80.0,0.0,35.0,1,2026-07-16
152,1,8.0,19.5,38.0,0.0,0,38.0,8,5.0,10.0,33.5,5.0,1,2026-07-16
153,1,13.0,52.29230769230769,65.0,10.0,10,60.4,3,51.0,45.0,62.7,-6.0,1,2026-07-16
154,1,5.0,11.4,50.0,0.0,1,0.0,4,0.0,50.0,0.6666666666666666,0.0,1,2026-07-16
155,1,6.0,0.0,0.0,0.0,0,0.0,6,0.0,0.0,0.0,0.0,1,2026-07-16
156,1,15.0,84.06,100.0,50.0,15,82.7,0,82.0,83.0,88.35,1.0,1,2026-07-16
157,1,10.0,19.15,80.0,0.0,2,0.0,8,29.0,0.0,10.666666666666666,-29.0,1,2026-07-16
158,1,8.0,8.25,33.0,0.0,0,0.0,8,0.0,0.0,22.0,0.0,1,2026-07-16
159,1,6.0,34.5,90.0,0.0,2,0.0,4,75.0,0.0,14.0,0.0,1,2026-07-16
160,1,8.0,12.5,50.0,0.0,2,0.0,6,0.0,0.0,25.0,0.0,1,2026-07-16
161,1,6.0,20.166666666666668,50.0,0.0,1,0.0,5,36.66666666666666,0.0,0.0,0.0,1,2026-07-16
162,1,12.0,29.791666666666668,80.0,0.0,5,0.0,7,49.0,40.0,0.0,-9.0,1,2026-07-16
163,1,9.0,67.22222222222223,100.0,0.0,7,0.0,2,90.0,100.0,0.0,10.0,1,2026-07-16
164,1,3.0,0.0,0.0,0.0,0,0.0,3,0.0,0.0,0.0,0.0,1,2026-07-16
165,1,5.0,33.0,80.0,0.0,2,0.0,3,75.0,0.0,0.0,0.0,1,2026-07-16
166,1,4.0,5.5,20.0,0.0,0,0.0,4,20.0,0.0,0.0,0.0,1,2026-07-16
167,1,5.0,0.0,0.0,0.0,0,0.0,5,0.0,0.0,0.0,0.0,1,2026-07-16
168,1,4.0,23.375,85.0,0.0,1,0.0,3,85.0,0.0,0.0,0.0,1,2026-07-16
169,1,6.0,0.0,0.0,0.0,0,0.0,6,0.0,0.0,0.0,0.0,1,2026-07-16
170,1,4.0,0.0,0.0,0.0,0,0.0,4,0.0,0.0,0.0,0.0,1,2026-07-16
171,1,7.0,0.0,0.0,0.0,0,0.0,7,0.0,0.0,0.0,0.0,1,2026-07-16
172,2,0.0,0.0,0.0,0.0,0,0.0,0,0.0,0.0,0.0,0.0,2,2026-07-16
173,3,0.0,0.0,0.0,0.0,0,0.0,0,0.0,0.0,0.0,0.0,2,2026-07-16
174,3,0.0,0.0,0.0,0.0,0,0.0,0,0.0,0.0,0.0,0.0,2,2026-07-16
1,1,0.0,0.0,0.0,0.0,0,0.0,0,0.0,0.0,0.0,0.0,1,2026-07-17
2,1,15.0,70.53999999999999,100.0,0.0,10,44.8,5,95.0,72.0,34.9,-23.0,1,2026-07-17
3,1,12.0,58.083333333333336,100.0,0.0,9,0.0,3,66.0,63.333333333333336,41.66666666666666,-2.6666666666666643,1,2026-07-17
4,1,15.0,83.28666666666666,100.0,60.0,15,61.9,0,79.0,98.0,68.95,19.0,1,2026-07-17
5,1,15.0,86.00666666666666,100.0,10.0,14,93.05,1,71.0,97.0,91.525,26.0,1,2026-07-17
6,1,15.0,81.62666666666668,100.0,54.0,15,60.45,0,87.0,94.0,57.225,7.0,1,2026-07-17
7,1,15.0,53.53333333333333,80.0,31.0,9,68.0,6,51.0,59.0,49.5,8.0,1,2026-07-17
8,1,15.0,57.940000000000005,94.0,0.0,11,71.05,4,46.0,52.0,82.525,6.0,1,2026-07-17
9,1,15.0,67.83733333333333,100.0,0.0,12,52.28,3,94.0,40.0,70.14,-54.0,1,2026-07-17
10,1,11.0,60.08181818181818,95.0,10.0,6,84.7,5,56.25,70.0,64.85,13.75,1,2026-07-17
11,1,14.0,77.07142857142857,100.0,0.0,12,0.0,2,88.0,78.0,55.333333333333336,-10.0,1,2026-07-17
12,1,15.0,79.43333333333334,100.0,40.0,14,87.0,1,86.0,79.0,71.0,-7.0,1,2026-07-17
13,1,15.0,98.49333333333334,100.0,88.7,15,88.7,0,100.0,100.0,94.35,0.0,1,2026-07-17
14,1,14.0,82.82142857142857,100.0,0.0,13,0.0,1,90.0,91.0,54.66666666666666,1.0,1,2026-07-17
15,1,15.0,88.74666666666667,100.0,70.0,15,81.1,0,92.0,94.0,77.05,2.0,1,2026-07-17
16,1,15.0,68.83333333333333,100.0,0.0,12,20.25,3,86.0,66.0,49.125,-20.0,1,2026-07-17
17,1,7.0,35.857142857142854,100.0,0.0,3,0.0,4,73.33333333333333,0.0,3.0,0.0,1,2026-07-17
18,1,6.0,0.0,0.0,0.0,0,0.0,6,0.0,0.0,0.0,0.0,1,2026-07-17
19,1,15.0,93.65333333333334,100.0,70.0,15,93.15,0,90.0,97.0,94.075,7.0,1,2026-07-17
20,1,8.0,53.875,100.0,20.0,4,65.0,4,100.0,20.0,47.25,-80.0,1,2026-07-17
21,1,8.0,67.8875,100.0,26.5,7,62.3,1,97.5,70.0,62.9,-27.5,1,2026-07-17
22,1,15.0,96.584,100.0,88.13,15,88.13,0,98.0,97.0,94.065,-1.0,1,2026-07-17
23,1,15.0,85.1,100.0,55.5,15,74.0,0,94.0,91.0,64.75,-3.0,1,2026-07-17
24,1,9.0,83.38888888888889,100.0,38.5,8,75.5,1,96.25,0.0,81.75,0.0,1,2026-07-17
25,1,15.0,77.36,100.0,46.2,13,46.2,2,81.0,83.0,64.6,2.0,1,2026-07-17
26,1,12.0,38.083333333333336,70.0,0.0,4,0.0,8,56.66666666666666,36.0,24.0,-20.666666666666664,1,2026-07-17
27,1,13.0,51.68461538461538,80.0,30.0,6,46.45,7,60.0,50.0,44.225,-10.0,1,2026-07-17
28,1,4.0,26.125,95.0,0.0,1,0.0,3,0.0,95.0,0.0,0.0,1,2026-07-17
29,1,14.0,75.61428571428571,100.0,56.05,14,56.05,0,83.0,85.0,57.025,2.0,1,2026-07-17
30,1,9.0,41.66666666666666,95.0,5.5,4,5.5,5,52.5,0.0,36.0,0.0,1,2026-07-17
31,1,15.0,90.15333333333334,100.0,65.8,15,65.8,0,97.4,90.0,80.4,-7.400000000000006,1,2026-07-17
32,1,14.0,84.09285714285714,100.0,59.0,14,59.4,0,91.25,98.0,59.2,6.75,1,2026-07-17
33,1,15.0,88.39666666666668,100.0,60.0,15,91.3,0,78.0,100.0,86.7375,22.0,1,2026-07-17
34,1,13.0,76.96153846153847,100.0,20.0,11,83.0,2,81.0,73.33333333333333,78.25,-7.666666666666671,1,2026-07-17
35,1,15.0,84.97333333333333,100.0,70.35,15,70.35,0,87.8,90.0,74.175,2.200000000000003,1,2026-07-17
36,1,15.0,67.6,90.0,35.0,13,64.5,2,67.0,63.0,74.75,-4.0,1,2026-07-17
37,1,14.0,77.27142857142857,95.0,55.0,14,81.4,0,79.0,73.75,80.7,-5.25,1,2026-07-17
38,1,15.0,67.25333333333333,92.0,35.0,12,79.65,3,62.0,59.0,85.825,-3.0,1,2026-07-17
39,1,15.0,81.94266666666667,100.0,61.57,15,61.57,0,94.0,82.0,65.285,-12.0,1,2026-07-17
40,1,14.0,62.392857142857146,100.0,19.0,12,19.0,2,75.0,72.5,35.5,-2.5,1,2026-07-17
41,1,10.0,38.9,60.0,0.0,5,46.0,5,40.0,55.0,30.666666666666668,15.0,1,2026-07-17
42,1,13.0,84.34615384615384,100.0,60.0,13,60.0,0,91.0,93.33333333333331,72.0,2.3333333333333286,1,2026-07-17
43,1,14.0,82.27857142857144,100.0,45.0,13,85.95,1,85.0,88.0,73.475,3.0,1,2026-07-17
44,1,13.0,83.9076923076923,100.0,67.9,13,67.9,0,93.0,88.33333333333333,71.95,-4.666666666666671,1,2026-07-17
45,1,15.0,89.08666666666666,100.0,65.0,15,79.15,0,88.0,92.0,86.575,4.0,1,2026-07-17
46,1,15.0,72.78666666666666,90.0,40.0,14,69.65,1,69.0,82.0,65.325,13.0,1,2026-07-17
47,1,15.0,83.44666666666667,100.0,60.0,15,75.85,0,81.0,87.0,81.925,6.0,1,2026-07-17
48,1,15.0,72.25733333333332,100.0,25.0,12,51.43,3,86.0,56.0,75.715,-30.0,1,2026-07-17
49,1,9.0,63.333333333333336,100.0,29.0,8,64.5,1,65.0,80.0,62.75,15.0,1,2026-07-17
50,1,13.0,46.2,84.0,20.0,6,51.3,7,40.0,33.333333333333336,67.65,-6.666666666666664,1,2026-07-17
51,1,14.0,87.73571428571428,100.0,50.0,14,97.9,0,89.0,82.5,93.95,-6.5,1,2026-07-17
52,1,15.0,71.03333333333333,100.0,50.0,15,68.0,0,82.0,67.0,61.5,-15.0,1,2026-07-17
53,1,12.0,57.03333333333333,100.0,19.7,7,19.7,5,72.0,50.0,44.6,-22.0,1,2026-07-17
54,1,13.0,74.99230769230769,100.0,30.0,10,76.45,3,67.5,97.5,62.225,30.0,1,2026-07-17
55,1,11.0,45.13636363636363,75.0,0.0,4,44.0,7,48.75,20.0,59.5,-28.75,1,2026-07-17
56,1,15.0,78.56666666666666,100.0,0.0,14,84.0,1,92.0,59.0,87.0,-33.0,1,2026-07-17
57,1,6.0,57.333333333333336,100.0,10.0,5,62.0,1,100.0,0.0,58.5,0.0,1,2026-07-17
58,1,12.0,26.375,55.0,0.0,4,53.75,8,17.5,6.666666666666667,54.375,-10.833333333333332,1,2026-07-17
59,1,9.0,55.67777777777778,85.0,29.0,6,36.05,3,78.33333333333333,55.0,45.525,-23.33333333333333,1,2026-07-17
60,1,15.0,90.91333333333334,100.0,80.0,15,84.15,0,91.8,91.0,89.575,-0.7999999999999972,1,2026-07-17
61,1,15.0,91.0,100.0,60.0,15,80.0,0,98.0,88.0,85.5,-10.0,1,2026-07-17
62,1,15.0,74.58,95.0,50.0,15,88.35,0,79.0,69.0,76.175,-10.0,1,2026-07-17
63,1,14.0,79.5,100.0,40.0,13,65.5,1,88.0,75.0,74.75,-13.0,1,2026-07-17
64,1,10.0,48.73,80.0,10.0,7,65.65,3,40.0,50.0,61.325,10.0,1,2026-07-17
65,1,15.0,83.24666666666667,95.0,58.0,15,88.4,0,83.8,90.0,73.2,6.200000000000003,1,2026-07-17
66,1,15.0,74.21333333333334,100.0,30.0,14,72.35,1,66.0,77.0,81.675,11.0,1,2026-07-17
67,1,15.0,87.22666666666667,100.0,67.7,15,67.7,0,96.0,86.0,76.85,-10.0,1,2026-07-17
68,1,15.0,75.48666666666666,100.0,30.0,12,41.65,3,72.0,90.0,60.325,18.0,1,2026-07-17
69,1,15.0,71.59466666666667,100.0,47.21,13,47.21,2,74.0,75.0,63.605,1.0,1,2026-07-17
70,1,15.0,95.83733333333332,100.0,88.28,15,88.28,0,98.0,96.0,92.64,-2.0,1,2026-07-17
71,1,14.0,54.642857142857146,80.0,0.0,10,66.0,4,55.0,42.0,73.0,-13.0,1,2026-07-17
72,1,15.0,75.97333333333333,100.0,40.0,14,96.3,1,80.0,62.0,89.65,-18.0,1,2026-07-17
73,1,10.0,53.4,100.0,0.0,5,0.0,5,80.0,75.0,9.333333333333334,-5.0,1,2026-07-17
74,1,15.0,76.5,95.0,30.0,14,50.0,1,76.0,81.0,71.0,5.0,1,2026-07-17
75,1,14.0,73.39285714285714,100.0,40.0,11,41.0,3,70.0,93.75,57.5,23.75,1,2026-07-17
76,1,15.0,64.23333333333333,100.0,20.0,11,45.0,4,76.0,61.0,52.5,-15.0,1,2026-07-17
77,1,10.0,70.47,100.0,38.0,9,89.35,1,70.0,100.0,71.675,30.0,1,2026-07-17
78,1,14.0,76.72142857142856,100.0,50.0,14,73.3,0,71.25,78.0,82.9,6.75,1,2026-07-17
79,1,14.0,70.85714285714286,100.0,40.0,13,63.0,1,86.0,65.0,58.25,-21.0,1,2026-07-17
80,1,15.0,81.77333333333333,100.0,65.0,15,79.3,0,86.0,78.0,81.15,-8.0,1,2026-07-17
81,1,15.0,35.906666666666666,75.0,10.0,4,48.8,11,15.0,55.0,38.4,40.0,1,2026-07-17
82,1,15.0,92.12666666666668,100.0,70.0,15,88.7,0,90.0,93.0,93.85,3.0,1,2026-07-17
83,1,15.0,68.04,100.0,40.0,12,45.3,3,69.0,79.0,51.65,10.0,1,2026-07-17
84,1,15.0,83.09333333333333,100.0,69.0,15,70.2,0,84.0,92.0,69.6,8.0,1,2026-07-17
85,1,15.0,69.76666666666667,100.0,0.0,10,0.0,5,79.0,100.0,15.5,21.0,1,2026-07-17
86,1,12.0,57.76666666666667,100.0,20.0,8,68.1,4,65.0,43.333333333333336,66.05,-21.666666666666664,1,2026-07-17
87,1,14.0,59.17857142857143,100.0,0.0,9,56.0,5,55.0,75.0,49.0,20.0,1,2026-07-17
88,1,9.0,74.33333333333333,100.0,0.0,7,86.5,2,75.0,0.0,84.75,0.0,1,2026-07-17
89,1,8.0,14.0,38.0,0.0,0,38.0,8,0.0,0.0,28.0,0.0,1,2026-07-17
90,1,15.0,87.90666666666667,100.0,79.0,15,82.55,0,92.0,89.0,80.775,-3.0,1,2026-07-17
91,1,15.0,84.86,100.0,50.0,15,84.95,0,74.0,92.0,89.975,18.0,1,2026-07-17
92,1,10.0,78.85,100.0,43.5,9,72.5,1,78.33333333333333,100.0,77.5,21.66666666666667,1,2026-07-17
93,1,13.0,32.19230769230769,60.0,0.0,3,23.0,10,41.0,26.666666666666668,26.25,-14.333333333333332,1,2026-07-17
94,1,14.0,53.785714285714285,90.0,17.0,8,17.0,6,75.0,56.25,23.25,-18.75,1,2026-07-17
95,1,12.0,41.833333333333336,86.0,0.0,4,0.0,8,55.0,26.666666666666668,43.0,-28.33333333333333,1,2026-07-17
96,1,15.0,68.36,100.0,1.2,11,1.2,4,82.0,88.0,22.6,6.0,1,2026-07-17
97,1,12.0,76.825,100.0,55.5,12,55.7,0,88.33333333333333,72.5,77.85,-15.833333333333329,1,2026-07-17
98,1,8.0,51.275,100.0,0.0,5,73.1,3,40.0,0.0,69.55,0.0,1,2026-07-17
99,1,14.0,74.25,100.0,0.0,13,79.0,1,90.0,53.75,77.0,-36.25,1,2026-07-17
100,1,10.0,41.15,75.0,0.0,5,0.0,5,61.25,50.0,21.75,-11.25,1,2026-07-17
101,1,15.0,71.86666666666666,90.0,43.0,13,67.0,2,74.0,82.0,55.0,8.0,1,2026-07-17
102,1,8.0,10.375,25.0,0.0,0,0.0,8,16.666666666666668,20.0,2.0,3.333333333333332,1,2026-07-17
103,1,15.0,89.96666666666667,100.0,40.0,13,93.0,2,97.0,100.0,66.5,3.0,1,2026-07-17
104,1,15.0,91.53333333333332,100.0,75.0,15,94.0,0,96.0,86.0,93.0,-10.0,1,2026-07-17
105,1,12.0,65.48333333333333,90.0,25.0,10,65.65,2,76.0,57.5,60.325,-18.5,1,2026-07-17
106,1,14.0,48.75714285714286,100.0,0.0,8,32.8,6,46.0,60.0,41.4,14.0,1,2026-07-17
107,1,14.0,68.35714285714286,100.0,30.0,13,77.0,1,70.0,65.0,71.5,-5.0,1,2026-07-17
108,1,14.0,58.46428571428572,85.0,0.0,12,76.0,2,70.0,38.75,65.75,-31.25,1,2026-07-17
109,1,11.0,68.95454545454545,90.0,43.5,10,85.0,1,67.5,82.5,70.0,15.0,1,2026-07-17
110,1,10.0,51.2,70.0,27.0,6,58.5,4,56.66666666666666,50.0,53.75,-6.666666666666664,1,2026-07-17
111,1,13.0,81.69999999999999,100.0,63.3,13,63.3,0,99.0,76.66666666666667,66.15,-22.33333333333333,1,2026-07-17
112,1,14.0,67.51428571428572,100.0,30.0,12,52.85,2,53.75,82.0,64.425,28.25,1,2026-07-17
113,1,15.0,31.466666666666665,75.0,0.0,5,62.0,10,17.0,19.0,68.5,2.0,1,2026-07-17
114,1,15.0,80.2,100.0,60.0,15,86.0,0,83.0,81.0,75.25,-2.0,1,2026-07-17
115,1,14.0,73.57142857142857,100.0,50.0,14,65.0,0,84.0,70.0,65.0,-14.0,1,2026-07-17
116,1,6.0,50.48333333333333,78.0,0.0,4,73.45,2,0.0,0.0,75.725,0.0,1,2026-07-17
117,1,15.0,92.2,100.0,50.0,15,91.5,0,100.0,100.0,70.75,0.0,1,2026-07-17
118,1,15.0,79.42,100.0,30.0,14,94.65,1,72.0,80.0,88.825,8.0,1,2026-07-17
119,1,15.0,69.7,100.0,10.0,11,77.5,4,80.0,67.0,59.25,-13.0,1,2026-07-17
120,1,14.0,88.57857142857142,100.0,64.0,14,83.05,0,100.0,92.0,73.525,-8.0,1,2026-07-17
121,1,8.0,48.625,80.0,18.5,5,31.75,3,65.0,55.0,46.375,-10.0,1,2026-07-17
122,1,14.0,92.64,100.0,78.73,14,78.73,0,100.0,96.25,80.86500000000001,-3.75,1,2026-07-17
123,1,10.0,34.05,63.0,0.0,4,63.0,6,36.25,25.0,42.0,-11.25,1,2026-07-17
124,1,15.0,80.41333333333334,95.0,69.0,15,72.1,0,83.0,85.0,70.55,2.0,1,2026-07-17
125,1,15.0,85.4,100.0,70.0,15,73.5,0,88.0,92.0,72.75,4.0,1,2026-07-17
126,1,15.0,65.63333333333334,100.0,0.0,12,54.0,3,72.0,55.0,71.5,-17.0,1,2026-07-17
127,1,11.0,38.95454545454545,85.0,0.0,6,0.0,5,42.0,85.0,26.0,43.0,1,2026-07-17
128,1,12.0,67.86666666666666,85.0,51.0,12,68.7,0,66.25,81.66666666666667,63.35,15.416666666666671,1,2026-07-17
129,1,12.0,55.0,100.0,20.0,8,30.0,4,58.0,55.0,55.0,-3.0,1,2026-07-17
130,1,8.0,64.725,100.0,23.0,6,57.4,2,76.66666666666667,0.0,66.2,0.0,1,2026-07-17
131,1,15.0,87.54666666666667,100.0,76.35,15,76.35,0,91.0,84.0,87.675,-7.0,1,2026-07-17
132,1,14.0,79.64999999999999,100.0,50.0,14,95.55,0,78.0,72.5,91.775,-5.5,1,2026-07-17
133,1,7.0,24.685714285714287,50.0,0.0,1,28.9,6,50.0,0.0,29.45,-50.0,1,2026-07-17
134,1,12.0,54.333333333333336,95.0,20.0,7,62.0,5,36.66666666666666,72.5,53.0,35.833333333333336,1,2026-07-17
135,1,14.0,78.47857142857143,100.0,37.0,12,50.35,2,96.0,90.0,43.675,-6.0,1,2026-07-17
136,1,14.0,73.15714285714286,83.85,65.0,14,83.85,0,75.0,71.0,75.925,-4.0,1,2026-07-17
137,1,15.0,78.88000000000001,100.0,50.35,15,50.35,0,89.0,88.0,52.425,-1.0,1,2026-07-17
138,1,13.0,74.6923076923077,100.0,30.0,11,88.5,2,71.25,78.75,77.75,7.5,1,2026-07-17
139,1,13.0,45.61538461538461,80.0,0.0,8,65.0,5,46.0,26.666666666666668,63.0,-19.33333333333333,1,2026-07-17
140,1,4.0,5.5,20.0,0.0,0,0.0,4,20.0,0.0,0.0,0.0,1,2026-07-17
141,1,14.0,55.29,100.0,30.0,8,43.78,6,61.0,40.0,65.64,-21.0,1,2026-07-17
142,1,14.0,89.41428571428571,100.0,75.0,14,95.9,0,92.5,90.0,87.45,-2.5,1,2026-07-17
143,1,7.0,45.142857142857146,90.0,0.0,3,0.0,4,55.0,30.0,54.0,-25.0,1,2026-07-17
144,1,10.0,62.5,95.0,0.0,7,87.0,3,60.0,72.5,58.0,12.5,1,2026-07-17
145,1,8.0,58.875,100.0,0.0,5,0.0,3,77.5,0.0,43.333333333333336,0.0,1,2026-07-17
146,1,7.0,60.07142857142857,75.0,14.5,6,55.5,1,72.5,0.0,65.25,0.0,1,2026-07-17
147,1,10.0,65.25,100.0,12.75,6,12.75,4,92.5,40.0,50.375,-52.5,1,2026-07-17
148,1,9.0,58.28888888888889,100.0,30.0,5,55.8,4,93.33333333333331,30.0,45.9,-63.33333333333333,1,2026-07-17
149,1,14.0,87.92857142857143,100.0,62.75,14,62.75,0,99.0,97.5,64.375,-1.5,1,2026-07-17
150,1,14.0,90.15,100.0,49.0,12,95.3,2,97.0,100.0,72.15,3.0,1,2026-07-17
151,1,10.0,53.9,100.0,0.0,6,0.0,4,45.0,80.0,0.0,35.0,1,2026-07-17
152,1,8.0,19.5,38.0,0.0,0,38.0,8,5.0,10.0,33.5,5.0,1,2026-07-17
153,1,13.0,52.29230769230769,65.0,10.0,10,60.4,3,51.0,45.0,62.7,-6.0,1,2026-07-17
154,1,5.0,11.4,50.0,0.0,1,0.0,4,0.0,50.0,0.6666666666666666,0.0,1,2026-07-17
155,1,6.0,0.0,0.0,0.0,0,0.0,6,0.0,0.0,0.0,0.0,1,2026-07-17
156,1,15.0,84.06,100.0,50.0,15,82.7,0,82.0,83.0,88.35,1.0,1,2026-07-17
157,1,10.0,19.15,80.0,0.0,2,0.0,8,29.0,0.0,10.666666666666666,-29.0,1,2026-07-17
158,1,8.0,8.25,33.0,0.0,0,0.0,8,0.0,0.0,22.0,0.0,1,2026-07-17
159,1,6.0,34.5,90.0,0.0,2,0.0,4,75.0,0.0,14.0,0.0,1,2026-07-17
160,1,8.0,12.5,50.0,0.0,2,0.0,6,0.0,0.0,25.0,0.0,1,2026-07-17
161,1,6.0,20.166666666666668,50.0,0.0,1,0.0,5,36.66666666666666,0.0,0.0,0.0,1,2026-07-17
162,1,12.0,29.791666666666668,80.0,0.0,5,0.0,7,49.0,40.0,0.0,-9.0,1,2026-07-17
163,1,9.0,67.22222222222223,100.0,0.0,7,0.0,2,90.0,100.0,0.0,10.0,1,2026-07-17
164,1,3.0,0.0,0.0,0.0,0,0.0,3,0.0,0.0,0.0,0.0,1,2026-07-17
165,1,5.0,33.0,80.0,0.0,2,0.0,3,75.0,0.0,0.0,0.0,1,2026-07-17
166,1,4.0,5.5,20.0,0.0,0,0.0,4,20.0,0.0,0.0,0.0,1,2026-07-17
167,1,5.0,0.0,0.0,0.0,0,0.0,5,0.0,0.0,0.0,0.0,1,2026-07-17
168,1,4.0,23.375,85.0,0.0,1,0.0,3,85.0,0.0,0.0,0.0,1,2026-07-17
169,1,6.0,0.0,0.0,0.0,0,0.0,6,0.0,0.0,0.0,0.0,1,2026-07-17
170,1,4.0,0.0,0.0,0.0,0,0.0,4,0.0,0.0,0.0,0.0,1,2026-07-17
171,1,7.0,0.0,0.0,0.0,0,0.0,7,0.0,0.0,0.0,0.0,1,2026-07-17
172,2,0.0,0.0,0.0,0.0,0,0.0,0,0.0,0.0,0.0,0.0,2,2026-07-17
173,3,0.0,0.0,0.0,0.0,0,0.0,0,0.0,0.0,0.0,0.0,2,2026-07-17
174,3,0.0,0.0,0.0,0.0,0,0.0,0,0.0,0.0,0.0,0.0,2,2026-07-17
