student_key,course_key,total_events,active_days,unique_materials,after_hours_events,weekend_events,top_material_type,lecture_material_views,assignment_views,course_page_views,forum_views,quiz_views,avg_events_per_active_day,events_per_week,weekend_ratio,after_hours_ratio,assessments_attempted,avg_score_so_far,max_score_so_far,min_score_so_far,final_mark,pass_assessment_count,latest_assessment_score,fail_assessment_count,early_exercise_avg,late_exercise_avg,assignment_avg_score,score_trend,grade_code_mode,academic_period_key,snapshot_date
1,1,1086,97,27,291,126,Assignment,5,939,142,0,0,11.195876288659791,78.37113402061856,0.1160220994475138,0.2679558011049723,0.0,0.0,0.0,0.0,0.0,0,0.0,0,0.0,0.0,0.0,0.0,No Result,1,2026-07-01
2,1,549,53,39,256,114,Course Page,147,184,192,15,0,10.358490566037736,72.50943396226415,0.2076502732240437,0.4663023679417122,15.0,70.53999999999999,100.0,0.0,41.0,10,44.8,5,95.0,72.0,34.9,-23.0,SA,1,2026-07-01
3,1,236,30,20,91,33,Course Page,50,92,93,1,0,7.866666666666666,55.06666666666667,0.1398305084745762,0.3855932203389831,12.0,58.083333333333336,100.0,0.0,0.0,9,0.0,3,66.0,63.333333333333336,41.66666666666666,-2.6666666666666643,DX,1,2026-07-01
4,1,183,33,22,72,20,Course Page,59,45,68,6,0,5.545454545454546,38.81818181818182,0.1092896174863388,0.3934426229508196,15.0,83.28666666666666,100.0,60.0,49.0,15,61.9,0,79.0,98.0,68.95,19.0,S,1,2026-07-01
5,1,356,55,25,169,50,Course Page,61,130,165,0,0,6.472727272727273,45.30909090909091,0.1404494382022472,0.4747191011235955,15.0,86.00666666666666,100.0,10.0,86.0,14,93.05,1,71.0,97.0,91.525,26.0,HD,1,2026-07-01
6,1,852,92,60,469,168,Course Page,73,300,428,10,0,9.26086956521739,64.82608695652173,0.1971830985915492,0.5504694835680751,15.0,81.62666666666668,100.0,54.0,0.0,15,60.45,0,87.0,94.0,57.225,7.0,DX,1,2026-07-01
7,1,1292,123,34,121,405,Course Page,379,194,695,16,0,10.504065040650406,73.52845528455283,0.3134674922600619,0.0936532507739938,15.0,53.53333333333333,80.0,31.0,46.0,9,68.0,6,51.0,59.0,49.5,8.0,S,1,2026-07-01
8,1,301,48,20,244,87,Course Page,74,72,151,0,0,6.270833333333333,43.895833333333336,0.2890365448504983,0.8106312292358804,15.0,57.940000000000005,94.0,0.0,46.0,11,71.05,4,46.0,52.0,82.525,6.0,S,1,2026-07-01
9,1,365,47,23,125,25,Assignment,60,160,144,1,0,7.76595744680851,54.361702127659576,0.0684931506849315,0.3424657534246575,15.0,67.83733333333333,100.0,0.0,75.0,12,52.28,3,94.0,40.0,70.14,-54.0,D,1,2026-07-01
10,1,158,23,15,87,24,Course Page,15,48,90,3,0,6.869565217391305,48.08695652173913,0.1518987341772152,0.5506329113924051,11.0,60.08181818181818,95.0,10.0,32.0,6,84.7,5,56.25,70.0,64.85,13.75,N,1,2026-07-01
11,1,229,35,18,92,55,Course Page,12,68,146,2,0,6.542857142857143,45.8,0.2401746724890829,0.4017467248908297,14.0,77.07142857142857,100.0,0.0,33.0,12,0.0,2,88.0,78.0,55.333333333333336,-10.0,N,1,2026-07-01
12,1,1221,84,42,307,252,Course Page,264,268,630,30,0,14.535714285714286,101.75,0.2063882063882063,0.2514332514332514,15.0,79.43333333333334,100.0,40.0,75.0,14,87.0,1,86.0,79.0,71.0,-7.0,D,1,2026-07-01
13,1,187,38,22,80,27,Course Page,39,41,67,36,0,4.921052631578948,34.44736842105263,0.1443850267379679,0.427807486631016,15.0,98.49333333333334,100.0,88.7,76.0,15,88.7,0,100.0,100.0,94.35,0.0,D,1,2026-07-01
14,1,141,28,19,20,16,Assignment,35,39,39,27,0,5.035714285714286,35.25,0.1134751773049645,0.1418439716312056,14.0,82.82142857142857,100.0,0.0,50.0,13,0.0,1,90.0,91.0,54.66666666666666,1.0,P,1,2026-07-01
15,1,1194,97,48,851,231,Assignment,41,658,477,12,0,12.309278350515465,86.16494845360825,0.1934673366834171,0.7127303182579564,15.0,88.74666666666667,100.0,70.0,59.0,15,81.1,0,92.0,94.0,77.05,2.0,P,1,2026-07-01
16,1,733,68,27,439,250,Course Page,201,137,384,1,0,10.779411764705882,75.45588235294119,0.3410641200545702,0.5989085948158254,15.0,68.83333333333333,100.0,0.0,51.0,12,20.25,3,86.0,66.0,49.125,-20.0,P,1,2026-07-01
17,1,43,8,9,15,13,Course Page,7,17,19,0,0,5.375,37.625,0.3023255813953488,0.3488372093023256,7.0,35.857142857142854,100.0,0.0,5.0,3,0.0,4,73.33333333333333,0.0,3.0,0.0,N,1,2026-07-01
18,1,49,5,9,2,48,Course Page,0,8,41,0,0,9.8,68.6,0.979591836734694,0.0408163265306122,6.0,0.0,0.0,0.0,0.0,0,0.0,6,0.0,0.0,0.0,0.0,N,1,2026-07-01
19,1,535,71,33,216,111,Course Page,185,76,247,20,0,7.535211267605634,52.74647887323944,0.2074766355140186,0.4037383177570093,15.0,93.65333333333334,100.0,70.0,83.0,15,93.15,0,90.0,97.0,94.075,7.0,HD,1,2026-07-01
20,1,161,22,32,67,57,Course Page,50,40,55,1,0,7.318181818181818,51.22727272727273,0.3540372670807453,0.4161490683229814,8.0,53.875,100.0,20.0,34.0,4,65.0,4,100.0,20.0,47.25,-80.0,N,1,2026-07-01
21,1,268,41,40,101,55,Assignment,77,87,85,9,0,6.536585365853658,45.75609756097561,0.2052238805970149,0.376865671641791,8.0,67.8875,100.0,26.5,50.0,7,62.3,1,97.5,70.0,62.9,-27.5,P,1,2026-07-01
22,1,1203,111,36,221,239,Course Page,127,292,765,7,0,10.83783783783784,75.86486486486486,0.198669991687448,0.1837073981712385,15.0,96.584,100.0,88.13,83.0,15,88.13,0,98.0,97.0,94.065,-1.0,HD,1,2026-07-01
23,1,402,58,26,119,59,Lecture Material,174,50,165,11,0,6.931034482758621,48.51724137931034,0.1467661691542288,0.2960199004975124,15.0,85.1,100.0,55.5,83.0,15,74.0,0,94.0,91.0,64.75,-3.0,HD,1,2026-07-01
24,1,248,30,18,85,9,Course Page,57,41,129,21,0,8.266666666666667,57.86666666666667,0.0362903225806451,0.3427419354838709,9.0,83.38888888888889,100.0,38.5,40.0,8,75.5,1,96.25,0.0,81.75,0.0,SA,1,2026-07-01
25,1,382,49,30,148,43,Course Page,92,101,182,2,0,7.795918367346939,54.57142857142857,0.112565445026178,0.387434554973822,15.0,77.36,100.0,46.2,40.0,13,46.2,2,81.0,83.0,64.6,2.0,SA,1,2026-07-01
26,1,415,47,37,205,80,Lecture Material,156,81,131,38,0,8.829787234042554,61.80851063829787,0.1927710843373494,0.4939759036144578,12.0,38.083333333333336,70.0,0.0,18.0,4,0.0,8,56.66666666666666,36.0,24.0,-20.666666666666664,N,1,2026-07-01
27,1,266,37,17,58,37,Course Page,76,62,128,0,0,7.1891891891891895,50.32432432432432,0.1390977443609022,0.2180451127819548,13.0,51.68461538461538,80.0,30.0,24.0,6,46.45,7,60.0,50.0,44.225,-10.0,N,1,2026-07-01
28,1,7,3,4,3,0,Course Page,0,3,4,0,0,2.333333333333333,16.333333333333336,0.0,0.4285714285714285,4.0,26.125,95.0,0.0,2.0,1,0.0,3,0.0,95.0,0.0,0.0,N,1,2026-07-01
29,1,379,49,37,83,71,Course Page,81,131,147,19,0,7.73469387755102,54.142857142857146,0.1873350923482849,0.2189973614775725,14.0,75.61428571428571,100.0,56.05,59.0,14,56.05,0,83.0,85.0,57.025,2.0,P,1,2026-07-01
30,1,111,26,18,40,35,Course Page,15,41,49,3,0,4.269230769230769,29.884615384615383,0.3153153153153153,0.3603603603603603,9.0,41.66666666666666,95.0,5.5,17.0,4,5.5,5,52.5,0.0,36.0,0.0,N,1,2026-07-01
31,1,362,46,37,114,38,Course Page,95,117,130,11,0,7.869565217391305,55.08695652173913,0.1049723756906077,0.3149171270718232,15.0,90.15333333333334,100.0,65.8,72.0,15,65.8,0,97.4,90.0,80.4,-7.400000000000006,D,1,2026-07-01
32,1,450,59,50,32,54,Assignment,44,226,161,15,0,7.627118644067797,53.389830508474574,0.12,0.0711111111111111,14.0,84.09285714285714,100.0,59.0,75.0,14,59.4,0,91.25,98.0,59.2,6.75,D,1,2026-07-01
33,1,317,43,31,69,101,Course Page,56,72,166,17,0,7.372093023255814,51.604651162790695,0.3186119873817035,0.2176656151419558,15.0,88.39666666666668,100.0,60.0,49.0,15,91.3,0,78.0,100.0,86.7375,22.0,S,1,2026-07-01
34,1,501,58,28,365,130,Course Page,90,166,230,13,0,8.637931034482758,60.4655172413793,0.2594810379241516,0.7285429141716567,13.0,76.96153846153847,100.0,20.0,44.0,11,83.0,2,81.0,73.33333333333333,78.25,-7.666666666666671,SA,1,2026-07-01
35,1,338,51,34,46,17,Course Page,83,113,123,6,0,6.627450980392157,46.3921568627451,0.0502958579881656,0.136094674556213,15.0,84.97333333333333,100.0,70.35,48.0,15,70.35,0,87.8,90.0,74.175,2.200000000000003,S,1,2026-07-01
36,1,402,48,30,141,60,Course Page,98,87,188,0,0,8.375,58.625,0.1492537313432835,0.3507462686567164,15.0,67.6,90.0,35.0,56.0,13,64.5,2,67.0,63.0,74.75,-4.0,P,1,2026-07-01
37,1,212,36,15,16,4,Course Page,34,60,115,3,0,5.888888888888889,41.22222222222222,0.0188679245283018,0.0754716981132075,14.0,77.27142857142857,95.0,55.0,54.0,14,81.4,0,79.0,73.75,80.7,-5.25,P,1,2026-07-01
38,1,846,84,39,256,166,Course Page,151,242,403,20,0,10.071428571428571,70.5,0.1962174940898345,0.3026004728132387,15.0,67.25333333333333,92.0,35.0,45.0,12,79.65,3,62.0,59.0,85.825,-3.0,S,1,2026-07-01
39,1,211,50,37,41,40,Lecture Material,70,58,59,6,0,4.22,29.54,0.1895734597156398,0.1943127962085308,15.0,81.94266666666667,100.0,61.57,70.0,15,61.57,0,94.0,82.0,65.285,-12.0,D,1,2026-07-01
40,1,321,40,22,154,30,Assignment,31,178,111,1,0,8.025,56.175,0.0934579439252336,0.4797507788161994,14.0,62.392857142857146,100.0,19.0,34.0,12,19.0,2,75.0,72.5,35.5,-2.5,N,1,2026-07-01
41,1,409,43,27,225,101,Course Page,80,122,196,10,0,9.511627906976743,66.5813953488372,0.2469437652811736,0.5501222493887531,10.0,38.9,60.0,0.0,15.0,5,46.0,5,40.0,55.0,30.666666666666668,15.0,N,1,2026-07-01
42,1,266,42,20,128,22,Assignment,34,130,101,1,0,6.333333333333333,44.333333333333336,0.0827067669172932,0.4812030075187969,13.0,84.34615384615384,100.0,60.0,62.0,13,60.0,0,91.0,93.33333333333331,72.0,2.3333333333333286,C,1,2026-07-01
43,1,611,63,36,334,99,Course Page,113,77,402,1,0,9.698412698412698,67.88888888888889,0.1620294599018003,0.546644844517185,14.0,82.27857142857144,100.0,45.0,43.0,13,85.95,1,85.0,88.0,73.475,3.0,SA,1,2026-07-01
44,1,367,38,26,107,75,Course Page,90,96,174,7,0,9.657894736842104,67.60526315789474,0.2043596730245231,0.2915531335149863,13.0,83.9076923076923,100.0,67.9,60.0,13,67.9,0,93.0,88.33333333333333,71.95,-4.666666666666671,C,1,2026-07-01
45,1,478,62,56,257,73,Assignment,68,193,193,8,0,7.709677419354839,53.967741935483865,0.1527196652719665,0.5376569037656904,15.0,89.08666666666666,100.0,65.0,71.0,15,79.15,0,88.0,92.0,86.575,4.0,D,1,2026-07-01
46,1,265,40,22,79,64,Course Page,74,59,118,13,0,6.625,46.375,0.2415094339622641,0.2981132075471698,15.0,72.78666666666666,90.0,40.0,46.0,14,69.65,1,69.0,82.0,65.325,13.0,S,1,2026-07-01
47,1,330,53,26,156,115,Course Page,20,138,163,6,0,6.226415094339623,43.58490566037736,0.3484848484848485,0.4727272727272727,15.0,83.44666666666667,100.0,60.0,43.0,15,75.85,0,81.0,87.0,81.925,6.0,SA,1,2026-07-01
48,1,384,48,32,109,98,Course Page,121,96,160,1,0,8.0,56.0,0.2552083333333333,0.2838541666666667,15.0,72.25733333333332,100.0,25.0,48.0,12,51.43,3,86.0,56.0,75.715,-30.0,S,1,2026-07-01
49,1,439,34,30,366,158,Course Page,151,56,192,32,0,12.911764705882351,90.38235294117648,0.3599088838268792,0.8337129840546698,9.0,63.333333333333336,100.0,29.0,26.0,8,64.5,1,65.0,80.0,62.75,15.0,N,1,2026-07-01
50,1,254,35,41,64,8,Lecture Material,84,37,75,36,0,7.257142857142857,50.8,0.0314960629921259,0.2519685039370078,13.0,46.2,84.0,20.0,60.0,6,51.3,7,40.0,33.333333333333336,67.65,-6.666666666666664,C,1,2026-07-01
51,1,270,57,27,125,41,Course Page,52,94,106,12,0,4.7368421052631575,33.15789473684211,0.1518518518518518,0.4629629629629629,14.0,87.73571428571428,100.0,50.0,82.0,14,97.9,0,89.0,82.5,93.95,-6.5,HD,1,2026-07-01
52,1,244,32,23,120,39,Lecture Material,95,36,94,10,0,7.625,53.375,0.1598360655737705,0.4918032786885246,15.0,71.03333333333333,100.0,50.0,62.0,15,68.0,0,82.0,67.0,61.5,-15.0,C,1,2026-07-01
53,1,267,42,21,60,79,Course Page,76,66,121,4,0,6.357142857142857,44.5,0.2958801498127341,0.2247191011235955,12.0,57.03333333333333,100.0,19.7,37.0,7,19.7,5,72.0,50.0,44.6,-22.0,N,1,2026-07-01
54,1,748,69,41,322,144,Course Page,91,227,378,1,0,10.840579710144928,75.88405797101449,0.1925133689839572,0.4304812834224599,13.0,74.99230769230769,100.0,30.0,41.0,10,76.45,3,67.5,97.5,62.225,30.0,SA,1,2026-07-01
55,1,711,68,25,147,179,Course Page,50,94,552,6,0,10.455882352941176,73.19117647058825,0.2517580872011252,0.2067510548523206,11.0,45.13636363636363,75.0,0.0,22.0,4,44.0,7,48.75,20.0,59.5,-28.75,N,1,2026-07-01
56,1,261,40,25,71,64,Course Page,39,99,113,8,0,6.525,45.675,0.2452107279693486,0.2720306513409962,15.0,78.56666666666666,100.0,0.0,60.0,14,84.0,1,92.0,59.0,87.0,-33.0,C,1,2026-07-01
57,1,176,38,16,78,22,Course Page,12,45,119,0,0,4.631578947368421,32.421052631578945,0.125,0.4431818181818182,6.0,57.333333333333336,100.0,10.0,47.0,5,62.0,1,100.0,0.0,58.5,0.0,S,1,2026-07-01
58,1,387,46,28,135,68,Course Page,106,46,223,11,0,8.41304347826087,58.891304347826086,0.1757105943152454,0.3488372093023256,12.0,26.375,55.0,0.0,20.0,4,53.75,8,17.5,6.666666666666667,54.375,-10.833333333333332,N,1,2026-07-01
59,1,221,28,16,77,28,Course Page,50,48,123,0,0,7.892857142857143,55.25,0.1266968325791855,0.3484162895927601,9.0,55.67777777777778,85.0,29.0,19.0,6,36.05,3,78.33333333333333,55.0,45.525,-23.33333333333333,N,1,2026-07-01
60,1,455,69,27,180,125,Course Page,46,177,214,15,0,6.594202898550725,46.15942028985507,0.2747252747252747,0.3956043956043956,15.0,90.91333333333334,100.0,80.0,65.0,15,84.15,0,91.8,91.0,89.575,-0.7999999999999972,C,1,2026-07-01
61,1,280,49,34,118,59,Lecture Material,106,64,88,14,0,5.714285714285714,40.0,0.2107142857142857,0.4214285714285714,15.0,91.0,100.0,60.0,83.0,15,80.0,0,98.0,88.0,85.5,-10.0,HD,1,2026-07-01
62,1,220,37,28,98,71,Course Page,50,58,105,4,0,5.945945945945946,41.62162162162162,0.3227272727272727,0.4454545454545454,15.0,74.58,95.0,50.0,48.0,15,88.35,0,79.0,69.0,76.175,-10.0,S,1,2026-07-01
63,1,347,53,31,118,41,Course Page,49,77,204,5,0,6.547169811320755,45.83018867924528,0.1181556195965417,0.3400576368876081,14.0,79.5,100.0,40.0,46.0,13,65.5,1,88.0,75.0,74.75,-13.0,S,1,2026-07-01
64,1,551,30,28,345,60,Course Page,76,49,410,9,0,18.366666666666667,128.56666666666666,0.1088929219600726,0.6261343012704175,10.0,48.73,80.0,10.0,23.0,7,65.65,3,40.0,50.0,61.325,10.0,N,1,2026-07-01
65,1,408,50,34,165,38,Course Page,56,137,180,15,0,8.16,57.12,0.0931372549019607,0.4044117647058823,15.0,83.24666666666667,95.0,58.0,58.0,15,88.4,0,83.8,90.0,73.2,6.200000000000003,P,1,2026-07-01
66,1,213,44,24,39,47,Lecture Material,77,59,74,3,0,4.840909090909091,33.88636363636364,0.2206572769953051,0.1830985915492957,15.0,74.21333333333334,100.0,30.0,46.0,14,72.35,1,66.0,77.0,81.675,11.0,S,1,2026-07-01
67,1,193,18,42,172,40,Assignment,39,110,34,7,0,10.72222222222222,75.05555555555554,0.2072538860103626,0.8911917098445595,15.0,87.22666666666667,100.0,67.7,70.0,15,67.7,0,96.0,86.0,76.85,-10.0,D,1,2026-07-01
68,1,503,74,31,73,85,Course Page,85,69,342,2,0,6.797297297297297,47.58108108108108,0.1689860834990059,0.1451292246520874,15.0,75.48666666666666,100.0,30.0,44.0,12,41.65,3,72.0,90.0,60.325,18.0,SA,1,2026-07-01
69,1,151,33,22,57,12,Course Page,26,46,78,0,0,4.575757575757576,32.03030303030303,0.0794701986754966,0.3774834437086092,15.0,71.59466666666667,100.0,47.21,58.0,13,47.21,2,74.0,75.0,63.605,1.0,P,1,2026-07-01
70,1,463,46,24,105,76,Course Page,96,89,268,8,0,10.065217391304348,70.45652173913044,0.1641468682505399,0.2267818574514039,15.0,95.83733333333332,100.0,88.28,85.0,15,88.28,0,98.0,96.0,92.64,-2.0,HD,1,2026-07-01
71,1,91,20,14,38,25,Assignment,4,58,24,5,0,4.55,31.85,0.2747252747252747,0.4175824175824176,14.0,54.642857142857146,80.0,0.0,30.0,10,66.0,4,55.0,42.0,73.0,-13.0,N,1,2026-07-01
72,1,452,50,31,192,33,Course Page,80,149,207,8,0,9.04,63.28,0.0730088495575221,0.4247787610619469,15.0,75.97333333333333,100.0,40.0,66.0,14,96.3,1,80.0,62.0,89.65,-18.0,C,1,2026-07-01
73,1,252,39,35,169,48,Assignment,26,106,99,16,0,6.461538461538462,45.23076923076923,0.1904761904761904,0.6706349206349206,10.0,53.4,100.0,0.0,11.0,5,0.0,5,80.0,75.0,9.333333333333334,-5.0,N,1,2026-07-01
74,1,327,60,18,149,59,Course Page,53,60,209,0,0,5.45,38.15,0.1804281345565749,0.45565749235474,15.0,76.5,95.0,30.0,54.0,14,50.0,1,76.0,81.0,71.0,5.0,P,1,2026-07-01
75,1,494,65,24,261,106,Course Page,21,232,240,0,0,7.6,53.2,0.2145748987854251,0.52834008097166,14.0,73.39285714285714,100.0,40.0,55.0,11,41.0,3,70.0,93.75,57.5,23.75,P,1,2026-07-01
76,1,187,29,28,42,24,Assignment,27,78,78,1,0,6.448275862068965,45.137931034482754,0.1283422459893048,0.2245989304812834,15.0,64.23333333333333,100.0,20.0,53.0,11,45.0,4,76.0,61.0,52.5,-15.0,P,1,2026-07-01
77,1,220,35,24,90,28,Course Page,69,45,85,15,0,6.285714285714286,44.0,0.1272727272727272,0.4090909090909091,10.0,70.47,100.0,38.0,50.0,9,89.35,1,70.0,100.0,71.675,30.0,P,1,2026-07-01
78,1,445,66,27,247,87,Course Page,56,56,321,5,0,6.742424242424242,47.196969696969695,0.195505617977528,0.5550561797752809,14.0,76.72142857142856,100.0,50.0,39.0,14,73.3,0,71.25,78.0,82.9,6.75,N,1,2026-07-01
79,1,375,47,29,104,82,Course Page,116,103,145,3,0,7.97872340425532,55.85106382978723,0.2186666666666666,0.2773333333333333,14.0,70.85714285714286,100.0,40.0,63.0,13,63.0,1,86.0,65.0,58.25,-21.0,C,1,2026-07-01
80,1,333,56,21,151,116,Course Page,52,86,193,2,0,5.946428571428571,41.625,0.3483483483483483,0.4534534534534534,15.0,81.77333333333333,100.0,65.0,67.0,15,79.3,0,86.0,78.0,81.15,-8.0,C,1,2026-07-01
81,1,511,76,38,129,125,Lecture Material,176,149,152,22,0,6.723684210526316,47.065789473684205,0.2446183953033268,0.2524461839530332,15.0,35.906666666666666,75.0,10.0,25.0,4,48.8,11,15.0,55.0,38.4,40.0,N,1,2026-07-01
82,1,657,66,29,253,82,Course Page,111,236,299,7,0,9.954545454545457,69.68181818181819,0.1248097412480974,0.3850837138508371,15.0,92.12666666666668,100.0,70.0,73.0,15,88.7,0,90.0,93.0,93.85,3.0,D,1,2026-07-01
83,1,325,50,23,92,61,Course Page,36,69,212,7,0,6.5,45.5,0.1876923076923076,0.283076923076923,15.0,68.04,100.0,40.0,30.0,12,45.3,3,69.0,79.0,51.65,10.0,N,1,2026-07-01
84,1,353,46,24,160,45,Course Page,63,58,227,3,0,7.673913043478261,53.71739130434783,0.1274787535410765,0.4532577903682719,15.0,83.09333333333333,100.0,69.0,52.0,15,70.2,0,84.0,92.0,69.6,8.0,P,1,2026-07-01
85,1,191,35,19,87,43,Course Page,15,72,103,1,0,5.457142857142857,38.2,0.225130890052356,0.4554973821989528,15.0,69.76666666666667,100.0,0.0,21.0,10,0.0,5,79.0,100.0,15.5,21.0,N,1,2026-07-01
86,1,343,47,32,174,43,Course Page,84,66,165,16,0,7.297872340425532,51.08510638297872,0.1253644314868804,0.5072886297376094,12.0,57.76666666666667,100.0,20.0,30.0,8,68.1,4,65.0,43.333333333333336,66.05,-21.666666666666664,N,1,2026-07-01
87,1,120,14,16,27,13,Assignment,13,60,45,1,0,8.571428571428571,60.0,0.1083333333333333,0.225,14.0,59.17857142857143,100.0,0.0,41.0,9,56.0,5,55.0,75.0,49.0,20.0,SA,1,2026-07-01
88,1,109,19,12,27,28,Course Page,17,37,55,0,0,5.7368421052631575,40.1578947368421,0.2568807339449541,0.2477064220183486,9.0,74.33333333333333,100.0,0.0,62.0,7,86.5,2,75.0,0.0,84.75,0.0,C,1,2026-07-01
89,1,284,62,20,165,64,Assignment,25,144,100,4,0,4.580645161290323,32.064516129032256,0.2253521126760563,0.5809859154929577,8.0,14.0,38.0,0.0,9.0,0,38.0,8,0.0,0.0,28.0,0.0,N,1,2026-07-01
90,1,502,51,32,95,64,Course Page,81,171,227,15,0,9.84313725490196,68.90196078431373,0.1274900398406374,0.1892430278884462,15.0,87.90666666666667,100.0,79.0,73.0,15,82.55,0,92.0,89.0,80.775,-3.0,D,1,2026-07-01
91,1,311,51,28,149,41,Course Page,60,78,152,13,0,6.098039215686274,42.68627450980392,0.1318327974276527,0.4790996784565916,15.0,84.86,100.0,50.0,72.0,15,84.95,0,74.0,92.0,89.975,18.0,D,1,2026-07-01
92,1,488,51,41,75,94,Course Page,129,146,180,28,0,9.568627450980392,66.98039215686275,0.1926229508196721,0.1536885245901639,10.0,78.85,100.0,43.5,40.0,9,72.5,1,78.33333333333333,100.0,77.5,21.66666666666667,SA,1,2026-07-01
93,1,188,31,24,45,7,Course Page,59,53,63,7,0,6.064516129032258,42.4516129032258,0.0372340425531914,0.2393617021276596,13.0,32.19230769230769,60.0,0.0,33.0,3,23.0,10,41.0,26.666666666666668,26.25,-14.333333333333332,N,1,2026-07-01
94,1,417,35,26,164,46,Course Page,146,107,160,0,0,11.914285714285716,83.4,0.1103117505995203,0.3932853717026379,14.0,53.785714285714285,90.0,17.0,51.0,8,17.0,6,75.0,56.25,23.25,-18.75,P,1,2026-07-01
95,1,244,31,34,137,72,Course Page,42,96,97,1,0,7.870967741935484,55.096774193548384,0.2950819672131147,0.5614754098360656,12.0,41.833333333333336,86.0,0.0,0.0,4,0.0,8,55.0,26.666666666666668,43.0,-28.33333333333333,DX,1,2026-07-01
96,1,780,74,46,653,188,Assignment,80,351,337,12,0,10.54054054054054,73.78378378378379,0.241025641025641,0.8371794871794872,15.0,68.36,100.0,1.2,25.0,11,1.2,4,82.0,88.0,22.6,6.0,N,1,2026-07-01
97,1,157,35,15,39,54,Course Page,51,45,56,5,0,4.485714285714286,31.4,0.3439490445859872,0.2484076433121019,12.0,76.825,100.0,55.5,44.0,12,55.7,0,88.33333333333333,72.5,77.85,-15.833333333333329,SA,1,2026-07-01
98,1,145,23,16,67,31,Course Page,49,29,66,0,0,6.304347826086956,44.130434782608695,0.2137931034482758,0.4620689655172413,8.0,51.275,100.0,0.0,28.0,5,73.1,3,40.0,0.0,69.55,0.0,N,1,2026-07-01
99,1,417,49,36,77,31,Course Page,129,78,183,12,0,8.510204081632653,59.57142857142857,0.0743405275779376,0.184652278177458,14.0,74.25,100.0,0.0,60.0,13,79.0,1,90.0,53.75,77.0,-36.25,C,1,2026-07-01
100,1,57,20,5,8,6,Course Page,1,2,53,1,0,2.85,19.95,0.1052631578947368,0.1403508771929824,10.0,41.15,75.0,0.0,10.0,5,0.0,5,61.25,50.0,21.75,-11.25,N,1,2026-07-01
101,1,733,50,30,296,161,Course Page,182,118,423,0,0,14.66,102.62,0.2196452933151432,0.4038199181446112,15.0,71.86666666666666,90.0,43.0,38.0,13,67.0,2,74.0,82.0,55.0,8.0,N,1,2026-07-01
102,1,121,15,11,53,24,Course Page,21,43,57,0,0,8.066666666666666,56.46666666666667,0.1983471074380165,0.4380165289256198,8.0,10.375,25.0,0.0,2.0,0,0.0,8,16.666666666666668,20.0,2.0,3.333333333333332,N,1,2026-07-01
103,1,444,81,45,215,128,Course Page,44,160,234,5,0,5.481481481481482,38.37037037037037,0.2882882882882883,0.4842342342342342,15.0,89.96666666666667,100.0,40.0,74.0,13,93.0,2,97.0,100.0,66.5,3.0,D,1,2026-07-01
104,1,421,72,28,140,80,Assignment,141,143,101,36,0,5.847222222222222,40.93055555555555,0.1900237529691211,0.332541567695962,15.0,91.53333333333332,100.0,75.0,72.0,15,94.0,0,96.0,86.0,93.0,-10.0,D,1,2026-07-01
105,1,211,40,22,90,30,Course Page,36,74,95,5,0,5.275,36.925,0.1421800947867298,0.4265402843601896,12.0,65.48333333333333,90.0,25.0,36.0,10,65.65,2,76.0,57.5,60.325,-18.5,N,1,2026-07-01
106,1,638,68,43,395,140,Course Page,75,188,345,7,0,9.382352941176473,65.6764705882353,0.219435736677116,0.6191222570532915,14.0,48.75714285714286,100.0,0.0,33.0,8,32.8,6,46.0,60.0,41.4,14.0,N,1,2026-07-01
107,1,678,69,46,174,108,Course Page,158,180,300,2,0,9.826086956521738,68.78260869565217,0.1592920353982301,0.2566371681415929,14.0,68.35714285714286,100.0,30.0,53.0,13,77.0,1,70.0,65.0,71.5,-5.0,P,1,2026-07-01
108,1,333,32,25,260,79,Course Page,105,66,151,9,0,10.40625,72.84375,0.2372372372372372,0.7807807807807807,14.0,58.46428571428572,85.0,0.0,57.0,12,76.0,2,70.0,38.75,65.75,-31.25,P,1,2026-07-01
109,1,205,30,19,103,6,Course Page,49,46,110,0,0,6.833333333333333,47.833333333333336,0.0292682926829268,0.5024390243902439,11.0,68.95454545454545,90.0,43.5,66.0,10,85.0,1,67.5,82.5,70.0,15.0,C,1,2026-07-01
110,1,251,30,30,194,56,Assignment,37,104,104,2,0,8.366666666666667,58.56666666666667,0.2231075697211155,0.7729083665338645,10.0,51.2,70.0,27.0,22.0,6,58.5,4,56.66666666666666,50.0,53.75,-6.666666666666664,N,1,2026-07-01
111,1,257,25,34,153,18,Assignment,17,147,92,1,0,10.28,71.96,0.0700389105058365,0.5953307392996109,13.0,81.69999999999999,100.0,63.3,45.0,13,63.3,0,99.0,76.66666666666667,66.15,-22.33333333333333,S,1,2026-07-01
112,1,189,26,24,79,31,Assignment,22,80,77,2,0,7.269230769230769,50.88461538461538,0.164021164021164,0.4179894179894179,14.0,67.51428571428572,100.0,30.0,52.0,12,52.85,2,53.75,82.0,64.425,28.25,P,1,2026-07-01
113,1,502,67,30,198,77,Course Page,61,120,293,1,0,7.492537313432836,52.44776119402985,0.1533864541832669,0.3944223107569721,15.0,31.466666666666665,75.0,0.0,24.0,5,62.0,10,17.0,19.0,68.5,2.0,N,1,2026-07-01
114,1,157,22,22,85,4,Assignment,15,92,46,0,0,7.136363636363637,49.95454545454545,0.0254777070063694,0.5414012738853503,15.0,80.2,100.0,60.0,68.0,15,86.0,0,83.0,81.0,75.25,-2.0,C,1,2026-07-01
115,1,455,47,27,73,70,Course Page,106,151,195,2,0,9.680851063829786,67.76595744680851,0.1538461538461538,0.1604395604395604,14.0,73.57142857142857,100.0,50.0,58.0,14,65.0,0,84.0,70.0,65.0,-14.0,P,1,2026-07-01
116,1,127,18,13,91,43,Course Page,11,45,62,8,0,7.055555555555555,49.388888888888886,0.3385826771653543,0.7165354330708661,6.0,50.48333333333333,78.0,0.0,23.0,4,73.45,2,0.0,0.0,75.725,0.0,N,1,2026-07-01
117,1,105,20,22,8,9,Assignment,27,53,23,2,0,5.25,36.75,0.0857142857142857,0.0761904761904762,15.0,92.2,100.0,50.0,82.0,15,91.5,0,100.0,100.0,70.75,0.0,HD,1,2026-07-01
118,1,803,74,32,219,117,Assignment,146,351,295,7,0,10.85135135135135,75.95945945945947,0.1457036114570361,0.2727272727272727,15.0,79.42,100.0,30.0,64.0,14,94.65,1,72.0,80.0,88.825,8.0,C,1,2026-07-01
119,1,165,29,22,66,9,Course Page,40,59,66,0,0,5.689655172413793,39.82758620689655,0.0545454545454545,0.4,15.0,69.7,100.0,10.0,50.0,11,77.5,4,80.0,67.0,59.25,-13.0,P,1,2026-07-01
120,1,191,37,15,42,34,Course Page,63,35,90,3,0,5.162162162162162,36.13513513513514,0.1780104712041884,0.2198952879581152,14.0,88.57857142857142,100.0,64.0,61.0,14,83.05,0,100.0,92.0,73.525,-8.0,C,1,2026-07-01
121,1,230,27,33,108,45,Course Page,81,40,100,2,0,8.518518518518519,59.629629629629626,0.1956521739130435,0.4695652173913043,8.0,48.625,80.0,18.5,25.0,5,31.75,3,65.0,55.0,46.375,-10.0,N,1,2026-07-01
122,1,171,22,24,12,4,Assignment,44,66,59,0,0,7.772727272727272,54.409090909090914,0.023391812865497,0.0701754385964912,14.0,92.64,100.0,78.73,64.0,14,78.73,0,100.0,96.25,80.86500000000001,-3.75,C,1,2026-07-01
123,1,134,21,26,64,13,Lecture Material,46,38,44,4,0,6.380952380952381,44.66666666666666,0.0970149253731343,0.4776119402985074,10.0,34.05,63.0,0.0,18.0,4,63.0,6,36.25,25.0,42.0,-11.25,N,1,2026-07-01
124,1,599,89,29,211,134,Course Page,191,65,320,22,0,6.730337078651686,47.1123595505618,0.2237061769616026,0.352253756260434,15.0,80.41333333333334,95.0,69.0,72.0,15,72.1,0,83.0,85.0,70.55,2.0,D,1,2026-07-01
125,1,669,89,33,185,153,Course Page,200,107,351,8,0,7.51685393258427,52.61797752808989,0.2286995515695067,0.2765321375186846,15.0,85.4,100.0,70.0,75.0,15,73.5,0,88.0,92.0,72.75,4.0,D,1,2026-07-01
126,1,205,29,20,22,83,Assignment,35,88,78,2,0,7.068965517241379,49.48275862068965,0.4048780487804878,0.1073170731707317,15.0,65.63333333333334,100.0,0.0,53.0,12,54.0,3,72.0,55.0,71.5,-17.0,P,1,2026-07-01
127,1,169,28,19,91,35,Course Page,36,50,83,0,0,6.035714285714286,42.25,0.2071005917159763,0.5384615384615384,11.0,38.95454545454545,85.0,0.0,23.0,6,0.0,5,42.0,85.0,26.0,43.0,N,1,2026-07-01
128,1,230,44,23,71,45,Course Page,19,97,104,5,0,5.227272727272728,36.59090909090909,0.1956521739130435,0.308695652173913,12.0,67.86666666666666,85.0,51.0,30.0,12,68.7,0,66.25,81.66666666666667,63.35,15.416666666666671,N,1,2026-07-01
129,1,662,60,34,264,156,Course Page,178,162,309,1,0,11.033333333333331,77.23333333333333,0.2356495468277945,0.3987915407854985,12.0,55.0,100.0,20.0,24.0,8,30.0,4,58.0,55.0,55.0,-3.0,N,1,2026-07-01
130,1,183,31,15,70,30,Assignment,35,76,72,0,0,5.903225806451613,41.32258064516129,0.1639344262295081,0.3825136612021858,8.0,64.725,100.0,23.0,25.0,6,57.4,2,76.66666666666667,0.0,66.2,0.0,N,1,2026-07-01
131,1,261,35,29,76,37,Course Page,72,72,102,8,0,7.457142857142857,52.2,0.1417624521072797,0.2911877394636015,15.0,87.54666666666667,100.0,76.35,82.0,15,76.35,0,91.0,84.0,87.675,-7.0,HD,1,2026-07-01
132,1,341,42,28,97,27,Course Page,29,127,169,10,0,8.119047619047619,56.833333333333336,0.0791788856304985,0.2844574780058651,14.0,79.64999999999999,100.0,50.0,63.0,14,95.55,0,78.0,72.5,91.775,-5.5,C,1,2026-07-01
133,1,157,18,18,49,16,Course Page,25,54,70,0,0,8.722222222222221,61.05555555555555,0.1019108280254777,0.3121019108280254,7.0,24.685714285714287,50.0,0.0,10.0,1,28.9,6,50.0,0.0,29.45,-50.0,N,1,2026-07-01
134,1,418,37,31,214,88,Course Page,121,75,201,15,0,11.297297297297296,79.08108108108108,0.2105263157894736,0.5119617224880383,12.0,54.333333333333336,95.0,20.0,27.0,7,62.0,5,36.66666666666666,72.5,53.0,35.833333333333336,N,1,2026-07-01
135,1,237,30,37,175,32,Assignment,25,140,70,1,0,7.9,55.3,0.1350210970464135,0.7383966244725738,14.0,78.47857142857143,100.0,37.0,38.0,12,50.35,2,96.0,90.0,43.675,-6.0,N,1,2026-07-01
136,1,359,51,22,145,87,Course Page,35,159,161,2,0,7.03921568627451,49.27450980392157,0.2423398328690807,0.403899721448468,14.0,73.15714285714286,83.85,65.0,56.0,14,83.85,0,75.0,71.0,75.925,-4.0,P,1,2026-07-01
137,1,307,28,42,114,29,Assignment,29,188,90,0,0,10.964285714285714,76.75,0.0944625407166123,0.3713355048859935,15.0,78.88000000000001,100.0,50.35,37.0,15,50.35,0,89.0,88.0,52.425,-1.0,N,1,2026-07-01
138,1,214,24,20,92,61,Assignment,17,99,93,1,0,8.916666666666666,62.41666666666667,0.2850467289719626,0.4299065420560747,13.0,74.6923076923077,100.0,30.0,42.0,11,88.5,2,71.25,78.75,77.75,7.5,SA,1,2026-07-01
139,1,135,22,15,72,40,Course Page,15,54,64,0,0,6.136363636363637,42.95454545454545,0.2962962962962963,0.5333333333333333,13.0,45.61538461538461,80.0,0.0,33.0,8,65.0,5,46.0,26.666666666666668,63.0,-19.33333333333333,N,1,2026-07-01
140,1,7,5,3,1,2,Course Page,0,2,4,1,0,1.4,9.8,0.2857142857142857,0.1428571428571428,4.0,5.5,20.0,0.0,0.0,0,0.0,4,20.0,0.0,0.0,0.0,N,1,2026-07-01
141,1,374,51,28,119,53,Course Page,59,100,201,9,0,7.333333333333333,51.333333333333336,0.141711229946524,0.3181818181818182,14.0,55.29,100.0,30.0,48.0,8,43.78,6,61.0,40.0,65.64,-21.0,S,1,2026-07-01
142,1,277,47,24,39,44,Course Page,89,57,125,6,0,5.893617021276596,41.25531914893617,0.1588447653429603,0.1407942238267148,14.0,89.41428571428571,100.0,75.0,71.0,14,95.9,0,92.5,90.0,87.45,-2.5,D,1,2026-07-01
143,1,501,38,26,232,64,Course Page,188,65,235,9,0,13.18421052631579,92.28947368421052,0.1277445109780439,0.4630738522954092,7.0,45.142857142857146,90.0,0.0,13.0,3,0.0,4,55.0,30.0,54.0,-25.0,N,1,2026-07-01
144,1,105,12,17,90,27,Course Page,3,33,66,0,0,8.75,61.25,0.2571428571428571,0.8571428571428571,10.0,62.5,95.0,0.0,58.0,7,87.0,3,60.0,72.5,58.0,12.5,P,1,2026-07-01
145,1,112,10,16,82,2,Lecture Material,48,26,35,3,0,11.2,78.39999999999999,0.0178571428571428,0.7321428571428571,8.0,58.875,100.0,0.0,17.0,5,0.0,3,77.5,0.0,43.333333333333336,0.0,N,1,2026-07-01
146,1,176,34,18,87,41,Lecture Material,70,39,63,2,0,5.176470588235294,36.235294117647065,0.2329545454545454,0.4943181818181818,7.0,60.07142857142857,75.0,14.5,22.0,6,55.5,1,72.5,0.0,65.25,0.0,N,1,2026-07-01
147,1,265,37,26,83,78,Course Page,60,81,115,8,0,7.162162162162162,50.13513513513514,0.2943396226415094,0.3132075471698113,10.0,65.25,100.0,12.75,25.0,6,12.75,4,92.5,40.0,50.375,-52.5,N,1,2026-07-01
148,1,101,21,18,44,17,Assignment,26,38,34,3,0,4.809523809523809,33.666666666666664,0.1683168316831683,0.4356435643564356,9.0,58.28888888888889,100.0,30.0,24.0,5,55.8,4,93.33333333333331,30.0,45.9,-63.33333333333333,N,1,2026-07-01
149,1,166,22,35,63,9,Assignment,14,126,26,0,0,7.545454545454546,52.81818181818182,0.0542168674698795,0.3795180722891566,14.0,87.92857142857143,100.0,62.75,60.0,14,62.75,0,99.0,97.5,64.375,-1.5,C,1,2026-07-01
150,1,94,25,14,25,20,Course Page,27,27,40,0,0,3.76,26.32,0.2127659574468085,0.2659574468085106,14.0,90.15,100.0,49.0,69.0,12,95.3,2,97.0,100.0,72.15,3.0,C,1,2026-07-01
151,1,54,13,13,27,10,Course Page,15,10,28,0,0,4.153846153846154,29.07692307692308,0.1851851851851851,0.5,10.0,53.9,100.0,0.0,10.0,6,0.0,4,45.0,80.0,0.0,35.0,N,1,2026-07-01
152,1,203,24,18,118,43,Course Page,33,76,87,1,0,8.458333333333334,59.208333333333336,0.2118226600985221,0.5812807881773399,8.0,19.5,38.0,0.0,11.0,0,38.0,8,5.0,10.0,33.5,5.0,N,1,2026-07-01
153,1,92,22,13,66,15,Assignment,23,60,8,0,0,4.181818181818182,29.27272727272728,0.1630434782608695,0.717391304347826,13.0,52.29230769230769,65.0,10.0,26.0,10,60.4,3,51.0,45.0,62.7,-6.0,N,1,2026-07-01
154,1,220,28,34,152,39,Course Page,46,42,115,2,0,7.857142857142857,55.0,0.1772727272727272,0.6909090909090909,5.0,11.4,50.0,0.0,1.0,1,0.0,4,0.0,50.0,0.6666666666666666,0.0,N,1,2026-07-01
155,1,8,3,4,6,0,Course Page,2,2,4,0,0,2.6666666666666665,18.666666666666668,0.0,0.75,6.0,0.0,0.0,0.0,0.0,0,0.0,6,0.0,0.0,0.0,0.0,N,1,2026-07-01
156,1,75,18,14,9,6,Course Page,17,26,30,2,0,4.166666666666667,29.166666666666664,0.08,0.12,15.0,84.06,100.0,50.0,42.0,15,82.7,0,82.0,83.0,88.35,1.0,SA,1,2026-07-01
157,1,96,15,20,45,10,Course Page,28,15,50,0,0,6.4,44.8,0.1041666666666666,0.46875,10.0,19.15,80.0,0.0,5.0,2,0.0,8,29.0,0.0,10.666666666666666,-29.0,N,1,2026-07-01
158,1,48,9,8,11,2,Course Page,4,14,29,0,0,5.333333333333333,37.33333333333333,0.0416666666666666,0.2291666666666666,8.0,8.25,33.0,0.0,3.0,0,0.0,8,0.0,0.0,22.0,0.0,N,1,2026-07-01
159,1,47,6,9,5,0,Assignment,7,23,17,0,0,7.833333333333333,54.833333333333336,0.0,0.1063829787234042,6.0,34.5,90.0,0.0,5.0,2,0.0,4,75.0,0.0,14.0,0.0,N,1,2026-07-01
160,1,101,14,11,6,21,Course Page,18,36,46,0,0,7.214285714285714,50.5,0.2079207920792079,0.0594059405940594,8.0,12.5,50.0,0.0,5.0,2,0.0,6,0.0,0.0,25.0,0.0,N,1,2026-07-01
161,1,134,17,14,58,40,Course Page,20,40,70,4,0,7.882352941176471,55.1764705882353,0.2985074626865671,0.4328358208955223,6.0,20.166666666666668,50.0,0.0,3.0,1,0.0,5,36.66666666666666,0.0,0.0,0.0,N,1,2026-07-01
162,1,71,12,17,35,14,Course Page,13,25,30,1,0,5.916666666666667,41.41666666666667,0.1971830985915492,0.4929577464788732,12.0,29.791666666666668,80.0,0.0,7.0,5,0.0,7,49.0,40.0,0.0,-9.0,N,1,2026-07-01
163,1,170,21,27,118,58,Assignment,21,120,27,0,0,8.095238095238095,56.66666666666666,0.3411764705882353,0.6941176470588235,9.0,67.22222222222223,100.0,0.0,11.0,7,0.0,2,90.0,100.0,0.0,10.0,N,1,2026-07-01
164,1,16,7,4,15,8,Course Page,0,2,13,0,0,2.2857142857142856,16.0,0.5,0.9375,3.0,0.0,0.0,0.0,0.0,0,0.0,3,0.0,0.0,0.0,0.0,N,1,2026-07-01
165,1,38,9,10,5,12,Course Page,13,9,16,0,0,4.222222222222222,29.55555555555556,0.3157894736842105,0.131578947368421,5.0,33.0,80.0,0.0,3.0,2,0.0,3,75.0,0.0,0.0,0.0,N,1,2026-07-01
166,1,12,7,2,7,7,Assignment,0,7,5,0,0,1.7142857142857142,12.0,0.5833333333333334,0.5833333333333334,4.0,5.5,20.0,0.0,0.0,0,0.0,4,20.0,0.0,0.0,0.0,N,1,2026-07-01
167,1,14,5,6,12,3,Course Page,3,2,8,1,0,2.8,19.6,0.2142857142857142,0.8571428571428571,5.0,0.0,0.0,0.0,0.0,0,0.0,5,0.0,0.0,0.0,0.0,N,1,2026-07-01
168,1,103,6,13,6,32,Course Page,37,21,45,0,0,17.166666666666668,120.16666666666669,0.3106796116504854,0.058252427184466,4.0,23.375,85.0,0.0,2.0,1,0.0,3,85.0,0.0,0.0,0.0,N,1,2026-07-01
169,1,2,1,2,0,0,Course Page,0,0,1,1,0,2.0,14.0,0.0,0.0,6.0,0.0,0.0,0.0,0.0,0,0.0,6,0.0,0.0,0.0,0.0,N,1,2026-07-01
170,1,0,0,0,0,0,No Activity,0,0,0,0,0,0.0,0.0,0.0,0.0,4.0,0.0,0.0,0.0,0.0,0,0.0,4,0.0,0.0,0.0,0.0,N,1,2026-07-01
171,1,0,0,0,0,0,No Activity,0,0,0,0,0,0.0,0.0,0.0,0.0,7.0,0.0,0.0,0.0,0.0,0,0.0,7,0.0,0.0,0.0,0.0,N,1,2026-07-01
172,2,4,1,2,0,4,Other,0,0,0,0,0,4.0,28.0,1.0,0.0,0.0,0.0,0.0,0.0,0.0,0,0.0,0,0.0,0.0,0.0,0.0,No Result,2,2026-07-05
172,2,4,1,2,0,4,Other,0,0,0,0,0,4.0,28.0,1.0,0.0,0.0,0.0,0.0,0.0,0.0,0,0.0,0,0.0,0.0,0.0,0.0,No Result,2,2026-07-06
1,1,1086,97,27,291,126,Assignment,5,939,142,0,0,11.195876288659791,78.37113402061856,0.1160220994475138,0.2679558011049723,0.0,0.0,0.0,0.0,0.0,0,0.0,0,0.0,0.0,0.0,0.0,No Result,1,2026-07-07
2,1,549,53,38,256,114,Course Page,145,184,192,15,0,10.358490566037736,72.50943396226415,0.2076502732240437,0.4663023679417122,30.0,70.53999999999999,100.0,0.0,41.0,20,44.8,10,95.0,72.0,34.9,-23.0,SA,1,2026-07-07
3,1,236,30,20,91,33,Course Page,50,92,93,1,0,7.866666666666666,55.06666666666667,0.1398305084745762,0.3855932203389831,36.0,58.083333333333336,100.0,0.0,0.0,27,0.0,9,66.0,63.333333333333336,41.66666666666666,-2.6666666666666643,DX,1,2026-07-07
4,1,183,33,21,72,20,Course Page,54,45,68,6,0,5.545454545454546,38.81818181818182,0.1092896174863388,0.3934426229508196,30.0,83.28666666666666,100.0,60.0,49.0,30,61.9,0,79.0,98.0,68.95,19.0,S,1,2026-07-07
5,1,356,55,25,169,50,Course Page,61,130,165,0,0,6.472727272727273,45.30909090909091,0.1404494382022472,0.4747191011235955,30.0,86.00666666666666,100.0,10.0,86.0,28,93.05,2,71.0,97.0,91.525,26.0,HD,1,2026-07-07
6,1,852,92,59,469,168,Course Page,72,300,428,10,0,9.26086956521739,64.82608695652173,0.1971830985915492,0.5504694835680751,45.0,81.62666666666667,100.0,54.0,0.0,45,60.45,0,87.0,94.0,57.225,7.0,DX,1,2026-07-07
7,1,1292,123,34,121,405,Course Page,379,194,695,16,0,10.504065040650406,73.52845528455283,0.3134674922600619,0.0936532507739938,30.0,53.53333333333333,80.0,31.0,46.0,18,68.0,12,51.0,59.0,49.5,8.0,S,1,2026-07-07
8,1,301,48,19,244,87,Course Page,63,72,151,0,0,6.270833333333333,43.895833333333336,0.2890365448504983,0.8106312292358804,30.0,57.940000000000005,94.0,0.0,46.0,22,71.05,8,46.0,52.0,82.525,6.0,S,1,2026-07-07
9,1,365,47,22,125,25,Assignment,58,160,144,1,0,7.76595744680851,54.361702127659576,0.0684931506849315,0.3424657534246575,30.0,67.83733333333333,100.0,0.0,75.0,24,52.28,6,94.0,40.0,70.14,-54.0,D,1,2026-07-07
10,1,158,23,14,87,24,Course Page,14,48,90,3,0,6.869565217391305,48.08695652173913,0.1518987341772152,0.5506329113924051,22.0,60.08181818181818,95.0,10.0,32.0,12,84.7,10,56.25,70.0,64.85,13.75,N,1,2026-07-07
11,1,229,35,17,92,55,Course Page,9,68,146,2,0,6.542857142857143,45.8,0.2401746724890829,0.4017467248908297,28.0,77.07142857142857,100.0,0.0,33.0,24,0.0,4,88.0,78.0,55.333333333333336,-10.0,N,1,2026-07-07
12,1,1221,84,41,307,252,Course Page,260,268,630,30,0,14.535714285714286,101.75,0.2063882063882063,0.2514332514332514,30.0,79.43333333333334,100.0,40.0,75.0,28,87.0,2,86.0,79.0,71.0,-7.0,D,1,2026-07-07
13,1,187,38,21,80,27,Course Page,37,41,67,36,0,4.921052631578948,34.44736842105263,0.1443850267379679,0.427807486631016,30.0,98.49333333333334,100.0,88.7,76.0,30,88.7,0,100.0,100.0,94.35,0.0,D,1,2026-07-07
14,1,141,28,18,20,16,Assignment,34,39,39,27,0,5.035714285714286,35.25,0.1134751773049645,0.1418439716312056,28.0,82.82142857142857,100.0,0.0,50.0,26,0.0,2,90.0,91.0,54.66666666666666,1.0,P,1,2026-07-07
15,1,1194,97,48,851,231,Assignment,41,658,477,12,0,12.309278350515465,86.16494845360825,0.1934673366834171,0.7127303182579564,30.0,88.74666666666667,100.0,70.0,59.0,30,81.1,0,92.0,94.0,77.05,2.0,P,1,2026-07-07
16,1,733,68,26,439,250,Course Page,200,137,384,1,0,10.779411764705882,75.45588235294119,0.3410641200545702,0.5989085948158254,30.0,68.83333333333333,100.0,0.0,51.0,24,20.25,6,86.0,66.0,49.125,-20.0,P,1,2026-07-07
17,1,43,8,9,15,13,Course Page,7,17,19,0,0,5.375,37.625,0.3023255813953488,0.3488372093023256,14.0,35.857142857142854,100.0,0.0,5.0,6,0.0,8,73.33333333333333,0.0,3.0,0.0,N,1,2026-07-07
18,1,49,5,9,2,48,Course Page,0,8,41,0,0,9.8,68.6,0.979591836734694,0.0408163265306122,12.0,0.0,0.0,0.0,0.0,0,0.0,12,0.0,0.0,0.0,0.0,N,1,2026-07-07
19,1,535,71,32,216,111,Course Page,169,76,247,20,0,7.535211267605634,52.74647887323944,0.2074766355140186,0.4037383177570093,30.0,93.65333333333334,100.0,70.0,83.0,30,93.15,0,90.0,97.0,94.075,7.0,HD,1,2026-07-07
20,1,161,22,32,67,57,Course Page,50,40,55,1,0,7.318181818181818,51.22727272727273,0.3540372670807453,0.4161490683229814,16.0,53.875,100.0,20.0,34.0,8,65.0,8,100.0,20.0,47.25,-80.0,N,1,2026-07-07
21,1,268,41,39,101,55,Assignment,72,87,85,9,0,6.536585365853658,45.75609756097561,0.2052238805970149,0.376865671641791,16.0,67.8875,100.0,26.5,50.0,14,62.3,2,97.5,70.0,62.9,-27.5,P,1,2026-07-07
22,1,1203,111,35,221,239,Course Page,115,292,765,7,0,10.83783783783784,75.86486486486486,0.198669991687448,0.1837073981712385,30.0,96.584,100.0,88.13,83.0,30,88.13,0,98.0,97.0,94.065,-1.0,HD,1,2026-07-07
23,1,402,58,25,119,59,Lecture Material,167,50,165,11,0,6.931034482758621,48.51724137931034,0.1467661691542288,0.2960199004975124,30.0,85.1,100.0,55.5,83.0,30,74.0,0,94.0,91.0,64.75,-3.0,HD,1,2026-07-07
24,1,248,30,18,85,9,Course Page,57,41,129,21,0,8.266666666666667,57.86666666666667,0.0362903225806451,0.3427419354838709,18.0,83.38888888888889,100.0,38.5,40.0,16,75.5,2,96.25,0.0,81.75,0.0,SA,1,2026-07-07
25,1,382,49,30,148,43,Course Page,92,101,182,2,0,7.795918367346939,54.57142857142857,0.112565445026178,0.387434554973822,30.0,77.36,100.0,46.2,40.0,26,46.2,4,81.0,83.0,64.6,2.0,SA,1,2026-07-07
26,1,415,47,36,205,80,Lecture Material,140,81,131,38,0,8.829787234042554,61.80851063829787,0.1927710843373494,0.4939759036144578,24.0,38.083333333333336,70.0,0.0,18.0,8,0.0,16,56.66666666666666,36.0,24.0,-20.666666666666664,N,1,2026-07-07
27,1,266,37,16,58,37,Course Page,75,62,128,0,0,7.1891891891891895,50.32432432432432,0.1390977443609022,0.2180451127819548,26.0,51.68461538461538,80.0,30.0,24.0,12,46.45,14,60.0,50.0,44.225,-10.0,N,1,2026-07-07
28,1,7,3,4,3,0,Course Page,0,3,4,0,0,2.333333333333333,16.333333333333336,0.0,0.4285714285714285,8.0,26.125,95.0,0.0,2.0,2,0.0,6,0.0,95.0,0.0,0.0,N,1,2026-07-07
29,1,379,49,36,83,71,Course Page,70,131,147,19,0,7.73469387755102,54.142857142857146,0.1873350923482849,0.2189973614775725,28.0,75.61428571428571,100.0,56.05,59.0,28,56.05,0,83.0,85.0,57.025,2.0,P,1,2026-07-07
30,1,111,26,17,40,35,Course Page,14,41,49,3,0,4.269230769230769,29.884615384615383,0.3153153153153153,0.3603603603603603,18.0,41.66666666666666,95.0,5.5,17.0,8,5.5,10,52.5,0.0,36.0,0.0,N,1,2026-07-07
31,1,362,46,36,114,38,Course Page,89,117,130,11,0,7.869565217391305,55.08695652173913,0.1049723756906077,0.3149171270718232,30.0,90.15333333333334,100.0,65.8,72.0,30,65.8,0,97.4,90.0,80.4,-7.400000000000006,D,1,2026-07-07
32,1,450,59,49,32,54,Assignment,42,226,161,15,0,7.627118644067797,53.389830508474574,0.12,0.0711111111111111,28.0,84.09285714285714,100.0,59.0,75.0,28,59.4,0,91.25,98.0,59.2,6.75,D,1,2026-07-07
33,1,317,43,30,69,101,Course Page,52,72,166,17,0,7.372093023255814,51.604651162790695,0.3186119873817035,0.2176656151419558,30.0,88.39666666666668,100.0,60.0,49.0,30,91.3,0,78.0,100.0,86.7375,22.0,S,1,2026-07-07
34,1,501,58,27,365,130,Course Page,83,166,230,13,0,8.637931034482758,60.4655172413793,0.2594810379241516,0.7285429141716567,26.0,76.96153846153847,100.0,20.0,44.0,22,83.0,4,81.0,73.33333333333333,78.25,-7.666666666666671,SA,1,2026-07-07
35,1,338,51,34,46,17,Course Page,83,113,123,6,0,6.627450980392157,46.3921568627451,0.0502958579881656,0.136094674556213,30.0,84.97333333333333,100.0,70.35,48.0,30,70.35,0,87.8,90.0,74.175,2.200000000000003,S,1,2026-07-07
36,1,402,48,30,141,60,Course Page,98,87,188,0,0,8.375,58.625,0.1492537313432835,0.3507462686567164,30.0,67.6,90.0,35.0,56.0,26,64.5,4,67.0,63.0,74.75,-4.0,P,1,2026-07-07
37,1,212,36,15,16,4,Course Page,34,60,115,3,0,5.888888888888889,41.22222222222222,0.0188679245283018,0.0754716981132075,28.0,77.27142857142857,95.0,55.0,54.0,28,81.4,0,79.0,73.75,80.7,-5.25,P,1,2026-07-07
38,1,846,84,38,256,166,Course Page,146,242,403,20,0,10.071428571428571,70.5,0.1962174940898345,0.3026004728132387,30.0,67.25333333333333,92.0,35.0,45.0,24,79.65,6,62.0,59.0,85.825,-3.0,S,1,2026-07-07
39,1,211,50,37,41,40,Lecture Material,70,58,59,6,0,4.22,29.54,0.1895734597156398,0.1943127962085308,30.0,81.94266666666667,100.0,61.57,70.0,30,61.57,0,94.0,82.0,65.285,-12.0,D,1,2026-07-07
40,1,321,40,22,154,30,Assignment,31,178,111,1,0,8.025,56.175,0.0934579439252336,0.4797507788161994,28.0,62.392857142857146,100.0,19.0,34.0,24,19.0,4,75.0,72.5,35.5,-2.5,N,1,2026-07-07
41,1,409,43,26,225,101,Course Page,79,122,196,10,0,9.511627906976743,66.5813953488372,0.2469437652811736,0.5501222493887531,20.0,38.9,60.0,0.0,15.0,10,46.0,10,40.0,55.0,30.666666666666668,15.0,N,1,2026-07-07
42,1,266,42,19,128,22,Assignment,29,130,101,1,0,6.333333333333333,44.333333333333336,0.0827067669172932,0.4812030075187969,26.0,84.34615384615384,100.0,60.0,62.0,26,60.0,0,91.0,93.33333333333331,72.0,2.3333333333333286,C,1,2026-07-07
43,1,611,63,35,334,99,Course Page,109,77,402,1,0,9.698412698412698,67.88888888888889,0.1620294599018003,0.546644844517185,28.0,82.27857142857144,100.0,45.0,43.0,26,85.95,2,85.0,88.0,73.475,3.0,SA,1,2026-07-07
44,1,367,38,25,107,75,Course Page,86,96,174,7,0,9.657894736842104,67.60526315789474,0.2043596730245231,0.2915531335149863,26.0,83.9076923076923,100.0,67.9,60.0,26,67.9,0,93.0,88.33333333333333,71.95,-4.666666666666671,C,1,2026-07-07
45,1,478,62,55,257,73,Assignment,67,193,193,8,0,7.709677419354839,53.967741935483865,0.1527196652719665,0.5376569037656904,30.0,89.08666666666666,100.0,65.0,71.0,30,79.15,0,88.0,92.0,86.575,4.0,D,1,2026-07-07
46,1,265,40,21,79,64,Course Page,66,59,118,13,0,6.625,46.375,0.2415094339622641,0.2981132075471698,30.0,72.78666666666666,90.0,40.0,46.0,28,69.65,2,69.0,82.0,65.325,13.0,S,1,2026-07-07
47,1,330,53,25,156,115,Course Page,19,138,163,6,0,6.226415094339623,43.58490566037736,0.3484848484848485,0.4727272727272727,30.0,83.44666666666667,100.0,60.0,43.0,30,75.85,0,81.0,87.0,81.925,6.0,SA,1,2026-07-07
48,1,384,48,32,109,98,Course Page,121,96,160,1,0,8.0,56.0,0.2552083333333333,0.2838541666666667,30.0,72.25733333333332,100.0,25.0,48.0,24,51.43,6,86.0,56.0,75.715,-30.0,S,1,2026-07-07
49,1,439,34,29,366,158,Course Page,143,56,192,32,0,12.911764705882351,90.38235294117648,0.3599088838268792,0.8337129840546698,18.0,63.333333333333336,100.0,29.0,26.0,16,64.5,2,65.0,80.0,62.75,15.0,N,1,2026-07-07
50,1,254,35,40,64,8,Lecture Material,83,37,75,36,0,7.257142857142857,50.8,0.0314960629921259,0.2519685039370078,26.0,46.2,84.0,20.0,60.0,12,51.3,14,40.0,33.333333333333336,67.65,-6.666666666666664,C,1,2026-07-07
51,1,270,57,26,125,41,Course Page,48,94,106,12,0,4.7368421052631575,33.15789473684211,0.1518518518518518,0.4629629629629629,28.0,87.73571428571428,100.0,50.0,82.0,28,97.9,0,89.0,82.5,93.95,-6.5,HD,1,2026-07-07
52,1,244,32,22,120,39,Course Page,82,36,94,10,0,7.625,53.375,0.1598360655737705,0.4918032786885246,30.0,71.03333333333333,100.0,50.0,62.0,30,68.0,0,82.0,67.0,61.5,-15.0,C,1,2026-07-07
53,1,267,42,21,60,79,Course Page,76,66,121,4,0,6.357142857142857,44.5,0.2958801498127341,0.2247191011235955,24.0,57.03333333333333,100.0,19.7,37.0,14,19.7,10,72.0,50.0,44.6,-22.0,N,1,2026-07-07
54,1,748,69,40,322,144,Course Page,90,227,378,1,0,10.840579710144928,75.88405797101449,0.1925133689839572,0.4304812834224599,26.0,74.99230769230769,100.0,30.0,41.0,20,76.45,6,67.5,97.5,62.225,30.0,SA,1,2026-07-07
55,1,711,68,24,147,179,Course Page,49,94,552,6,0,10.455882352941176,73.19117647058825,0.2517580872011252,0.2067510548523206,22.0,45.13636363636363,75.0,0.0,22.0,8,44.0,14,48.75,20.0,59.5,-28.75,N,1,2026-07-07
56,1,261,40,24,71,64,Course Page,37,99,113,8,0,6.525,45.675,0.2452107279693486,0.2720306513409962,30.0,78.56666666666666,100.0,0.0,60.0,28,84.0,2,92.0,59.0,87.0,-33.0,C,1,2026-07-07
57,1,176,38,15,78,22,Course Page,11,45,119,0,0,4.631578947368421,32.421052631578945,0.125,0.4431818181818182,12.0,57.333333333333336,100.0,10.0,47.0,10,62.0,2,100.0,0.0,58.5,0.0,S,1,2026-07-07
58,1,387,46,27,135,68,Course Page,98,46,223,11,0,8.41304347826087,58.891304347826086,0.1757105943152454,0.3488372093023256,24.0,26.375,55.0,0.0,20.0,8,53.75,16,17.5,6.666666666666667,54.375,-10.833333333333332,N,1,2026-07-07
59,1,221,28,16,77,28,Course Page,50,48,123,0,0,7.892857142857143,55.25,0.1266968325791855,0.3484162895927601,18.0,55.67777777777778,85.0,29.0,19.0,12,36.05,6,78.33333333333333,55.0,45.525,-23.33333333333333,N,1,2026-07-07
60,1,455,69,26,180,125,Course Page,41,177,214,15,0,6.594202898550725,46.15942028985507,0.2747252747252747,0.3956043956043956,30.0,90.91333333333334,100.0,80.0,65.0,30,84.15,0,91.8,91.0,89.575,-0.7999999999999972,C,1,2026-07-07
61,1,280,49,33,118,59,Lecture Material,92,64,88,14,0,5.714285714285714,40.0,0.2107142857142857,0.4214285714285714,30.0,91.0,100.0,60.0,83.0,30,80.0,0,98.0,88.0,85.5,-10.0,HD,1,2026-07-07
62,1,220,37,27,98,71,Course Page,43,58,105,4,0,5.945945945945946,41.62162162162162,0.3227272727272727,0.4454545454545454,30.0,74.58,95.0,50.0,48.0,30,88.35,0,79.0,69.0,76.175,-10.0,S,1,2026-07-07
63,1,347,53,30,118,41,Course Page,45,77,204,5,0,6.547169811320755,45.83018867924528,0.1181556195965417,0.3400576368876081,28.0,79.5,100.0,40.0,46.0,26,65.5,2,88.0,75.0,74.75,-13.0,S,1,2026-07-07
64,1,551,30,27,345,60,Course Page,72,49,410,9,0,18.366666666666667,128.56666666666666,0.1088929219600726,0.6261343012704175,20.0,48.73,80.0,10.0,23.0,14,65.65,6,40.0,50.0,61.325,10.0,N,1,2026-07-07
65,1,408,50,33,165,38,Course Page,54,137,180,15,0,8.16,57.12,0.0931372549019607,0.4044117647058823,30.0,83.24666666666667,95.0,58.0,58.0,30,88.4,0,83.8,90.0,73.2,6.200000000000003,P,1,2026-07-07
66,1,213,44,23,39,47,Course Page,72,59,74,3,0,4.840909090909091,33.88636363636364,0.2206572769953051,0.1830985915492957,30.0,74.21333333333334,100.0,30.0,46.0,28,72.35,2,66.0,77.0,81.675,11.0,S,1,2026-07-07
67,1,193,18,42,172,40,Assignment,39,110,34,7,0,10.72222222222222,75.05555555555554,0.2072538860103626,0.8911917098445595,30.0,87.22666666666667,100.0,67.7,70.0,30,67.7,0,96.0,86.0,76.85,-10.0,D,1,2026-07-07
68,1,503,74,30,73,85,Course Page,80,69,342,2,0,6.797297297297297,47.58108108108108,0.1689860834990059,0.1451292246520874,30.0,75.48666666666666,100.0,30.0,44.0,24,41.65,6,72.0,90.0,60.325,18.0,SA,1,2026-07-07
69,1,151,33,21,57,12,Course Page,25,46,78,0,0,4.575757575757576,32.03030303030303,0.0794701986754966,0.3774834437086092,30.0,71.59466666666667,100.0,47.21,58.0,26,47.21,4,74.0,75.0,63.605,1.0,P,1,2026-07-07
70,1,463,46,23,105,76,Course Page,95,89,268,8,0,10.065217391304348,70.45652173913044,0.1641468682505399,0.2267818574514039,30.0,95.83733333333332,100.0,88.28,85.0,30,88.28,0,98.0,96.0,92.64,-2.0,HD,1,2026-07-07
71,1,91,20,14,38,25,Assignment,4,58,24,5,0,4.55,31.85,0.2747252747252747,0.4175824175824176,28.0,54.642857142857146,80.0,0.0,30.0,20,66.0,8,55.0,42.0,73.0,-13.0,N,1,2026-07-07
72,1,452,50,30,192,33,Course Page,79,149,207,8,0,9.04,63.28,0.0730088495575221,0.4247787610619469,30.0,75.97333333333333,100.0,40.0,66.0,28,96.3,2,80.0,62.0,89.65,-18.0,C,1,2026-07-07
73,1,252,39,35,169,48,Assignment,26,106,99,16,0,6.461538461538462,45.23076923076923,0.1904761904761904,0.6706349206349206,20.0,53.4,100.0,0.0,11.0,10,0.0,10,80.0,75.0,9.333333333333334,-5.0,N,1,2026-07-07
74,1,327,60,17,149,59,Course Page,52,60,209,0,0,5.45,38.15,0.1804281345565749,0.45565749235474,30.0,76.5,95.0,30.0,54.0,28,50.0,2,76.0,81.0,71.0,5.0,P,1,2026-07-07
75,1,494,65,23,261,106,Course Page,20,232,240,0,0,7.6,53.2,0.2145748987854251,0.52834008097166,28.0,73.39285714285714,100.0,40.0,55.0,22,41.0,6,70.0,93.75,57.5,23.75,P,1,2026-07-07
76,1,187,29,28,42,24,Assignment,27,78,78,1,0,6.448275862068965,45.137931034482754,0.1283422459893048,0.2245989304812834,30.0,64.23333333333333,100.0,20.0,53.0,22,45.0,8,76.0,61.0,52.5,-15.0,P,1,2026-07-07
77,1,220,35,24,90,28,Course Page,69,45,85,15,0,6.285714285714286,44.0,0.1272727272727272,0.4090909090909091,20.0,70.47,100.0,38.0,50.0,18,89.35,2,70.0,100.0,71.675,30.0,P,1,2026-07-07
78,1,445,66,26,247,87,Course Page,53,56,321,5,0,6.742424242424242,47.196969696969695,0.195505617977528,0.5550561797752809,28.0,76.72142857142856,100.0,50.0,39.0,28,73.3,0,71.25,78.0,82.9,6.75,N,1,2026-07-07
79,1,375,47,28,104,82,Course Page,111,103,145,3,0,7.978723404255319,55.85106382978724,0.2186666666666666,0.2773333333333333,28.0,70.85714285714286,100.0,40.0,63.0,26,63.0,2,86.0,65.0,58.25,-21.0,C,1,2026-07-07
80,1,333,56,21,151,116,Course Page,52,86,193,2,0,5.946428571428571,41.625,0.3483483483483483,0.4534534534534534,30.0,81.77333333333333,100.0,65.0,67.0,30,79.3,0,86.0,78.0,81.15,-8.0,C,1,2026-07-07
81,1,511,76,37,129,125,Lecture Material,172,149,152,22,0,6.723684210526316,47.065789473684205,0.2446183953033268,0.2524461839530332,30.0,35.906666666666666,75.0,10.0,25.0,8,48.8,22,15.0,55.0,38.4,40.0,N,1,2026-07-07
82,1,657,66,28,253,82,Course Page,102,236,299,7,0,9.954545454545457,69.68181818181819,0.1248097412480974,0.3850837138508371,30.0,92.12666666666668,100.0,70.0,73.0,30,88.7,0,90.0,93.0,93.85,3.0,D,1,2026-07-07
83,1,325,50,22,92,61,Course Page,35,69,212,7,0,6.5,45.5,0.1876923076923076,0.283076923076923,30.0,68.04,100.0,40.0,30.0,24,45.3,6,69.0,79.0,51.65,10.0,N,1,2026-07-07
84,1,353,46,23,160,45,Course Page,60,58,227,3,0,7.673913043478261,53.71739130434783,0.1274787535410765,0.4532577903682719,30.0,83.09333333333333,100.0,69.0,52.0,30,70.2,0,84.0,92.0,69.6,8.0,P,1,2026-07-07
85,1,191,35,18,87,43,Course Page,14,72,103,1,0,5.457142857142857,38.2,0.225130890052356,0.4554973821989528,30.0,69.76666666666667,100.0,0.0,21.0,20,0.0,10,79.0,100.0,15.5,21.0,N,1,2026-07-07
86,1,343,47,31,174,43,Course Page,82,66,165,16,0,7.297872340425532,51.08510638297872,0.1253644314868804,0.5072886297376094,24.0,57.76666666666667,100.0,20.0,30.0,16,68.1,8,65.0,43.333333333333336,66.05,-21.666666666666664,N,1,2026-07-07
87,1,120,14,15,27,13,Assignment,12,60,45,1,0,8.571428571428571,60.0,0.1083333333333333,0.225,28.0,59.17857142857143,100.0,0.0,41.0,18,56.0,10,55.0,75.0,49.0,20.0,SA,1,2026-07-07
88,1,109,19,11,27,28,Course Page,13,37,55,0,0,5.7368421052631575,40.1578947368421,0.2568807339449541,0.2477064220183486,18.0,74.33333333333333,100.0,0.0,62.0,14,86.5,4,75.0,0.0,84.75,0.0,C,1,2026-07-07
89,1,284,62,20,165,64,Assignment,25,144,100,4,0,4.580645161290323,32.064516129032256,0.2253521126760563,0.5809859154929577,16.0,14.0,38.0,0.0,9.0,0,38.0,16,0.0,0.0,28.0,0.0,N,1,2026-07-07
90,1,502,51,31,95,64,Course Page,77,171,227,15,0,9.84313725490196,68.90196078431373,0.1274900398406374,0.1892430278884462,30.0,87.90666666666667,100.0,79.0,73.0,30,82.55,0,92.0,89.0,80.775,-3.0,D,1,2026-07-07
91,1,311,51,27,149,41,Course Page,55,78,152,13,0,6.098039215686274,42.68627450980392,0.1318327974276527,0.4790996784565916,30.0,84.86,100.0,50.0,72.0,30,84.95,0,74.0,92.0,89.975,18.0,D,1,2026-07-07
92,1,488,51,40,75,94,Course Page,116,146,180,28,0,9.568627450980392,66.98039215686275,0.1926229508196721,0.1536885245901639,20.0,78.85,100.0,43.5,40.0,18,72.5,2,78.33333333333333,100.0,77.5,21.66666666666667,SA,1,2026-07-07
93,1,188,31,23,45,7,Course Page,54,53,63,7,0,6.064516129032258,42.4516129032258,0.0372340425531914,0.2393617021276596,26.0,32.19230769230769,60.0,0.0,33.0,6,23.0,20,41.0,26.666666666666668,26.25,-14.333333333333332,N,1,2026-07-07
94,1,417,35,25,164,46,Course Page,134,107,160,0,0,11.914285714285716,83.4,0.1103117505995203,0.3932853717026379,28.0,53.785714285714285,90.0,17.0,51.0,16,17.0,12,75.0,56.25,23.25,-18.75,P,1,2026-07-07
95,1,244,31,33,137,72,Course Page,41,96,97,1,0,7.870967741935484,55.096774193548384,0.2950819672131147,0.5614754098360656,36.0,41.833333333333336,86.0,0.0,0.0,12,0.0,24,55.0,26.666666666666668,43.0,-28.33333333333333,DX,1,2026-07-07
96,1,780,74,45,653,188,Assignment,78,351,337,12,0,10.54054054054054,73.78378378378379,0.241025641025641,0.8371794871794872,30.0,68.36,100.0,1.2,25.0,22,1.2,8,82.0,88.0,22.6,6.0,N,1,2026-07-07
97,1,157,35,15,39,54,Course Page,51,45,56,5,0,4.485714285714286,31.4,0.3439490445859872,0.2484076433121019,24.0,76.825,100.0,55.5,44.0,24,55.7,0,88.33333333333333,72.5,77.85,-15.833333333333329,SA,1,2026-07-07
98,1,145,23,15,67,31,Course Page,48,29,66,0,0,6.304347826086956,44.130434782608695,0.2137931034482758,0.4620689655172413,16.0,51.275,100.0,0.0,28.0,10,73.1,6,40.0,0.0,69.55,0.0,N,1,2026-07-07
99,1,417,49,35,77,31,Course Page,124,78,183,12,0,8.510204081632653,59.57142857142857,0.0743405275779376,0.184652278177458,28.0,74.25,100.0,0.0,60.0,26,79.0,2,90.0,53.75,77.0,-36.25,C,1,2026-07-07
100,1,57,20,5,8,6,Course Page,1,2,53,1,0,2.85,19.95,0.1052631578947368,0.1403508771929824,20.0,41.15,75.0,0.0,10.0,10,0.0,10,61.25,50.0,21.75,-11.25,N,1,2026-07-07
101,1,733,50,29,296,161,Course Page,171,118,423,0,0,14.66,102.62,0.2196452933151432,0.4038199181446112,30.0,71.86666666666666,90.0,43.0,38.0,26,67.0,4,74.0,82.0,55.0,8.0,N,1,2026-07-07
102,1,121,15,11,53,24,Course Page,21,43,57,0,0,8.066666666666666,56.46666666666667,0.1983471074380165,0.4380165289256198,16.0,10.375,25.0,0.0,2.0,0,0.0,16,16.666666666666668,20.0,2.0,3.333333333333332,N,1,2026-07-07
103,1,444,81,44,215,128,Course Page,40,160,234,5,0,5.481481481481482,38.37037037037037,0.2882882882882883,0.4842342342342342,30.0,89.96666666666667,100.0,40.0,74.0,26,93.0,4,97.0,100.0,66.5,3.0,D,1,2026-07-07
104,1,421,72,27,140,80,Assignment,119,143,101,36,0,5.847222222222222,40.93055555555555,0.1900237529691211,0.332541567695962,30.0,91.53333333333332,100.0,75.0,72.0,30,94.0,0,96.0,86.0,93.0,-10.0,D,1,2026-07-07
105,1,211,40,21,90,30,Course Page,35,74,95,5,0,5.275,36.925,0.1421800947867298,0.4265402843601896,24.0,65.48333333333333,90.0,25.0,36.0,20,65.65,4,76.0,57.5,60.325,-18.5,N,1,2026-07-07
106,1,638,68,42,395,140,Course Page,66,188,345,7,0,9.382352941176473,65.6764705882353,0.219435736677116,0.6191222570532915,28.0,48.75714285714286,100.0,0.0,33.0,16,32.8,12,46.0,60.0,41.4,14.0,N,1,2026-07-07
107,1,678,69,45,174,108,Course Page,150,180,300,2,0,9.826086956521738,68.78260869565217,0.1592920353982301,0.2566371681415929,28.0,68.35714285714286,100.0,30.0,53.0,26,77.0,2,70.0,65.0,71.5,-5.0,P,1,2026-07-07
108,1,333,32,24,260,79,Course Page,104,66,151,9,0,10.40625,72.84375,0.2372372372372372,0.7807807807807807,28.0,58.46428571428572,85.0,0.0,57.0,24,76.0,4,70.0,38.75,65.75,-31.25,P,1,2026-07-07
109,1,205,30,18,103,6,Course Page,39,46,110,0,0,6.833333333333333,47.833333333333336,0.0292682926829268,0.5024390243902439,22.0,68.95454545454545,90.0,43.5,66.0,20,85.0,2,67.5,82.5,70.0,15.0,C,1,2026-07-07
110,1,251,30,29,194,56,Assignment,36,104,104,2,0,8.366666666666667,58.56666666666667,0.2231075697211155,0.7729083665338645,20.0,51.2,70.0,27.0,22.0,12,58.5,8,56.66666666666666,50.0,53.75,-6.666666666666664,N,1,2026-07-07
111,1,257,25,33,153,18,Assignment,15,147,92,1,0,10.28,71.96,0.0700389105058365,0.5953307392996109,26.0,81.69999999999999,100.0,63.3,45.0,26,63.3,0,99.0,76.66666666666667,66.15,-22.33333333333333,S,1,2026-07-07
112,1,189,26,23,79,31,Assignment,20,80,77,2,0,7.269230769230769,50.88461538461538,0.164021164021164,0.4179894179894179,28.0,67.51428571428572,100.0,30.0,52.0,24,52.85,4,53.75,82.0,64.425,28.25,P,1,2026-07-07
113,1,502,67,29,198,77,Course Page,54,120,293,1,0,7.492537313432836,52.44776119402985,0.1533864541832669,0.3944223107569721,30.0,31.466666666666665,75.0,0.0,24.0,10,62.0,20,17.0,19.0,68.5,2.0,N,1,2026-07-07
114,1,157,22,22,85,4,Assignment,15,92,46,0,0,7.136363636363637,49.95454545454545,0.0254777070063694,0.5414012738853503,30.0,80.2,100.0,60.0,68.0,30,86.0,0,83.0,81.0,75.25,-2.0,C,1,2026-07-07
115,1,455,47,27,73,70,Course Page,106,151,195,2,0,9.680851063829786,67.76595744680851,0.1538461538461538,0.1604395604395604,28.0,73.57142857142857,100.0,50.0,58.0,28,65.0,0,84.0,70.0,65.0,-14.0,P,1,2026-07-07
116,1,127,18,13,91,43,Course Page,11,45,62,8,0,7.055555555555555,49.388888888888886,0.3385826771653543,0.7165354330708661,12.0,50.48333333333333,78.0,0.0,23.0,8,73.45,4,0.0,0.0,75.725,0.0,N,1,2026-07-07
117,1,105,20,21,8,9,Assignment,26,53,23,2,0,5.25,36.75,0.0857142857142857,0.0761904761904762,30.0,92.2,100.0,50.0,82.0,30,91.5,0,100.0,100.0,70.75,0.0,HD,1,2026-07-07
118,1,803,74,31,219,117,Assignment,143,351,295,7,0,10.85135135135135,75.95945945945947,0.1457036114570361,0.2727272727272727,30.0,79.42,100.0,30.0,64.0,28,94.65,2,72.0,80.0,88.825,8.0,C,1,2026-07-07
119,1,165,29,21,66,9,Course Page,37,59,66,0,0,5.689655172413793,39.82758620689655,0.0545454545454545,0.4,30.0,69.7,100.0,10.0,50.0,22,77.5,8,80.0,67.0,59.25,-13.0,P,1,2026-07-07
120,1,191,37,15,42,34,Course Page,63,35,90,3,0,5.162162162162162,36.13513513513514,0.1780104712041884,0.2198952879581152,28.0,88.57857142857142,100.0,64.0,61.0,28,83.05,0,100.0,92.0,73.525,-8.0,C,1,2026-07-07
121,1,230,27,32,108,45,Course Page,76,40,100,2,0,8.518518518518519,59.629629629629626,0.1956521739130435,0.4695652173913043,16.0,48.625,80.0,18.5,25.0,10,31.75,6,65.0,55.0,46.375,-10.0,N,1,2026-07-07
122,1,171,22,23,12,4,Assignment,38,66,59,0,0,7.772727272727272,54.409090909090914,0.023391812865497,0.0701754385964912,28.0,92.64,100.0,78.73,64.0,28,78.73,0,100.0,96.25,80.86500000000001,-3.75,C,1,2026-07-07
123,1,134,21,26,64,13,Lecture Material,46,38,44,4,0,6.380952380952381,44.66666666666666,0.0970149253731343,0.4776119402985074,20.0,34.05,63.0,0.0,18.0,8,63.0,12,36.25,25.0,42.0,-11.25,N,1,2026-07-07
124,1,599,89,29,211,134,Course Page,191,65,320,22,0,6.730337078651686,47.1123595505618,0.2237061769616026,0.352253756260434,30.0,80.41333333333334,95.0,69.0,72.0,30,72.1,0,83.0,85.0,70.55,2.0,D,1,2026-07-07
125,1,669,89,33,185,153,Course Page,200,107,351,8,0,7.51685393258427,52.61797752808989,0.2286995515695067,0.2765321375186846,30.0,85.4,100.0,70.0,75.0,30,73.5,0,88.0,92.0,72.75,4.0,D,1,2026-07-07
126,1,205,29,19,22,83,Assignment,34,88,78,2,0,7.068965517241379,49.48275862068965,0.4048780487804878,0.1073170731707317,30.0,65.63333333333334,100.0,0.0,53.0,24,54.0,6,72.0,55.0,71.5,-17.0,P,1,2026-07-07
127,1,169,28,19,91,35,Course Page,36,50,83,0,0,6.035714285714286,42.25,0.2071005917159763,0.5384615384615384,22.0,38.95454545454545,85.0,0.0,23.0,12,0.0,10,42.0,85.0,26.0,43.0,N,1,2026-07-07
128,1,230,44,23,71,45,Course Page,19,97,104,5,0,5.227272727272728,36.59090909090909,0.1956521739130435,0.308695652173913,24.0,67.86666666666666,85.0,51.0,30.0,24,68.7,0,66.25,81.66666666666667,63.35,15.416666666666671,N,1,2026-07-07
129,1,662,60,33,264,156,Course Page,164,162,309,1,0,11.033333333333331,77.23333333333333,0.2356495468277945,0.3987915407854985,24.0,55.0,100.0,20.0,24.0,16,30.0,8,58.0,55.0,55.0,-3.0,N,1,2026-07-07
130,1,183,31,15,70,30,Assignment,35,76,72,0,0,5.903225806451613,41.32258064516129,0.1639344262295081,0.3825136612021858,16.0,64.725,100.0,23.0,25.0,12,57.4,4,76.66666666666667,0.0,66.2,0.0,N,1,2026-07-07
131,1,261,35,29,76,37,Course Page,72,72,102,8,0,7.457142857142857,52.2,0.1417624521072797,0.2911877394636015,30.0,87.54666666666667,100.0,76.35,82.0,30,76.35,0,91.0,84.0,87.675,-7.0,HD,1,2026-07-07
132,1,341,42,27,97,27,Course Page,28,127,169,10,0,8.119047619047619,56.833333333333336,0.0791788856304985,0.2844574780058651,28.0,79.64999999999999,100.0,50.0,63.0,28,95.55,0,78.0,72.5,91.775,-5.5,C,1,2026-07-07
133,1,157,18,18,49,16,Course Page,25,54,70,0,0,8.722222222222221,61.05555555555555,0.1019108280254777,0.3121019108280254,14.0,24.685714285714287,50.0,0.0,10.0,2,28.9,12,50.0,0.0,29.45,-50.0,N,1,2026-07-07
134,1,418,37,30,214,88,Course Page,116,75,201,15,0,11.297297297297296,79.08108108108108,0.2105263157894736,0.5119617224880383,24.0,54.333333333333336,95.0,20.0,27.0,14,62.0,10,36.66666666666666,72.5,53.0,35.833333333333336,N,1,2026-07-07
135,1,237,30,36,175,32,Assignment,23,140,70,1,0,7.9,55.3,0.1350210970464135,0.7383966244725738,28.0,78.47857142857143,100.0,37.0,38.0,24,50.35,4,96.0,90.0,43.675,-6.0,N,1,2026-07-07
136,1,359,51,22,145,87,Course Page,35,159,161,2,0,7.03921568627451,49.27450980392157,0.2423398328690807,0.403899721448468,28.0,73.15714285714286,83.85,65.0,56.0,28,83.85,0,75.0,71.0,75.925,-4.0,P,1,2026-07-07
137,1,307,28,42,114,29,Assignment,29,188,90,0,0,10.964285714285714,76.75,0.0944625407166123,0.3713355048859935,30.0,78.88000000000001,100.0,50.35,37.0,30,50.35,0,89.0,88.0,52.425,-1.0,N,1,2026-07-07
138,1,214,24,20,92,61,Assignment,17,99,93,1,0,8.916666666666666,62.41666666666667,0.2850467289719626,0.4299065420560747,26.0,74.6923076923077,100.0,30.0,42.0,22,88.5,4,71.25,78.75,77.75,7.5,SA,1,2026-07-07
139,1,135,22,14,72,40,Course Page,14,54,64,0,0,6.136363636363637,42.95454545454545,0.2962962962962963,0.5333333333333333,26.0,45.61538461538461,80.0,0.0,33.0,16,65.0,10,46.0,26.666666666666668,63.0,-19.33333333333333,N,1,2026-07-07
140,1,7,5,3,1,2,Course Page,0,2,4,1,0,1.4,9.8,0.2857142857142857,0.1428571428571428,8.0,5.5,20.0,0.0,0.0,0,0.0,8,20.0,0.0,0.0,0.0,N,1,2026-07-07
141,1,374,51,27,119,53,Course Page,58,100,201,9,0,7.333333333333333,51.333333333333336,0.141711229946524,0.3181818181818182,28.0,55.29,100.0,30.0,48.0,16,43.78,12,61.0,40.0,65.64,-21.0,S,1,2026-07-07
142,1,277,47,23,39,44,Course Page,82,57,125,6,0,5.893617021276596,41.25531914893617,0.1588447653429603,0.1407942238267148,28.0,89.41428571428571,100.0,75.0,71.0,28,95.9,0,92.5,90.0,87.45,-2.5,D,1,2026-07-07
143,1,501,38,25,232,64,Course Page,182,65,235,9,0,13.18421052631579,92.28947368421052,0.1277445109780439,0.4630738522954092,14.0,45.142857142857146,90.0,0.0,13.0,6,0.0,8,55.0,30.0,54.0,-25.0,N,1,2026-07-07
144,1,105,12,16,90,27,Course Page,2,33,66,0,0,8.75,61.25,0.2571428571428571,0.8571428571428571,20.0,62.5,95.0,0.0,58.0,14,87.0,6,60.0,72.5,58.0,12.5,P,1,2026-07-07
145,1,112,10,16,82,2,Lecture Material,48,26,35,3,0,11.2,78.39999999999999,0.0178571428571428,0.7321428571428571,16.0,58.875,100.0,0.0,17.0,10,0.0,6,77.5,0.0,43.333333333333336,0.0,N,1,2026-07-07
146,1,176,34,17,87,41,Lecture Material,67,39,63,2,0,5.176470588235294,36.235294117647065,0.2329545454545454,0.4943181818181818,14.0,60.07142857142857,75.0,14.5,22.0,12,55.5,2,72.5,0.0,65.25,0.0,N,1,2026-07-07
147,1,265,37,26,83,78,Course Page,60,81,115,8,0,7.162162162162162,50.13513513513514,0.2943396226415094,0.3132075471698113,20.0,65.25,100.0,12.75,25.0,12,12.75,8,92.5,40.0,50.375,-52.5,N,1,2026-07-07
148,1,101,21,18,44,17,Assignment,26,38,34,3,0,4.809523809523809,33.666666666666664,0.1683168316831683,0.4356435643564356,18.0,58.28888888888889,100.0,30.0,24.0,10,55.8,8,93.33333333333331,30.0,45.9,-63.33333333333333,N,1,2026-07-07
149,1,166,22,35,63,9,Assignment,14,126,26,0,0,7.545454545454546,52.81818181818182,0.0542168674698795,0.3795180722891566,28.0,87.92857142857143,100.0,62.75,60.0,28,62.75,0,99.0,97.5,64.375,-1.5,C,1,2026-07-07
150,1,94,25,13,25,20,Course Page,23,27,40,0,0,3.76,26.32,0.2127659574468085,0.2659574468085106,28.0,90.15,100.0,49.0,69.0,24,95.3,4,97.0,100.0,72.15,3.0,C,1,2026-07-07
151,1,54,13,13,27,10,Course Page,15,10,28,0,0,4.153846153846154,29.07692307692308,0.1851851851851851,0.5,20.0,53.9,100.0,0.0,10.0,12,0.0,8,45.0,80.0,0.0,35.0,N,1,2026-07-07
152,1,203,24,18,118,43,Course Page,33,76,87,1,0,8.458333333333334,59.208333333333336,0.2118226600985221,0.5812807881773399,16.0,19.5,38.0,0.0,11.0,0,38.0,16,5.0,10.0,33.5,5.0,N,1,2026-07-07
153,1,92,22,13,66,15,Assignment,23,60,8,0,0,4.181818181818182,29.27272727272728,0.1630434782608695,0.717391304347826,26.0,52.29230769230769,65.0,10.0,26.0,20,60.4,6,51.0,45.0,62.7,-6.0,N,1,2026-07-07
154,1,220,28,33,152,39,Course Page,44,42,115,2,0,7.857142857142857,55.0,0.1772727272727272,0.6909090909090909,10.0,11.4,50.0,0.0,1.0,2,0.0,8,0.0,50.0,0.6666666666666666,0.0,N,1,2026-07-07
155,1,8,3,4,6,0,Course Page,2,2,4,0,0,2.6666666666666665,18.666666666666668,0.0,0.75,12.0,0.0,0.0,0.0,0.0,0,0.0,12,0.0,0.0,0.0,0.0,N,1,2026-07-07
156,1,75,18,14,9,6,Course Page,17,26,30,2,0,4.166666666666667,29.166666666666664,0.08,0.12,30.0,84.06,100.0,50.0,42.0,30,82.7,0,82.0,83.0,88.35,1.0,SA,1,2026-07-07
157,1,96,15,19,45,10,Course Page,27,15,50,0,0,6.4,44.8,0.1041666666666666,0.46875,20.0,19.15,80.0,0.0,5.0,4,0.0,16,29.0,0.0,10.666666666666666,-29.0,N,1,2026-07-07
158,1,48,9,8,11,2,Course Page,4,14,29,0,0,5.333333333333333,37.33333333333333,0.0416666666666666,0.2291666666666666,16.0,8.25,33.0,0.0,3.0,0,0.0,16,0.0,0.0,22.0,0.0,N,1,2026-07-07
159,1,47,6,9,5,0,Assignment,7,23,17,0,0,7.833333333333333,54.833333333333336,0.0,0.1063829787234042,12.0,34.5,90.0,0.0,5.0,4,0.0,8,75.0,0.0,14.0,0.0,N,1,2026-07-07
160,1,101,14,10,6,21,Course Page,17,36,46,0,0,7.214285714285714,50.5,0.2079207920792079,0.0594059405940594,16.0,12.5,50.0,0.0,5.0,4,0.0,12,0.0,0.0,25.0,0.0,N,1,2026-07-07
161,1,134,17,14,58,40,Course Page,20,40,70,4,0,7.882352941176471,55.1764705882353,0.2985074626865671,0.4328358208955223,12.0,20.166666666666668,50.0,0.0,3.0,2,0.0,10,36.66666666666666,0.0,0.0,0.0,N,1,2026-07-07
162,1,71,12,16,35,14,Course Page,11,25,30,1,0,5.916666666666667,41.41666666666667,0.1971830985915492,0.4929577464788732,24.0,29.791666666666668,80.0,0.0,7.0,10,0.0,14,49.0,40.0,0.0,-9.0,N,1,2026-07-07
163,1,170,21,27,118,58,Assignment,21,120,27,0,0,8.095238095238095,56.66666666666666,0.3411764705882353,0.6941176470588235,18.0,67.22222222222223,100.0,0.0,11.0,14,0.0,4,90.0,100.0,0.0,10.0,N,1,2026-07-07
164,1,16,7,4,15,8,Course Page,0,2,13,0,0,2.2857142857142856,16.0,0.5,0.9375,6.0,0.0,0.0,0.0,0.0,0,0.0,6,0.0,0.0,0.0,0.0,N,1,2026-07-07
165,1,38,9,10,5,12,Course Page,13,9,16,0,0,4.222222222222222,29.55555555555556,0.3157894736842105,0.131578947368421,10.0,33.0,80.0,0.0,3.0,4,0.0,6,75.0,0.0,0.0,0.0,N,1,2026-07-07
166,1,12,7,2,7,7,Assignment,0,7,5,0,0,1.7142857142857142,12.0,0.5833333333333334,0.5833333333333334,8.0,5.5,20.0,0.0,0.0,0,0.0,8,20.0,0.0,0.0,0.0,N,1,2026-07-07
167,1,14,5,6,12,3,Course Page,3,2,8,1,0,2.8,19.6,0.2142857142857142,0.8571428571428571,10.0,0.0,0.0,0.0,0.0,0,0.0,10,0.0,0.0,0.0,0.0,N,1,2026-07-07
168,1,103,6,13,6,32,Course Page,37,21,45,0,0,17.166666666666668,120.16666666666669,0.3106796116504854,0.058252427184466,8.0,23.375,85.0,0.0,2.0,2,0.0,6,85.0,0.0,0.0,0.0,N,1,2026-07-07
169,1,2,1,2,0,0,Course Page,0,0,1,1,0,2.0,14.0,0.0,0.0,12.0,0.0,0.0,0.0,0.0,0,0.0,12,0.0,0.0,0.0,0.0,N,1,2026-07-07
170,1,0,0,0,0,0,No Activity,0,0,0,0,0,0.0,0.0,0.0,0.0,8.0,0.0,0.0,0.0,0.0,0,0.0,8,0.0,0.0,0.0,0.0,N,1,2026-07-07
171,1,0,0,0,0,0,No Activity,0,0,0,0,0,0.0,0.0,0.0,0.0,14.0,0.0,0.0,0.0,0.0,0,0.0,14,0.0,0.0,0.0,0.0,N,1,2026-07-07
172,2,4,1,2,0,4,Other,0,0,0,0,0,4.0,28.0,1.0,0.0,0.0,0.0,0.0,0.0,0.0,0,0.0,0,0.0,0.0,0.0,0.0,No Result,2,2026-07-07
1,1,1086,97,27,291,126,Assignment,5,939,142,0,0,11.195876288659791,78.37113402061856,0.1160220994475138,0.2679558011049723,0.0,0.0,0.0,0.0,0.0,0,0.0,0,0.0,0.0,0.0,0.0,No Result,1,2026-07-08
2,1,549,53,38,256,114,Course Page,145,184,192,15,0,10.358490566037736,72.50943396226415,0.2076502732240437,0.4663023679417122,30.0,70.53999999999999,100.0,0.0,41.0,20,44.8,10,95.0,72.0,34.9,-23.0,SA,1,2026-07-08
3,1,236,30,20,91,33,Course Page,50,92,93,1,0,7.866666666666666,55.06666666666667,0.1398305084745762,0.3855932203389831,36.0,58.083333333333336,100.0,0.0,0.0,27,0.0,9,66.0,63.333333333333336,41.66666666666666,-2.6666666666666643,DX,1,2026-07-08
4,1,183,33,21,72,20,Course Page,54,45,68,6,0,5.545454545454546,38.81818181818182,0.1092896174863388,0.3934426229508196,30.0,83.28666666666666,100.0,60.0,49.0,30,61.9,0,79.0,98.0,68.95,19.0,S,1,2026-07-08
5,1,356,55,25,169,50,Course Page,61,130,165,0,0,6.472727272727273,45.30909090909091,0.1404494382022472,0.4747191011235955,30.0,86.00666666666666,100.0,10.0,86.0,28,93.05,2,71.0,97.0,91.525,26.0,HD,1,2026-07-08
6,1,852,92,59,469,168,Course Page,72,300,428,10,0,9.26086956521739,64.82608695652173,0.1971830985915492,0.5504694835680751,45.0,81.62666666666667,100.0,54.0,0.0,45,60.45,0,87.0,94.0,57.225,7.0,DX,1,2026-07-08
7,1,1292,123,34,121,405,Course Page,379,194,695,16,0,10.504065040650406,73.52845528455283,0.3134674922600619,0.0936532507739938,30.0,53.53333333333333,80.0,31.0,46.0,18,68.0,12,51.0,59.0,49.5,8.0,S,1,2026-07-08
8,1,301,48,19,244,87,Course Page,63,72,151,0,0,6.270833333333333,43.895833333333336,0.2890365448504983,0.8106312292358804,30.0,57.940000000000005,94.0,0.0,46.0,22,71.05,8,46.0,52.0,82.525,6.0,S,1,2026-07-08
9,1,365,47,22,125,25,Assignment,58,160,144,1,0,7.76595744680851,54.361702127659576,0.0684931506849315,0.3424657534246575,30.0,67.83733333333333,100.0,0.0,75.0,24,52.28,6,94.0,40.0,70.14,-54.0,D,1,2026-07-08
10,1,158,23,14,87,24,Course Page,14,48,90,3,0,6.869565217391305,48.08695652173913,0.1518987341772152,0.5506329113924051,22.0,60.08181818181818,95.0,10.0,32.0,12,84.7,10,56.25,70.0,64.85,13.75,N,1,2026-07-08
11,1,229,35,17,92,55,Course Page,9,68,146,2,0,6.542857142857143,45.8,0.2401746724890829,0.4017467248908297,28.0,77.07142857142857,100.0,0.0,33.0,24,0.0,4,88.0,78.0,55.333333333333336,-10.0,N,1,2026-07-08
12,1,1221,84,41,307,252,Course Page,260,268,630,30,0,14.535714285714286,101.75,0.2063882063882063,0.2514332514332514,30.0,79.43333333333334,100.0,40.0,75.0,28,87.0,2,86.0,79.0,71.0,-7.0,D,1,2026-07-08
13,1,187,38,21,80,27,Course Page,37,41,67,36,0,4.921052631578948,34.44736842105263,0.1443850267379679,0.427807486631016,30.0,98.49333333333334,100.0,88.7,76.0,30,88.7,0,100.0,100.0,94.35,0.0,D,1,2026-07-08
14,1,141,28,18,20,16,Assignment,34,39,39,27,0,5.035714285714286,35.25,0.1134751773049645,0.1418439716312056,28.0,82.82142857142857,100.0,0.0,50.0,26,0.0,2,90.0,91.0,54.66666666666666,1.0,P,1,2026-07-08
15,1,1194,97,48,851,231,Assignment,41,658,477,12,0,12.309278350515465,86.16494845360825,0.1934673366834171,0.7127303182579564,30.0,88.74666666666667,100.0,70.0,59.0,30,81.1,0,92.0,94.0,77.05,2.0,P,1,2026-07-08
16,1,733,68,26,439,250,Course Page,200,137,384,1,0,10.779411764705882,75.45588235294119,0.3410641200545702,0.5989085948158254,30.0,68.83333333333333,100.0,0.0,51.0,24,20.25,6,86.0,66.0,49.125,-20.0,P,1,2026-07-08
17,1,43,8,9,15,13,Course Page,7,17,19,0,0,5.375,37.625,0.3023255813953488,0.3488372093023256,14.0,35.857142857142854,100.0,0.0,5.0,6,0.0,8,73.33333333333333,0.0,3.0,0.0,N,1,2026-07-08
18,1,49,5,9,2,48,Course Page,0,8,41,0,0,9.8,68.6,0.979591836734694,0.0408163265306122,12.0,0.0,0.0,0.0,0.0,0,0.0,12,0.0,0.0,0.0,0.0,N,1,2026-07-08
19,1,535,71,32,216,111,Course Page,169,76,247,20,0,7.535211267605634,52.74647887323944,0.2074766355140186,0.4037383177570093,30.0,93.65333333333334,100.0,70.0,83.0,30,93.15,0,90.0,97.0,94.075,7.0,HD,1,2026-07-08
20,1,161,22,32,67,57,Course Page,50,40,55,1,0,7.318181818181818,51.22727272727273,0.3540372670807453,0.4161490683229814,16.0,53.875,100.0,20.0,34.0,8,65.0,8,100.0,20.0,47.25,-80.0,N,1,2026-07-08
21,1,268,41,39,101,55,Assignment,72,87,85,9,0,6.536585365853658,45.75609756097561,0.2052238805970149,0.376865671641791,16.0,67.8875,100.0,26.5,50.0,14,62.3,2,97.5,70.0,62.9,-27.5,P,1,2026-07-08
22,1,1203,111,35,221,239,Course Page,115,292,765,7,0,10.83783783783784,75.86486486486486,0.198669991687448,0.1837073981712385,30.0,96.584,100.0,88.13,83.0,30,88.13,0,98.0,97.0,94.065,-1.0,HD,1,2026-07-08
23,1,402,58,25,119,59,Lecture Material,167,50,165,11,0,6.931034482758621,48.51724137931034,0.1467661691542288,0.2960199004975124,30.0,85.1,100.0,55.5,83.0,30,74.0,0,94.0,91.0,64.75,-3.0,HD,1,2026-07-08
24,1,248,30,18,85,9,Course Page,57,41,129,21,0,8.266666666666667,57.86666666666667,0.0362903225806451,0.3427419354838709,18.0,83.38888888888889,100.0,38.5,40.0,16,75.5,2,96.25,0.0,81.75,0.0,SA,1,2026-07-08
25,1,382,49,30,148,43,Course Page,92,101,182,2,0,7.795918367346939,54.57142857142857,0.112565445026178,0.387434554973822,30.0,77.36,100.0,46.2,40.0,26,46.2,4,81.0,83.0,64.6,2.0,SA,1,2026-07-08
26,1,415,47,36,205,80,Lecture Material,140,81,131,38,0,8.829787234042554,61.80851063829787,0.1927710843373494,0.4939759036144578,24.0,38.083333333333336,70.0,0.0,18.0,8,0.0,16,56.66666666666666,36.0,24.0,-20.666666666666664,N,1,2026-07-08
27,1,266,37,16,58,37,Course Page,75,62,128,0,0,7.1891891891891895,50.32432432432432,0.1390977443609022,0.2180451127819548,26.0,51.68461538461538,80.0,30.0,24.0,12,46.45,14,60.0,50.0,44.225,-10.0,N,1,2026-07-08
28,1,7,3,4,3,0,Course Page,0,3,4,0,0,2.333333333333333,16.333333333333336,0.0,0.4285714285714285,8.0,26.125,95.0,0.0,2.0,2,0.0,6,0.0,95.0,0.0,0.0,N,1,2026-07-08
29,1,379,49,36,83,71,Course Page,70,131,147,19,0,7.73469387755102,54.142857142857146,0.1873350923482849,0.2189973614775725,28.0,75.61428571428571,100.0,56.05,59.0,28,56.05,0,83.0,85.0,57.025,2.0,P,1,2026-07-08
30,1,111,26,17,40,35,Course Page,14,41,49,3,0,4.269230769230769,29.884615384615383,0.3153153153153153,0.3603603603603603,18.0,41.66666666666666,95.0,5.5,17.0,8,5.5,10,52.5,0.0,36.0,0.0,N,1,2026-07-08
31,1,362,46,36,114,38,Course Page,89,117,130,11,0,7.869565217391305,55.08695652173913,0.1049723756906077,0.3149171270718232,30.0,90.15333333333334,100.0,65.8,72.0,30,65.8,0,97.4,90.0,80.4,-7.400000000000006,D,1,2026-07-08
32,1,450,59,49,32,54,Assignment,42,226,161,15,0,7.627118644067797,53.389830508474574,0.12,0.0711111111111111,28.0,84.09285714285714,100.0,59.0,75.0,28,59.4,0,91.25,98.0,59.2,6.75,D,1,2026-07-08
33,1,317,43,30,69,101,Course Page,52,72,166,17,0,7.372093023255814,51.604651162790695,0.3186119873817035,0.2176656151419558,30.0,88.39666666666668,100.0,60.0,49.0,30,91.3,0,78.0,100.0,86.7375,22.0,S,1,2026-07-08
34,1,501,58,27,365,130,Course Page,83,166,230,13,0,8.637931034482758,60.4655172413793,0.2594810379241516,0.7285429141716567,26.0,76.96153846153847,100.0,20.0,44.0,22,83.0,4,81.0,73.33333333333333,78.25,-7.666666666666671,SA,1,2026-07-08
35,1,338,51,34,46,17,Course Page,83,113,123,6,0,6.627450980392157,46.3921568627451,0.0502958579881656,0.136094674556213,30.0,84.97333333333333,100.0,70.35,48.0,30,70.35,0,87.8,90.0,74.175,2.200000000000003,S,1,2026-07-08
36,1,402,48,30,141,60,Course Page,98,87,188,0,0,8.375,58.625,0.1492537313432835,0.3507462686567164,30.0,67.6,90.0,35.0,56.0,26,64.5,4,67.0,63.0,74.75,-4.0,P,1,2026-07-08
37,1,212,36,15,16,4,Course Page,34,60,115,3,0,5.888888888888889,41.22222222222222,0.0188679245283018,0.0754716981132075,28.0,77.27142857142857,95.0,55.0,54.0,28,81.4,0,79.0,73.75,80.7,-5.25,P,1,2026-07-08
38,1,846,84,38,256,166,Course Page,146,242,403,20,0,10.071428571428571,70.5,0.1962174940898345,0.3026004728132387,30.0,67.25333333333333,92.0,35.0,45.0,24,79.65,6,62.0,59.0,85.825,-3.0,S,1,2026-07-08
39,1,211,50,37,41,40,Lecture Material,70,58,59,6,0,4.22,29.54,0.1895734597156398,0.1943127962085308,30.0,81.94266666666667,100.0,61.57,70.0,30,61.57,0,94.0,82.0,65.285,-12.0,D,1,2026-07-08
40,1,321,40,22,154,30,Assignment,31,178,111,1,0,8.025,56.175,0.0934579439252336,0.4797507788161994,28.0,62.392857142857146,100.0,19.0,34.0,24,19.0,4,75.0,72.5,35.5,-2.5,N,1,2026-07-08
41,1,409,43,26,225,101,Course Page,79,122,196,10,0,9.511627906976743,66.5813953488372,0.2469437652811736,0.5501222493887531,20.0,38.9,60.0,0.0,15.0,10,46.0,10,40.0,55.0,30.666666666666668,15.0,N,1,2026-07-08
42,1,266,42,19,128,22,Assignment,29,130,101,1,0,6.333333333333333,44.333333333333336,0.0827067669172932,0.4812030075187969,26.0,84.34615384615384,100.0,60.0,62.0,26,60.0,0,91.0,93.33333333333331,72.0,2.3333333333333286,C,1,2026-07-08
43,1,611,63,35,334,99,Course Page,109,77,402,1,0,9.698412698412698,67.88888888888889,0.1620294599018003,0.546644844517185,28.0,82.27857142857144,100.0,45.0,43.0,26,85.95,2,85.0,88.0,73.475,3.0,SA,1,2026-07-08
44,1,367,38,25,107,75,Course Page,86,96,174,7,0,9.657894736842104,67.60526315789474,0.2043596730245231,0.2915531335149863,26.0,83.9076923076923,100.0,67.9,60.0,26,67.9,0,93.0,88.33333333333333,71.95,-4.666666666666671,C,1,2026-07-08
45,1,478,62,55,257,73,Assignment,67,193,193,8,0,7.709677419354839,53.967741935483865,0.1527196652719665,0.5376569037656904,30.0,89.08666666666666,100.0,65.0,71.0,30,79.15,0,88.0,92.0,86.575,4.0,D,1,2026-07-08
46,1,265,40,21,79,64,Course Page,66,59,118,13,0,6.625,46.375,0.2415094339622641,0.2981132075471698,30.0,72.78666666666666,90.0,40.0,46.0,28,69.65,2,69.0,82.0,65.325,13.0,S,1,2026-07-08
47,1,330,53,25,156,115,Course Page,19,138,163,6,0,6.226415094339623,43.58490566037736,0.3484848484848485,0.4727272727272727,30.0,83.44666666666667,100.0,60.0,43.0,30,75.85,0,81.0,87.0,81.925,6.0,SA,1,2026-07-08
48,1,384,48,32,109,98,Course Page,121,96,160,1,0,8.0,56.0,0.2552083333333333,0.2838541666666667,30.0,72.25733333333332,100.0,25.0,48.0,24,51.43,6,86.0,56.0,75.715,-30.0,S,1,2026-07-08
49,1,439,34,29,366,158,Course Page,143,56,192,32,0,12.911764705882351,90.38235294117648,0.3599088838268792,0.8337129840546698,18.0,63.333333333333336,100.0,29.0,26.0,16,64.5,2,65.0,80.0,62.75,15.0,N,1,2026-07-08
50,1,254,35,40,64,8,Lecture Material,83,37,75,36,0,7.257142857142857,50.8,0.0314960629921259,0.2519685039370078,26.0,46.2,84.0,20.0,60.0,12,51.3,14,40.0,33.333333333333336,67.65,-6.666666666666664,C,1,2026-07-08
51,1,270,57,26,125,41,Course Page,48,94,106,12,0,4.7368421052631575,33.15789473684211,0.1518518518518518,0.4629629629629629,28.0,87.73571428571428,100.0,50.0,82.0,28,97.9,0,89.0,82.5,93.95,-6.5,HD,1,2026-07-08
52,1,244,32,22,120,39,Course Page,82,36,94,10,0,7.625,53.375,0.1598360655737705,0.4918032786885246,30.0,71.03333333333333,100.0,50.0,62.0,30,68.0,0,82.0,67.0,61.5,-15.0,C,1,2026-07-08
53,1,267,42,21,60,79,Course Page,76,66,121,4,0,6.357142857142857,44.5,0.2958801498127341,0.2247191011235955,24.0,57.03333333333333,100.0,19.7,37.0,14,19.7,10,72.0,50.0,44.6,-22.0,N,1,2026-07-08
54,1,748,69,40,322,144,Course Page,90,227,378,1,0,10.840579710144928,75.88405797101449,0.1925133689839572,0.4304812834224599,26.0,74.99230769230769,100.0,30.0,41.0,20,76.45,6,67.5,97.5,62.225,30.0,SA,1,2026-07-08
55,1,711,68,24,147,179,Course Page,49,94,552,6,0,10.455882352941176,73.19117647058825,0.2517580872011252,0.2067510548523206,22.0,45.13636363636363,75.0,0.0,22.0,8,44.0,14,48.75,20.0,59.5,-28.75,N,1,2026-07-08
56,1,261,40,24,71,64,Course Page,37,99,113,8,0,6.525,45.675,0.2452107279693486,0.2720306513409962,30.0,78.56666666666666,100.0,0.0,60.0,28,84.0,2,92.0,59.0,87.0,-33.0,C,1,2026-07-08
57,1,176,38,15,78,22,Course Page,11,45,119,0,0,4.631578947368421,32.421052631578945,0.125,0.4431818181818182,12.0,57.333333333333336,100.0,10.0,47.0,10,62.0,2,100.0,0.0,58.5,0.0,S,1,2026-07-08
58,1,387,46,27,135,68,Course Page,98,46,223,11,0,8.41304347826087,58.891304347826086,0.1757105943152454,0.3488372093023256,24.0,26.375,55.0,0.0,20.0,8,53.75,16,17.5,6.666666666666667,54.375,-10.833333333333332,N,1,2026-07-08
59,1,221,28,16,77,28,Course Page,50,48,123,0,0,7.892857142857143,55.25,0.1266968325791855,0.3484162895927601,18.0,55.67777777777778,85.0,29.0,19.0,12,36.05,6,78.33333333333333,55.0,45.525,-23.33333333333333,N,1,2026-07-08
60,1,455,69,26,180,125,Course Page,41,177,214,15,0,6.594202898550725,46.15942028985507,0.2747252747252747,0.3956043956043956,30.0,90.91333333333334,100.0,80.0,65.0,30,84.15,0,91.8,91.0,89.575,-0.7999999999999972,C,1,2026-07-08
61,1,280,49,33,118,59,Lecture Material,92,64,88,14,0,5.714285714285714,40.0,0.2107142857142857,0.4214285714285714,30.0,91.0,100.0,60.0,83.0,30,80.0,0,98.0,88.0,85.5,-10.0,HD,1,2026-07-08
62,1,220,37,27,98,71,Course Page,43,58,105,4,0,5.945945945945946,41.62162162162162,0.3227272727272727,0.4454545454545454,30.0,74.58,95.0,50.0,48.0,30,88.35,0,79.0,69.0,76.175,-10.0,S,1,2026-07-08
63,1,347,53,30,118,41,Course Page,45,77,204,5,0,6.547169811320755,45.83018867924528,0.1181556195965417,0.3400576368876081,28.0,79.5,100.0,40.0,46.0,26,65.5,2,88.0,75.0,74.75,-13.0,S,1,2026-07-08
64,1,551,30,27,345,60,Course Page,72,49,410,9,0,18.366666666666667,128.56666666666666,0.1088929219600726,0.6261343012704175,20.0,48.73,80.0,10.0,23.0,14,65.65,6,40.0,50.0,61.325,10.0,N,1,2026-07-08
65,1,408,50,33,165,38,Course Page,54,137,180,15,0,8.16,57.12,0.0931372549019607,0.4044117647058823,30.0,83.24666666666667,95.0,58.0,58.0,30,88.4,0,83.8,90.0,73.2,6.200000000000003,P,1,2026-07-08
66,1,213,44,23,39,47,Course Page,72,59,74,3,0,4.840909090909091,33.88636363636364,0.2206572769953051,0.1830985915492957,30.0,74.21333333333334,100.0,30.0,46.0,28,72.35,2,66.0,77.0,81.675,11.0,S,1,2026-07-08
67,1,193,18,42,172,40,Assignment,39,110,34,7,0,10.72222222222222,75.05555555555554,0.2072538860103626,0.8911917098445595,30.0,87.22666666666667,100.0,67.7,70.0,30,67.7,0,96.0,86.0,76.85,-10.0,D,1,2026-07-08
68,1,503,74,30,73,85,Course Page,80,69,342,2,0,6.797297297297297,47.58108108108108,0.1689860834990059,0.1451292246520874,30.0,75.48666666666666,100.0,30.0,44.0,24,41.65,6,72.0,90.0,60.325,18.0,SA,1,2026-07-08
69,1,151,33,21,57,12,Course Page,25,46,78,0,0,4.575757575757576,32.03030303030303,0.0794701986754966,0.3774834437086092,30.0,71.59466666666667,100.0,47.21,58.0,26,47.21,4,74.0,75.0,63.605,1.0,P,1,2026-07-08
70,1,463,46,23,105,76,Course Page,95,89,268,8,0,10.065217391304348,70.45652173913044,0.1641468682505399,0.2267818574514039,30.0,95.83733333333332,100.0,88.28,85.0,30,88.28,0,98.0,96.0,92.64,-2.0,HD,1,2026-07-08
71,1,91,20,14,38,25,Assignment,4,58,24,5,0,4.55,31.85,0.2747252747252747,0.4175824175824176,28.0,54.642857142857146,80.0,0.0,30.0,20,66.0,8,55.0,42.0,73.0,-13.0,N,1,2026-07-08
72,1,452,50,30,192,33,Course Page,79,149,207,8,0,9.04,63.28,0.0730088495575221,0.4247787610619469,30.0,75.97333333333333,100.0,40.0,66.0,28,96.3,2,80.0,62.0,89.65,-18.0,C,1,2026-07-08
73,1,252,39,35,169,48,Assignment,26,106,99,16,0,6.461538461538462,45.23076923076923,0.1904761904761904,0.6706349206349206,20.0,53.4,100.0,0.0,11.0,10,0.0,10,80.0,75.0,9.333333333333334,-5.0,N,1,2026-07-08
74,1,327,60,17,149,59,Course Page,52,60,209,0,0,5.45,38.15,0.1804281345565749,0.45565749235474,30.0,76.5,95.0,30.0,54.0,28,50.0,2,76.0,81.0,71.0,5.0,P,1,2026-07-08
75,1,494,65,23,261,106,Course Page,20,232,240,0,0,7.6,53.2,0.2145748987854251,0.52834008097166,28.0,73.39285714285714,100.0,40.0,55.0,22,41.0,6,70.0,93.75,57.5,23.75,P,1,2026-07-08
76,1,187,29,28,42,24,Assignment,27,78,78,1,0,6.448275862068965,45.137931034482754,0.1283422459893048,0.2245989304812834,30.0,64.23333333333333,100.0,20.0,53.0,22,45.0,8,76.0,61.0,52.5,-15.0,P,1,2026-07-08
77,1,220,35,24,90,28,Course Page,69,45,85,15,0,6.285714285714286,44.0,0.1272727272727272,0.4090909090909091,20.0,70.47,100.0,38.0,50.0,18,89.35,2,70.0,100.0,71.675,30.0,P,1,2026-07-08
78,1,445,66,26,247,87,Course Page,53,56,321,5,0,6.742424242424242,47.196969696969695,0.195505617977528,0.5550561797752809,28.0,76.72142857142856,100.0,50.0,39.0,28,73.3,0,71.25,78.0,82.9,6.75,N,1,2026-07-08
79,1,375,47,28,104,82,Course Page,111,103,145,3,0,7.978723404255319,55.85106382978724,0.2186666666666666,0.2773333333333333,28.0,70.85714285714286,100.0,40.0,63.0,26,63.0,2,86.0,65.0,58.25,-21.0,C,1,2026-07-08
80,1,333,56,21,151,116,Course Page,52,86,193,2,0,5.946428571428571,41.625,0.3483483483483483,0.4534534534534534,30.0,81.77333333333333,100.0,65.0,67.0,30,79.3,0,86.0,78.0,81.15,-8.0,C,1,2026-07-08
81,1,511,76,37,129,125,Lecture Material,172,149,152,22,0,6.723684210526316,47.065789473684205,0.2446183953033268,0.2524461839530332,30.0,35.906666666666666,75.0,10.0,25.0,8,48.8,22,15.0,55.0,38.4,40.0,N,1,2026-07-08
82,1,657,66,28,253,82,Course Page,102,236,299,7,0,9.954545454545457,69.68181818181819,0.1248097412480974,0.3850837138508371,30.0,92.12666666666668,100.0,70.0,73.0,30,88.7,0,90.0,93.0,93.85,3.0,D,1,2026-07-08
83,1,325,50,22,92,61,Course Page,35,69,212,7,0,6.5,45.5,0.1876923076923076,0.283076923076923,30.0,68.04,100.0,40.0,30.0,24,45.3,6,69.0,79.0,51.65,10.0,N,1,2026-07-08
84,1,353,46,23,160,45,Course Page,60,58,227,3,0,7.673913043478261,53.71739130434783,0.1274787535410765,0.4532577903682719,30.0,83.09333333333333,100.0,69.0,52.0,30,70.2,0,84.0,92.0,69.6,8.0,P,1,2026-07-08
85,1,191,35,18,87,43,Course Page,14,72,103,1,0,5.457142857142857,38.2,0.225130890052356,0.4554973821989528,30.0,69.76666666666667,100.0,0.0,21.0,20,0.0,10,79.0,100.0,15.5,21.0,N,1,2026-07-08
86,1,343,47,31,174,43,Course Page,82,66,165,16,0,7.297872340425532,51.08510638297872,0.1253644314868804,0.5072886297376094,24.0,57.76666666666667,100.0,20.0,30.0,16,68.1,8,65.0,43.333333333333336,66.05,-21.666666666666664,N,1,2026-07-08
87,1,120,14,15,27,13,Assignment,12,60,45,1,0,8.571428571428571,60.0,0.1083333333333333,0.225,28.0,59.17857142857143,100.0,0.0,41.0,18,56.0,10,55.0,75.0,49.0,20.0,SA,1,2026-07-08
88,1,109,19,11,27,28,Course Page,13,37,55,0,0,5.7368421052631575,40.1578947368421,0.2568807339449541,0.2477064220183486,18.0,74.33333333333333,100.0,0.0,62.0,14,86.5,4,75.0,0.0,84.75,0.0,C,1,2026-07-08
89,1,284,62,20,165,64,Assignment,25,144,100,4,0,4.580645161290323,32.064516129032256,0.2253521126760563,0.5809859154929577,16.0,14.0,38.0,0.0,9.0,0,38.0,16,0.0,0.0,28.0,0.0,N,1,2026-07-08
90,1,502,51,31,95,64,Course Page,77,171,227,15,0,9.84313725490196,68.90196078431373,0.1274900398406374,0.1892430278884462,30.0,87.90666666666667,100.0,79.0,73.0,30,82.55,0,92.0,89.0,80.775,-3.0,D,1,2026-07-08
91,1,311,51,27,149,41,Course Page,55,78,152,13,0,6.098039215686274,42.68627450980392,0.1318327974276527,0.4790996784565916,30.0,84.86,100.0,50.0,72.0,30,84.95,0,74.0,92.0,89.975,18.0,D,1,2026-07-08
92,1,488,51,40,75,94,Course Page,116,146,180,28,0,9.568627450980392,66.98039215686275,0.1926229508196721,0.1536885245901639,20.0,78.85,100.0,43.5,40.0,18,72.5,2,78.33333333333333,100.0,77.5,21.66666666666667,SA,1,2026-07-08
93,1,188,31,23,45,7,Course Page,54,53,63,7,0,6.064516129032258,42.4516129032258,0.0372340425531914,0.2393617021276596,26.0,32.19230769230769,60.0,0.0,33.0,6,23.0,20,41.0,26.666666666666668,26.25,-14.333333333333332,N,1,2026-07-08
94,1,417,35,25,164,46,Course Page,134,107,160,0,0,11.914285714285716,83.4,0.1103117505995203,0.3932853717026379,28.0,53.785714285714285,90.0,17.0,51.0,16,17.0,12,75.0,56.25,23.25,-18.75,P,1,2026-07-08
95,1,244,31,33,137,72,Course Page,41,96,97,1,0,7.870967741935484,55.096774193548384,0.2950819672131147,0.5614754098360656,36.0,41.833333333333336,86.0,0.0,0.0,12,0.0,24,55.0,26.666666666666668,43.0,-28.33333333333333,DX,1,2026-07-08
96,1,780,74,45,653,188,Assignment,78,351,337,12,0,10.54054054054054,73.78378378378379,0.241025641025641,0.8371794871794872,30.0,68.36,100.0,1.2,25.0,22,1.2,8,82.0,88.0,22.6,6.0,N,1,2026-07-08
97,1,157,35,15,39,54,Course Page,51,45,56,5,0,4.485714285714286,31.4,0.3439490445859872,0.2484076433121019,24.0,76.825,100.0,55.5,44.0,24,55.7,0,88.33333333333333,72.5,77.85,-15.833333333333329,SA,1,2026-07-08
98,1,145,23,15,67,31,Course Page,48,29,66,0,0,6.304347826086956,44.130434782608695,0.2137931034482758,0.4620689655172413,16.0,51.275,100.0,0.0,28.0,10,73.1,6,40.0,0.0,69.55,0.0,N,1,2026-07-08
99,1,417,49,35,77,31,Course Page,124,78,183,12,0,8.510204081632653,59.57142857142857,0.0743405275779376,0.184652278177458,28.0,74.25,100.0,0.0,60.0,26,79.0,2,90.0,53.75,77.0,-36.25,C,1,2026-07-08
100,1,57,20,5,8,6,Course Page,1,2,53,1,0,2.85,19.95,0.1052631578947368,0.1403508771929824,20.0,41.15,75.0,0.0,10.0,10,0.0,10,61.25,50.0,21.75,-11.25,N,1,2026-07-08
101,1,733,50,29,296,161,Course Page,171,118,423,0,0,14.66,102.62,0.2196452933151432,0.4038199181446112,30.0,71.86666666666666,90.0,43.0,38.0,26,67.0,4,74.0,82.0,55.0,8.0,N,1,2026-07-08
102,1,121,15,11,53,24,Course Page,21,43,57,0,0,8.066666666666666,56.46666666666667,0.1983471074380165,0.4380165289256198,16.0,10.375,25.0,0.0,2.0,0,0.0,16,16.666666666666668,20.0,2.0,3.333333333333332,N,1,2026-07-08
103,1,444,81,44,215,128,Course Page,40,160,234,5,0,5.481481481481482,38.37037037037037,0.2882882882882883,0.4842342342342342,30.0,89.96666666666667,100.0,40.0,74.0,26,93.0,4,97.0,100.0,66.5,3.0,D,1,2026-07-08
104,1,421,72,27,140,80,Assignment,119,143,101,36,0,5.847222222222222,40.93055555555555,0.1900237529691211,0.332541567695962,30.0,91.53333333333332,100.0,75.0,72.0,30,94.0,0,96.0,86.0,93.0,-10.0,D,1,2026-07-08
105,1,211,40,21,90,30,Course Page,35,74,95,5,0,5.275,36.925,0.1421800947867298,0.4265402843601896,24.0,65.48333333333333,90.0,25.0,36.0,20,65.65,4,76.0,57.5,60.325,-18.5,N,1,2026-07-08
106,1,638,68,42,395,140,Course Page,66,188,345,7,0,9.382352941176473,65.6764705882353,0.219435736677116,0.6191222570532915,28.0,48.75714285714286,100.0,0.0,33.0,16,32.8,12,46.0,60.0,41.4,14.0,N,1,2026-07-08
107,1,678,69,45,174,108,Course Page,150,180,300,2,0,9.826086956521738,68.78260869565217,0.1592920353982301,0.2566371681415929,28.0,68.35714285714286,100.0,30.0,53.0,26,77.0,2,70.0,65.0,71.5,-5.0,P,1,2026-07-08
108,1,333,32,24,260,79,Course Page,104,66,151,9,0,10.40625,72.84375,0.2372372372372372,0.7807807807807807,28.0,58.46428571428572,85.0,0.0,57.0,24,76.0,4,70.0,38.75,65.75,-31.25,P,1,2026-07-08
109,1,205,30,18,103,6,Course Page,39,46,110,0,0,6.833333333333333,47.833333333333336,0.0292682926829268,0.5024390243902439,22.0,68.95454545454545,90.0,43.5,66.0,20,85.0,2,67.5,82.5,70.0,15.0,C,1,2026-07-08
110,1,251,30,29,194,56,Assignment,36,104,104,2,0,8.366666666666667,58.56666666666667,0.2231075697211155,0.7729083665338645,20.0,51.2,70.0,27.0,22.0,12,58.5,8,56.66666666666666,50.0,53.75,-6.666666666666664,N,1,2026-07-08
111,1,257,25,33,153,18,Assignment,15,147,92,1,0,10.28,71.96,0.0700389105058365,0.5953307392996109,26.0,81.69999999999999,100.0,63.3,45.0,26,63.3,0,99.0,76.66666666666667,66.15,-22.33333333333333,S,1,2026-07-08
112,1,189,26,23,79,31,Assignment,20,80,77,2,0,7.269230769230769,50.88461538461538,0.164021164021164,0.4179894179894179,28.0,67.51428571428572,100.0,30.0,52.0,24,52.85,4,53.75,82.0,64.425,28.25,P,1,2026-07-08
113,1,502,67,29,198,77,Course Page,54,120,293,1,0,7.492537313432836,52.44776119402985,0.1533864541832669,0.3944223107569721,30.0,31.466666666666665,75.0,0.0,24.0,10,62.0,20,17.0,19.0,68.5,2.0,N,1,2026-07-08
114,1,157,22,22,85,4,Assignment,15,92,46,0,0,7.136363636363637,49.95454545454545,0.0254777070063694,0.5414012738853503,30.0,80.2,100.0,60.0,68.0,30,86.0,0,83.0,81.0,75.25,-2.0,C,1,2026-07-08
115,1,455,47,27,73,70,Course Page,106,151,195,2,0,9.680851063829786,67.76595744680851,0.1538461538461538,0.1604395604395604,28.0,73.57142857142857,100.0,50.0,58.0,28,65.0,0,84.0,70.0,65.0,-14.0,P,1,2026-07-08
116,1,127,18,13,91,43,Course Page,11,45,62,8,0,7.055555555555555,49.388888888888886,0.3385826771653543,0.7165354330708661,12.0,50.48333333333333,78.0,0.0,23.0,8,73.45,4,0.0,0.0,75.725,0.0,N,1,2026-07-08
117,1,105,20,21,8,9,Assignment,26,53,23,2,0,5.25,36.75,0.0857142857142857,0.0761904761904762,30.0,92.2,100.0,50.0,82.0,30,91.5,0,100.0,100.0,70.75,0.0,HD,1,2026-07-08
118,1,803,74,31,219,117,Assignment,143,351,295,7,0,10.85135135135135,75.95945945945947,0.1457036114570361,0.2727272727272727,30.0,79.42,100.0,30.0,64.0,28,94.65,2,72.0,80.0,88.825,8.0,C,1,2026-07-08
119,1,165,29,21,66,9,Course Page,37,59,66,0,0,5.689655172413793,39.82758620689655,0.0545454545454545,0.4,30.0,69.7,100.0,10.0,50.0,22,77.5,8,80.0,67.0,59.25,-13.0,P,1,2026-07-08
120,1,191,37,15,42,34,Course Page,63,35,90,3,0,5.162162162162162,36.13513513513514,0.1780104712041884,0.2198952879581152,28.0,88.57857142857142,100.0,64.0,61.0,28,83.05,0,100.0,92.0,73.525,-8.0,C,1,2026-07-08
121,1,230,27,32,108,45,Course Page,76,40,100,2,0,8.518518518518519,59.629629629629626,0.1956521739130435,0.4695652173913043,16.0,48.625,80.0,18.5,25.0,10,31.75,6,65.0,55.0,46.375,-10.0,N,1,2026-07-08
122,1,171,22,23,12,4,Assignment,38,66,59,0,0,7.772727272727272,54.409090909090914,0.023391812865497,0.0701754385964912,28.0,92.64,100.0,78.73,64.0,28,78.73,0,100.0,96.25,80.86500000000001,-3.75,C,1,2026-07-08
123,1,134,21,26,64,13,Lecture Material,46,38,44,4,0,6.380952380952381,44.66666666666666,0.0970149253731343,0.4776119402985074,20.0,34.05,63.0,0.0,18.0,8,63.0,12,36.25,25.0,42.0,-11.25,N,1,2026-07-08
124,1,599,89,29,211,134,Course Page,191,65,320,22,0,6.730337078651686,47.1123595505618,0.2237061769616026,0.352253756260434,30.0,80.41333333333334,95.0,69.0,72.0,30,72.1,0,83.0,85.0,70.55,2.0,D,1,2026-07-08
125,1,669,89,33,185,153,Course Page,200,107,351,8,0,7.51685393258427,52.61797752808989,0.2286995515695067,0.2765321375186846,30.0,85.4,100.0,70.0,75.0,30,73.5,0,88.0,92.0,72.75,4.0,D,1,2026-07-08
126,1,205,29,19,22,83,Assignment,34,88,78,2,0,7.068965517241379,49.48275862068965,0.4048780487804878,0.1073170731707317,30.0,65.63333333333334,100.0,0.0,53.0,24,54.0,6,72.0,55.0,71.5,-17.0,P,1,2026-07-08
127,1,169,28,19,91,35,Course Page,36,50,83,0,0,6.035714285714286,42.25,0.2071005917159763,0.5384615384615384,22.0,38.95454545454545,85.0,0.0,23.0,12,0.0,10,42.0,85.0,26.0,43.0,N,1,2026-07-08
128,1,230,44,23,71,45,Course Page,19,97,104,5,0,5.227272727272728,36.59090909090909,0.1956521739130435,0.308695652173913,24.0,67.86666666666666,85.0,51.0,30.0,24,68.7,0,66.25,81.66666666666667,63.35,15.416666666666671,N,1,2026-07-08
129,1,662,60,33,264,156,Course Page,164,162,309,1,0,11.033333333333331,77.23333333333333,0.2356495468277945,0.3987915407854985,24.0,55.0,100.0,20.0,24.0,16,30.0,8,58.0,55.0,55.0,-3.0,N,1,2026-07-08
130,1,183,31,15,70,30,Assignment,35,76,72,0,0,5.903225806451613,41.32258064516129,0.1639344262295081,0.3825136612021858,16.0,64.725,100.0,23.0,25.0,12,57.4,4,76.66666666666667,0.0,66.2,0.0,N,1,2026-07-08
131,1,261,35,29,76,37,Course Page,72,72,102,8,0,7.457142857142857,52.2,0.1417624521072797,0.2911877394636015,30.0,87.54666666666667,100.0,76.35,82.0,30,76.35,0,91.0,84.0,87.675,-7.0,HD,1,2026-07-08
132,1,341,42,27,97,27,Course Page,28,127,169,10,0,8.119047619047619,56.833333333333336,0.0791788856304985,0.2844574780058651,28.0,79.64999999999999,100.0,50.0,63.0,28,95.55,0,78.0,72.5,91.775,-5.5,C,1,2026-07-08
133,1,157,18,18,49,16,Course Page,25,54,70,0,0,8.722222222222221,61.05555555555555,0.1019108280254777,0.3121019108280254,14.0,24.685714285714287,50.0,0.0,10.0,2,28.9,12,50.0,0.0,29.45,-50.0,N,1,2026-07-08
134,1,418,37,30,214,88,Course Page,116,75,201,15,0,11.297297297297296,79.08108108108108,0.2105263157894736,0.5119617224880383,24.0,54.333333333333336,95.0,20.0,27.0,14,62.0,10,36.66666666666666,72.5,53.0,35.833333333333336,N,1,2026-07-08
135,1,237,30,36,175,32,Assignment,23,140,70,1,0,7.9,55.3,0.1350210970464135,0.7383966244725738,28.0,78.47857142857143,100.0,37.0,38.0,24,50.35,4,96.0,90.0,43.675,-6.0,N,1,2026-07-08
136,1,359,51,22,145,87,Course Page,35,159,161,2,0,7.03921568627451,49.27450980392157,0.2423398328690807,0.403899721448468,28.0,73.15714285714286,83.85,65.0,56.0,28,83.85,0,75.0,71.0,75.925,-4.0,P,1,2026-07-08
137,1,307,28,42,114,29,Assignment,29,188,90,0,0,10.964285714285714,76.75,0.0944625407166123,0.3713355048859935,30.0,78.88000000000001,100.0,50.35,37.0,30,50.35,0,89.0,88.0,52.425,-1.0,N,1,2026-07-08
138,1,214,24,20,92,61,Assignment,17,99,93,1,0,8.916666666666666,62.41666666666667,0.2850467289719626,0.4299065420560747,26.0,74.6923076923077,100.0,30.0,42.0,22,88.5,4,71.25,78.75,77.75,7.5,SA,1,2026-07-08
139,1,135,22,14,72,40,Course Page,14,54,64,0,0,6.136363636363637,42.95454545454545,0.2962962962962963,0.5333333333333333,26.0,45.61538461538461,80.0,0.0,33.0,16,65.0,10,46.0,26.666666666666668,63.0,-19.33333333333333,N,1,2026-07-08
140,1,7,5,3,1,2,Course Page,0,2,4,1,0,1.4,9.8,0.2857142857142857,0.1428571428571428,8.0,5.5,20.0,0.0,0.0,0,0.0,8,20.0,0.0,0.0,0.0,N,1,2026-07-08
141,1,374,51,27,119,53,Course Page,58,100,201,9,0,7.333333333333333,51.333333333333336,0.141711229946524,0.3181818181818182,28.0,55.29,100.0,30.0,48.0,16,43.78,12,61.0,40.0,65.64,-21.0,S,1,2026-07-08
142,1,277,47,23,39,44,Course Page,82,57,125,6,0,5.893617021276596,41.25531914893617,0.1588447653429603,0.1407942238267148,28.0,89.41428571428571,100.0,75.0,71.0,28,95.9,0,92.5,90.0,87.45,-2.5,D,1,2026-07-08
143,1,501,38,25,232,64,Course Page,182,65,235,9,0,13.18421052631579,92.28947368421052,0.1277445109780439,0.4630738522954092,14.0,45.142857142857146,90.0,0.0,13.0,6,0.0,8,55.0,30.0,54.0,-25.0,N,1,2026-07-08
144,1,105,12,16,90,27,Course Page,2,33,66,0,0,8.75,61.25,0.2571428571428571,0.8571428571428571,20.0,62.5,95.0,0.0,58.0,14,87.0,6,60.0,72.5,58.0,12.5,P,1,2026-07-08
145,1,112,10,16,82,2,Lecture Material,48,26,35,3,0,11.2,78.39999999999999,0.0178571428571428,0.7321428571428571,16.0,58.875,100.0,0.0,17.0,10,0.0,6,77.5,0.0,43.333333333333336,0.0,N,1,2026-07-08
146,1,176,34,17,87,41,Lecture Material,67,39,63,2,0,5.176470588235294,36.235294117647065,0.2329545454545454,0.4943181818181818,14.0,60.07142857142857,75.0,14.5,22.0,12,55.5,2,72.5,0.0,65.25,0.0,N,1,2026-07-08
147,1,265,37,26,83,78,Course Page,60,81,115,8,0,7.162162162162162,50.13513513513514,0.2943396226415094,0.3132075471698113,20.0,65.25,100.0,12.75,25.0,12,12.75,8,92.5,40.0,50.375,-52.5,N,1,2026-07-08
148,1,101,21,18,44,17,Assignment,26,38,34,3,0,4.809523809523809,33.666666666666664,0.1683168316831683,0.4356435643564356,18.0,58.28888888888889,100.0,30.0,24.0,10,55.8,8,93.33333333333331,30.0,45.9,-63.33333333333333,N,1,2026-07-08
149,1,166,22,35,63,9,Assignment,14,126,26,0,0,7.545454545454546,52.81818181818182,0.0542168674698795,0.3795180722891566,28.0,87.92857142857143,100.0,62.75,60.0,28,62.75,0,99.0,97.5,64.375,-1.5,C,1,2026-07-08
150,1,94,25,13,25,20,Course Page,23,27,40,0,0,3.76,26.32,0.2127659574468085,0.2659574468085106,28.0,90.15,100.0,49.0,69.0,24,95.3,4,97.0,100.0,72.15,3.0,C,1,2026-07-08
151,1,54,13,13,27,10,Course Page,15,10,28,0,0,4.153846153846154,29.07692307692308,0.1851851851851851,0.5,20.0,53.9,100.0,0.0,10.0,12,0.0,8,45.0,80.0,0.0,35.0,N,1,2026-07-08
152,1,203,24,18,118,43,Course Page,33,76,87,1,0,8.458333333333334,59.208333333333336,0.2118226600985221,0.5812807881773399,16.0,19.5,38.0,0.0,11.0,0,38.0,16,5.0,10.0,33.5,5.0,N,1,2026-07-08
153,1,92,22,13,66,15,Assignment,23,60,8,0,0,4.181818181818182,29.27272727272728,0.1630434782608695,0.717391304347826,26.0,52.29230769230769,65.0,10.0,26.0,20,60.4,6,51.0,45.0,62.7,-6.0,N,1,2026-07-08
154,1,220,28,33,152,39,Course Page,44,42,115,2,0,7.857142857142857,55.0,0.1772727272727272,0.6909090909090909,10.0,11.4,50.0,0.0,1.0,2,0.0,8,0.0,50.0,0.6666666666666666,0.0,N,1,2026-07-08
155,1,8,3,4,6,0,Course Page,2,2,4,0,0,2.6666666666666665,18.666666666666668,0.0,0.75,12.0,0.0,0.0,0.0,0.0,0,0.0,12,0.0,0.0,0.0,0.0,N,1,2026-07-08
156,1,75,18,14,9,6,Course Page,17,26,30,2,0,4.166666666666667,29.166666666666664,0.08,0.12,30.0,84.06,100.0,50.0,42.0,30,82.7,0,82.0,83.0,88.35,1.0,SA,1,2026-07-08
157,1,96,15,19,45,10,Course Page,27,15,50,0,0,6.4,44.8,0.1041666666666666,0.46875,20.0,19.15,80.0,0.0,5.0,4,0.0,16,29.0,0.0,10.666666666666666,-29.0,N,1,2026-07-08
158,1,48,9,8,11,2,Course Page,4,14,29,0,0,5.333333333333333,37.33333333333333,0.0416666666666666,0.2291666666666666,16.0,8.25,33.0,0.0,3.0,0,0.0,16,0.0,0.0,22.0,0.0,N,1,2026-07-08
159,1,47,6,9,5,0,Assignment,7,23,17,0,0,7.833333333333333,54.833333333333336,0.0,0.1063829787234042,12.0,34.5,90.0,0.0,5.0,4,0.0,8,75.0,0.0,14.0,0.0,N,1,2026-07-08
160,1,101,14,10,6,21,Course Page,17,36,46,0,0,7.214285714285714,50.5,0.2079207920792079,0.0594059405940594,16.0,12.5,50.0,0.0,5.0,4,0.0,12,0.0,0.0,25.0,0.0,N,1,2026-07-08
161,1,134,17,14,58,40,Course Page,20,40,70,4,0,7.882352941176471,55.1764705882353,0.2985074626865671,0.4328358208955223,12.0,20.166666666666668,50.0,0.0,3.0,2,0.0,10,36.66666666666666,0.0,0.0,0.0,N,1,2026-07-08
162,1,71,12,16,35,14,Course Page,11,25,30,1,0,5.916666666666667,41.41666666666667,0.1971830985915492,0.4929577464788732,24.0,29.791666666666668,80.0,0.0,7.0,10,0.0,14,49.0,40.0,0.0,-9.0,N,1,2026-07-08
163,1,170,21,27,118,58,Assignment,21,120,27,0,0,8.095238095238095,56.66666666666666,0.3411764705882353,0.6941176470588235,18.0,67.22222222222223,100.0,0.0,11.0,14,0.0,4,90.0,100.0,0.0,10.0,N,1,2026-07-08
164,1,16,7,4,15,8,Course Page,0,2,13,0,0,2.2857142857142856,16.0,0.5,0.9375,6.0,0.0,0.0,0.0,0.0,0,0.0,6,0.0,0.0,0.0,0.0,N,1,2026-07-08
165,1,38,9,10,5,12,Course Page,13,9,16,0,0,4.222222222222222,29.55555555555556,0.3157894736842105,0.131578947368421,10.0,33.0,80.0,0.0,3.0,4,0.0,6,75.0,0.0,0.0,0.0,N,1,2026-07-08
166,1,12,7,2,7,7,Assignment,0,7,5,0,0,1.7142857142857142,12.0,0.5833333333333334,0.5833333333333334,8.0,5.5,20.0,0.0,0.0,0,0.0,8,20.0,0.0,0.0,0.0,N,1,2026-07-08
167,1,14,5,6,12,3,Course Page,3,2,8,1,0,2.8,19.6,0.2142857142857142,0.8571428571428571,10.0,0.0,0.0,0.0,0.0,0,0.0,10,0.0,0.0,0.0,0.0,N,1,2026-07-08
168,1,103,6,13,6,32,Course Page,37,21,45,0,0,17.166666666666668,120.16666666666669,0.3106796116504854,0.058252427184466,8.0,23.375,85.0,0.0,2.0,2,0.0,6,85.0,0.0,0.0,0.0,N,1,2026-07-08
169,1,2,1,2,0,0,Course Page,0,0,1,1,0,2.0,14.0,0.0,0.0,12.0,0.0,0.0,0.0,0.0,0,0.0,12,0.0,0.0,0.0,0.0,N,1,2026-07-08
170,1,0,0,0,0,0,No Activity,0,0,0,0,0,0.0,0.0,0.0,0.0,8.0,0.0,0.0,0.0,0.0,0,0.0,8,0.0,0.0,0.0,0.0,N,1,2026-07-08
171,1,0,0,0,0,0,No Activity,0,0,0,0,0,0.0,0.0,0.0,0.0,14.0,0.0,0.0,0.0,0.0,0,0.0,14,0.0,0.0,0.0,0.0,N,1,2026-07-08
172,2,4,1,2,0,4,Other,0,0,0,0,0,4.0,28.0,1.0,0.0,0.0,0.0,0.0,0.0,0.0,0,0.0,0,0.0,0.0,0.0,0.0,No Result,2,2026-07-08
1,1,1086,97,27,291,126,Assignment,5,939,142,0,0,11.195876288659791,78.37113402061856,0.1160220994475138,0.2679558011049723,0.0,0.0,0.0,0.0,0.0,0,0.0,0,0.0,0.0,0.0,0.0,No Result,1,2026-07-09
2,1,549,53,39,256,114,Course Page,137,184,192,15,0,10.358490566037736,72.50943396226415,0.2076502732240437,0.4663023679417122,15.0,70.53999999999999,100.0,0.0,41.0,10,44.8,5,95.0,72.0,34.9,-23.0,SA,1,2026-07-09
3,1,236,30,20,91,33,Course Page,50,92,93,1,0,7.866666666666666,55.06666666666667,0.1398305084745762,0.3855932203389831,12.0,58.083333333333336,100.0,0.0,0.0,9,0.0,3,66.0,63.333333333333336,41.66666666666666,-2.6666666666666643,DX,1,2026-07-09
4,1,183,33,22,72,20,Course Page,48,45,68,6,0,5.545454545454546,38.81818181818182,0.1092896174863388,0.3934426229508196,15.0,83.28666666666666,100.0,60.0,49.0,15,61.9,0,79.0,98.0,68.95,19.0,S,1,2026-07-09
5,1,356,55,25,169,50,Course Page,61,130,165,0,0,6.472727272727273,45.30909090909091,0.1404494382022472,0.4747191011235955,15.0,86.00666666666666,100.0,10.0,86.0,14,93.05,1,71.0,97.0,91.525,26.0,HD,1,2026-07-09
6,1,852,92,60,469,168,Course Page,69,300,428,10,0,9.26086956521739,64.82608695652173,0.1971830985915492,0.5504694835680751,15.0,81.62666666666668,100.0,54.0,0.0,15,60.45,0,87.0,94.0,57.225,7.0,DX,1,2026-07-09
7,1,1292,123,34,121,405,Course Page,373,194,695,16,0,10.504065040650406,73.52845528455283,0.3134674922600619,0.0936532507739938,15.0,53.53333333333333,80.0,31.0,46.0,9,68.0,6,51.0,59.0,49.5,8.0,S,1,2026-07-09
8,1,301,48,20,244,87,Course Page,59,72,151,0,0,6.270833333333333,43.895833333333336,0.2890365448504983,0.8106312292358804,15.0,57.940000000000005,94.0,0.0,46.0,11,71.05,4,46.0,52.0,82.525,6.0,S,1,2026-07-09
9,1,365,47,23,125,25,Assignment,54,160,144,1,0,7.76595744680851,54.361702127659576,0.0684931506849315,0.3424657534246575,15.0,67.83733333333333,100.0,0.0,75.0,12,52.28,3,94.0,40.0,70.14,-54.0,D,1,2026-07-09
10,1,158,23,15,87,24,Course Page,15,48,90,3,0,6.869565217391305,48.08695652173913,0.1518987341772152,0.5506329113924051,11.0,60.08181818181818,95.0,10.0,32.0,6,84.7,5,56.25,70.0,64.85,13.75,N,1,2026-07-09
11,1,229,35,18,92,55,Course Page,10,68,146,2,0,6.542857142857143,45.8,0.2401746724890829,0.4017467248908297,14.0,77.07142857142857,100.0,0.0,33.0,12,0.0,2,88.0,78.0,55.333333333333336,-10.0,N,1,2026-07-09
12,1,1221,84,42,307,252,Course Page,249,268,630,30,0,14.535714285714286,101.75,0.2063882063882063,0.2514332514332514,15.0,79.43333333333334,100.0,40.0,75.0,14,87.0,1,86.0,79.0,71.0,-7.0,D,1,2026-07-09
13,1,187,38,22,80,27,Course Page,35,41,67,36,0,4.921052631578948,34.44736842105263,0.1443850267379679,0.427807486631016,15.0,98.49333333333334,100.0,88.7,76.0,15,88.7,0,100.0,100.0,94.35,0.0,D,1,2026-07-09
14,1,141,28,19,20,16,Assignment,32,39,39,27,0,5.035714285714286,35.25,0.1134751773049645,0.1418439716312056,14.0,82.82142857142857,100.0,0.0,50.0,13,0.0,1,90.0,91.0,54.66666666666666,1.0,P,1,2026-07-09
15,1,1194,97,48,851,231,Assignment,38,658,477,12,0,12.309278350515465,86.16494845360825,0.1934673366834171,0.7127303182579564,15.0,88.74666666666667,100.0,70.0,59.0,15,81.1,0,92.0,94.0,77.05,2.0,P,1,2026-07-09
16,1,733,68,27,439,250,Course Page,184,137,384,1,0,10.779411764705882,75.45588235294119,0.3410641200545702,0.5989085948158254,15.0,68.83333333333333,100.0,0.0,51.0,12,20.25,3,86.0,66.0,49.125,-20.0,P,1,2026-07-09
17,1,43,8,9,15,13,Course Page,7,17,19,0,0,5.375,37.625,0.3023255813953488,0.3488372093023256,7.0,35.857142857142854,100.0,0.0,5.0,3,0.0,4,73.33333333333333,0.0,3.0,0.0,N,1,2026-07-09
18,1,49,5,9,2,48,Course Page,0,8,41,0,0,9.8,68.6,0.979591836734694,0.0408163265306122,6.0,0.0,0.0,0.0,0.0,0,0.0,6,0.0,0.0,0.0,0.0,N,1,2026-07-09
19,1,535,71,33,216,111,Course Page,130,76,247,20,0,7.535211267605634,52.74647887323944,0.2074766355140186,0.4037383177570093,15.0,93.65333333333334,100.0,70.0,83.0,15,93.15,0,90.0,97.0,94.075,7.0,HD,1,2026-07-09
20,1,161,22,32,67,57,Course Page,49,40,55,1,0,7.318181818181818,51.22727272727273,0.3540372670807453,0.4161490683229814,8.0,53.875,100.0,20.0,34.0,4,65.0,4,100.0,20.0,47.25,-80.0,N,1,2026-07-09
21,1,268,41,40,101,55,Assignment,67,87,85,9,0,6.536585365853658,45.75609756097561,0.2052238805970149,0.376865671641791,8.0,67.8875,100.0,26.5,50.0,7,62.3,1,97.5,70.0,62.9,-27.5,P,1,2026-07-09
22,1,1203,111,36,221,239,Course Page,115,292,765,7,0,10.83783783783784,75.86486486486486,0.198669991687448,0.1837073981712385,15.0,96.584,100.0,88.13,83.0,15,88.13,0,98.0,97.0,94.065,-1.0,HD,1,2026-07-09
23,1,402,58,26,119,59,Course Page,158,50,165,11,0,6.931034482758621,48.51724137931034,0.1467661691542288,0.2960199004975124,15.0,85.1,100.0,55.5,83.0,15,74.0,0,94.0,91.0,64.75,-3.0,HD,1,2026-07-09
24,1,248,30,18,85,9,Course Page,56,41,129,21,0,8.266666666666667,57.86666666666667,0.0362903225806451,0.3427419354838709,9.0,83.38888888888889,100.0,38.5,40.0,8,75.5,1,96.25,0.0,81.75,0.0,SA,1,2026-07-09
25,1,382,49,30,148,43,Course Page,90,101,182,2,0,7.795918367346939,54.57142857142857,0.112565445026178,0.387434554973822,15.0,77.36,100.0,46.2,40.0,13,46.2,2,81.0,83.0,64.6,2.0,SA,1,2026-07-09
26,1,415,47,37,205,80,Course Page,119,81,131,38,0,8.829787234042554,61.80851063829787,0.1927710843373494,0.4939759036144578,12.0,38.083333333333336,70.0,0.0,18.0,4,0.0,8,56.66666666666666,36.0,24.0,-20.666666666666664,N,1,2026-07-09
27,1,266,37,17,58,37,Course Page,71,62,128,0,0,7.1891891891891895,50.32432432432432,0.1390977443609022,0.2180451127819548,13.0,51.68461538461538,80.0,30.0,24.0,6,46.45,7,60.0,50.0,44.225,-10.0,N,1,2026-07-09
28,1,7,3,4,3,0,Course Page,0,3,4,0,0,2.333333333333333,16.333333333333336,0.0,0.4285714285714285,4.0,26.125,95.0,0.0,2.0,1,0.0,3,0.0,95.0,0.0,0.0,N,1,2026-07-09
29,1,379,49,37,83,71,Course Page,39,131,147,19,0,7.73469387755102,54.142857142857146,0.1873350923482849,0.2189973614775725,14.0,75.61428571428571,100.0,56.05,59.0,14,56.05,0,83.0,85.0,57.025,2.0,P,1,2026-07-09
30,1,111,26,18,40,35,Course Page,14,41,49,3,0,4.269230769230769,29.884615384615383,0.3153153153153153,0.3603603603603603,9.0,41.66666666666666,95.0,5.5,17.0,4,5.5,5,52.5,0.0,36.0,0.0,N,1,2026-07-09
31,1,362,46,37,114,38,Course Page,79,117,130,11,0,7.869565217391305,55.08695652173913,0.1049723756906077,0.3149171270718232,15.0,90.15333333333334,100.0,65.8,72.0,15,65.8,0,97.4,90.0,80.4,-7.400000000000006,D,1,2026-07-09
32,1,450,59,50,32,54,Assignment,41,226,161,15,0,7.627118644067797,53.389830508474574,0.12,0.0711111111111111,14.0,84.09285714285714,100.0,59.0,75.0,14,59.4,0,91.25,98.0,59.2,6.75,D,1,2026-07-09
33,1,317,43,31,69,101,Course Page,42,72,166,17,0,7.372093023255814,51.604651162790695,0.3186119873817035,0.2176656151419558,15.0,88.39666666666668,100.0,60.0,49.0,15,91.3,0,78.0,100.0,86.7375,22.0,S,1,2026-07-09
34,1,501,58,28,365,130,Course Page,82,166,230,13,0,8.637931034482758,60.4655172413793,0.2594810379241516,0.7285429141716567,13.0,76.96153846153847,100.0,20.0,44.0,11,83.0,2,81.0,73.33333333333333,78.25,-7.666666666666671,SA,1,2026-07-09
35,1,338,51,34,46,17,Course Page,80,113,123,6,0,6.627450980392157,46.3921568627451,0.0502958579881656,0.136094674556213,15.0,84.97333333333333,100.0,70.35,48.0,15,70.35,0,87.8,90.0,74.175,2.200000000000003,S,1,2026-07-09
36,1,402,48,30,141,60,Course Page,87,87,188,0,0,8.375,58.625,0.1492537313432835,0.3507462686567164,15.0,67.6,90.0,35.0,56.0,13,64.5,2,67.0,63.0,74.75,-4.0,P,1,2026-07-09
37,1,212,36,15,16,4,Course Page,32,60,115,3,0,5.888888888888889,41.22222222222222,0.0188679245283018,0.0754716981132075,14.0,77.27142857142857,95.0,55.0,54.0,14,81.4,0,79.0,73.75,80.7,-5.25,P,1,2026-07-09
38,1,846,84,39,256,166,Course Page,130,242,403,20,0,10.071428571428571,70.5,0.1962174940898345,0.3026004728132387,15.0,67.25333333333333,92.0,35.0,45.0,12,79.65,3,62.0,59.0,85.825,-3.0,S,1,2026-07-09
39,1,211,50,37,41,40,Lecture Material,70,58,59,6,0,4.22,29.54,0.1895734597156398,0.1943127962085308,15.0,81.94266666666667,100.0,61.57,70.0,15,61.57,0,94.0,82.0,65.285,-12.0,D,1,2026-07-09
40,1,321,40,22,154,30,Assignment,31,178,111,1,0,8.025,56.175,0.0934579439252336,0.4797507788161994,14.0,62.392857142857146,100.0,19.0,34.0,12,19.0,2,75.0,72.5,35.5,-2.5,N,1,2026-07-09
41,1,409,43,27,225,101,Course Page,78,122,196,10,0,9.511627906976743,66.5813953488372,0.2469437652811736,0.5501222493887531,10.0,38.9,60.0,0.0,15.0,5,46.0,5,40.0,55.0,30.666666666666668,15.0,N,1,2026-07-09
42,1,266,42,20,128,22,Assignment,24,130,101,1,0,6.333333333333333,44.333333333333336,0.0827067669172932,0.4812030075187969,13.0,84.34615384615384,100.0,60.0,62.0,13,60.0,0,91.0,93.33333333333331,72.0,2.3333333333333286,C,1,2026-07-09
43,1,611,63,36,334,99,Course Page,106,77,402,1,0,9.698412698412698,67.88888888888889,0.1620294599018003,0.546644844517185,14.0,82.27857142857144,100.0,45.0,43.0,13,85.95,1,85.0,88.0,73.475,3.0,SA,1,2026-07-09
44,1,367,38,26,107,75,Course Page,85,96,174,7,0,9.657894736842104,67.60526315789474,0.2043596730245231,0.2915531335149863,13.0,83.9076923076923,100.0,67.9,60.0,13,67.9,0,93.0,88.33333333333333,71.95,-4.666666666666671,C,1,2026-07-09
45,1,478,62,56,257,73,Assignment,67,193,193,8,0,7.709677419354839,53.967741935483865,0.1527196652719665,0.5376569037656904,15.0,89.08666666666666,100.0,65.0,71.0,15,79.15,0,88.0,92.0,86.575,4.0,D,1,2026-07-09
46,1,265,40,22,79,64,Course Page,66,59,118,13,0,6.625,46.375,0.2415094339622641,0.2981132075471698,15.0,72.78666666666666,90.0,40.0,46.0,14,69.65,1,69.0,82.0,65.325,13.0,S,1,2026-07-09
47,1,330,53,26,156,115,Course Page,17,138,163,6,0,6.226415094339623,43.58490566037736,0.3484848484848485,0.4727272727272727,15.0,83.44666666666667,100.0,60.0,43.0,15,75.85,0,81.0,87.0,81.925,6.0,SA,1,2026-07-09
48,1,384,48,32,109,98,Course Page,115,96,160,1,0,8.0,56.0,0.2552083333333333,0.2838541666666667,15.0,72.25733333333332,100.0,25.0,48.0,12,51.43,3,86.0,56.0,75.715,-30.0,S,1,2026-07-09
49,1,439,34,30,366,158,Course Page,133,56,192,32,0,12.911764705882351,90.38235294117648,0.3599088838268792,0.8337129840546698,9.0,63.333333333333336,100.0,29.0,26.0,8,64.5,1,65.0,80.0,62.75,15.0,N,1,2026-07-09
50,1,254,35,41,64,8,Lecture Material,80,37,75,36,0,7.257142857142857,50.8,0.0314960629921259,0.2519685039370078,13.0,46.2,84.0,20.0,60.0,6,51.3,7,40.0,33.333333333333336,67.65,-6.666666666666664,C,1,2026-07-09
51,1,270,57,27,125,41,Course Page,44,94,106,12,0,4.7368421052631575,33.15789473684211,0.1518518518518518,0.4629629629629629,14.0,87.73571428571428,100.0,50.0,82.0,14,97.9,0,89.0,82.5,93.95,-6.5,HD,1,2026-07-09
52,1,244,32,23,120,39,Course Page,70,36,94,10,0,7.625,53.375,0.1598360655737705,0.4918032786885246,15.0,71.03333333333333,100.0,50.0,62.0,15,68.0,0,82.0,67.0,61.5,-15.0,C,1,2026-07-09
53,1,267,42,21,60,79,Course Page,75,66,121,4,0,6.357142857142857,44.5,0.2958801498127341,0.2247191011235955,12.0,57.03333333333333,100.0,19.7,37.0,7,19.7,5,72.0,50.0,44.6,-22.0,N,1,2026-07-09
54,1,748,69,41,322,144,Course Page,86,227,378,1,0,10.840579710144928,75.88405797101449,0.1925133689839572,0.4304812834224599,13.0,74.99230769230769,100.0,30.0,41.0,10,76.45,3,67.5,97.5,62.225,30.0,SA,1,2026-07-09
55,1,711,68,25,147,179,Course Page,39,94,552,6,0,10.455882352941176,73.19117647058825,0.2517580872011252,0.2067510548523206,11.0,45.13636363636363,75.0,0.0,22.0,4,44.0,7,48.75,20.0,59.5,-28.75,N,1,2026-07-09
56,1,261,40,25,71,64,Course Page,31,99,113,8,0,6.525,45.675,0.2452107279693486,0.2720306513409962,15.0,78.56666666666666,100.0,0.0,60.0,14,84.0,1,92.0,59.0,87.0,-33.0,C,1,2026-07-09
57,1,176,38,16,78,22,Course Page,11,45,119,0,0,4.631578947368421,32.421052631578945,0.125,0.4431818181818182,6.0,57.333333333333336,100.0,10.0,47.0,5,62.0,1,100.0,0.0,58.5,0.0,S,1,2026-07-09
58,1,387,46,28,135,68,Course Page,93,46,223,11,0,8.41304347826087,58.891304347826086,0.1757105943152454,0.3488372093023256,12.0,26.375,55.0,0.0,20.0,4,53.75,8,17.5,6.666666666666667,54.375,-10.833333333333332,N,1,2026-07-09
59,1,221,28,16,77,28,Course Page,50,48,123,0,0,7.892857142857143,55.25,0.1266968325791855,0.3484162895927601,9.0,55.67777777777778,85.0,29.0,19.0,6,36.05,3,78.33333333333333,55.0,45.525,-23.33333333333333,N,1,2026-07-09
60,1,455,69,27,180,125,Course Page,40,177,214,15,0,6.594202898550725,46.15942028985507,0.2747252747252747,0.3956043956043956,15.0,90.91333333333334,100.0,80.0,65.0,15,84.15,0,91.8,91.0,89.575,-0.7999999999999972,C,1,2026-07-09
61,1,280,49,34,118,59,Course Page,84,64,88,14,0,5.714285714285714,40.0,0.2107142857142857,0.4214285714285714,15.0,91.0,100.0,60.0,83.0,15,80.0,0,98.0,88.0,85.5,-10.0,HD,1,2026-07-09
62,1,220,37,28,98,71,Course Page,47,58,105,4,0,5.945945945945946,41.62162162162162,0.3227272727272727,0.4454545454545454,15.0,74.58,95.0,50.0,48.0,15,88.35,0,79.0,69.0,76.175,-10.0,S,1,2026-07-09
63,1,347,53,31,118,41,Course Page,40,77,204,5,0,6.547169811320755,45.83018867924528,0.1181556195965417,0.3400576368876081,14.0,79.5,100.0,40.0,46.0,13,65.5,1,88.0,75.0,74.75,-13.0,S,1,2026-07-09
64,1,551,30,28,345,60,Course Page,64,49,410,9,0,18.366666666666667,128.56666666666666,0.1088929219600726,0.6261343012704175,10.0,48.73,80.0,10.0,23.0,7,65.65,3,40.0,50.0,61.325,10.0,N,1,2026-07-09
65,1,408,50,34,165,38,Course Page,43,137,180,15,0,8.16,57.12,0.0931372549019607,0.4044117647058823,15.0,83.24666666666667,95.0,58.0,58.0,15,88.4,0,83.8,90.0,73.2,6.200000000000003,P,1,2026-07-09
66,1,213,44,24,39,47,Course Page,71,59,74,3,0,4.840909090909091,33.88636363636364,0.2206572769953051,0.1830985915492957,15.0,74.21333333333334,100.0,30.0,46.0,14,72.35,1,66.0,77.0,81.675,11.0,S,1,2026-07-09
67,1,193,18,42,172,40,Assignment,38,110,34,7,0,10.72222222222222,75.05555555555554,0.2072538860103626,0.8911917098445595,15.0,87.22666666666667,100.0,67.7,70.0,15,67.7,0,96.0,86.0,76.85,-10.0,D,1,2026-07-09
68,1,503,74,31,73,85,Course Page,71,69,342,2,0,6.797297297297297,47.58108108108108,0.1689860834990059,0.1451292246520874,15.0,75.48666666666666,100.0,30.0,44.0,12,41.65,3,72.0,90.0,60.325,18.0,SA,1,2026-07-09
69,1,151,33,22,57,12,Course Page,26,46,78,0,0,4.575757575757576,32.03030303030303,0.0794701986754966,0.3774834437086092,15.0,71.59466666666667,100.0,47.21,58.0,13,47.21,2,74.0,75.0,63.605,1.0,P,1,2026-07-09
70,1,463,46,24,105,76,Course Page,85,89,268,8,0,10.065217391304348,70.45652173913044,0.1641468682505399,0.2267818574514039,15.0,95.83733333333332,100.0,88.28,85.0,15,88.28,0,98.0,96.0,92.64,-2.0,HD,1,2026-07-09
71,1,91,20,14,38,25,Assignment,2,58,24,5,0,4.55,31.85,0.2747252747252747,0.4175824175824176,14.0,54.642857142857146,80.0,0.0,30.0,10,66.0,4,55.0,42.0,73.0,-13.0,N,1,2026-07-09
72,1,452,50,31,192,33,Course Page,75,149,207,8,0,9.04,63.28,0.0730088495575221,0.4247787610619469,15.0,75.97333333333333,100.0,40.0,66.0,14,96.3,1,80.0,62.0,89.65,-18.0,C,1,2026-07-09
73,1,252,39,35,169,48,Assignment,21,106,99,16,0,6.461538461538462,45.23076923076923,0.1904761904761904,0.6706349206349206,10.0,53.4,100.0,0.0,11.0,5,0.0,5,80.0,75.0,9.333333333333334,-5.0,N,1,2026-07-09
74,1,327,60,18,149,59,Course Page,52,60,209,0,0,5.45,38.15,0.1804281345565749,0.45565749235474,15.0,76.5,95.0,30.0,54.0,14,50.0,1,76.0,81.0,71.0,5.0,P,1,2026-07-09
75,1,494,65,24,261,106,Course Page,19,232,240,0,0,7.6,53.2,0.2145748987854251,0.52834008097166,14.0,73.39285714285714,100.0,40.0,55.0,11,41.0,3,70.0,93.75,57.5,23.75,P,1,2026-07-09
76,1,187,29,28,42,24,Assignment,25,78,78,1,0,6.448275862068965,45.137931034482754,0.1283422459893048,0.2245989304812834,15.0,64.23333333333333,100.0,20.0,53.0,11,45.0,4,76.0,61.0,52.5,-15.0,P,1,2026-07-09
77,1,220,35,24,90,28,Course Page,68,45,85,15,0,6.285714285714286,44.0,0.1272727272727272,0.4090909090909091,10.0,70.47,100.0,38.0,50.0,9,89.35,1,70.0,100.0,71.675,30.0,P,1,2026-07-09
78,1,445,66,27,247,87,Course Page,52,56,321,5,0,6.742424242424242,47.196969696969695,0.195505617977528,0.5550561797752809,14.0,76.72142857142856,100.0,50.0,39.0,14,73.3,0,71.25,78.0,82.9,6.75,N,1,2026-07-09
79,1,375,47,29,104,82,Course Page,96,103,145,3,0,7.978723404255319,55.85106382978724,0.2186666666666666,0.2773333333333333,14.0,70.85714285714286,100.0,40.0,63.0,13,63.0,1,86.0,65.0,58.25,-21.0,C,1,2026-07-09
80,1,333,56,21,151,116,Course Page,51,86,193,2,0,5.946428571428571,41.625,0.3483483483483483,0.4534534534534534,15.0,81.77333333333333,100.0,65.0,67.0,15,79.3,0,86.0,78.0,81.15,-8.0,C,1,2026-07-09
81,1,511,76,38,129,125,Lecture Material,159,149,152,22,0,6.723684210526316,47.065789473684205,0.2446183953033268,0.2524461839530332,15.0,35.906666666666666,75.0,10.0,25.0,4,48.8,11,15.0,55.0,38.4,40.0,N,1,2026-07-09
82,1,657,66,29,253,82,Course Page,102,236,299,7,0,9.954545454545457,69.68181818181819,0.1248097412480974,0.3850837138508371,15.0,92.12666666666668,100.0,70.0,73.0,15,88.7,0,90.0,93.0,93.85,3.0,D,1,2026-07-09
83,1,325,50,23,92,61,Course Page,36,69,212,7,0,6.5,45.5,0.1876923076923076,0.283076923076923,15.0,68.04,100.0,40.0,30.0,12,45.3,3,69.0,79.0,51.65,10.0,N,1,2026-07-09
84,1,353,46,24,160,45,Course Page,52,58,227,3,0,7.673913043478261,53.71739130434783,0.1274787535410765,0.4532577903682719,15.0,83.09333333333333,100.0,69.0,52.0,15,70.2,0,84.0,92.0,69.6,8.0,P,1,2026-07-09
85,1,191,35,19,87,43,Course Page,11,72,103,1,0,5.457142857142857,38.2,0.225130890052356,0.4554973821989528,15.0,69.76666666666667,100.0,0.0,21.0,10,0.0,5,79.0,100.0,15.5,21.0,N,1,2026-07-09
86,1,343,47,32,174,43,Course Page,75,66,165,16,0,7.297872340425532,51.08510638297872,0.1253644314868804,0.5072886297376094,12.0,57.76666666666667,100.0,20.0,30.0,8,68.1,4,65.0,43.333333333333336,66.05,-21.666666666666664,N,1,2026-07-09
87,1,120,14,16,27,13,Assignment,13,60,45,1,0,8.571428571428571,60.0,0.1083333333333333,0.225,14.0,59.17857142857143,100.0,0.0,41.0,9,56.0,5,55.0,75.0,49.0,20.0,SA,1,2026-07-09
88,1,109,19,12,27,28,Course Page,14,37,55,0,0,5.7368421052631575,40.1578947368421,0.2568807339449541,0.2477064220183486,9.0,74.33333333333333,100.0,0.0,62.0,7,86.5,2,75.0,0.0,84.75,0.0,C,1,2026-07-09
89,1,284,62,20,165,64,Assignment,20,144,100,4,0,4.580645161290323,32.064516129032256,0.2253521126760563,0.5809859154929577,8.0,14.0,38.0,0.0,9.0,0,38.0,8,0.0,0.0,28.0,0.0,N,1,2026-07-09
90,1,502,51,32,95,64,Course Page,78,171,227,15,0,9.84313725490196,68.90196078431373,0.1274900398406374,0.1892430278884462,15.0,87.90666666666667,100.0,79.0,73.0,15,82.55,0,92.0,89.0,80.775,-3.0,D,1,2026-07-09
91,1,311,51,28,149,41,Course Page,40,78,152,13,0,6.098039215686274,42.68627450980392,0.1318327974276527,0.4790996784565916,15.0,84.86,100.0,50.0,72.0,15,84.95,0,74.0,92.0,89.975,18.0,D,1,2026-07-09
92,1,488,51,41,75,94,Course Page,94,146,180,28,0,9.568627450980392,66.98039215686275,0.1926229508196721,0.1536885245901639,10.0,78.85,100.0,43.5,40.0,9,72.5,1,78.33333333333333,100.0,77.5,21.66666666666667,SA,1,2026-07-09
93,1,188,31,24,45,7,Course Page,39,53,63,7,0,6.064516129032258,42.4516129032258,0.0372340425531914,0.2393617021276596,13.0,32.19230769230769,60.0,0.0,33.0,3,23.0,10,41.0,26.666666666666668,26.25,-14.333333333333332,N,1,2026-07-09
94,1,417,35,26,164,46,Course Page,117,107,160,0,0,11.914285714285716,83.4,0.1103117505995203,0.3932853717026379,14.0,53.785714285714285,90.0,17.0,51.0,8,17.0,6,75.0,56.25,23.25,-18.75,P,1,2026-07-09
95,1,244,31,34,137,72,Course Page,35,96,97,1,0,7.870967741935484,55.096774193548384,0.2950819672131147,0.5614754098360656,12.0,41.833333333333336,86.0,0.0,0.0,4,0.0,8,55.0,26.666666666666668,43.0,-28.33333333333333,DX,1,2026-07-09
96,1,780,74,46,653,188,Assignment,73,351,337,12,0,10.54054054054054,73.78378378378379,0.241025641025641,0.8371794871794872,15.0,68.36,100.0,1.2,25.0,11,1.2,4,82.0,88.0,22.6,6.0,N,1,2026-07-09
97,1,157,35,15,39,54,Course Page,49,45,56,5,0,4.485714285714286,31.4,0.3439490445859872,0.2484076433121019,12.0,76.825,100.0,55.5,44.0,12,55.7,0,88.33333333333333,72.5,77.85,-15.833333333333329,SA,1,2026-07-09
98,1,145,23,16,67,31,Course Page,47,29,66,0,0,6.304347826086956,44.130434782608695,0.2137931034482758,0.4620689655172413,8.0,51.275,100.0,0.0,28.0,5,73.1,3,40.0,0.0,69.55,0.0,N,1,2026-07-09
99,1,417,49,36,77,31,Course Page,114,78,183,12,0,8.510204081632653,59.57142857142857,0.0743405275779376,0.184652278177458,14.0,74.25,100.0,0.0,60.0,13,79.0,1,90.0,53.75,77.0,-36.25,C,1,2026-07-09
100,1,57,20,5,8,6,Course Page,1,2,53,1,0,2.85,19.95,0.1052631578947368,0.1403508771929824,10.0,41.15,75.0,0.0,10.0,5,0.0,5,61.25,50.0,21.75,-11.25,N,1,2026-07-09
101,1,733,50,30,296,161,Course Page,162,118,423,0,0,14.66,102.62,0.2196452933151432,0.4038199181446112,15.0,71.86666666666666,90.0,43.0,38.0,13,67.0,2,74.0,82.0,55.0,8.0,N,1,2026-07-09
102,1,121,15,11,53,24,Course Page,17,43,57,0,0,8.066666666666666,56.46666666666667,0.1983471074380165,0.4380165289256198,8.0,10.375,25.0,0.0,2.0,0,0.0,8,16.666666666666668,20.0,2.0,3.333333333333332,N,1,2026-07-09
103,1,444,81,45,215,128,Course Page,35,160,234,5,0,5.481481481481482,38.37037037037037,0.2882882882882883,0.4842342342342342,15.0,89.96666666666667,100.0,40.0,74.0,13,93.0,2,97.0,100.0,66.5,3.0,D,1,2026-07-09
104,1,421,72,28,140,80,Assignment,94,143,101,36,0,5.847222222222222,40.93055555555555,0.1900237529691211,0.332541567695962,15.0,91.53333333333332,100.0,75.0,72.0,15,94.0,0,96.0,86.0,93.0,-10.0,D,1,2026-07-09
105,1,211,40,22,90,30,Course Page,28,74,95,5,0,5.275,36.925,0.1421800947867298,0.4265402843601896,12.0,65.48333333333333,90.0,25.0,36.0,10,65.65,2,76.0,57.5,60.325,-18.5,N,1,2026-07-09
106,1,638,68,43,395,140,Course Page,65,188,345,7,0,9.382352941176473,65.6764705882353,0.219435736677116,0.6191222570532915,14.0,48.75714285714286,100.0,0.0,33.0,8,32.8,6,46.0,60.0,41.4,14.0,N,1,2026-07-09
107,1,678,69,46,174,108,Course Page,149,180,300,2,0,9.826086956521738,68.78260869565217,0.1592920353982301,0.2566371681415929,14.0,68.35714285714286,100.0,30.0,53.0,13,77.0,1,70.0,65.0,71.5,-5.0,P,1,2026-07-09
108,1,333,32,25,260,79,Course Page,98,66,151,9,0,10.40625,72.84375,0.2372372372372372,0.7807807807807807,14.0,58.46428571428572,85.0,0.0,57.0,12,76.0,2,70.0,38.75,65.75,-31.25,P,1,2026-07-09
109,1,205,30,19,103,6,Course Page,40,46,110,0,0,6.833333333333333,47.833333333333336,0.0292682926829268,0.5024390243902439,11.0,68.95454545454545,90.0,43.5,66.0,10,85.0,1,67.5,82.5,70.0,15.0,C,1,2026-07-09
110,1,251,30,30,194,56,Assignment,34,104,104,2,0,8.366666666666667,58.56666666666667,0.2231075697211155,0.7729083665338645,10.0,51.2,70.0,27.0,22.0,6,58.5,4,56.66666666666666,50.0,53.75,-6.666666666666664,N,1,2026-07-09
111,1,257,25,34,153,18,Assignment,9,147,92,1,0,10.28,71.96,0.0700389105058365,0.5953307392996109,13.0,81.69999999999999,100.0,63.3,45.0,13,63.3,0,99.0,76.66666666666667,66.15,-22.33333333333333,S,1,2026-07-09
112,1,189,26,24,79,31,Assignment,15,80,77,2,0,7.269230769230769,50.88461538461538,0.164021164021164,0.4179894179894179,14.0,67.51428571428572,100.0,30.0,52.0,12,52.85,2,53.75,82.0,64.425,28.25,P,1,2026-07-09
113,1,502,67,30,198,77,Course Page,50,120,293,1,0,7.492537313432836,52.44776119402985,0.1533864541832669,0.3944223107569721,15.0,31.466666666666665,75.0,0.0,24.0,5,62.0,10,17.0,19.0,68.5,2.0,N,1,2026-07-09
114,1,157,22,22,85,4,Assignment,15,92,46,0,0,7.136363636363637,49.95454545454545,0.0254777070063694,0.5414012738853503,15.0,80.2,100.0,60.0,68.0,15,86.0,0,83.0,81.0,75.25,-2.0,C,1,2026-07-09
115,1,455,47,27,73,70,Course Page,100,151,195,2,0,9.680851063829786,67.76595744680851,0.1538461538461538,0.1604395604395604,14.0,73.57142857142857,100.0,50.0,58.0,14,65.0,0,84.0,70.0,65.0,-14.0,P,1,2026-07-09
116,1,127,18,13,91,43,Course Page,11,45,62,8,0,7.055555555555555,49.388888888888886,0.3385826771653543,0.7165354330708661,6.0,50.48333333333333,78.0,0.0,23.0,4,73.45,2,0.0,0.0,75.725,0.0,N,1,2026-07-09
117,1,105,20,22,8,9,Assignment,24,53,23,2,0,5.25,36.75,0.0857142857142857,0.0761904761904762,15.0,92.2,100.0,50.0,82.0,15,91.5,0,100.0,100.0,70.75,0.0,HD,1,2026-07-09
118,1,803,74,32,219,117,Assignment,127,351,295,7,0,10.85135135135135,75.95945945945947,0.1457036114570361,0.2727272727272727,15.0,79.42,100.0,30.0,64.0,14,94.65,1,72.0,80.0,88.825,8.0,C,1,2026-07-09
119,1,165,29,22,66,9,Course Page,39,59,66,0,0,5.689655172413793,39.82758620689655,0.0545454545454545,0.4,15.0,69.7,100.0,10.0,50.0,11,77.5,4,80.0,67.0,59.25,-13.0,P,1,2026-07-09
120,1,191,37,15,42,34,Course Page,61,35,90,3,0,5.162162162162162,36.13513513513514,0.1780104712041884,0.2198952879581152,14.0,88.57857142857142,100.0,64.0,61.0,14,83.05,0,100.0,92.0,73.525,-8.0,C,1,2026-07-09
121,1,230,27,33,108,45,Course Page,71,40,100,2,0,8.518518518518519,59.629629629629626,0.1956521739130435,0.4695652173913043,8.0,48.625,80.0,18.5,25.0,5,31.75,3,65.0,55.0,46.375,-10.0,N,1,2026-07-09
122,1,171,22,24,12,4,Assignment,40,66,59,0,0,7.772727272727272,54.409090909090914,0.023391812865497,0.0701754385964912,14.0,92.64,100.0,78.73,64.0,14,78.73,0,100.0,96.25,80.86500000000001,-3.75,C,1,2026-07-09
123,1,134,21,26,64,13,Course Page,44,38,44,4,0,6.380952380952381,44.66666666666666,0.0970149253731343,0.4776119402985074,10.0,34.05,63.0,0.0,18.0,4,63.0,6,36.25,25.0,42.0,-11.25,N,1,2026-07-09
124,1,599,89,29,211,134,Course Page,190,65,320,22,0,6.730337078651686,47.1123595505618,0.2237061769616026,0.352253756260434,15.0,80.41333333333334,95.0,69.0,72.0,15,72.1,0,83.0,85.0,70.55,2.0,D,1,2026-07-09
125,1,669,89,33,185,153,Course Page,194,107,351,8,0,7.51685393258427,52.61797752808989,0.2286995515695067,0.2765321375186846,15.0,85.4,100.0,70.0,75.0,15,73.5,0,88.0,92.0,72.75,4.0,D,1,2026-07-09
126,1,205,29,20,22,83,Assignment,32,88,78,2,0,7.068965517241379,49.48275862068965,0.4048780487804878,0.1073170731707317,15.0,65.63333333333334,100.0,0.0,53.0,12,54.0,3,72.0,55.0,71.5,-17.0,P,1,2026-07-09
127,1,169,28,19,91,35,Course Page,32,50,83,0,0,6.035714285714286,42.25,0.2071005917159763,0.5384615384615384,11.0,38.95454545454545,85.0,0.0,23.0,6,0.0,5,42.0,85.0,26.0,43.0,N,1,2026-07-09
128,1,230,44,23,71,45,Course Page,18,97,104,5,0,5.227272727272728,36.59090909090909,0.1956521739130435,0.308695652173913,12.0,67.86666666666666,85.0,51.0,30.0,12,68.7,0,66.25,81.66666666666667,63.35,15.416666666666671,N,1,2026-07-09
129,1,662,60,34,264,156,Course Page,147,162,309,1,0,11.033333333333331,77.23333333333333,0.2356495468277945,0.3987915407854985,12.0,55.0,100.0,20.0,24.0,8,30.0,4,58.0,55.0,55.0,-3.0,N,1,2026-07-09
130,1,183,31,15,70,30,Assignment,35,76,72,0,0,5.903225806451613,41.32258064516129,0.1639344262295081,0.3825136612021858,8.0,64.725,100.0,23.0,25.0,6,57.4,2,76.66666666666667,0.0,66.2,0.0,N,1,2026-07-09
131,1,261,35,29,76,37,Course Page,67,72,102,8,0,7.457142857142857,52.2,0.1417624521072797,0.2911877394636015,15.0,87.54666666666667,100.0,76.35,82.0,15,76.35,0,91.0,84.0,87.675,-7.0,HD,1,2026-07-09
132,1,341,42,28,97,27,Course Page,27,127,169,10,0,8.119047619047619,56.833333333333336,0.0791788856304985,0.2844574780058651,14.0,79.64999999999999,100.0,50.0,63.0,14,95.55,0,78.0,72.5,91.775,-5.5,C,1,2026-07-09
133,1,157,18,18,49,16,Course Page,23,54,70,0,0,8.722222222222221,61.05555555555555,0.1019108280254777,0.3121019108280254,7.0,24.685714285714287,50.0,0.0,10.0,1,28.9,6,50.0,0.0,29.45,-50.0,N,1,2026-07-09
134,1,418,37,31,214,88,Course Page,120,75,201,15,0,11.297297297297296,79.08108108108108,0.2105263157894736,0.5119617224880383,12.0,54.333333333333336,95.0,20.0,27.0,7,62.0,5,36.66666666666666,72.5,53.0,35.833333333333336,N,1,2026-07-09
135,1,237,30,37,175,32,Assignment,20,140,70,1,0,7.9,55.3,0.1350210970464135,0.7383966244725738,14.0,78.47857142857143,100.0,37.0,38.0,12,50.35,2,96.0,90.0,43.675,-6.0,N,1,2026-07-09
136,1,359,51,22,145,87,Course Page,29,159,161,2,0,7.03921568627451,49.27450980392157,0.2423398328690807,0.403899721448468,14.0,73.15714285714286,83.85,65.0,56.0,14,83.85,0,75.0,71.0,75.925,-4.0,P,1,2026-07-09
137,1,307,28,42,114,29,Assignment,26,188,90,0,0,10.964285714285714,76.75,0.0944625407166123,0.3713355048859935,15.0,78.88000000000001,100.0,50.35,37.0,15,50.35,0,89.0,88.0,52.425,-1.0,N,1,2026-07-09
138,1,214,24,20,92,61,Assignment,17,99,93,1,0,8.916666666666666,62.41666666666667,0.2850467289719626,0.4299065420560747,13.0,74.6923076923077,100.0,30.0,42.0,11,88.5,2,71.25,78.75,77.75,7.5,SA,1,2026-07-09
139,1,135,22,15,72,40,Course Page,14,54,64,0,0,6.136363636363637,42.95454545454545,0.2962962962962963,0.5333333333333333,13.0,45.61538461538461,80.0,0.0,33.0,8,65.0,5,46.0,26.666666666666668,63.0,-19.33333333333333,N,1,2026-07-09
140,1,7,5,3,1,2,Course Page,0,2,4,1,0,1.4,9.8,0.2857142857142857,0.1428571428571428,4.0,5.5,20.0,0.0,0.0,0,0.0,4,20.0,0.0,0.0,0.0,N,1,2026-07-09
141,1,374,51,28,119,53,Course Page,58,100,201,9,0,7.333333333333333,51.333333333333336,0.141711229946524,0.3181818181818182,14.0,55.29,100.0,30.0,48.0,8,43.78,6,61.0,40.0,65.64,-21.0,S,1,2026-07-09
142,1,277,47,24,39,44,Course Page,55,57,125,6,0,5.893617021276596,41.25531914893617,0.1588447653429603,0.1407942238267148,14.0,89.41428571428571,100.0,75.0,71.0,14,95.9,0,92.5,90.0,87.45,-2.5,D,1,2026-07-09
143,1,501,38,26,232,64,Course Page,162,65,235,9,0,13.18421052631579,92.28947368421052,0.1277445109780439,0.4630738522954092,7.0,45.142857142857146,90.0,0.0,13.0,3,0.0,4,55.0,30.0,54.0,-25.0,N,1,2026-07-09
144,1,105,12,17,90,27,Course Page,3,33,66,0,0,8.75,61.25,0.2571428571428571,0.8571428571428571,10.0,62.5,95.0,0.0,58.0,7,87.0,3,60.0,72.5,58.0,12.5,P,1,2026-07-09
145,1,112,10,16,82,2,Lecture Material,48,26,35,3,0,11.2,78.39999999999999,0.0178571428571428,0.7321428571428571,8.0,58.875,100.0,0.0,17.0,5,0.0,3,77.5,0.0,43.333333333333336,0.0,N,1,2026-07-09
146,1,176,34,18,87,41,Course Page,58,39,63,2,0,5.176470588235294,36.235294117647065,0.2329545454545454,0.4943181818181818,7.0,60.07142857142857,75.0,14.5,22.0,6,55.5,1,72.5,0.0,65.25,0.0,N,1,2026-07-09
147,1,265,37,26,83,78,Course Page,59,81,115,8,0,7.162162162162162,50.13513513513514,0.2943396226415094,0.3132075471698113,10.0,65.25,100.0,12.75,25.0,6,12.75,4,92.5,40.0,50.375,-52.5,N,1,2026-07-09
148,1,101,21,18,44,17,Assignment,26,38,34,3,0,4.809523809523809,33.666666666666664,0.1683168316831683,0.4356435643564356,9.0,58.28888888888889,100.0,30.0,24.0,5,55.8,4,93.33333333333331,30.0,45.9,-63.33333333333333,N,1,2026-07-09
149,1,166,22,35,63,9,Assignment,14,126,26,0,0,7.545454545454546,52.81818181818182,0.0542168674698795,0.3795180722891566,14.0,87.92857142857143,100.0,62.75,60.0,14,62.75,0,99.0,97.5,64.375,-1.5,C,1,2026-07-09
150,1,94,25,14,25,20,Course Page,18,27,40,0,0,3.76,26.32,0.2127659574468085,0.2659574468085106,14.0,90.15,100.0,49.0,69.0,12,95.3,2,97.0,100.0,72.15,3.0,C,1,2026-07-09
151,1,54,13,13,27,10,Course Page,14,10,28,0,0,4.153846153846154,29.07692307692308,0.1851851851851851,0.5,10.0,53.9,100.0,0.0,10.0,6,0.0,4,45.0,80.0,0.0,35.0,N,1,2026-07-09
152,1,203,24,18,118,43,Course Page,31,76,87,1,0,8.458333333333334,59.208333333333336,0.2118226600985221,0.5812807881773399,8.0,19.5,38.0,0.0,11.0,0,38.0,8,5.0,10.0,33.5,5.0,N,1,2026-07-09
153,1,92,22,13,66,15,Assignment,23,60,8,0,0,4.181818181818182,29.27272727272728,0.1630434782608695,0.717391304347826,13.0,52.29230769230769,65.0,10.0,26.0,10,60.4,3,51.0,45.0,62.7,-6.0,N,1,2026-07-09
154,1,220,28,34,152,39,Course Page,42,42,115,2,0,7.857142857142857,55.0,0.1772727272727272,0.6909090909090909,5.0,11.4,50.0,0.0,1.0,1,0.0,4,0.0,50.0,0.6666666666666666,0.0,N,1,2026-07-09
155,1,8,3,4,6,0,Course Page,1,2,4,0,0,2.6666666666666665,18.666666666666668,0.0,0.75,6.0,0.0,0.0,0.0,0.0,0,0.0,6,0.0,0.0,0.0,0.0,N,1,2026-07-09
156,1,75,18,14,9,6,Course Page,15,26,30,2,0,4.166666666666667,29.166666666666664,0.08,0.12,15.0,84.06,100.0,50.0,42.0,15,82.7,0,82.0,83.0,88.35,1.0,SA,1,2026-07-09
157,1,96,15,20,45,10,Course Page,24,15,50,0,0,6.4,44.8,0.1041666666666666,0.46875,10.0,19.15,80.0,0.0,5.0,2,0.0,8,29.0,0.0,10.666666666666666,-29.0,N,1,2026-07-09
158,1,48,9,8,11,2,Course Page,4,14,29,0,0,5.333333333333333,37.33333333333333,0.0416666666666666,0.2291666666666666,8.0,8.25,33.0,0.0,3.0,0,0.0,8,0.0,0.0,22.0,0.0,N,1,2026-07-09
159,1,47,6,9,5,0,Assignment,7,23,17,0,0,7.833333333333333,54.833333333333336,0.0,0.1063829787234042,6.0,34.5,90.0,0.0,5.0,2,0.0,4,75.0,0.0,14.0,0.0,N,1,2026-07-09
160,1,101,14,11,6,21,Course Page,14,36,46,0,0,7.214285714285714,50.5,0.2079207920792079,0.0594059405940594,8.0,12.5,50.0,0.0,5.0,2,0.0,6,0.0,0.0,25.0,0.0,N,1,2026-07-09
161,1,134,17,14,58,40,Course Page,20,40,70,4,0,7.882352941176471,55.1764705882353,0.2985074626865671,0.4328358208955223,6.0,20.166666666666668,50.0,0.0,3.0,1,0.0,5,36.66666666666666,0.0,0.0,0.0,N,1,2026-07-09
162,1,71,12,17,35,14,Course Page,11,25,30,1,0,5.916666666666667,41.41666666666667,0.1971830985915492,0.4929577464788732,12.0,29.791666666666668,80.0,0.0,7.0,5,0.0,7,49.0,40.0,0.0,-9.0,N,1,2026-07-09
163,1,170,21,27,118,58,Assignment,18,120,27,0,0,8.095238095238095,56.66666666666666,0.3411764705882353,0.6941176470588235,9.0,67.22222222222223,100.0,0.0,11.0,7,0.0,2,90.0,100.0,0.0,10.0,N,1,2026-07-09
164,1,16,7,4,15,8,Course Page,0,2,13,0,0,2.2857142857142856,16.0,0.5,0.9375,3.0,0.0,0.0,0.0,0.0,0,0.0,3,0.0,0.0,0.0,0.0,N,1,2026-07-09
165,1,38,9,10,5,12,Course Page,11,9,16,0,0,4.222222222222222,29.55555555555556,0.3157894736842105,0.131578947368421,5.0,33.0,80.0,0.0,3.0,2,0.0,3,75.0,0.0,0.0,0.0,N,1,2026-07-09
166,1,12,7,2,7,7,Assignment,0,7,5,0,0,1.7142857142857142,12.0,0.5833333333333334,0.5833333333333334,4.0,5.5,20.0,0.0,0.0,0,0.0,4,20.0,0.0,0.0,0.0,N,1,2026-07-09
167,1,14,5,6,12,3,Course Page,2,2,8,1,0,2.8,19.6,0.2142857142857142,0.8571428571428571,5.0,0.0,0.0,0.0,0.0,0,0.0,5,0.0,0.0,0.0,0.0,N,1,2026-07-09
168,1,103,6,13,6,32,Course Page,29,21,45,0,0,17.166666666666668,120.16666666666669,0.3106796116504854,0.058252427184466,4.0,23.375,85.0,0.0,2.0,1,0.0,3,85.0,0.0,0.0,0.0,N,1,2026-07-09
169,1,2,1,2,0,0,Course Page,0,0,1,1,0,2.0,14.0,0.0,0.0,6.0,0.0,0.0,0.0,0.0,0,0.0,6,0.0,0.0,0.0,0.0,N,1,2026-07-09
170,1,0,0,0,0,0,No Activity,0,0,0,0,0,0.0,0.0,0.0,0.0,4.0,0.0,0.0,0.0,0.0,0,0.0,4,0.0,0.0,0.0,0.0,N,1,2026-07-09
171,1,0,0,0,0,0,No Activity,0,0,0,0,0,0.0,0.0,0.0,0.0,7.0,0.0,0.0,0.0,0.0,0,0.0,7,0.0,0.0,0.0,0.0,N,1,2026-07-09
172,2,2,1,2,0,0,Other,0,0,0,0,0,2.0,14.0,0.0,0.0,0.0,0.0,0.0,0.0,0.0,0,0.0,0,0.0,0.0,0.0,0.0,No Result,2,2026-07-09
1,1,1086,97,27,291,126,Assignment,5,939,142,0,0,11.195876288659791,78.37113402061856,0.1160220994475138,0.2679558011049723,0.0,0.0,0.0,0.0,0.0,0,0.0,0,0.0,0.0,0.0,0.0,No Result,1,2026-07-10
2,1,549,53,39,256,114,Course Page,137,184,192,15,0,10.358490566037736,72.50943396226415,0.2076502732240437,0.4663023679417122,15.0,70.53999999999999,100.0,0.0,41.0,10,44.8,5,95.0,72.0,34.9,-23.0,SA,1,2026-07-10
3,1,236,30,20,91,33,Course Page,50,92,93,1,0,7.866666666666666,55.06666666666667,0.1398305084745762,0.3855932203389831,12.0,58.083333333333336,100.0,0.0,0.0,9,0.0,3,66.0,63.333333333333336,41.66666666666666,-2.6666666666666643,DX,1,2026-07-10
4,1,183,33,22,72,20,Course Page,48,45,68,6,0,5.545454545454546,38.81818181818182,0.1092896174863388,0.3934426229508196,15.0,83.28666666666666,100.0,60.0,49.0,15,61.9,0,79.0,98.0,68.95,19.0,S,1,2026-07-10
5,1,356,55,25,169,50,Course Page,61,130,165,0,0,6.472727272727273,45.30909090909091,0.1404494382022472,0.4747191011235955,15.0,86.00666666666666,100.0,10.0,86.0,14,93.05,1,71.0,97.0,91.525,26.0,HD,1,2026-07-10
6,1,852,92,60,469,168,Course Page,69,300,428,10,0,9.26086956521739,64.82608695652173,0.1971830985915492,0.5504694835680751,15.0,81.62666666666668,100.0,54.0,0.0,15,60.45,0,87.0,94.0,57.225,7.0,DX,1,2026-07-10
7,1,1292,123,34,121,405,Course Page,373,194,695,16,0,10.504065040650406,73.52845528455283,0.3134674922600619,0.0936532507739938,15.0,53.53333333333333,80.0,31.0,46.0,9,68.0,6,51.0,59.0,49.5,8.0,S,1,2026-07-10
8,1,301,48,20,244,87,Course Page,59,72,151,0,0,6.270833333333333,43.895833333333336,0.2890365448504983,0.8106312292358804,15.0,57.940000000000005,94.0,0.0,46.0,11,71.05,4,46.0,52.0,82.525,6.0,S,1,2026-07-10
9,1,365,47,23,125,25,Assignment,54,160,144,1,0,7.76595744680851,54.361702127659576,0.0684931506849315,0.3424657534246575,15.0,67.83733333333333,100.0,0.0,75.0,12,52.28,3,94.0,40.0,70.14,-54.0,D,1,2026-07-10
10,1,158,23,15,87,24,Course Page,15,48,90,3,0,6.869565217391305,48.08695652173913,0.1518987341772152,0.5506329113924051,11.0,60.08181818181818,95.0,10.0,32.0,6,84.7,5,56.25,70.0,64.85,13.75,N,1,2026-07-10
11,1,229,35,18,92,55,Course Page,10,68,146,2,0,6.542857142857143,45.8,0.2401746724890829,0.4017467248908297,14.0,77.07142857142857,100.0,0.0,33.0,12,0.0,2,88.0,78.0,55.333333333333336,-10.0,N,1,2026-07-10
12,1,1221,84,42,307,252,Course Page,249,268,630,30,0,14.535714285714286,101.75,0.2063882063882063,0.2514332514332514,15.0,79.43333333333334,100.0,40.0,75.0,14,87.0,1,86.0,79.0,71.0,-7.0,D,1,2026-07-10
13,1,187,38,22,80,27,Course Page,35,41,67,36,0,4.921052631578948,34.44736842105263,0.1443850267379679,0.427807486631016,15.0,98.49333333333334,100.0,88.7,76.0,15,88.7,0,100.0,100.0,94.35,0.0,D,1,2026-07-10
14,1,141,28,19,20,16,Assignment,32,39,39,27,0,5.035714285714286,35.25,0.1134751773049645,0.1418439716312056,14.0,82.82142857142857,100.0,0.0,50.0,13,0.0,1,90.0,91.0,54.66666666666666,1.0,P,1,2026-07-10
15,1,1194,97,48,851,231,Assignment,38,658,477,12,0,12.309278350515465,86.16494845360825,0.1934673366834171,0.7127303182579564,15.0,88.74666666666667,100.0,70.0,59.0,15,81.1,0,92.0,94.0,77.05,2.0,P,1,2026-07-10
16,1,733,68,27,439,250,Course Page,184,137,384,1,0,10.779411764705882,75.45588235294119,0.3410641200545702,0.5989085948158254,15.0,68.83333333333333,100.0,0.0,51.0,12,20.25,3,86.0,66.0,49.125,-20.0,P,1,2026-07-10
17,1,43,8,9,15,13,Course Page,7,17,19,0,0,5.375,37.625,0.3023255813953488,0.3488372093023256,7.0,35.857142857142854,100.0,0.0,5.0,3,0.0,4,73.33333333333333,0.0,3.0,0.0,N,1,2026-07-10
18,1,49,5,9,2,48,Course Page,0,8,41,0,0,9.8,68.6,0.979591836734694,0.0408163265306122,6.0,0.0,0.0,0.0,0.0,0,0.0,6,0.0,0.0,0.0,0.0,N,1,2026-07-10
19,1,535,71,33,216,111,Course Page,130,76,247,20,0,7.535211267605634,52.74647887323944,0.2074766355140186,0.4037383177570093,15.0,93.65333333333334,100.0,70.0,83.0,15,93.15,0,90.0,97.0,94.075,7.0,HD,1,2026-07-10
20,1,161,22,32,67,57,Course Page,49,40,55,1,0,7.318181818181818,51.22727272727273,0.3540372670807453,0.4161490683229814,8.0,53.875,100.0,20.0,34.0,4,65.0,4,100.0,20.0,47.25,-80.0,N,1,2026-07-10
21,1,268,41,40,101,55,Assignment,67,87,85,9,0,6.536585365853658,45.75609756097561,0.2052238805970149,0.376865671641791,8.0,67.8875,100.0,26.5,50.0,7,62.3,1,97.5,70.0,62.9,-27.5,P,1,2026-07-10
22,1,1203,111,36,221,239,Course Page,115,292,765,7,0,10.83783783783784,75.86486486486486,0.198669991687448,0.1837073981712385,15.0,96.584,100.0,88.13,83.0,15,88.13,0,98.0,97.0,94.065,-1.0,HD,1,2026-07-10
23,1,402,58,26,119,59,Course Page,158,50,165,11,0,6.931034482758621,48.51724137931034,0.1467661691542288,0.2960199004975124,15.0,85.1,100.0,55.5,83.0,15,74.0,0,94.0,91.0,64.75,-3.0,HD,1,2026-07-10
24,1,248,30,18,85,9,Course Page,56,41,129,21,0,8.266666666666667,57.86666666666667,0.0362903225806451,0.3427419354838709,9.0,83.38888888888889,100.0,38.5,40.0,8,75.5,1,96.25,0.0,81.75,0.0,SA,1,2026-07-10
25,1,382,49,30,148,43,Course Page,90,101,182,2,0,7.795918367346939,54.57142857142857,0.112565445026178,0.387434554973822,15.0,77.36,100.0,46.2,40.0,13,46.2,2,81.0,83.0,64.6,2.0,SA,1,2026-07-10
26,1,415,47,37,205,80,Course Page,119,81,131,38,0,8.829787234042554,61.80851063829787,0.1927710843373494,0.4939759036144578,12.0,38.083333333333336,70.0,0.0,18.0,4,0.0,8,56.66666666666666,36.0,24.0,-20.666666666666664,N,1,2026-07-10
27,1,266,37,17,58,37,Course Page,71,62,128,0,0,7.1891891891891895,50.32432432432432,0.1390977443609022,0.2180451127819548,13.0,51.68461538461538,80.0,30.0,24.0,6,46.45,7,60.0,50.0,44.225,-10.0,N,1,2026-07-10
28,1,7,3,4,3,0,Course Page,0,3,4,0,0,2.333333333333333,16.333333333333336,0.0,0.4285714285714285,4.0,26.125,95.0,0.0,2.0,1,0.0,3,0.0,95.0,0.0,0.0,N,1,2026-07-10
29,1,379,49,37,83,71,Course Page,39,131,147,19,0,7.73469387755102,54.142857142857146,0.1873350923482849,0.2189973614775725,14.0,75.61428571428571,100.0,56.05,59.0,14,56.05,0,83.0,85.0,57.025,2.0,P,1,2026-07-10
30,1,111,26,18,40,35,Course Page,14,41,49,3,0,4.269230769230769,29.884615384615383,0.3153153153153153,0.3603603603603603,9.0,41.66666666666666,95.0,5.5,17.0,4,5.5,5,52.5,0.0,36.0,0.0,N,1,2026-07-10
31,1,362,46,37,114,38,Course Page,79,117,130,11,0,7.869565217391305,55.08695652173913,0.1049723756906077,0.3149171270718232,15.0,90.15333333333334,100.0,65.8,72.0,15,65.8,0,97.4,90.0,80.4,-7.400000000000006,D,1,2026-07-10
32,1,450,59,50,32,54,Assignment,41,226,161,15,0,7.627118644067797,53.389830508474574,0.12,0.0711111111111111,14.0,84.09285714285714,100.0,59.0,75.0,14,59.4,0,91.25,98.0,59.2,6.75,D,1,2026-07-10
33,1,317,43,31,69,101,Course Page,42,72,166,17,0,7.372093023255814,51.604651162790695,0.3186119873817035,0.2176656151419558,15.0,88.39666666666668,100.0,60.0,49.0,15,91.3,0,78.0,100.0,86.7375,22.0,S,1,2026-07-10
34,1,501,58,28,365,130,Course Page,82,166,230,13,0,8.637931034482758,60.4655172413793,0.2594810379241516,0.7285429141716567,13.0,76.96153846153847,100.0,20.0,44.0,11,83.0,2,81.0,73.33333333333333,78.25,-7.666666666666671,SA,1,2026-07-10
35,1,338,51,34,46,17,Course Page,80,113,123,6,0,6.627450980392157,46.3921568627451,0.0502958579881656,0.136094674556213,15.0,84.97333333333333,100.0,70.35,48.0,15,70.35,0,87.8,90.0,74.175,2.200000000000003,S,1,2026-07-10
36,1,402,48,30,141,60,Course Page,87,87,188,0,0,8.375,58.625,0.1492537313432835,0.3507462686567164,15.0,67.6,90.0,35.0,56.0,13,64.5,2,67.0,63.0,74.75,-4.0,P,1,2026-07-10
37,1,212,36,15,16,4,Course Page,32,60,115,3,0,5.888888888888889,41.22222222222222,0.0188679245283018,0.0754716981132075,14.0,77.27142857142857,95.0,55.0,54.0,14,81.4,0,79.0,73.75,80.7,-5.25,P,1,2026-07-10
38,1,846,84,39,256,166,Course Page,130,242,403,20,0,10.071428571428571,70.5,0.1962174940898345,0.3026004728132387,15.0,67.25333333333333,92.0,35.0,45.0,12,79.65,3,62.0,59.0,85.825,-3.0,S,1,2026-07-10
39,1,211,50,37,41,40,Lecture Material,70,58,59,6,0,4.22,29.54,0.1895734597156398,0.1943127962085308,15.0,81.94266666666667,100.0,61.57,70.0,15,61.57,0,94.0,82.0,65.285,-12.0,D,1,2026-07-10
40,1,321,40,22,154,30,Assignment,31,178,111,1,0,8.025,56.175,0.0934579439252336,0.4797507788161994,14.0,62.392857142857146,100.0,19.0,34.0,12,19.0,2,75.0,72.5,35.5,-2.5,N,1,2026-07-10
41,1,409,43,27,225,101,Course Page,78,122,196,10,0,9.511627906976743,66.5813953488372,0.2469437652811736,0.5501222493887531,10.0,38.9,60.0,0.0,15.0,5,46.0,5,40.0,55.0,30.666666666666668,15.0,N,1,2026-07-10
42,1,266,42,20,128,22,Assignment,24,130,101,1,0,6.333333333333333,44.333333333333336,0.0827067669172932,0.4812030075187969,13.0,84.34615384615384,100.0,60.0,62.0,13,60.0,0,91.0,93.33333333333331,72.0,2.3333333333333286,C,1,2026-07-10
43,1,611,63,36,334,99,Course Page,106,77,402,1,0,9.698412698412698,67.88888888888889,0.1620294599018003,0.546644844517185,14.0,82.27857142857144,100.0,45.0,43.0,13,85.95,1,85.0,88.0,73.475,3.0,SA,1,2026-07-10
44,1,367,38,26,107,75,Course Page,85,96,174,7,0,9.657894736842104,67.60526315789474,0.2043596730245231,0.2915531335149863,13.0,83.9076923076923,100.0,67.9,60.0,13,67.9,0,93.0,88.33333333333333,71.95,-4.666666666666671,C,1,2026-07-10
45,1,478,62,56,257,73,Assignment,67,193,193,8,0,7.709677419354839,53.967741935483865,0.1527196652719665,0.5376569037656904,15.0,89.08666666666666,100.0,65.0,71.0,15,79.15,0,88.0,92.0,86.575,4.0,D,1,2026-07-10
46,1,265,40,22,79,64,Course Page,66,59,118,13,0,6.625,46.375,0.2415094339622641,0.2981132075471698,15.0,72.78666666666666,90.0,40.0,46.0,14,69.65,1,69.0,82.0,65.325,13.0,S,1,2026-07-10
47,1,330,53,26,156,115,Course Page,17,138,163,6,0,6.226415094339623,43.58490566037736,0.3484848484848485,0.4727272727272727,15.0,83.44666666666667,100.0,60.0,43.0,15,75.85,0,81.0,87.0,81.925,6.0,SA,1,2026-07-10
48,1,384,48,32,109,98,Course Page,115,96,160,1,0,8.0,56.0,0.2552083333333333,0.2838541666666667,15.0,72.25733333333332,100.0,25.0,48.0,12,51.43,3,86.0,56.0,75.715,-30.0,S,1,2026-07-10
49,1,439,34,30,366,158,Course Page,133,56,192,32,0,12.911764705882351,90.38235294117648,0.3599088838268792,0.8337129840546698,9.0,63.333333333333336,100.0,29.0,26.0,8,64.5,1,65.0,80.0,62.75,15.0,N,1,2026-07-10
50,1,254,35,41,64,8,Lecture Material,80,37,75,36,0,7.257142857142857,50.8,0.0314960629921259,0.2519685039370078,13.0,46.2,84.0,20.0,60.0,6,51.3,7,40.0,33.333333333333336,67.65,-6.666666666666664,C,1,2026-07-10
51,1,270,57,27,125,41,Course Page,44,94,106,12,0,4.7368421052631575,33.15789473684211,0.1518518518518518,0.4629629629629629,14.0,87.73571428571428,100.0,50.0,82.0,14,97.9,0,89.0,82.5,93.95,-6.5,HD,1,2026-07-10
52,1,244,32,23,120,39,Course Page,70,36,94,10,0,7.625,53.375,0.1598360655737705,0.4918032786885246,15.0,71.03333333333333,100.0,50.0,62.0,15,68.0,0,82.0,67.0,61.5,-15.0,C,1,2026-07-10
53,1,267,42,21,60,79,Course Page,75,66,121,4,0,6.357142857142857,44.5,0.2958801498127341,0.2247191011235955,12.0,57.03333333333333,100.0,19.7,37.0,7,19.7,5,72.0,50.0,44.6,-22.0,N,1,2026-07-10
54,1,748,69,41,322,144,Course Page,86,227,378,1,0,10.840579710144928,75.88405797101449,0.1925133689839572,0.4304812834224599,13.0,74.99230769230769,100.0,30.0,41.0,10,76.45,3,67.5,97.5,62.225,30.0,SA,1,2026-07-10
55,1,711,68,25,147,179,Course Page,39,94,552,6,0,10.455882352941176,73.19117647058825,0.2517580872011252,0.2067510548523206,11.0,45.13636363636363,75.0,0.0,22.0,4,44.0,7,48.75,20.0,59.5,-28.75,N,1,2026-07-10
56,1,261,40,25,71,64,Course Page,31,99,113,8,0,6.525,45.675,0.2452107279693486,0.2720306513409962,15.0,78.56666666666666,100.0,0.0,60.0,14,84.0,1,92.0,59.0,87.0,-33.0,C,1,2026-07-10
57,1,176,38,16,78,22,Course Page,11,45,119,0,0,4.631578947368421,32.421052631578945,0.125,0.4431818181818182,6.0,57.333333333333336,100.0,10.0,47.0,5,62.0,1,100.0,0.0,58.5,0.0,S,1,2026-07-10
58,1,387,46,28,135,68,Course Page,93,46,223,11,0,8.41304347826087,58.891304347826086,0.1757105943152454,0.3488372093023256,12.0,26.375,55.0,0.0,20.0,4,53.75,8,17.5,6.666666666666667,54.375,-10.833333333333332,N,1,2026-07-10
59,1,221,28,16,77,28,Course Page,50,48,123,0,0,7.892857142857143,55.25,0.1266968325791855,0.3484162895927601,9.0,55.67777777777778,85.0,29.0,19.0,6,36.05,3,78.33333333333333,55.0,45.525,-23.33333333333333,N,1,2026-07-10
60,1,455,69,27,180,125,Course Page,40,177,214,15,0,6.594202898550725,46.15942028985507,0.2747252747252747,0.3956043956043956,15.0,90.91333333333334,100.0,80.0,65.0,15,84.15,0,91.8,91.0,89.575,-0.7999999999999972,C,1,2026-07-10
61,1,280,49,34,118,59,Course Page,84,64,88,14,0,5.714285714285714,40.0,0.2107142857142857,0.4214285714285714,15.0,91.0,100.0,60.0,83.0,15,80.0,0,98.0,88.0,85.5,-10.0,HD,1,2026-07-10
62,1,220,37,28,98,71,Course Page,47,58,105,4,0,5.945945945945946,41.62162162162162,0.3227272727272727,0.4454545454545454,15.0,74.58,95.0,50.0,48.0,15,88.35,0,79.0,69.0,76.175,-10.0,S,1,2026-07-10
63,1,347,53,31,118,41,Course Page,40,77,204,5,0,6.547169811320755,45.83018867924528,0.1181556195965417,0.3400576368876081,14.0,79.5,100.0,40.0,46.0,13,65.5,1,88.0,75.0,74.75,-13.0,S,1,2026-07-10
64,1,551,30,28,345,60,Course Page,64,49,410,9,0,18.366666666666667,128.56666666666666,0.1088929219600726,0.6261343012704175,10.0,48.73,80.0,10.0,23.0,7,65.65,3,40.0,50.0,61.325,10.0,N,1,2026-07-10
65,1,408,50,34,165,38,Course Page,43,137,180,15,0,8.16,57.12,0.0931372549019607,0.4044117647058823,15.0,83.24666666666667,95.0,58.0,58.0,15,88.4,0,83.8,90.0,73.2,6.200000000000003,P,1,2026-07-10
66,1,213,44,24,39,47,Course Page,71,59,74,3,0,4.840909090909091,33.88636363636364,0.2206572769953051,0.1830985915492957,15.0,74.21333333333334,100.0,30.0,46.0,14,72.35,1,66.0,77.0,81.675,11.0,S,1,2026-07-10
67,1,193,18,42,172,40,Assignment,38,110,34,7,0,10.72222222222222,75.05555555555554,0.2072538860103626,0.8911917098445595,15.0,87.22666666666667,100.0,67.7,70.0,15,67.7,0,96.0,86.0,76.85,-10.0,D,1,2026-07-10
68,1,503,74,31,73,85,Course Page,71,69,342,2,0,6.797297297297297,47.58108108108108,0.1689860834990059,0.1451292246520874,15.0,75.48666666666666,100.0,30.0,44.0,12,41.65,3,72.0,90.0,60.325,18.0,SA,1,2026-07-10
69,1,151,33,22,57,12,Course Page,26,46,78,0,0,4.575757575757576,32.03030303030303,0.0794701986754966,0.3774834437086092,15.0,71.59466666666667,100.0,47.21,58.0,13,47.21,2,74.0,75.0,63.605,1.0,P,1,2026-07-10
70,1,463,46,24,105,76,Course Page,85,89,268,8,0,10.065217391304348,70.45652173913044,0.1641468682505399,0.2267818574514039,15.0,95.83733333333332,100.0,88.28,85.0,15,88.28,0,98.0,96.0,92.64,-2.0,HD,1,2026-07-10
71,1,91,20,14,38,25,Assignment,2,58,24,5,0,4.55,31.85,0.2747252747252747,0.4175824175824176,14.0,54.642857142857146,80.0,0.0,30.0,10,66.0,4,55.0,42.0,73.0,-13.0,N,1,2026-07-10
72,1,452,50,31,192,33,Course Page,75,149,207,8,0,9.04,63.28,0.0730088495575221,0.4247787610619469,15.0,75.97333333333333,100.0,40.0,66.0,14,96.3,1,80.0,62.0,89.65,-18.0,C,1,2026-07-10
73,1,252,39,35,169,48,Assignment,21,106,99,16,0,6.461538461538462,45.23076923076923,0.1904761904761904,0.6706349206349206,10.0,53.4,100.0,0.0,11.0,5,0.0,5,80.0,75.0,9.333333333333334,-5.0,N,1,2026-07-10
74,1,327,60,18,149,59,Course Page,52,60,209,0,0,5.45,38.15,0.1804281345565749,0.45565749235474,15.0,76.5,95.0,30.0,54.0,14,50.0,1,76.0,81.0,71.0,5.0,P,1,2026-07-10
75,1,494,65,24,261,106,Course Page,19,232,240,0,0,7.6,53.2,0.2145748987854251,0.52834008097166,14.0,73.39285714285714,100.0,40.0,55.0,11,41.0,3,70.0,93.75,57.5,23.75,P,1,2026-07-10
76,1,187,29,28,42,24,Assignment,25,78,78,1,0,6.448275862068965,45.137931034482754,0.1283422459893048,0.2245989304812834,15.0,64.23333333333333,100.0,20.0,53.0,11,45.0,4,76.0,61.0,52.5,-15.0,P,1,2026-07-10
77,1,220,35,24,90,28,Course Page,68,45,85,15,0,6.285714285714286,44.0,0.1272727272727272,0.4090909090909091,10.0,70.47,100.0,38.0,50.0,9,89.35,1,70.0,100.0,71.675,30.0,P,1,2026-07-10
78,1,445,66,27,247,87,Course Page,52,56,321,5,0,6.742424242424242,47.196969696969695,0.195505617977528,0.5550561797752809,14.0,76.72142857142856,100.0,50.0,39.0,14,73.3,0,71.25,78.0,82.9,6.75,N,1,2026-07-10
79,1,375,47,29,104,82,Course Page,96,103,145,3,0,7.978723404255319,55.85106382978724,0.2186666666666666,0.2773333333333333,14.0,70.85714285714286,100.0,40.0,63.0,13,63.0,1,86.0,65.0,58.25,-21.0,C,1,2026-07-10
80,1,333,56,21,151,116,Course Page,51,86,193,2,0,5.946428571428571,41.625,0.3483483483483483,0.4534534534534534,15.0,81.77333333333333,100.0,65.0,67.0,15,79.3,0,86.0,78.0,81.15,-8.0,C,1,2026-07-10
81,1,511,76,38,129,125,Lecture Material,159,149,152,22,0,6.723684210526316,47.065789473684205,0.2446183953033268,0.2524461839530332,15.0,35.906666666666666,75.0,10.0,25.0,4,48.8,11,15.0,55.0,38.4,40.0,N,1,2026-07-10
82,1,657,66,29,253,82,Course Page,102,236,299,7,0,9.954545454545457,69.68181818181819,0.1248097412480974,0.3850837138508371,15.0,92.12666666666668,100.0,70.0,73.0,15,88.7,0,90.0,93.0,93.85,3.0,D,1,2026-07-10
83,1,325,50,23,92,61,Course Page,36,69,212,7,0,6.5,45.5,0.1876923076923076,0.283076923076923,15.0,68.04,100.0,40.0,30.0,12,45.3,3,69.0,79.0,51.65,10.0,N,1,2026-07-10
84,1,353,46,24,160,45,Course Page,52,58,227,3,0,7.673913043478261,53.71739130434783,0.1274787535410765,0.4532577903682719,15.0,83.09333333333333,100.0,69.0,52.0,15,70.2,0,84.0,92.0,69.6,8.0,P,1,2026-07-10
85,1,191,35,19,87,43,Course Page,11,72,103,1,0,5.457142857142857,38.2,0.225130890052356,0.4554973821989528,15.0,69.76666666666667,100.0,0.0,21.0,10,0.0,5,79.0,100.0,15.5,21.0,N,1,2026-07-10
86,1,343,47,32,174,43,Course Page,75,66,165,16,0,7.297872340425532,51.08510638297872,0.1253644314868804,0.5072886297376094,12.0,57.76666666666667,100.0,20.0,30.0,8,68.1,4,65.0,43.333333333333336,66.05,-21.666666666666664,N,1,2026-07-10
87,1,120,14,16,27,13,Assignment,13,60,45,1,0,8.571428571428571,60.0,0.1083333333333333,0.225,14.0,59.17857142857143,100.0,0.0,41.0,9,56.0,5,55.0,75.0,49.0,20.0,SA,1,2026-07-10
88,1,109,19,12,27,28,Course Page,14,37,55,0,0,5.7368421052631575,40.1578947368421,0.2568807339449541,0.2477064220183486,9.0,74.33333333333333,100.0,0.0,62.0,7,86.5,2,75.0,0.0,84.75,0.0,C,1,2026-07-10
89,1,284,62,20,165,64,Assignment,20,144,100,4,0,4.580645161290323,32.064516129032256,0.2253521126760563,0.5809859154929577,8.0,14.0,38.0,0.0,9.0,0,38.0,8,0.0,0.0,28.0,0.0,N,1,2026-07-10
90,1,502,51,32,95,64,Course Page,78,171,227,15,0,9.84313725490196,68.90196078431373,0.1274900398406374,0.1892430278884462,15.0,87.90666666666667,100.0,79.0,73.0,15,82.55,0,92.0,89.0,80.775,-3.0,D,1,2026-07-10
91,1,311,51,28,149,41,Course Page,40,78,152,13,0,6.098039215686274,42.68627450980392,0.1318327974276527,0.4790996784565916,15.0,84.86,100.0,50.0,72.0,15,84.95,0,74.0,92.0,89.975,18.0,D,1,2026-07-10
92,1,488,51,41,75,94,Course Page,94,146,180,28,0,9.568627450980392,66.98039215686275,0.1926229508196721,0.1536885245901639,10.0,78.85,100.0,43.5,40.0,9,72.5,1,78.33333333333333,100.0,77.5,21.66666666666667,SA,1,2026-07-10
93,1,188,31,24,45,7,Course Page,39,53,63,7,0,6.064516129032258,42.4516129032258,0.0372340425531914,0.2393617021276596,13.0,32.19230769230769,60.0,0.0,33.0,3,23.0,10,41.0,26.666666666666668,26.25,-14.333333333333332,N,1,2026-07-10
94,1,417,35,26,164,46,Course Page,117,107,160,0,0,11.914285714285716,83.4,0.1103117505995203,0.3932853717026379,14.0,53.785714285714285,90.0,17.0,51.0,8,17.0,6,75.0,56.25,23.25,-18.75,P,1,2026-07-10
95,1,244,31,34,137,72,Course Page,35,96,97,1,0,7.870967741935484,55.096774193548384,0.2950819672131147,0.5614754098360656,12.0,41.833333333333336,86.0,0.0,0.0,4,0.0,8,55.0,26.666666666666668,43.0,-28.33333333333333,DX,1,2026-07-10
96,1,780,74,46,653,188,Assignment,73,351,337,12,0,10.54054054054054,73.78378378378379,0.241025641025641,0.8371794871794872,15.0,68.36,100.0,1.2,25.0,11,1.2,4,82.0,88.0,22.6,6.0,N,1,2026-07-10
97,1,157,35,15,39,54,Course Page,49,45,56,5,0,4.485714285714286,31.4,0.3439490445859872,0.2484076433121019,12.0,76.825,100.0,55.5,44.0,12,55.7,0,88.33333333333333,72.5,77.85,-15.833333333333329,SA,1,2026-07-10
98,1,145,23,16,67,31,Course Page,47,29,66,0,0,6.304347826086956,44.130434782608695,0.2137931034482758,0.4620689655172413,8.0,51.275,100.0,0.0,28.0,5,73.1,3,40.0,0.0,69.55,0.0,N,1,2026-07-10
99,1,417,49,36,77,31,Course Page,114,78,183,12,0,8.510204081632653,59.57142857142857,0.0743405275779376,0.184652278177458,14.0,74.25,100.0,0.0,60.0,13,79.0,1,90.0,53.75,77.0,-36.25,C,1,2026-07-10
100,1,57,20,5,8,6,Course Page,1,2,53,1,0,2.85,19.95,0.1052631578947368,0.1403508771929824,10.0,41.15,75.0,0.0,10.0,5,0.0,5,61.25,50.0,21.75,-11.25,N,1,2026-07-10
101,1,733,50,30,296,161,Course Page,162,118,423,0,0,14.66,102.62,0.2196452933151432,0.4038199181446112,15.0,71.86666666666666,90.0,43.0,38.0,13,67.0,2,74.0,82.0,55.0,8.0,N,1,2026-07-10
102,1,121,15,11,53,24,Course Page,17,43,57,0,0,8.066666666666666,56.46666666666667,0.1983471074380165,0.4380165289256198,8.0,10.375,25.0,0.0,2.0,0,0.0,8,16.666666666666668,20.0,2.0,3.333333333333332,N,1,2026-07-10
103,1,444,81,45,215,128,Course Page,35,160,234,5,0,5.481481481481482,38.37037037037037,0.2882882882882883,0.4842342342342342,15.0,89.96666666666667,100.0,40.0,74.0,13,93.0,2,97.0,100.0,66.5,3.0,D,1,2026-07-10
104,1,421,72,28,140,80,Assignment,94,143,101,36,0,5.847222222222222,40.93055555555555,0.1900237529691211,0.332541567695962,15.0,91.53333333333332,100.0,75.0,72.0,15,94.0,0,96.0,86.0,93.0,-10.0,D,1,2026-07-10
105,1,211,40,22,90,30,Course Page,28,74,95,5,0,5.275,36.925,0.1421800947867298,0.4265402843601896,12.0,65.48333333333333,90.0,25.0,36.0,10,65.65,2,76.0,57.5,60.325,-18.5,N,1,2026-07-10
106,1,638,68,43,395,140,Course Page,65,188,345,7,0,9.382352941176473,65.6764705882353,0.219435736677116,0.6191222570532915,14.0,48.75714285714286,100.0,0.0,33.0,8,32.8,6,46.0,60.0,41.4,14.0,N,1,2026-07-10
107,1,678,69,46,174,108,Course Page,149,180,300,2,0,9.826086956521738,68.78260869565217,0.1592920353982301,0.2566371681415929,14.0,68.35714285714286,100.0,30.0,53.0,13,77.0,1,70.0,65.0,71.5,-5.0,P,1,2026-07-10
108,1,333,32,25,260,79,Course Page,98,66,151,9,0,10.40625,72.84375,0.2372372372372372,0.7807807807807807,14.0,58.46428571428572,85.0,0.0,57.0,12,76.0,2,70.0,38.75,65.75,-31.25,P,1,2026-07-10
109,1,205,30,19,103,6,Course Page,40,46,110,0,0,6.833333333333333,47.833333333333336,0.0292682926829268,0.5024390243902439,11.0,68.95454545454545,90.0,43.5,66.0,10,85.0,1,67.5,82.5,70.0,15.0,C,1,2026-07-10
110,1,251,30,30,194,56,Assignment,34,104,104,2,0,8.366666666666667,58.56666666666667,0.2231075697211155,0.7729083665338645,10.0,51.2,70.0,27.0,22.0,6,58.5,4,56.66666666666666,50.0,53.75,-6.666666666666664,N,1,2026-07-10
111,1,257,25,34,153,18,Assignment,9,147,92,1,0,10.28,71.96,0.0700389105058365,0.5953307392996109,13.0,81.69999999999999,100.0,63.3,45.0,13,63.3,0,99.0,76.66666666666667,66.15,-22.33333333333333,S,1,2026-07-10
112,1,189,26,24,79,31,Assignment,15,80,77,2,0,7.269230769230769,50.88461538461538,0.164021164021164,0.4179894179894179,14.0,67.51428571428572,100.0,30.0,52.0,12,52.85,2,53.75,82.0,64.425,28.25,P,1,2026-07-10
113,1,502,67,30,198,77,Course Page,50,120,293,1,0,7.492537313432836,52.44776119402985,0.1533864541832669,0.3944223107569721,15.0,31.466666666666665,75.0,0.0,24.0,5,62.0,10,17.0,19.0,68.5,2.0,N,1,2026-07-10
114,1,157,22,22,85,4,Assignment,15,92,46,0,0,7.136363636363637,49.95454545454545,0.0254777070063694,0.5414012738853503,15.0,80.2,100.0,60.0,68.0,15,86.0,0,83.0,81.0,75.25,-2.0,C,1,2026-07-10
115,1,455,47,27,73,70,Course Page,100,151,195,2,0,9.680851063829786,67.76595744680851,0.1538461538461538,0.1604395604395604,14.0,73.57142857142857,100.0,50.0,58.0,14,65.0,0,84.0,70.0,65.0,-14.0,P,1,2026-07-10
116,1,127,18,13,91,43,Course Page,11,45,62,8,0,7.055555555555555,49.388888888888886,0.3385826771653543,0.7165354330708661,6.0,50.48333333333333,78.0,0.0,23.0,4,73.45,2,0.0,0.0,75.725,0.0,N,1,2026-07-10
117,1,105,20,22,8,9,Assignment,24,53,23,2,0,5.25,36.75,0.0857142857142857,0.0761904761904762,15.0,92.2,100.0,50.0,82.0,15,91.5,0,100.0,100.0,70.75,0.0,HD,1,2026-07-10
118,1,803,74,32,219,117,Assignment,127,351,295,7,0,10.85135135135135,75.95945945945947,0.1457036114570361,0.2727272727272727,15.0,79.42,100.0,30.0,64.0,14,94.65,1,72.0,80.0,88.825,8.0,C,1,2026-07-10
119,1,165,29,22,66,9,Course Page,39,59,66,0,0,5.689655172413793,39.82758620689655,0.0545454545454545,0.4,15.0,69.7,100.0,10.0,50.0,11,77.5,4,80.0,67.0,59.25,-13.0,P,1,2026-07-10
120,1,191,37,15,42,34,Course Page,61,35,90,3,0,5.162162162162162,36.13513513513514,0.1780104712041884,0.2198952879581152,14.0,88.57857142857142,100.0,64.0,61.0,14,83.05,0,100.0,92.0,73.525,-8.0,C,1,2026-07-10
121,1,230,27,33,108,45,Course Page,71,40,100,2,0,8.518518518518519,59.629629629629626,0.1956521739130435,0.4695652173913043,8.0,48.625,80.0,18.5,25.0,5,31.75,3,65.0,55.0,46.375,-10.0,N,1,2026-07-10
122,1,171,22,24,12,4,Assignment,40,66,59,0,0,7.772727272727272,54.409090909090914,0.023391812865497,0.0701754385964912,14.0,92.64,100.0,78.73,64.0,14,78.73,0,100.0,96.25,80.86500000000001,-3.75,C,1,2026-07-10
123,1,134,21,26,64,13,Course Page,44,38,44,4,0,6.380952380952381,44.66666666666666,0.0970149253731343,0.4776119402985074,10.0,34.05,63.0,0.0,18.0,4,63.0,6,36.25,25.0,42.0,-11.25,N,1,2026-07-10
124,1,599,89,29,211,134,Course Page,190,65,320,22,0,6.730337078651686,47.1123595505618,0.2237061769616026,0.352253756260434,15.0,80.41333333333334,95.0,69.0,72.0,15,72.1,0,83.0,85.0,70.55,2.0,D,1,2026-07-10
125,1,669,89,33,185,153,Course Page,194,107,351,8,0,7.51685393258427,52.61797752808989,0.2286995515695067,0.2765321375186846,15.0,85.4,100.0,70.0,75.0,15,73.5,0,88.0,92.0,72.75,4.0,D,1,2026-07-10
126,1,205,29,20,22,83,Assignment,32,88,78,2,0,7.068965517241379,49.48275862068965,0.4048780487804878,0.1073170731707317,15.0,65.63333333333334,100.0,0.0,53.0,12,54.0,3,72.0,55.0,71.5,-17.0,P,1,2026-07-10
127,1,169,28,19,91,35,Course Page,32,50,83,0,0,6.035714285714286,42.25,0.2071005917159763,0.5384615384615384,11.0,38.95454545454545,85.0,0.0,23.0,6,0.0,5,42.0,85.0,26.0,43.0,N,1,2026-07-10
128,1,230,44,23,71,45,Course Page,18,97,104,5,0,5.227272727272728,36.59090909090909,0.1956521739130435,0.308695652173913,12.0,67.86666666666666,85.0,51.0,30.0,12,68.7,0,66.25,81.66666666666667,63.35,15.416666666666671,N,1,2026-07-10
129,1,662,60,34,264,156,Course Page,147,162,309,1,0,11.033333333333331,77.23333333333333,0.2356495468277945,0.3987915407854985,12.0,55.0,100.0,20.0,24.0,8,30.0,4,58.0,55.0,55.0,-3.0,N,1,2026-07-10
130,1,183,31,15,70,30,Assignment,35,76,72,0,0,5.903225806451613,41.32258064516129,0.1639344262295081,0.3825136612021858,8.0,64.725,100.0,23.0,25.0,6,57.4,2,76.66666666666667,0.0,66.2,0.0,N,1,2026-07-10
131,1,261,35,29,76,37,Course Page,67,72,102,8,0,7.457142857142857,52.2,0.1417624521072797,0.2911877394636015,15.0,87.54666666666667,100.0,76.35,82.0,15,76.35,0,91.0,84.0,87.675,-7.0,HD,1,2026-07-10
132,1,341,42,28,97,27,Course Page,27,127,169,10,0,8.119047619047619,56.833333333333336,0.0791788856304985,0.2844574780058651,14.0,79.64999999999999,100.0,50.0,63.0,14,95.55,0,78.0,72.5,91.775,-5.5,C,1,2026-07-10
133,1,157,18,18,49,16,Course Page,23,54,70,0,0,8.722222222222221,61.05555555555555,0.1019108280254777,0.3121019108280254,7.0,24.685714285714287,50.0,0.0,10.0,1,28.9,6,50.0,0.0,29.45,-50.0,N,1,2026-07-10
134,1,418,37,31,214,88,Course Page,120,75,201,15,0,11.297297297297296,79.08108108108108,0.2105263157894736,0.5119617224880383,12.0,54.333333333333336,95.0,20.0,27.0,7,62.0,5,36.66666666666666,72.5,53.0,35.833333333333336,N,1,2026-07-10
135,1,237,30,37,175,32,Assignment,20,140,70,1,0,7.9,55.3,0.1350210970464135,0.7383966244725738,14.0,78.47857142857143,100.0,37.0,38.0,12,50.35,2,96.0,90.0,43.675,-6.0,N,1,2026-07-10
136,1,359,51,22,145,87,Course Page,29,159,161,2,0,7.03921568627451,49.27450980392157,0.2423398328690807,0.403899721448468,14.0,73.15714285714286,83.85,65.0,56.0,14,83.85,0,75.0,71.0,75.925,-4.0,P,1,2026-07-10
137,1,307,28,42,114,29,Assignment,26,188,90,0,0,10.964285714285714,76.75,0.0944625407166123,0.3713355048859935,15.0,78.88000000000001,100.0,50.35,37.0,15,50.35,0,89.0,88.0,52.425,-1.0,N,1,2026-07-10
138,1,214,24,20,92,61,Assignment,17,99,93,1,0,8.916666666666666,62.41666666666667,0.2850467289719626,0.4299065420560747,13.0,74.6923076923077,100.0,30.0,42.0,11,88.5,2,71.25,78.75,77.75,7.5,SA,1,2026-07-10
139,1,135,22,15,72,40,Course Page,14,54,64,0,0,6.136363636363637,42.95454545454545,0.2962962962962963,0.5333333333333333,13.0,45.61538461538461,80.0,0.0,33.0,8,65.0,5,46.0,26.666666666666668,63.0,-19.33333333333333,N,1,2026-07-10
140,1,7,5,3,1,2,Course Page,0,2,4,1,0,1.4,9.8,0.2857142857142857,0.1428571428571428,4.0,5.5,20.0,0.0,0.0,0,0.0,4,20.0,0.0,0.0,0.0,N,1,2026-07-10
141,1,374,51,28,119,53,Course Page,58,100,201,9,0,7.333333333333333,51.333333333333336,0.141711229946524,0.3181818181818182,14.0,55.29,100.0,30.0,48.0,8,43.78,6,61.0,40.0,65.64,-21.0,S,1,2026-07-10
142,1,277,47,24,39,44,Course Page,55,57,125,6,0,5.893617021276596,41.25531914893617,0.1588447653429603,0.1407942238267148,14.0,89.41428571428571,100.0,75.0,71.0,14,95.9,0,92.5,90.0,87.45,-2.5,D,1,2026-07-10
143,1,501,38,26,232,64,Course Page,162,65,235,9,0,13.18421052631579,92.28947368421052,0.1277445109780439,0.4630738522954092,7.0,45.142857142857146,90.0,0.0,13.0,3,0.0,4,55.0,30.0,54.0,-25.0,N,1,2026-07-10
144,1,105,12,17,90,27,Course Page,3,33,66,0,0,8.75,61.25,0.2571428571428571,0.8571428571428571,10.0,62.5,95.0,0.0,58.0,7,87.0,3,60.0,72.5,58.0,12.5,P,1,2026-07-10
145,1,112,10,16,82,2,Lecture Material,48,26,35,3,0,11.2,78.39999999999999,0.0178571428571428,0.7321428571428571,8.0,58.875,100.0,0.0,17.0,5,0.0,3,77.5,0.0,43.333333333333336,0.0,N,1,2026-07-10
146,1,176,34,18,87,41,Course Page,58,39,63,2,0,5.176470588235294,36.235294117647065,0.2329545454545454,0.4943181818181818,7.0,60.07142857142857,75.0,14.5,22.0,6,55.5,1,72.5,0.0,65.25,0.0,N,1,2026-07-10
147,1,265,37,26,83,78,Course Page,59,81,115,8,0,7.162162162162162,50.13513513513514,0.2943396226415094,0.3132075471698113,10.0,65.25,100.0,12.75,25.0,6,12.75,4,92.5,40.0,50.375,-52.5,N,1,2026-07-10
148,1,101,21,18,44,17,Assignment,26,38,34,3,0,4.809523809523809,33.666666666666664,0.1683168316831683,0.4356435643564356,9.0,58.28888888888889,100.0,30.0,24.0,5,55.8,4,93.33333333333331,30.0,45.9,-63.33333333333333,N,1,2026-07-10
149,1,166,22,35,63,9,Assignment,14,126,26,0,0,7.545454545454546,52.81818181818182,0.0542168674698795,0.3795180722891566,14.0,87.92857142857143,100.0,62.75,60.0,14,62.75,0,99.0,97.5,64.375,-1.5,C,1,2026-07-10
150,1,94,25,14,25,20,Course Page,18,27,40,0,0,3.76,26.32,0.2127659574468085,0.2659574468085106,14.0,90.15,100.0,49.0,69.0,12,95.3,2,97.0,100.0,72.15,3.0,C,1,2026-07-10
151,1,54,13,13,27,10,Course Page,14,10,28,0,0,4.153846153846154,29.07692307692308,0.1851851851851851,0.5,10.0,53.9,100.0,0.0,10.0,6,0.0,4,45.0,80.0,0.0,35.0,N,1,2026-07-10
152,1,203,24,18,118,43,Course Page,31,76,87,1,0,8.458333333333334,59.208333333333336,0.2118226600985221,0.5812807881773399,8.0,19.5,38.0,0.0,11.0,0,38.0,8,5.0,10.0,33.5,5.0,N,1,2026-07-10
153,1,92,22,13,66,15,Assignment,23,60,8,0,0,4.181818181818182,29.27272727272728,0.1630434782608695,0.717391304347826,13.0,52.29230769230769,65.0,10.0,26.0,10,60.4,3,51.0,45.0,62.7,-6.0,N,1,2026-07-10
154,1,220,28,34,152,39,Course Page,42,42,115,2,0,7.857142857142857,55.0,0.1772727272727272,0.6909090909090909,5.0,11.4,50.0,0.0,1.0,1,0.0,4,0.0,50.0,0.6666666666666666,0.0,N,1,2026-07-10
155,1,8,3,4,6,0,Course Page,1,2,4,0,0,2.6666666666666665,18.666666666666668,0.0,0.75,6.0,0.0,0.0,0.0,0.0,0,0.0,6,0.0,0.0,0.0,0.0,N,1,2026-07-10
156,1,75,18,14,9,6,Course Page,15,26,30,2,0,4.166666666666667,29.166666666666664,0.08,0.12,15.0,84.06,100.0,50.0,42.0,15,82.7,0,82.0,83.0,88.35,1.0,SA,1,2026-07-10
157,1,96,15,20,45,10,Course Page,24,15,50,0,0,6.4,44.8,0.1041666666666666,0.46875,10.0,19.15,80.0,0.0,5.0,2,0.0,8,29.0,0.0,10.666666666666666,-29.0,N,1,2026-07-10
158,1,48,9,8,11,2,Course Page,4,14,29,0,0,5.333333333333333,37.33333333333333,0.0416666666666666,0.2291666666666666,8.0,8.25,33.0,0.0,3.0,0,0.0,8,0.0,0.0,22.0,0.0,N,1,2026-07-10
159,1,47,6,9,5,0,Assignment,7,23,17,0,0,7.833333333333333,54.833333333333336,0.0,0.1063829787234042,6.0,34.5,90.0,0.0,5.0,2,0.0,4,75.0,0.0,14.0,0.0,N,1,2026-07-10
160,1,101,14,11,6,21,Course Page,14,36,46,0,0,7.214285714285714,50.5,0.2079207920792079,0.0594059405940594,8.0,12.5,50.0,0.0,5.0,2,0.0,6,0.0,0.0,25.0,0.0,N,1,2026-07-10
161,1,134,17,14,58,40,Course Page,20,40,70,4,0,7.882352941176471,55.1764705882353,0.2985074626865671,0.4328358208955223,6.0,20.166666666666668,50.0,0.0,3.0,1,0.0,5,36.66666666666666,0.0,0.0,0.0,N,1,2026-07-10
162,1,71,12,17,35,14,Course Page,11,25,30,1,0,5.916666666666667,41.41666666666667,0.1971830985915492,0.4929577464788732,12.0,29.791666666666668,80.0,0.0,7.0,5,0.0,7,49.0,40.0,0.0,-9.0,N,1,2026-07-10
163,1,170,21,27,118,58,Assignment,18,120,27,0,0,8.095238095238095,56.66666666666666,0.3411764705882353,0.6941176470588235,9.0,67.22222222222223,100.0,0.0,11.0,7,0.0,2,90.0,100.0,0.0,10.0,N,1,2026-07-10
164,1,16,7,4,15,8,Course Page,0,2,13,0,0,2.2857142857142856,16.0,0.5,0.9375,3.0,0.0,0.0,0.0,0.0,0,0.0,3,0.0,0.0,0.0,0.0,N,1,2026-07-10
165,1,38,9,10,5,12,Course Page,11,9,16,0,0,4.222222222222222,29.55555555555556,0.3157894736842105,0.131578947368421,5.0,33.0,80.0,0.0,3.0,2,0.0,3,75.0,0.0,0.0,0.0,N,1,2026-07-10
166,1,12,7,2,7,7,Assignment,0,7,5,0,0,1.7142857142857142,12.0,0.5833333333333334,0.5833333333333334,4.0,5.5,20.0,0.0,0.0,0,0.0,4,20.0,0.0,0.0,0.0,N,1,2026-07-10
167,1,14,5,6,12,3,Course Page,2,2,8,1,0,2.8,19.6,0.2142857142857142,0.8571428571428571,5.0,0.0,0.0,0.0,0.0,0,0.0,5,0.0,0.0,0.0,0.0,N,1,2026-07-10
168,1,103,6,13,6,32,Course Page,29,21,45,0,0,17.166666666666668,120.16666666666669,0.3106796116504854,0.058252427184466,4.0,23.375,85.0,0.0,2.0,1,0.0,3,85.0,0.0,0.0,0.0,N,1,2026-07-10
169,1,2,1,2,0,0,Course Page,0,0,1,1,0,2.0,14.0,0.0,0.0,6.0,0.0,0.0,0.0,0.0,0,0.0,6,0.0,0.0,0.0,0.0,N,1,2026-07-10
170,1,0,0,0,0,0,No Activity,0,0,0,0,0,0.0,0.0,0.0,0.0,4.0,0.0,0.0,0.0,0.0,0,0.0,4,0.0,0.0,0.0,0.0,N,1,2026-07-10
171,1,0,0,0,0,0,No Activity,0,0,0,0,0,0.0,0.0,0.0,0.0,7.0,0.0,0.0,0.0,0.0,0,0.0,7,0.0,0.0,0.0,0.0,N,1,2026-07-10
172,2,2,1,2,0,0,Other,0,0,0,0,0,2.0,14.0,0.0,0.0,0.0,0.0,0.0,0.0,0.0,0,0.0,0,0.0,0.0,0.0,0.0,No Result,2,2026-07-10
1,1,1086,97,27,291,126,Assignment,5,939,142,0,0,11.195876288659791,78.37113402061856,0.1160220994475138,0.2679558011049723,0.0,0.0,0.0,0.0,0.0,0,0.0,0,0.0,0.0,0.0,0.0,No Result,1,2026-07-11
2,1,549,53,39,256,114,Course Page,137,184,192,15,0,10.358490566037736,72.50943396226415,0.2076502732240437,0.4663023679417122,15.0,70.53999999999999,100.0,0.0,41.0,10,44.8,5,95.0,72.0,34.9,-23.0,SA,1,2026-07-11
3,1,236,30,20,91,33,Course Page,50,92,93,1,0,7.866666666666666,55.06666666666667,0.1398305084745762,0.3855932203389831,12.0,58.083333333333336,100.0,0.0,0.0,9,0.0,3,66.0,63.333333333333336,41.66666666666666,-2.6666666666666643,DX,1,2026-07-11
4,1,183,33,22,72,20,Course Page,48,45,68,6,0,5.545454545454546,38.81818181818182,0.1092896174863388,0.3934426229508196,15.0,83.28666666666666,100.0,60.0,49.0,15,61.9,0,79.0,98.0,68.95,19.0,S,1,2026-07-11
5,1,356,55,25,169,50,Course Page,61,130,165,0,0,6.472727272727273,45.30909090909091,0.1404494382022472,0.4747191011235955,15.0,86.00666666666666,100.0,10.0,86.0,14,93.05,1,71.0,97.0,91.525,26.0,HD,1,2026-07-11
6,1,852,92,60,469,168,Course Page,69,300,428,10,0,9.26086956521739,64.82608695652173,0.1971830985915492,0.5504694835680751,15.0,81.62666666666668,100.0,54.0,0.0,15,60.45,0,87.0,94.0,57.225,7.0,DX,1,2026-07-11
7,1,1292,123,34,121,405,Course Page,373,194,695,16,0,10.504065040650406,73.52845528455283,0.3134674922600619,0.0936532507739938,15.0,53.53333333333333,80.0,31.0,46.0,9,68.0,6,51.0,59.0,49.5,8.0,S,1,2026-07-11
8,1,301,48,20,244,87,Course Page,59,72,151,0,0,6.270833333333333,43.895833333333336,0.2890365448504983,0.8106312292358804,15.0,57.940000000000005,94.0,0.0,46.0,11,71.05,4,46.0,52.0,82.525,6.0,S,1,2026-07-11
9,1,365,47,23,125,25,Assignment,54,160,144,1,0,7.76595744680851,54.361702127659576,0.0684931506849315,0.3424657534246575,15.0,67.83733333333333,100.0,0.0,75.0,12,52.28,3,94.0,40.0,70.14,-54.0,D,1,2026-07-11
10,1,158,23,15,87,24,Course Page,15,48,90,3,0,6.869565217391305,48.08695652173913,0.1518987341772152,0.5506329113924051,11.0,60.08181818181818,95.0,10.0,32.0,6,84.7,5,56.25,70.0,64.85,13.75,N,1,2026-07-11
11,1,229,35,18,92,55,Course Page,10,68,146,2,0,6.542857142857143,45.8,0.2401746724890829,0.4017467248908297,14.0,77.07142857142857,100.0,0.0,33.0,12,0.0,2,88.0,78.0,55.333333333333336,-10.0,N,1,2026-07-11
12,1,1221,84,42,307,252,Course Page,249,268,630,30,0,14.535714285714286,101.75,0.2063882063882063,0.2514332514332514,15.0,79.43333333333334,100.0,40.0,75.0,14,87.0,1,86.0,79.0,71.0,-7.0,D,1,2026-07-11
13,1,187,38,22,80,27,Course Page,35,41,67,36,0,4.921052631578948,34.44736842105263,0.1443850267379679,0.427807486631016,15.0,98.49333333333334,100.0,88.7,76.0,15,88.7,0,100.0,100.0,94.35,0.0,D,1,2026-07-11
14,1,141,28,19,20,16,Assignment,32,39,39,27,0,5.035714285714286,35.25,0.1134751773049645,0.1418439716312056,14.0,82.82142857142857,100.0,0.0,50.0,13,0.0,1,90.0,91.0,54.66666666666666,1.0,P,1,2026-07-11
15,1,1194,97,48,851,231,Assignment,38,658,477,12,0,12.309278350515465,86.16494845360825,0.1934673366834171,0.7127303182579564,15.0,88.74666666666667,100.0,70.0,59.0,15,81.1,0,92.0,94.0,77.05,2.0,P,1,2026-07-11
16,1,733,68,27,439,250,Course Page,184,137,384,1,0,10.779411764705882,75.45588235294119,0.3410641200545702,0.5989085948158254,15.0,68.83333333333333,100.0,0.0,51.0,12,20.25,3,86.0,66.0,49.125,-20.0,P,1,2026-07-11
17,1,43,8,9,15,13,Course Page,7,17,19,0,0,5.375,37.625,0.3023255813953488,0.3488372093023256,7.0,35.857142857142854,100.0,0.0,5.0,3,0.0,4,73.33333333333333,0.0,3.0,0.0,N,1,2026-07-11
18,1,49,5,9,2,48,Course Page,0,8,41,0,0,9.8,68.6,0.979591836734694,0.0408163265306122,6.0,0.0,0.0,0.0,0.0,0,0.0,6,0.0,0.0,0.0,0.0,N,1,2026-07-11
19,1,535,71,33,216,111,Course Page,130,76,247,20,0,7.535211267605634,52.74647887323944,0.2074766355140186,0.4037383177570093,15.0,93.65333333333334,100.0,70.0,83.0,15,93.15,0,90.0,97.0,94.075,7.0,HD,1,2026-07-11
20,1,161,22,32,67,57,Course Page,49,40,55,1,0,7.318181818181818,51.22727272727273,0.3540372670807453,0.4161490683229814,8.0,53.875,100.0,20.0,34.0,4,65.0,4,100.0,20.0,47.25,-80.0,N,1,2026-07-11
21,1,268,41,40,101,55,Assignment,67,87,85,9,0,6.536585365853658,45.75609756097561,0.2052238805970149,0.376865671641791,8.0,67.8875,100.0,26.5,50.0,7,62.3,1,97.5,70.0,62.9,-27.5,P,1,2026-07-11
22,1,1203,111,36,221,239,Course Page,115,292,765,7,0,10.83783783783784,75.86486486486486,0.198669991687448,0.1837073981712385,15.0,96.584,100.0,88.13,83.0,15,88.13,0,98.0,97.0,94.065,-1.0,HD,1,2026-07-11
23,1,402,58,26,119,59,Course Page,158,50,165,11,0,6.931034482758621,48.51724137931034,0.1467661691542288,0.2960199004975124,15.0,85.1,100.0,55.5,83.0,15,74.0,0,94.0,91.0,64.75,-3.0,HD,1,2026-07-11
24,1,248,30,18,85,9,Course Page,56,41,129,21,0,8.266666666666667,57.86666666666667,0.0362903225806451,0.3427419354838709,9.0,83.38888888888889,100.0,38.5,40.0,8,75.5,1,96.25,0.0,81.75,0.0,SA,1,2026-07-11
25,1,382,49,30,148,43,Course Page,90,101,182,2,0,7.795918367346939,54.57142857142857,0.112565445026178,0.387434554973822,15.0,77.36,100.0,46.2,40.0,13,46.2,2,81.0,83.0,64.6,2.0,SA,1,2026-07-11
26,1,415,47,37,205,80,Course Page,119,81,131,38,0,8.829787234042554,61.80851063829787,0.1927710843373494,0.4939759036144578,12.0,38.083333333333336,70.0,0.0,18.0,4,0.0,8,56.66666666666666,36.0,24.0,-20.666666666666664,N,1,2026-07-11
27,1,266,37,17,58,37,Course Page,71,62,128,0,0,7.1891891891891895,50.32432432432432,0.1390977443609022,0.2180451127819548,13.0,51.68461538461538,80.0,30.0,24.0,6,46.45,7,60.0,50.0,44.225,-10.0,N,1,2026-07-11
28,1,7,3,4,3,0,Course Page,0,3,4,0,0,2.333333333333333,16.333333333333336,0.0,0.4285714285714285,4.0,26.125,95.0,0.0,2.0,1,0.0,3,0.0,95.0,0.0,0.0,N,1,2026-07-11
29,1,379,49,37,83,71,Course Page,39,131,147,19,0,7.73469387755102,54.142857142857146,0.1873350923482849,0.2189973614775725,14.0,75.61428571428571,100.0,56.05,59.0,14,56.05,0,83.0,85.0,57.025,2.0,P,1,2026-07-11
30,1,111,26,18,40,35,Course Page,14,41,49,3,0,4.269230769230769,29.884615384615383,0.3153153153153153,0.3603603603603603,9.0,41.66666666666666,95.0,5.5,17.0,4,5.5,5,52.5,0.0,36.0,0.0,N,1,2026-07-11
31,1,362,46,37,114,38,Course Page,79,117,130,11,0,7.869565217391305,55.08695652173913,0.1049723756906077,0.3149171270718232,15.0,90.15333333333334,100.0,65.8,72.0,15,65.8,0,97.4,90.0,80.4,-7.400000000000006,D,1,2026-07-11
32,1,450,59,50,32,54,Assignment,41,226,161,15,0,7.627118644067797,53.389830508474574,0.12,0.0711111111111111,14.0,84.09285714285714,100.0,59.0,75.0,14,59.4,0,91.25,98.0,59.2,6.75,D,1,2026-07-11
33,1,317,43,31,69,101,Course Page,42,72,166,17,0,7.372093023255814,51.604651162790695,0.3186119873817035,0.2176656151419558,15.0,88.39666666666668,100.0,60.0,49.0,15,91.3,0,78.0,100.0,86.7375,22.0,S,1,2026-07-11
34,1,501,58,28,365,130,Course Page,82,166,230,13,0,8.637931034482758,60.4655172413793,0.2594810379241516,0.7285429141716567,13.0,76.96153846153847,100.0,20.0,44.0,11,83.0,2,81.0,73.33333333333333,78.25,-7.666666666666671,SA,1,2026-07-11
35,1,338,51,34,46,17,Course Page,80,113,123,6,0,6.627450980392157,46.3921568627451,0.0502958579881656,0.136094674556213,15.0,84.97333333333333,100.0,70.35,48.0,15,70.35,0,87.8,90.0,74.175,2.200000000000003,S,1,2026-07-11
36,1,402,48,30,141,60,Course Page,87,87,188,0,0,8.375,58.625,0.1492537313432835,0.3507462686567164,15.0,67.6,90.0,35.0,56.0,13,64.5,2,67.0,63.0,74.75,-4.0,P,1,2026-07-11
37,1,212,36,15,16,4,Course Page,32,60,115,3,0,5.888888888888889,41.22222222222222,0.0188679245283018,0.0754716981132075,14.0,77.27142857142857,95.0,55.0,54.0,14,81.4,0,79.0,73.75,80.7,-5.25,P,1,2026-07-11
38,1,846,84,39,256,166,Course Page,130,242,403,20,0,10.071428571428571,70.5,0.1962174940898345,0.3026004728132387,15.0,67.25333333333333,92.0,35.0,45.0,12,79.65,3,62.0,59.0,85.825,-3.0,S,1,2026-07-11
39,1,211,50,37,41,40,Lecture Material,70,58,59,6,0,4.22,29.54,0.1895734597156398,0.1943127962085308,15.0,81.94266666666667,100.0,61.57,70.0,15,61.57,0,94.0,82.0,65.285,-12.0,D,1,2026-07-11
40,1,321,40,22,154,30,Assignment,31,178,111,1,0,8.025,56.175,0.0934579439252336,0.4797507788161994,14.0,62.392857142857146,100.0,19.0,34.0,12,19.0,2,75.0,72.5,35.5,-2.5,N,1,2026-07-11
41,1,409,43,27,225,101,Course Page,78,122,196,10,0,9.511627906976743,66.5813953488372,0.2469437652811736,0.5501222493887531,10.0,38.9,60.0,0.0,15.0,5,46.0,5,40.0,55.0,30.666666666666668,15.0,N,1,2026-07-11
42,1,266,42,20,128,22,Assignment,24,130,101,1,0,6.333333333333333,44.333333333333336,0.0827067669172932,0.4812030075187969,13.0,84.34615384615384,100.0,60.0,62.0,13,60.0,0,91.0,93.33333333333331,72.0,2.3333333333333286,C,1,2026-07-11
43,1,611,63,36,334,99,Course Page,106,77,402,1,0,9.698412698412698,67.88888888888889,0.1620294599018003,0.546644844517185,14.0,82.27857142857144,100.0,45.0,43.0,13,85.95,1,85.0,88.0,73.475,3.0,SA,1,2026-07-11
44,1,367,38,26,107,75,Course Page,85,96,174,7,0,9.657894736842104,67.60526315789474,0.2043596730245231,0.2915531335149863,13.0,83.9076923076923,100.0,67.9,60.0,13,67.9,0,93.0,88.33333333333333,71.95,-4.666666666666671,C,1,2026-07-11
45,1,478,62,56,257,73,Assignment,67,193,193,8,0,7.709677419354839,53.967741935483865,0.1527196652719665,0.5376569037656904,15.0,89.08666666666666,100.0,65.0,71.0,15,79.15,0,88.0,92.0,86.575,4.0,D,1,2026-07-11
46,1,265,40,22,79,64,Course Page,66,59,118,13,0,6.625,46.375,0.2415094339622641,0.2981132075471698,15.0,72.78666666666666,90.0,40.0,46.0,14,69.65,1,69.0,82.0,65.325,13.0,S,1,2026-07-11
47,1,330,53,26,156,115,Course Page,17,138,163,6,0,6.226415094339623,43.58490566037736,0.3484848484848485,0.4727272727272727,15.0,83.44666666666667,100.0,60.0,43.0,15,75.85,0,81.0,87.0,81.925,6.0,SA,1,2026-07-11
48,1,384,48,32,109,98,Course Page,115,96,160,1,0,8.0,56.0,0.2552083333333333,0.2838541666666667,15.0,72.25733333333332,100.0,25.0,48.0,12,51.43,3,86.0,56.0,75.715,-30.0,S,1,2026-07-11
49,1,439,34,30,366,158,Course Page,133,56,192,32,0,12.911764705882351,90.38235294117648,0.3599088838268792,0.8337129840546698,9.0,63.333333333333336,100.0,29.0,26.0,8,64.5,1,65.0,80.0,62.75,15.0,N,1,2026-07-11
50,1,254,35,41,64,8,Lecture Material,80,37,75,36,0,7.257142857142857,50.8,0.0314960629921259,0.2519685039370078,13.0,46.2,84.0,20.0,60.0,6,51.3,7,40.0,33.333333333333336,67.65,-6.666666666666664,C,1,2026-07-11
51,1,270,57,27,125,41,Course Page,44,94,106,12,0,4.7368421052631575,33.15789473684211,0.1518518518518518,0.4629629629629629,14.0,87.73571428571428,100.0,50.0,82.0,14,97.9,0,89.0,82.5,93.95,-6.5,HD,1,2026-07-11
52,1,244,32,23,120,39,Course Page,70,36,94,10,0,7.625,53.375,0.1598360655737705,0.4918032786885246,15.0,71.03333333333333,100.0,50.0,62.0,15,68.0,0,82.0,67.0,61.5,-15.0,C,1,2026-07-11
53,1,267,42,21,60,79,Course Page,75,66,121,4,0,6.357142857142857,44.5,0.2958801498127341,0.2247191011235955,12.0,57.03333333333333,100.0,19.7,37.0,7,19.7,5,72.0,50.0,44.6,-22.0,N,1,2026-07-11
54,1,748,69,41,322,144,Course Page,86,227,378,1,0,10.840579710144928,75.88405797101449,0.1925133689839572,0.4304812834224599,13.0,74.99230769230769,100.0,30.0,41.0,10,76.45,3,67.5,97.5,62.225,30.0,SA,1,2026-07-11
55,1,711,68,25,147,179,Course Page,39,94,552,6,0,10.455882352941176,73.19117647058825,0.2517580872011252,0.2067510548523206,11.0,45.13636363636363,75.0,0.0,22.0,4,44.0,7,48.75,20.0,59.5,-28.75,N,1,2026-07-11
56,1,261,40,25,71,64,Course Page,31,99,113,8,0,6.525,45.675,0.2452107279693486,0.2720306513409962,15.0,78.56666666666666,100.0,0.0,60.0,14,84.0,1,92.0,59.0,87.0,-33.0,C,1,2026-07-11
57,1,176,38,16,78,22,Course Page,11,45,119,0,0,4.631578947368421,32.421052631578945,0.125,0.4431818181818182,6.0,57.333333333333336,100.0,10.0,47.0,5,62.0,1,100.0,0.0,58.5,0.0,S,1,2026-07-11
58,1,387,46,28,135,68,Course Page,93,46,223,11,0,8.41304347826087,58.891304347826086,0.1757105943152454,0.3488372093023256,12.0,26.375,55.0,0.0,20.0,4,53.75,8,17.5,6.666666666666667,54.375,-10.833333333333332,N,1,2026-07-11
59,1,221,28,16,77,28,Course Page,50,48,123,0,0,7.892857142857143,55.25,0.1266968325791855,0.3484162895927601,9.0,55.67777777777778,85.0,29.0,19.0,6,36.05,3,78.33333333333333,55.0,45.525,-23.33333333333333,N,1,2026-07-11
60,1,455,69,27,180,125,Course Page,40,177,214,15,0,6.594202898550725,46.15942028985507,0.2747252747252747,0.3956043956043956,15.0,90.91333333333334,100.0,80.0,65.0,15,84.15,0,91.8,91.0,89.575,-0.7999999999999972,C,1,2026-07-11
61,1,280,49,34,118,59,Course Page,84,64,88,14,0,5.714285714285714,40.0,0.2107142857142857,0.4214285714285714,15.0,91.0,100.0,60.0,83.0,15,80.0,0,98.0,88.0,85.5,-10.0,HD,1,2026-07-11
62,1,220,37,28,98,71,Course Page,47,58,105,4,0,5.945945945945946,41.62162162162162,0.3227272727272727,0.4454545454545454,15.0,74.58,95.0,50.0,48.0,15,88.35,0,79.0,69.0,76.175,-10.0,S,1,2026-07-11
63,1,347,53,31,118,41,Course Page,40,77,204,5,0,6.547169811320755,45.83018867924528,0.1181556195965417,0.3400576368876081,14.0,79.5,100.0,40.0,46.0,13,65.5,1,88.0,75.0,74.75,-13.0,S,1,2026-07-11
64,1,551,30,28,345,60,Course Page,64,49,410,9,0,18.366666666666667,128.56666666666666,0.1088929219600726,0.6261343012704175,10.0,48.73,80.0,10.0,23.0,7,65.65,3,40.0,50.0,61.325,10.0,N,1,2026-07-11
65,1,408,50,34,165,38,Course Page,43,137,180,15,0,8.16,57.12,0.0931372549019607,0.4044117647058823,15.0,83.24666666666667,95.0,58.0,58.0,15,88.4,0,83.8,90.0,73.2,6.200000000000003,P,1,2026-07-11
66,1,213,44,24,39,47,Course Page,71,59,74,3,0,4.840909090909091,33.88636363636364,0.2206572769953051,0.1830985915492957,15.0,74.21333333333334,100.0,30.0,46.0,14,72.35,1,66.0,77.0,81.675,11.0,S,1,2026-07-11
67,1,193,18,42,172,40,Assignment,38,110,34,7,0,10.72222222222222,75.05555555555554,0.2072538860103626,0.8911917098445595,15.0,87.22666666666667,100.0,67.7,70.0,15,67.7,0,96.0,86.0,76.85,-10.0,D,1,2026-07-11
68,1,503,74,31,73,85,Course Page,71,69,342,2,0,6.797297297297297,47.58108108108108,0.1689860834990059,0.1451292246520874,15.0,75.48666666666666,100.0,30.0,44.0,12,41.65,3,72.0,90.0,60.325,18.0,SA,1,2026-07-11
69,1,151,33,22,57,12,Course Page,26,46,78,0,0,4.575757575757576,32.03030303030303,0.0794701986754966,0.3774834437086092,15.0,71.59466666666667,100.0,47.21,58.0,13,47.21,2,74.0,75.0,63.605,1.0,P,1,2026-07-11
70,1,463,46,24,105,76,Course Page,85,89,268,8,0,10.065217391304348,70.45652173913044,0.1641468682505399,0.2267818574514039,15.0,95.83733333333332,100.0,88.28,85.0,15,88.28,0,98.0,96.0,92.64,-2.0,HD,1,2026-07-11
71,1,91,20,14,38,25,Assignment,2,58,24,5,0,4.55,31.85,0.2747252747252747,0.4175824175824176,14.0,54.642857142857146,80.0,0.0,30.0,10,66.0,4,55.0,42.0,73.0,-13.0,N,1,2026-07-11
72,1,452,50,31,192,33,Course Page,75,149,207,8,0,9.04,63.28,0.0730088495575221,0.4247787610619469,15.0,75.97333333333333,100.0,40.0,66.0,14,96.3,1,80.0,62.0,89.65,-18.0,C,1,2026-07-11
73,1,252,39,35,169,48,Assignment,21,106,99,16,0,6.461538461538462,45.23076923076923,0.1904761904761904,0.6706349206349206,10.0,53.4,100.0,0.0,11.0,5,0.0,5,80.0,75.0,9.333333333333334,-5.0,N,1,2026-07-11
74,1,327,60,18,149,59,Course Page,52,60,209,0,0,5.45,38.15,0.1804281345565749,0.45565749235474,15.0,76.5,95.0,30.0,54.0,14,50.0,1,76.0,81.0,71.0,5.0,P,1,2026-07-11
75,1,494,65,24,261,106,Course Page,19,232,240,0,0,7.6,53.2,0.2145748987854251,0.52834008097166,14.0,73.39285714285714,100.0,40.0,55.0,11,41.0,3,70.0,93.75,57.5,23.75,P,1,2026-07-11
76,1,187,29,28,42,24,Assignment,25,78,78,1,0,6.448275862068965,45.137931034482754,0.1283422459893048,0.2245989304812834,15.0,64.23333333333333,100.0,20.0,53.0,11,45.0,4,76.0,61.0,52.5,-15.0,P,1,2026-07-11
77,1,220,35,24,90,28,Course Page,68,45,85,15,0,6.285714285714286,44.0,0.1272727272727272,0.4090909090909091,10.0,70.47,100.0,38.0,50.0,9,89.35,1,70.0,100.0,71.675,30.0,P,1,2026-07-11
78,1,445,66,27,247,87,Course Page,52,56,321,5,0,6.742424242424242,47.196969696969695,0.195505617977528,0.5550561797752809,14.0,76.72142857142856,100.0,50.0,39.0,14,73.3,0,71.25,78.0,82.9,6.75,N,1,2026-07-11
79,1,375,47,29,104,82,Course Page,96,103,145,3,0,7.978723404255319,55.85106382978724,0.2186666666666666,0.2773333333333333,14.0,70.85714285714286,100.0,40.0,63.0,13,63.0,1,86.0,65.0,58.25,-21.0,C,1,2026-07-11
80,1,333,56,21,151,116,Course Page,51,86,193,2,0,5.946428571428571,41.625,0.3483483483483483,0.4534534534534534,15.0,81.77333333333333,100.0,65.0,67.0,15,79.3,0,86.0,78.0,81.15,-8.0,C,1,2026-07-11
81,1,511,76,38,129,125,Lecture Material,159,149,152,22,0,6.723684210526316,47.065789473684205,0.2446183953033268,0.2524461839530332,15.0,35.906666666666666,75.0,10.0,25.0,4,48.8,11,15.0,55.0,38.4,40.0,N,1,2026-07-11
82,1,657,66,29,253,82,Course Page,102,236,299,7,0,9.954545454545457,69.68181818181819,0.1248097412480974,0.3850837138508371,15.0,92.12666666666668,100.0,70.0,73.0,15,88.7,0,90.0,93.0,93.85,3.0,D,1,2026-07-11
83,1,325,50,23,92,61,Course Page,36,69,212,7,0,6.5,45.5,0.1876923076923076,0.283076923076923,15.0,68.04,100.0,40.0,30.0,12,45.3,3,69.0,79.0,51.65,10.0,N,1,2026-07-11
84,1,353,46,24,160,45,Course Page,52,58,227,3,0,7.673913043478261,53.71739130434783,0.1274787535410765,0.4532577903682719,15.0,83.09333333333333,100.0,69.0,52.0,15,70.2,0,84.0,92.0,69.6,8.0,P,1,2026-07-11
85,1,191,35,19,87,43,Course Page,11,72,103,1,0,5.457142857142857,38.2,0.225130890052356,0.4554973821989528,15.0,69.76666666666667,100.0,0.0,21.0,10,0.0,5,79.0,100.0,15.5,21.0,N,1,2026-07-11
86,1,343,47,32,174,43,Course Page,75,66,165,16,0,7.297872340425532,51.08510638297872,0.1253644314868804,0.5072886297376094,12.0,57.76666666666667,100.0,20.0,30.0,8,68.1,4,65.0,43.333333333333336,66.05,-21.666666666666664,N,1,2026-07-11
87,1,120,14,16,27,13,Assignment,13,60,45,1,0,8.571428571428571,60.0,0.1083333333333333,0.225,14.0,59.17857142857143,100.0,0.0,41.0,9,56.0,5,55.0,75.0,49.0,20.0,SA,1,2026-07-11
88,1,109,19,12,27,28,Course Page,14,37,55,0,0,5.7368421052631575,40.1578947368421,0.2568807339449541,0.2477064220183486,9.0,74.33333333333333,100.0,0.0,62.0,7,86.5,2,75.0,0.0,84.75,0.0,C,1,2026-07-11
89,1,284,62,20,165,64,Assignment,20,144,100,4,0,4.580645161290323,32.064516129032256,0.2253521126760563,0.5809859154929577,8.0,14.0,38.0,0.0,9.0,0,38.0,8,0.0,0.0,28.0,0.0,N,1,2026-07-11
90,1,502,51,32,95,64,Course Page,78,171,227,15,0,9.84313725490196,68.90196078431373,0.1274900398406374,0.1892430278884462,15.0,87.90666666666667,100.0,79.0,73.0,15,82.55,0,92.0,89.0,80.775,-3.0,D,1,2026-07-11
91,1,311,51,28,149,41,Course Page,40,78,152,13,0,6.098039215686274,42.68627450980392,0.1318327974276527,0.4790996784565916,15.0,84.86,100.0,50.0,72.0,15,84.95,0,74.0,92.0,89.975,18.0,D,1,2026-07-11
92,1,488,51,41,75,94,Course Page,94,146,180,28,0,9.568627450980392,66.98039215686275,0.1926229508196721,0.1536885245901639,10.0,78.85,100.0,43.5,40.0,9,72.5,1,78.33333333333333,100.0,77.5,21.66666666666667,SA,1,2026-07-11
93,1,188,31,24,45,7,Course Page,39,53,63,7,0,6.064516129032258,42.4516129032258,0.0372340425531914,0.2393617021276596,13.0,32.19230769230769,60.0,0.0,33.0,3,23.0,10,41.0,26.666666666666668,26.25,-14.333333333333332,N,1,2026-07-11
94,1,417,35,26,164,46,Course Page,117,107,160,0,0,11.914285714285716,83.4,0.1103117505995203,0.3932853717026379,14.0,53.785714285714285,90.0,17.0,51.0,8,17.0,6,75.0,56.25,23.25,-18.75,P,1,2026-07-11
95,1,244,31,34,137,72,Course Page,35,96,97,1,0,7.870967741935484,55.096774193548384,0.2950819672131147,0.5614754098360656,12.0,41.833333333333336,86.0,0.0,0.0,4,0.0,8,55.0,26.666666666666668,43.0,-28.33333333333333,DX,1,2026-07-11
96,1,780,74,46,653,188,Assignment,73,351,337,12,0,10.54054054054054,73.78378378378379,0.241025641025641,0.8371794871794872,15.0,68.36,100.0,1.2,25.0,11,1.2,4,82.0,88.0,22.6,6.0,N,1,2026-07-11
97,1,157,35,15,39,54,Course Page,49,45,56,5,0,4.485714285714286,31.4,0.3439490445859872,0.2484076433121019,12.0,76.825,100.0,55.5,44.0,12,55.7,0,88.33333333333333,72.5,77.85,-15.833333333333329,SA,1,2026-07-11
98,1,145,23,16,67,31,Course Page,47,29,66,0,0,6.304347826086956,44.130434782608695,0.2137931034482758,0.4620689655172413,8.0,51.275,100.0,0.0,28.0,5,73.1,3,40.0,0.0,69.55,0.0,N,1,2026-07-11
99,1,417,49,36,77,31,Course Page,114,78,183,12,0,8.510204081632653,59.57142857142857,0.0743405275779376,0.184652278177458,14.0,74.25,100.0,0.0,60.0,13,79.0,1,90.0,53.75,77.0,-36.25,C,1,2026-07-11
100,1,57,20,5,8,6,Course Page,1,2,53,1,0,2.85,19.95,0.1052631578947368,0.1403508771929824,10.0,41.15,75.0,0.0,10.0,5,0.0,5,61.25,50.0,21.75,-11.25,N,1,2026-07-11
101,1,733,50,30,296,161,Course Page,162,118,423,0,0,14.66,102.62,0.2196452933151432,0.4038199181446112,15.0,71.86666666666666,90.0,43.0,38.0,13,67.0,2,74.0,82.0,55.0,8.0,N,1,2026-07-11
102,1,121,15,11,53,24,Course Page,17,43,57,0,0,8.066666666666666,56.46666666666667,0.1983471074380165,0.4380165289256198,8.0,10.375,25.0,0.0,2.0,0,0.0,8,16.666666666666668,20.0,2.0,3.333333333333332,N,1,2026-07-11
103,1,444,81,45,215,128,Course Page,35,160,234,5,0,5.481481481481482,38.37037037037037,0.2882882882882883,0.4842342342342342,15.0,89.96666666666667,100.0,40.0,74.0,13,93.0,2,97.0,100.0,66.5,3.0,D,1,2026-07-11
104,1,421,72,28,140,80,Assignment,94,143,101,36,0,5.847222222222222,40.93055555555555,0.1900237529691211,0.332541567695962,15.0,91.53333333333332,100.0,75.0,72.0,15,94.0,0,96.0,86.0,93.0,-10.0,D,1,2026-07-11
105,1,211,40,22,90,30,Course Page,28,74,95,5,0,5.275,36.925,0.1421800947867298,0.4265402843601896,12.0,65.48333333333333,90.0,25.0,36.0,10,65.65,2,76.0,57.5,60.325,-18.5,N,1,2026-07-11
106,1,638,68,43,395,140,Course Page,65,188,345,7,0,9.382352941176473,65.6764705882353,0.219435736677116,0.6191222570532915,14.0,48.75714285714286,100.0,0.0,33.0,8,32.8,6,46.0,60.0,41.4,14.0,N,1,2026-07-11
107,1,678,69,46,174,108,Course Page,149,180,300,2,0,9.826086956521738,68.78260869565217,0.1592920353982301,0.2566371681415929,14.0,68.35714285714286,100.0,30.0,53.0,13,77.0,1,70.0,65.0,71.5,-5.0,P,1,2026-07-11
108,1,333,32,25,260,79,Course Page,98,66,151,9,0,10.40625,72.84375,0.2372372372372372,0.7807807807807807,14.0,58.46428571428572,85.0,0.0,57.0,12,76.0,2,70.0,38.75,65.75,-31.25,P,1,2026-07-11
109,1,205,30,19,103,6,Course Page,40,46,110,0,0,6.833333333333333,47.833333333333336,0.0292682926829268,0.5024390243902439,11.0,68.95454545454545,90.0,43.5,66.0,10,85.0,1,67.5,82.5,70.0,15.0,C,1,2026-07-11
110,1,251,30,30,194,56,Assignment,34,104,104,2,0,8.366666666666667,58.56666666666667,0.2231075697211155,0.7729083665338645,10.0,51.2,70.0,27.0,22.0,6,58.5,4,56.66666666666666,50.0,53.75,-6.666666666666664,N,1,2026-07-11
111,1,257,25,34,153,18,Assignment,9,147,92,1,0,10.28,71.96,0.0700389105058365,0.5953307392996109,13.0,81.69999999999999,100.0,63.3,45.0,13,63.3,0,99.0,76.66666666666667,66.15,-22.33333333333333,S,1,2026-07-11
112,1,189,26,24,79,31,Assignment,15,80,77,2,0,7.269230769230769,50.88461538461538,0.164021164021164,0.4179894179894179,14.0,67.51428571428572,100.0,30.0,52.0,12,52.85,2,53.75,82.0,64.425,28.25,P,1,2026-07-11
113,1,502,67,30,198,77,Course Page,50,120,293,1,0,7.492537313432836,52.44776119402985,0.1533864541832669,0.3944223107569721,15.0,31.466666666666665,75.0,0.0,24.0,5,62.0,10,17.0,19.0,68.5,2.0,N,1,2026-07-11
114,1,157,22,22,85,4,Assignment,15,92,46,0,0,7.136363636363637,49.95454545454545,0.0254777070063694,0.5414012738853503,15.0,80.2,100.0,60.0,68.0,15,86.0,0,83.0,81.0,75.25,-2.0,C,1,2026-07-11
115,1,455,47,27,73,70,Course Page,100,151,195,2,0,9.680851063829786,67.76595744680851,0.1538461538461538,0.1604395604395604,14.0,73.57142857142857,100.0,50.0,58.0,14,65.0,0,84.0,70.0,65.0,-14.0,P,1,2026-07-11
116,1,127,18,13,91,43,Course Page,11,45,62,8,0,7.055555555555555,49.388888888888886,0.3385826771653543,0.7165354330708661,6.0,50.48333333333333,78.0,0.0,23.0,4,73.45,2,0.0,0.0,75.725,0.0,N,1,2026-07-11
117,1,105,20,22,8,9,Assignment,24,53,23,2,0,5.25,36.75,0.0857142857142857,0.0761904761904762,15.0,92.2,100.0,50.0,82.0,15,91.5,0,100.0,100.0,70.75,0.0,HD,1,2026-07-11
118,1,803,74,32,219,117,Assignment,127,351,295,7,0,10.85135135135135,75.95945945945947,0.1457036114570361,0.2727272727272727,15.0,79.42,100.0,30.0,64.0,14,94.65,1,72.0,80.0,88.825,8.0,C,1,2026-07-11
119,1,165,29,22,66,9,Course Page,39,59,66,0,0,5.689655172413793,39.82758620689655,0.0545454545454545,0.4,15.0,69.7,100.0,10.0,50.0,11,77.5,4,80.0,67.0,59.25,-13.0,P,1,2026-07-11
120,1,191,37,15,42,34,Course Page,61,35,90,3,0,5.162162162162162,36.13513513513514,0.1780104712041884,0.2198952879581152,14.0,88.57857142857142,100.0,64.0,61.0,14,83.05,0,100.0,92.0,73.525,-8.0,C,1,2026-07-11
121,1,230,27,33,108,45,Course Page,71,40,100,2,0,8.518518518518519,59.629629629629626,0.1956521739130435,0.4695652173913043,8.0,48.625,80.0,18.5,25.0,5,31.75,3,65.0,55.0,46.375,-10.0,N,1,2026-07-11
122,1,171,22,24,12,4,Assignment,40,66,59,0,0,7.772727272727272,54.409090909090914,0.023391812865497,0.0701754385964912,14.0,92.64,100.0,78.73,64.0,14,78.73,0,100.0,96.25,80.86500000000001,-3.75,C,1,2026-07-11
123,1,134,21,26,64,13,Course Page,44,38,44,4,0,6.380952380952381,44.66666666666666,0.0970149253731343,0.4776119402985074,10.0,34.05,63.0,0.0,18.0,4,63.0,6,36.25,25.0,42.0,-11.25,N,1,2026-07-11
124,1,599,89,29,211,134,Course Page,190,65,320,22,0,6.730337078651686,47.1123595505618,0.2237061769616026,0.352253756260434,15.0,80.41333333333334,95.0,69.0,72.0,15,72.1,0,83.0,85.0,70.55,2.0,D,1,2026-07-11
125,1,669,89,33,185,153,Course Page,194,107,351,8,0,7.51685393258427,52.61797752808989,0.2286995515695067,0.2765321375186846,15.0,85.4,100.0,70.0,75.0,15,73.5,0,88.0,92.0,72.75,4.0,D,1,2026-07-11
126,1,205,29,20,22,83,Assignment,32,88,78,2,0,7.068965517241379,49.48275862068965,0.4048780487804878,0.1073170731707317,15.0,65.63333333333334,100.0,0.0,53.0,12,54.0,3,72.0,55.0,71.5,-17.0,P,1,2026-07-11
127,1,169,28,19,91,35,Course Page,32,50,83,0,0,6.035714285714286,42.25,0.2071005917159763,0.5384615384615384,11.0,38.95454545454545,85.0,0.0,23.0,6,0.0,5,42.0,85.0,26.0,43.0,N,1,2026-07-11
128,1,230,44,23,71,45,Course Page,18,97,104,5,0,5.227272727272728,36.59090909090909,0.1956521739130435,0.308695652173913,12.0,67.86666666666666,85.0,51.0,30.0,12,68.7,0,66.25,81.66666666666667,63.35,15.416666666666671,N,1,2026-07-11
129,1,662,60,34,264,156,Course Page,147,162,309,1,0,11.033333333333331,77.23333333333333,0.2356495468277945,0.3987915407854985,12.0,55.0,100.0,20.0,24.0,8,30.0,4,58.0,55.0,55.0,-3.0,N,1,2026-07-11
130,1,183,31,15,70,30,Assignment,35,76,72,0,0,5.903225806451613,41.32258064516129,0.1639344262295081,0.3825136612021858,8.0,64.725,100.0,23.0,25.0,6,57.4,2,76.66666666666667,0.0,66.2,0.0,N,1,2026-07-11
131,1,261,35,29,76,37,Course Page,67,72,102,8,0,7.457142857142857,52.2,0.1417624521072797,0.2911877394636015,15.0,87.54666666666667,100.0,76.35,82.0,15,76.35,0,91.0,84.0,87.675,-7.0,HD,1,2026-07-11
132,1,341,42,28,97,27,Course Page,27,127,169,10,0,8.119047619047619,56.833333333333336,0.0791788856304985,0.2844574780058651,14.0,79.64999999999999,100.0,50.0,63.0,14,95.55,0,78.0,72.5,91.775,-5.5,C,1,2026-07-11
133,1,157,18,18,49,16,Course Page,23,54,70,0,0,8.722222222222221,61.05555555555555,0.1019108280254777,0.3121019108280254,7.0,24.685714285714287,50.0,0.0,10.0,1,28.9,6,50.0,0.0,29.45,-50.0,N,1,2026-07-11
134,1,418,37,31,214,88,Course Page,120,75,201,15,0,11.297297297297296,79.08108108108108,0.2105263157894736,0.5119617224880383,12.0,54.333333333333336,95.0,20.0,27.0,7,62.0,5,36.66666666666666,72.5,53.0,35.833333333333336,N,1,2026-07-11
135,1,237,30,37,175,32,Assignment,20,140,70,1,0,7.9,55.3,0.1350210970464135,0.7383966244725738,14.0,78.47857142857143,100.0,37.0,38.0,12,50.35,2,96.0,90.0,43.675,-6.0,N,1,2026-07-11
136,1,359,51,22,145,87,Course Page,29,159,161,2,0,7.03921568627451,49.27450980392157,0.2423398328690807,0.403899721448468,14.0,73.15714285714286,83.85,65.0,56.0,14,83.85,0,75.0,71.0,75.925,-4.0,P,1,2026-07-11
137,1,307,28,42,114,29,Assignment,26,188,90,0,0,10.964285714285714,76.75,0.0944625407166123,0.3713355048859935,15.0,78.88000000000001,100.0,50.35,37.0,15,50.35,0,89.0,88.0,52.425,-1.0,N,1,2026-07-11
138,1,214,24,20,92,61,Assignment,17,99,93,1,0,8.916666666666666,62.41666666666667,0.2850467289719626,0.4299065420560747,13.0,74.6923076923077,100.0,30.0,42.0,11,88.5,2,71.25,78.75,77.75,7.5,SA,1,2026-07-11
139,1,135,22,15,72,40,Course Page,14,54,64,0,0,6.136363636363637,42.95454545454545,0.2962962962962963,0.5333333333333333,13.0,45.61538461538461,80.0,0.0,33.0,8,65.0,5,46.0,26.666666666666668,63.0,-19.33333333333333,N,1,2026-07-11
140,1,7,5,3,1,2,Course Page,0,2,4,1,0,1.4,9.8,0.2857142857142857,0.1428571428571428,4.0,5.5,20.0,0.0,0.0,0,0.0,4,20.0,0.0,0.0,0.0,N,1,2026-07-11
141,1,374,51,28,119,53,Course Page,58,100,201,9,0,7.333333333333333,51.333333333333336,0.141711229946524,0.3181818181818182,14.0,55.29,100.0,30.0,48.0,8,43.78,6,61.0,40.0,65.64,-21.0,S,1,2026-07-11
142,1,277,47,24,39,44,Course Page,55,57,125,6,0,5.893617021276596,41.25531914893617,0.1588447653429603,0.1407942238267148,14.0,89.41428571428571,100.0,75.0,71.0,14,95.9,0,92.5,90.0,87.45,-2.5,D,1,2026-07-11
143,1,501,38,26,232,64,Course Page,162,65,235,9,0,13.18421052631579,92.28947368421052,0.1277445109780439,0.4630738522954092,7.0,45.142857142857146,90.0,0.0,13.0,3,0.0,4,55.0,30.0,54.0,-25.0,N,1,2026-07-11
144,1,105,12,17,90,27,Course Page,3,33,66,0,0,8.75,61.25,0.2571428571428571,0.8571428571428571,10.0,62.5,95.0,0.0,58.0,7,87.0,3,60.0,72.5,58.0,12.5,P,1,2026-07-11
145,1,112,10,16,82,2,Lecture Material,48,26,35,3,0,11.2,78.39999999999999,0.0178571428571428,0.7321428571428571,8.0,58.875,100.0,0.0,17.0,5,0.0,3,77.5,0.0,43.333333333333336,0.0,N,1,2026-07-11
146,1,176,34,18,87,41,Course Page,58,39,63,2,0,5.176470588235294,36.235294117647065,0.2329545454545454,0.4943181818181818,7.0,60.07142857142857,75.0,14.5,22.0,6,55.5,1,72.5,0.0,65.25,0.0,N,1,2026-07-11
147,1,265,37,26,83,78,Course Page,59,81,115,8,0,7.162162162162162,50.13513513513514,0.2943396226415094,0.3132075471698113,10.0,65.25,100.0,12.75,25.0,6,12.75,4,92.5,40.0,50.375,-52.5,N,1,2026-07-11
148,1,101,21,18,44,17,Assignment,26,38,34,3,0,4.809523809523809,33.666666666666664,0.1683168316831683,0.4356435643564356,9.0,58.28888888888889,100.0,30.0,24.0,5,55.8,4,93.33333333333331,30.0,45.9,-63.33333333333333,N,1,2026-07-11
149,1,166,22,35,63,9,Assignment,14,126,26,0,0,7.545454545454546,52.81818181818182,0.0542168674698795,0.3795180722891566,14.0,87.92857142857143,100.0,62.75,60.0,14,62.75,0,99.0,97.5,64.375,-1.5,C,1,2026-07-11
150,1,94,25,14,25,20,Course Page,18,27,40,0,0,3.76,26.32,0.2127659574468085,0.2659574468085106,14.0,90.15,100.0,49.0,69.0,12,95.3,2,97.0,100.0,72.15,3.0,C,1,2026-07-11
151,1,54,13,13,27,10,Course Page,14,10,28,0,0,4.153846153846154,29.07692307692308,0.1851851851851851,0.5,10.0,53.9,100.0,0.0,10.0,6,0.0,4,45.0,80.0,0.0,35.0,N,1,2026-07-11
152,1,203,24,18,118,43,Course Page,31,76,87,1,0,8.458333333333334,59.208333333333336,0.2118226600985221,0.5812807881773399,8.0,19.5,38.0,0.0,11.0,0,38.0,8,5.0,10.0,33.5,5.0,N,1,2026-07-11
153,1,92,22,13,66,15,Assignment,23,60,8,0,0,4.181818181818182,29.27272727272728,0.1630434782608695,0.717391304347826,13.0,52.29230769230769,65.0,10.0,26.0,10,60.4,3,51.0,45.0,62.7,-6.0,N,1,2026-07-11
154,1,220,28,34,152,39,Course Page,42,42,115,2,0,7.857142857142857,55.0,0.1772727272727272,0.6909090909090909,5.0,11.4,50.0,0.0,1.0,1,0.0,4,0.0,50.0,0.6666666666666666,0.0,N,1,2026-07-11
155,1,8,3,4,6,0,Course Page,1,2,4,0,0,2.6666666666666665,18.666666666666668,0.0,0.75,6.0,0.0,0.0,0.0,0.0,0,0.0,6,0.0,0.0,0.0,0.0,N,1,2026-07-11
156,1,75,18,14,9,6,Course Page,15,26,30,2,0,4.166666666666667,29.166666666666664,0.08,0.12,15.0,84.06,100.0,50.0,42.0,15,82.7,0,82.0,83.0,88.35,1.0,SA,1,2026-07-11
157,1,96,15,20,45,10,Course Page,24,15,50,0,0,6.4,44.8,0.1041666666666666,0.46875,10.0,19.15,80.0,0.0,5.0,2,0.0,8,29.0,0.0,10.666666666666666,-29.0,N,1,2026-07-11
158,1,48,9,8,11,2,Course Page,4,14,29,0,0,5.333333333333333,37.33333333333333,0.0416666666666666,0.2291666666666666,8.0,8.25,33.0,0.0,3.0,0,0.0,8,0.0,0.0,22.0,0.0,N,1,2026-07-11
159,1,47,6,9,5,0,Assignment,7,23,17,0,0,7.833333333333333,54.833333333333336,0.0,0.1063829787234042,6.0,34.5,90.0,0.0,5.0,2,0.0,4,75.0,0.0,14.0,0.0,N,1,2026-07-11
160,1,101,14,11,6,21,Course Page,14,36,46,0,0,7.214285714285714,50.5,0.2079207920792079,0.0594059405940594,8.0,12.5,50.0,0.0,5.0,2,0.0,6,0.0,0.0,25.0,0.0,N,1,2026-07-11
161,1,134,17,14,58,40,Course Page,20,40,70,4,0,7.882352941176471,55.1764705882353,0.2985074626865671,0.4328358208955223,6.0,20.166666666666668,50.0,0.0,3.0,1,0.0,5,36.66666666666666,0.0,0.0,0.0,N,1,2026-07-11
162,1,71,12,17,35,14,Course Page,11,25,30,1,0,5.916666666666667,41.41666666666667,0.1971830985915492,0.4929577464788732,12.0,29.791666666666668,80.0,0.0,7.0,5,0.0,7,49.0,40.0,0.0,-9.0,N,1,2026-07-11
163,1,170,21,27,118,58,Assignment,18,120,27,0,0,8.095238095238095,56.66666666666666,0.3411764705882353,0.6941176470588235,9.0,67.22222222222223,100.0,0.0,11.0,7,0.0,2,90.0,100.0,0.0,10.0,N,1,2026-07-11
164,1,16,7,4,15,8,Course Page,0,2,13,0,0,2.2857142857142856,16.0,0.5,0.9375,3.0,0.0,0.0,0.0,0.0,0,0.0,3,0.0,0.0,0.0,0.0,N,1,2026-07-11
165,1,38,9,10,5,12,Course Page,11,9,16,0,0,4.222222222222222,29.55555555555556,0.3157894736842105,0.131578947368421,5.0,33.0,80.0,0.0,3.0,2,0.0,3,75.0,0.0,0.0,0.0,N,1,2026-07-11
166,1,12,7,2,7,7,Assignment,0,7,5,0,0,1.7142857142857142,12.0,0.5833333333333334,0.5833333333333334,4.0,5.5,20.0,0.0,0.0,0,0.0,4,20.0,0.0,0.0,0.0,N,1,2026-07-11
167,1,14,5,6,12,3,Course Page,2,2,8,1,0,2.8,19.6,0.2142857142857142,0.8571428571428571,5.0,0.0,0.0,0.0,0.0,0,0.0,5,0.0,0.0,0.0,0.0,N,1,2026-07-11
168,1,103,6,13,6,32,Course Page,29,21,45,0,0,17.166666666666668,120.16666666666669,0.3106796116504854,0.058252427184466,4.0,23.375,85.0,0.0,2.0,1,0.0,3,85.0,0.0,0.0,0.0,N,1,2026-07-11
169,1,2,1,2,0,0,Course Page,0,0,1,1,0,2.0,14.0,0.0,0.0,6.0,0.0,0.0,0.0,0.0,0,0.0,6,0.0,0.0,0.0,0.0,N,1,2026-07-11
170,1,0,0,0,0,0,No Activity,0,0,0,0,0,0.0,0.0,0.0,0.0,4.0,0.0,0.0,0.0,0.0,0,0.0,4,0.0,0.0,0.0,0.0,N,1,2026-07-11
171,1,0,0,0,0,0,No Activity,0,0,0,0,0,0.0,0.0,0.0,0.0,7.0,0.0,0.0,0.0,0.0,0,0.0,7,0.0,0.0,0.0,0.0,N,1,2026-07-11
172,2,2,1,2,0,0,Other,0,0,0,0,0,2.0,14.0,0.0,0.0,0.0,0.0,0.0,0.0,0.0,0,0.0,0,0.0,0.0,0.0,0.0,No Result,2,2026-07-11
1,1,1086,97,27,291,126,Assignment,5,939,142,0,0,11.195876288659791,78.37113402061856,0.1160220994475138,0.2679558011049723,0.0,0.0,0.0,0.0,0.0,0,0.0,0,0.0,0.0,0.0,0.0,No Result,1,2026-07-12
2,1,549,53,39,256,114,Course Page,137,184,192,15,0,10.358490566037736,72.50943396226415,0.2076502732240437,0.4663023679417122,15.0,70.53999999999999,100.0,0.0,41.0,10,44.8,5,95.0,72.0,34.9,-23.0,SA,1,2026-07-12
3,1,236,30,20,91,33,Course Page,50,92,93,1,0,7.866666666666666,55.06666666666667,0.1398305084745762,0.3855932203389831,12.0,58.083333333333336,100.0,0.0,0.0,9,0.0,3,66.0,63.333333333333336,41.66666666666666,-2.6666666666666643,DX,1,2026-07-12
4,1,183,33,22,72,20,Course Page,48,45,68,6,0,5.545454545454546,38.81818181818182,0.1092896174863388,0.3934426229508196,15.0,83.28666666666666,100.0,60.0,49.0,15,61.9,0,79.0,98.0,68.95,19.0,S,1,2026-07-12
5,1,356,55,25,169,50,Course Page,61,130,165,0,0,6.472727272727273,45.30909090909091,0.1404494382022472,0.4747191011235955,15.0,86.00666666666666,100.0,10.0,86.0,14,93.05,1,71.0,97.0,91.525,26.0,HD,1,2026-07-12
6,1,852,92,60,469,168,Course Page,69,300,428,10,0,9.26086956521739,64.82608695652173,0.1971830985915492,0.5504694835680751,15.0,81.62666666666668,100.0,54.0,0.0,15,60.45,0,87.0,94.0,57.225,7.0,DX,1,2026-07-12
7,1,1292,123,34,121,405,Course Page,373,194,695,16,0,10.504065040650406,73.52845528455283,0.3134674922600619,0.0936532507739938,15.0,53.53333333333333,80.0,31.0,46.0,9,68.0,6,51.0,59.0,49.5,8.0,S,1,2026-07-12
8,1,301,48,20,244,87,Course Page,59,72,151,0,0,6.270833333333333,43.895833333333336,0.2890365448504983,0.8106312292358804,15.0,57.940000000000005,94.0,0.0,46.0,11,71.05,4,46.0,52.0,82.525,6.0,S,1,2026-07-12
9,1,365,47,23,125,25,Assignment,54,160,144,1,0,7.76595744680851,54.361702127659576,0.0684931506849315,0.3424657534246575,15.0,67.83733333333333,100.0,0.0,75.0,12,52.28,3,94.0,40.0,70.14,-54.0,D,1,2026-07-12
10,1,158,23,15,87,24,Course Page,15,48,90,3,0,6.869565217391305,48.08695652173913,0.1518987341772152,0.5506329113924051,11.0,60.08181818181818,95.0,10.0,32.0,6,84.7,5,56.25,70.0,64.85,13.75,N,1,2026-07-12
11,1,229,35,18,92,55,Course Page,10,68,146,2,0,6.542857142857143,45.8,0.2401746724890829,0.4017467248908297,14.0,77.07142857142857,100.0,0.0,33.0,12,0.0,2,88.0,78.0,55.333333333333336,-10.0,N,1,2026-07-12
12,1,1221,84,42,307,252,Course Page,249,268,630,30,0,14.535714285714286,101.75,0.2063882063882063,0.2514332514332514,15.0,79.43333333333334,100.0,40.0,75.0,14,87.0,1,86.0,79.0,71.0,-7.0,D,1,2026-07-12
13,1,187,38,22,80,27,Course Page,35,41,67,36,0,4.921052631578948,34.44736842105263,0.1443850267379679,0.427807486631016,15.0,98.49333333333334,100.0,88.7,76.0,15,88.7,0,100.0,100.0,94.35,0.0,D,1,2026-07-12
14,1,141,28,19,20,16,Assignment,32,39,39,27,0,5.035714285714286,35.25,0.1134751773049645,0.1418439716312056,14.0,82.82142857142857,100.0,0.0,50.0,13,0.0,1,90.0,91.0,54.66666666666666,1.0,P,1,2026-07-12
15,1,1194,97,48,851,231,Assignment,38,658,477,12,0,12.309278350515465,86.16494845360825,0.1934673366834171,0.7127303182579564,15.0,88.74666666666667,100.0,70.0,59.0,15,81.1,0,92.0,94.0,77.05,2.0,P,1,2026-07-12
16,1,733,68,27,439,250,Course Page,184,137,384,1,0,10.779411764705882,75.45588235294119,0.3410641200545702,0.5989085948158254,15.0,68.83333333333333,100.0,0.0,51.0,12,20.25,3,86.0,66.0,49.125,-20.0,P,1,2026-07-12
17,1,43,8,9,15,13,Course Page,7,17,19,0,0,5.375,37.625,0.3023255813953488,0.3488372093023256,7.0,35.857142857142854,100.0,0.0,5.0,3,0.0,4,73.33333333333333,0.0,3.0,0.0,N,1,2026-07-12
18,1,49,5,9,2,48,Course Page,0,8,41,0,0,9.8,68.6,0.979591836734694,0.0408163265306122,6.0,0.0,0.0,0.0,0.0,0,0.0,6,0.0,0.0,0.0,0.0,N,1,2026-07-12
19,1,535,71,33,216,111,Course Page,130,76,247,20,0,7.535211267605634,52.74647887323944,0.2074766355140186,0.4037383177570093,15.0,93.65333333333334,100.0,70.0,83.0,15,93.15,0,90.0,97.0,94.075,7.0,HD,1,2026-07-12
20,1,161,22,32,67,57,Course Page,49,40,55,1,0,7.318181818181818,51.22727272727273,0.3540372670807453,0.4161490683229814,8.0,53.875,100.0,20.0,34.0,4,65.0,4,100.0,20.0,47.25,-80.0,N,1,2026-07-12
21,1,268,41,40,101,55,Assignment,67,87,85,9,0,6.536585365853658,45.75609756097561,0.2052238805970149,0.376865671641791,8.0,67.8875,100.0,26.5,50.0,7,62.3,1,97.5,70.0,62.9,-27.5,P,1,2026-07-12
22,1,1203,111,36,221,239,Course Page,115,292,765,7,0,10.83783783783784,75.86486486486486,0.198669991687448,0.1837073981712385,15.0,96.584,100.0,88.13,83.0,15,88.13,0,98.0,97.0,94.065,-1.0,HD,1,2026-07-12
23,1,402,58,26,119,59,Course Page,158,50,165,11,0,6.931034482758621,48.51724137931034,0.1467661691542288,0.2960199004975124,15.0,85.1,100.0,55.5,83.0,15,74.0,0,94.0,91.0,64.75,-3.0,HD,1,2026-07-12
24,1,248,30,18,85,9,Course Page,56,41,129,21,0,8.266666666666667,57.86666666666667,0.0362903225806451,0.3427419354838709,9.0,83.38888888888889,100.0,38.5,40.0,8,75.5,1,96.25,0.0,81.75,0.0,SA,1,2026-07-12
25,1,382,49,30,148,43,Course Page,90,101,182,2,0,7.795918367346939,54.57142857142857,0.112565445026178,0.387434554973822,15.0,77.36,100.0,46.2,40.0,13,46.2,2,81.0,83.0,64.6,2.0,SA,1,2026-07-12
26,1,415,47,37,205,80,Course Page,119,81,131,38,0,8.829787234042554,61.80851063829787,0.1927710843373494,0.4939759036144578,12.0,38.083333333333336,70.0,0.0,18.0,4,0.0,8,56.66666666666666,36.0,24.0,-20.666666666666664,N,1,2026-07-12
27,1,266,37,17,58,37,Course Page,71,62,128,0,0,7.1891891891891895,50.32432432432432,0.1390977443609022,0.2180451127819548,13.0,51.68461538461538,80.0,30.0,24.0,6,46.45,7,60.0,50.0,44.225,-10.0,N,1,2026-07-12
28,1,7,3,4,3,0,Course Page,0,3,4,0,0,2.333333333333333,16.333333333333336,0.0,0.4285714285714285,4.0,26.125,95.0,0.0,2.0,1,0.0,3,0.0,95.0,0.0,0.0,N,1,2026-07-12
29,1,379,49,37,83,71,Course Page,39,131,147,19,0,7.73469387755102,54.142857142857146,0.1873350923482849,0.2189973614775725,14.0,75.61428571428571,100.0,56.05,59.0,14,56.05,0,83.0,85.0,57.025,2.0,P,1,2026-07-12
30,1,111,26,18,40,35,Course Page,14,41,49,3,0,4.269230769230769,29.884615384615383,0.3153153153153153,0.3603603603603603,9.0,41.66666666666666,95.0,5.5,17.0,4,5.5,5,52.5,0.0,36.0,0.0,N,1,2026-07-12
31,1,362,46,37,114,38,Course Page,79,117,130,11,0,7.869565217391305,55.08695652173913,0.1049723756906077,0.3149171270718232,15.0,90.15333333333334,100.0,65.8,72.0,15,65.8,0,97.4,90.0,80.4,-7.400000000000006,D,1,2026-07-12
32,1,450,59,50,32,54,Assignment,41,226,161,15,0,7.627118644067797,53.389830508474574,0.12,0.0711111111111111,14.0,84.09285714285714,100.0,59.0,75.0,14,59.4,0,91.25,98.0,59.2,6.75,D,1,2026-07-12
33,1,317,43,31,69,101,Course Page,42,72,166,17,0,7.372093023255814,51.604651162790695,0.3186119873817035,0.2176656151419558,15.0,88.39666666666668,100.0,60.0,49.0,15,91.3,0,78.0,100.0,86.7375,22.0,S,1,2026-07-12
34,1,501,58,28,365,130,Course Page,82,166,230,13,0,8.637931034482758,60.4655172413793,0.2594810379241516,0.7285429141716567,13.0,76.96153846153847,100.0,20.0,44.0,11,83.0,2,81.0,73.33333333333333,78.25,-7.666666666666671,SA,1,2026-07-12
35,1,338,51,34,46,17,Course Page,80,113,123,6,0,6.627450980392157,46.3921568627451,0.0502958579881656,0.136094674556213,15.0,84.97333333333333,100.0,70.35,48.0,15,70.35,0,87.8,90.0,74.175,2.200000000000003,S,1,2026-07-12
36,1,402,48,30,141,60,Course Page,87,87,188,0,0,8.375,58.625,0.1492537313432835,0.3507462686567164,15.0,67.6,90.0,35.0,56.0,13,64.5,2,67.0,63.0,74.75,-4.0,P,1,2026-07-12
37,1,212,36,15,16,4,Course Page,32,60,115,3,0,5.888888888888889,41.22222222222222,0.0188679245283018,0.0754716981132075,14.0,77.27142857142857,95.0,55.0,54.0,14,81.4,0,79.0,73.75,80.7,-5.25,P,1,2026-07-12
38,1,846,84,39,256,166,Course Page,130,242,403,20,0,10.071428571428571,70.5,0.1962174940898345,0.3026004728132387,15.0,67.25333333333333,92.0,35.0,45.0,12,79.65,3,62.0,59.0,85.825,-3.0,S,1,2026-07-12
39,1,211,50,37,41,40,Lecture Material,70,58,59,6,0,4.22,29.54,0.1895734597156398,0.1943127962085308,15.0,81.94266666666667,100.0,61.57,70.0,15,61.57,0,94.0,82.0,65.285,-12.0,D,1,2026-07-12
40,1,321,40,22,154,30,Assignment,31,178,111,1,0,8.025,56.175,0.0934579439252336,0.4797507788161994,14.0,62.392857142857146,100.0,19.0,34.0,12,19.0,2,75.0,72.5,35.5,-2.5,N,1,2026-07-12
41,1,409,43,27,225,101,Course Page,78,122,196,10,0,9.511627906976743,66.5813953488372,0.2469437652811736,0.5501222493887531,10.0,38.9,60.0,0.0,15.0,5,46.0,5,40.0,55.0,30.666666666666668,15.0,N,1,2026-07-12
42,1,266,42,20,128,22,Assignment,24,130,101,1,0,6.333333333333333,44.333333333333336,0.0827067669172932,0.4812030075187969,13.0,84.34615384615384,100.0,60.0,62.0,13,60.0,0,91.0,93.33333333333331,72.0,2.3333333333333286,C,1,2026-07-12
43,1,611,63,36,334,99,Course Page,106,77,402,1,0,9.698412698412698,67.88888888888889,0.1620294599018003,0.546644844517185,14.0,82.27857142857144,100.0,45.0,43.0,13,85.95,1,85.0,88.0,73.475,3.0,SA,1,2026-07-12
44,1,367,38,26,107,75,Course Page,85,96,174,7,0,9.657894736842104,67.60526315789474,0.2043596730245231,0.2915531335149863,13.0,83.9076923076923,100.0,67.9,60.0,13,67.9,0,93.0,88.33333333333333,71.95,-4.666666666666671,C,1,2026-07-12
45,1,478,62,56,257,73,Assignment,67,193,193,8,0,7.709677419354839,53.967741935483865,0.1527196652719665,0.5376569037656904,15.0,89.08666666666666,100.0,65.0,71.0,15,79.15,0,88.0,92.0,86.575,4.0,D,1,2026-07-12
46,1,265,40,22,79,64,Course Page,66,59,118,13,0,6.625,46.375,0.2415094339622641,0.2981132075471698,15.0,72.78666666666666,90.0,40.0,46.0,14,69.65,1,69.0,82.0,65.325,13.0,S,1,2026-07-12
47,1,330,53,26,156,115,Course Page,17,138,163,6,0,6.226415094339623,43.58490566037736,0.3484848484848485,0.4727272727272727,15.0,83.44666666666667,100.0,60.0,43.0,15,75.85,0,81.0,87.0,81.925,6.0,SA,1,2026-07-12
48,1,384,48,32,109,98,Course Page,115,96,160,1,0,8.0,56.0,0.2552083333333333,0.2838541666666667,15.0,72.25733333333332,100.0,25.0,48.0,12,51.43,3,86.0,56.0,75.715,-30.0,S,1,2026-07-12
49,1,439,34,30,366,158,Course Page,133,56,192,32,0,12.911764705882351,90.38235294117648,0.3599088838268792,0.8337129840546698,9.0,63.333333333333336,100.0,29.0,26.0,8,64.5,1,65.0,80.0,62.75,15.0,N,1,2026-07-12
50,1,254,35,41,64,8,Lecture Material,80,37,75,36,0,7.257142857142857,50.8,0.0314960629921259,0.2519685039370078,13.0,46.2,84.0,20.0,60.0,6,51.3,7,40.0,33.333333333333336,67.65,-6.666666666666664,C,1,2026-07-12
51,1,270,57,27,125,41,Course Page,44,94,106,12,0,4.7368421052631575,33.15789473684211,0.1518518518518518,0.4629629629629629,14.0,87.73571428571428,100.0,50.0,82.0,14,97.9,0,89.0,82.5,93.95,-6.5,HD,1,2026-07-12
52,1,244,32,23,120,39,Course Page,70,36,94,10,0,7.625,53.375,0.1598360655737705,0.4918032786885246,15.0,71.03333333333333,100.0,50.0,62.0,15,68.0,0,82.0,67.0,61.5,-15.0,C,1,2026-07-12
53,1,267,42,21,60,79,Course Page,75,66,121,4,0,6.357142857142857,44.5,0.2958801498127341,0.2247191011235955,12.0,57.03333333333333,100.0,19.7,37.0,7,19.7,5,72.0,50.0,44.6,-22.0,N,1,2026-07-12
54,1,748,69,41,322,144,Course Page,86,227,378,1,0,10.840579710144928,75.88405797101449,0.1925133689839572,0.4304812834224599,13.0,74.99230769230769,100.0,30.0,41.0,10,76.45,3,67.5,97.5,62.225,30.0,SA,1,2026-07-12
55,1,711,68,25,147,179,Course Page,39,94,552,6,0,10.455882352941176,73.19117647058825,0.2517580872011252,0.2067510548523206,11.0,45.13636363636363,75.0,0.0,22.0,4,44.0,7,48.75,20.0,59.5,-28.75,N,1,2026-07-12
56,1,261,40,25,71,64,Course Page,31,99,113,8,0,6.525,45.675,0.2452107279693486,0.2720306513409962,15.0,78.56666666666666,100.0,0.0,60.0,14,84.0,1,92.0,59.0,87.0,-33.0,C,1,2026-07-12
57,1,176,38,16,78,22,Course Page,11,45,119,0,0,4.631578947368421,32.421052631578945,0.125,0.4431818181818182,6.0,57.333333333333336,100.0,10.0,47.0,5,62.0,1,100.0,0.0,58.5,0.0,S,1,2026-07-12
58,1,387,46,28,135,68,Course Page,93,46,223,11,0,8.41304347826087,58.891304347826086,0.1757105943152454,0.3488372093023256,12.0,26.375,55.0,0.0,20.0,4,53.75,8,17.5,6.666666666666667,54.375,-10.833333333333332,N,1,2026-07-12
59,1,221,28,16,77,28,Course Page,50,48,123,0,0,7.892857142857143,55.25,0.1266968325791855,0.3484162895927601,9.0,55.67777777777778,85.0,29.0,19.0,6,36.05,3,78.33333333333333,55.0,45.525,-23.33333333333333,N,1,2026-07-12
60,1,455,69,27,180,125,Course Page,40,177,214,15,0,6.594202898550725,46.15942028985507,0.2747252747252747,0.3956043956043956,15.0,90.91333333333334,100.0,80.0,65.0,15,84.15,0,91.8,91.0,89.575,-0.7999999999999972,C,1,2026-07-12
61,1,280,49,34,118,59,Course Page,84,64,88,14,0,5.714285714285714,40.0,0.2107142857142857,0.4214285714285714,15.0,91.0,100.0,60.0,83.0,15,80.0,0,98.0,88.0,85.5,-10.0,HD,1,2026-07-12
62,1,220,37,28,98,71,Course Page,47,58,105,4,0,5.945945945945946,41.62162162162162,0.3227272727272727,0.4454545454545454,15.0,74.58,95.0,50.0,48.0,15,88.35,0,79.0,69.0,76.175,-10.0,S,1,2026-07-12
63,1,347,53,31,118,41,Course Page,40,77,204,5,0,6.547169811320755,45.83018867924528,0.1181556195965417,0.3400576368876081,14.0,79.5,100.0,40.0,46.0,13,65.5,1,88.0,75.0,74.75,-13.0,S,1,2026-07-12
64,1,551,30,28,345,60,Course Page,64,49,410,9,0,18.366666666666667,128.56666666666666,0.1088929219600726,0.6261343012704175,10.0,48.73,80.0,10.0,23.0,7,65.65,3,40.0,50.0,61.325,10.0,N,1,2026-07-12
65,1,408,50,34,165,38,Course Page,43,137,180,15,0,8.16,57.12,0.0931372549019607,0.4044117647058823,15.0,83.24666666666667,95.0,58.0,58.0,15,88.4,0,83.8,90.0,73.2,6.200000000000003,P,1,2026-07-12
66,1,213,44,24,39,47,Course Page,71,59,74,3,0,4.840909090909091,33.88636363636364,0.2206572769953051,0.1830985915492957,15.0,74.21333333333334,100.0,30.0,46.0,14,72.35,1,66.0,77.0,81.675,11.0,S,1,2026-07-12
67,1,193,18,42,172,40,Assignment,38,110,34,7,0,10.72222222222222,75.05555555555554,0.2072538860103626,0.8911917098445595,15.0,87.22666666666667,100.0,67.7,70.0,15,67.7,0,96.0,86.0,76.85,-10.0,D,1,2026-07-12
68,1,503,74,31,73,85,Course Page,71,69,342,2,0,6.797297297297297,47.58108108108108,0.1689860834990059,0.1451292246520874,15.0,75.48666666666666,100.0,30.0,44.0,12,41.65,3,72.0,90.0,60.325,18.0,SA,1,2026-07-12
69,1,151,33,22,57,12,Course Page,26,46,78,0,0,4.575757575757576,32.03030303030303,0.0794701986754966,0.3774834437086092,15.0,71.59466666666667,100.0,47.21,58.0,13,47.21,2,74.0,75.0,63.605,1.0,P,1,2026-07-12
70,1,463,46,24,105,76,Course Page,85,89,268,8,0,10.065217391304348,70.45652173913044,0.1641468682505399,0.2267818574514039,15.0,95.83733333333332,100.0,88.28,85.0,15,88.28,0,98.0,96.0,92.64,-2.0,HD,1,2026-07-12
71,1,91,20,14,38,25,Assignment,2,58,24,5,0,4.55,31.85,0.2747252747252747,0.4175824175824176,14.0,54.642857142857146,80.0,0.0,30.0,10,66.0,4,55.0,42.0,73.0,-13.0,N,1,2026-07-12
72,1,452,50,31,192,33,Course Page,75,149,207,8,0,9.04,63.28,0.0730088495575221,0.4247787610619469,15.0,75.97333333333333,100.0,40.0,66.0,14,96.3,1,80.0,62.0,89.65,-18.0,C,1,2026-07-12
73,1,252,39,35,169,48,Assignment,21,106,99,16,0,6.461538461538462,45.23076923076923,0.1904761904761904,0.6706349206349206,10.0,53.4,100.0,0.0,11.0,5,0.0,5,80.0,75.0,9.333333333333334,-5.0,N,1,2026-07-12
74,1,327,60,18,149,59,Course Page,52,60,209,0,0,5.45,38.15,0.1804281345565749,0.45565749235474,15.0,76.5,95.0,30.0,54.0,14,50.0,1,76.0,81.0,71.0,5.0,P,1,2026-07-12
75,1,494,65,24,261,106,Course Page,19,232,240,0,0,7.6,53.2,0.2145748987854251,0.52834008097166,14.0,73.39285714285714,100.0,40.0,55.0,11,41.0,3,70.0,93.75,57.5,23.75,P,1,2026-07-12
76,1,187,29,28,42,24,Assignment,25,78,78,1,0,6.448275862068965,45.137931034482754,0.1283422459893048,0.2245989304812834,15.0,64.23333333333333,100.0,20.0,53.0,11,45.0,4,76.0,61.0,52.5,-15.0,P,1,2026-07-12
77,1,220,35,24,90,28,Course Page,68,45,85,15,0,6.285714285714286,44.0,0.1272727272727272,0.4090909090909091,10.0,70.47,100.0,38.0,50.0,9,89.35,1,70.0,100.0,71.675,30.0,P,1,2026-07-12
78,1,445,66,27,247,87,Course Page,52,56,321,5,0,6.742424242424242,47.196969696969695,0.195505617977528,0.5550561797752809,14.0,76.72142857142856,100.0,50.0,39.0,14,73.3,0,71.25,78.0,82.9,6.75,N,1,2026-07-12
79,1,375,47,29,104,82,Course Page,96,103,145,3,0,7.978723404255319,55.85106382978724,0.2186666666666666,0.2773333333333333,14.0,70.85714285714286,100.0,40.0,63.0,13,63.0,1,86.0,65.0,58.25,-21.0,C,1,2026-07-12
80,1,333,56,21,151,116,Course Page,51,86,193,2,0,5.946428571428571,41.625,0.3483483483483483,0.4534534534534534,15.0,81.77333333333333,100.0,65.0,67.0,15,79.3,0,86.0,78.0,81.15,-8.0,C,1,2026-07-12
81,1,511,76,38,129,125,Lecture Material,159,149,152,22,0,6.723684210526316,47.065789473684205,0.2446183953033268,0.2524461839530332,15.0,35.906666666666666,75.0,10.0,25.0,4,48.8,11,15.0,55.0,38.4,40.0,N,1,2026-07-12
82,1,657,66,29,253,82,Course Page,102,236,299,7,0,9.954545454545457,69.68181818181819,0.1248097412480974,0.3850837138508371,15.0,92.12666666666668,100.0,70.0,73.0,15,88.7,0,90.0,93.0,93.85,3.0,D,1,2026-07-12
83,1,325,50,23,92,61,Course Page,36,69,212,7,0,6.5,45.5,0.1876923076923076,0.283076923076923,15.0,68.04,100.0,40.0,30.0,12,45.3,3,69.0,79.0,51.65,10.0,N,1,2026-07-12
84,1,353,46,24,160,45,Course Page,52,58,227,3,0,7.673913043478261,53.71739130434783,0.1274787535410765,0.4532577903682719,15.0,83.09333333333333,100.0,69.0,52.0,15,70.2,0,84.0,92.0,69.6,8.0,P,1,2026-07-12
85,1,191,35,19,87,43,Course Page,11,72,103,1,0,5.457142857142857,38.2,0.225130890052356,0.4554973821989528,15.0,69.76666666666667,100.0,0.0,21.0,10,0.0,5,79.0,100.0,15.5,21.0,N,1,2026-07-12
86,1,343,47,32,174,43,Course Page,75,66,165,16,0,7.297872340425532,51.08510638297872,0.1253644314868804,0.5072886297376094,12.0,57.76666666666667,100.0,20.0,30.0,8,68.1,4,65.0,43.333333333333336,66.05,-21.666666666666664,N,1,2026-07-12
87,1,120,14,16,27,13,Assignment,13,60,45,1,0,8.571428571428571,60.0,0.1083333333333333,0.225,14.0,59.17857142857143,100.0,0.0,41.0,9,56.0,5,55.0,75.0,49.0,20.0,SA,1,2026-07-12
88,1,109,19,12,27,28,Course Page,14,37,55,0,0,5.7368421052631575,40.1578947368421,0.2568807339449541,0.2477064220183486,9.0,74.33333333333333,100.0,0.0,62.0,7,86.5,2,75.0,0.0,84.75,0.0,C,1,2026-07-12
89,1,284,62,20,165,64,Assignment,20,144,100,4,0,4.580645161290323,32.064516129032256,0.2253521126760563,0.5809859154929577,8.0,14.0,38.0,0.0,9.0,0,38.0,8,0.0,0.0,28.0,0.0,N,1,2026-07-12
90,1,502,51,32,95,64,Course Page,78,171,227,15,0,9.84313725490196,68.90196078431373,0.1274900398406374,0.1892430278884462,15.0,87.90666666666667,100.0,79.0,73.0,15,82.55,0,92.0,89.0,80.775,-3.0,D,1,2026-07-12
91,1,311,51,28,149,41,Course Page,40,78,152,13,0,6.098039215686274,42.68627450980392,0.1318327974276527,0.4790996784565916,15.0,84.86,100.0,50.0,72.0,15,84.95,0,74.0,92.0,89.975,18.0,D,1,2026-07-12
92,1,488,51,41,75,94,Course Page,94,146,180,28,0,9.568627450980392,66.98039215686275,0.1926229508196721,0.1536885245901639,10.0,78.85,100.0,43.5,40.0,9,72.5,1,78.33333333333333,100.0,77.5,21.66666666666667,SA,1,2026-07-12
93,1,188,31,24,45,7,Course Page,39,53,63,7,0,6.064516129032258,42.4516129032258,0.0372340425531914,0.2393617021276596,13.0,32.19230769230769,60.0,0.0,33.0,3,23.0,10,41.0,26.666666666666668,26.25,-14.333333333333332,N,1,2026-07-12
94,1,417,35,26,164,46,Course Page,117,107,160,0,0,11.914285714285716,83.4,0.1103117505995203,0.3932853717026379,14.0,53.785714285714285,90.0,17.0,51.0,8,17.0,6,75.0,56.25,23.25,-18.75,P,1,2026-07-12
95,1,244,31,34,137,72,Course Page,35,96,97,1,0,7.870967741935484,55.096774193548384,0.2950819672131147,0.5614754098360656,12.0,41.833333333333336,86.0,0.0,0.0,4,0.0,8,55.0,26.666666666666668,43.0,-28.33333333333333,DX,1,2026-07-12
96,1,780,74,46,653,188,Assignment,73,351,337,12,0,10.54054054054054,73.78378378378379,0.241025641025641,0.8371794871794872,15.0,68.36,100.0,1.2,25.0,11,1.2,4,82.0,88.0,22.6,6.0,N,1,2026-07-12
97,1,157,35,15,39,54,Course Page,49,45,56,5,0,4.485714285714286,31.4,0.3439490445859872,0.2484076433121019,12.0,76.825,100.0,55.5,44.0,12,55.7,0,88.33333333333333,72.5,77.85,-15.833333333333329,SA,1,2026-07-12
98,1,145,23,16,67,31,Course Page,47,29,66,0,0,6.304347826086956,44.130434782608695,0.2137931034482758,0.4620689655172413,8.0,51.275,100.0,0.0,28.0,5,73.1,3,40.0,0.0,69.55,0.0,N,1,2026-07-12
99,1,417,49,36,77,31,Course Page,114,78,183,12,0,8.510204081632653,59.57142857142857,0.0743405275779376,0.184652278177458,14.0,74.25,100.0,0.0,60.0,13,79.0,1,90.0,53.75,77.0,-36.25,C,1,2026-07-12
100,1,57,20,5,8,6,Course Page,1,2,53,1,0,2.85,19.95,0.1052631578947368,0.1403508771929824,10.0,41.15,75.0,0.0,10.0,5,0.0,5,61.25,50.0,21.75,-11.25,N,1,2026-07-12
101,1,733,50,30,296,161,Course Page,162,118,423,0,0,14.66,102.62,0.2196452933151432,0.4038199181446112,15.0,71.86666666666666,90.0,43.0,38.0,13,67.0,2,74.0,82.0,55.0,8.0,N,1,2026-07-12
102,1,121,15,11,53,24,Course Page,17,43,57,0,0,8.066666666666666,56.46666666666667,0.1983471074380165,0.4380165289256198,8.0,10.375,25.0,0.0,2.0,0,0.0,8,16.666666666666668,20.0,2.0,3.333333333333332,N,1,2026-07-12
103,1,444,81,45,215,128,Course Page,35,160,234,5,0,5.481481481481482,38.37037037037037,0.2882882882882883,0.4842342342342342,15.0,89.96666666666667,100.0,40.0,74.0,13,93.0,2,97.0,100.0,66.5,3.0,D,1,2026-07-12
104,1,421,72,28,140,80,Assignment,94,143,101,36,0,5.847222222222222,40.93055555555555,0.1900237529691211,0.332541567695962,15.0,91.53333333333332,100.0,75.0,72.0,15,94.0,0,96.0,86.0,93.0,-10.0,D,1,2026-07-12
105,1,211,40,22,90,30,Course Page,28,74,95,5,0,5.275,36.925,0.1421800947867298,0.4265402843601896,12.0,65.48333333333333,90.0,25.0,36.0,10,65.65,2,76.0,57.5,60.325,-18.5,N,1,2026-07-12
106,1,638,68,43,395,140,Course Page,65,188,345,7,0,9.382352941176473,65.6764705882353,0.219435736677116,0.6191222570532915,14.0,48.75714285714286,100.0,0.0,33.0,8,32.8,6,46.0,60.0,41.4,14.0,N,1,2026-07-12
107,1,678,69,46,174,108,Course Page,149,180,300,2,0,9.826086956521738,68.78260869565217,0.1592920353982301,0.2566371681415929,14.0,68.35714285714286,100.0,30.0,53.0,13,77.0,1,70.0,65.0,71.5,-5.0,P,1,2026-07-12
108,1,333,32,25,260,79,Course Page,98,66,151,9,0,10.40625,72.84375,0.2372372372372372,0.7807807807807807,14.0,58.46428571428572,85.0,0.0,57.0,12,76.0,2,70.0,38.75,65.75,-31.25,P,1,2026-07-12
109,1,205,30,19,103,6,Course Page,40,46,110,0,0,6.833333333333333,47.833333333333336,0.0292682926829268,0.5024390243902439,11.0,68.95454545454545,90.0,43.5,66.0,10,85.0,1,67.5,82.5,70.0,15.0,C,1,2026-07-12
110,1,251,30,30,194,56,Assignment,34,104,104,2,0,8.366666666666667,58.56666666666667,0.2231075697211155,0.7729083665338645,10.0,51.2,70.0,27.0,22.0,6,58.5,4,56.66666666666666,50.0,53.75,-6.666666666666664,N,1,2026-07-12
111,1,257,25,34,153,18,Assignment,9,147,92,1,0,10.28,71.96,0.0700389105058365,0.5953307392996109,13.0,81.69999999999999,100.0,63.3,45.0,13,63.3,0,99.0,76.66666666666667,66.15,-22.33333333333333,S,1,2026-07-12
112,1,189,26,24,79,31,Assignment,15,80,77,2,0,7.269230769230769,50.88461538461538,0.164021164021164,0.4179894179894179,14.0,67.51428571428572,100.0,30.0,52.0,12,52.85,2,53.75,82.0,64.425,28.25,P,1,2026-07-12
113,1,502,67,30,198,77,Course Page,50,120,293,1,0,7.492537313432836,52.44776119402985,0.1533864541832669,0.3944223107569721,15.0,31.466666666666665,75.0,0.0,24.0,5,62.0,10,17.0,19.0,68.5,2.0,N,1,2026-07-12
114,1,157,22,22,85,4,Assignment,15,92,46,0,0,7.136363636363637,49.95454545454545,0.0254777070063694,0.5414012738853503,15.0,80.2,100.0,60.0,68.0,15,86.0,0,83.0,81.0,75.25,-2.0,C,1,2026-07-12
115,1,455,47,27,73,70,Course Page,100,151,195,2,0,9.680851063829786,67.76595744680851,0.1538461538461538,0.1604395604395604,14.0,73.57142857142857,100.0,50.0,58.0,14,65.0,0,84.0,70.0,65.0,-14.0,P,1,2026-07-12
116,1,127,18,13,91,43,Course Page,11,45,62,8,0,7.055555555555555,49.388888888888886,0.3385826771653543,0.7165354330708661,6.0,50.48333333333333,78.0,0.0,23.0,4,73.45,2,0.0,0.0,75.725,0.0,N,1,2026-07-12
117,1,105,20,22,8,9,Assignment,24,53,23,2,0,5.25,36.75,0.0857142857142857,0.0761904761904762,15.0,92.2,100.0,50.0,82.0,15,91.5,0,100.0,100.0,70.75,0.0,HD,1,2026-07-12
118,1,803,74,32,219,117,Assignment,127,351,295,7,0,10.85135135135135,75.95945945945947,0.1457036114570361,0.2727272727272727,15.0,79.42,100.0,30.0,64.0,14,94.65,1,72.0,80.0,88.825,8.0,C,1,2026-07-12
119,1,165,29,22,66,9,Course Page,39,59,66,0,0,5.689655172413793,39.82758620689655,0.0545454545454545,0.4,15.0,69.7,100.0,10.0,50.0,11,77.5,4,80.0,67.0,59.25,-13.0,P,1,2026-07-12
120,1,191,37,15,42,34,Course Page,61,35,90,3,0,5.162162162162162,36.13513513513514,0.1780104712041884,0.2198952879581152,14.0,88.57857142857142,100.0,64.0,61.0,14,83.05,0,100.0,92.0,73.525,-8.0,C,1,2026-07-12
121,1,230,27,33,108,45,Course Page,71,40,100,2,0,8.518518518518519,59.629629629629626,0.1956521739130435,0.4695652173913043,8.0,48.625,80.0,18.5,25.0,5,31.75,3,65.0,55.0,46.375,-10.0,N,1,2026-07-12
122,1,171,22,24,12,4,Assignment,40,66,59,0,0,7.772727272727272,54.409090909090914,0.023391812865497,0.0701754385964912,14.0,92.64,100.0,78.73,64.0,14,78.73,0,100.0,96.25,80.86500000000001,-3.75,C,1,2026-07-12
123,1,134,21,26,64,13,Course Page,44,38,44,4,0,6.380952380952381,44.66666666666666,0.0970149253731343,0.4776119402985074,10.0,34.05,63.0,0.0,18.0,4,63.0,6,36.25,25.0,42.0,-11.25,N,1,2026-07-12
124,1,599,89,29,211,134,Course Page,190,65,320,22,0,6.730337078651686,47.1123595505618,0.2237061769616026,0.352253756260434,15.0,80.41333333333334,95.0,69.0,72.0,15,72.1,0,83.0,85.0,70.55,2.0,D,1,2026-07-12
125,1,669,89,33,185,153,Course Page,194,107,351,8,0,7.51685393258427,52.61797752808989,0.2286995515695067,0.2765321375186846,15.0,85.4,100.0,70.0,75.0,15,73.5,0,88.0,92.0,72.75,4.0,D,1,2026-07-12
126,1,205,29,20,22,83,Assignment,32,88,78,2,0,7.068965517241379,49.48275862068965,0.4048780487804878,0.1073170731707317,15.0,65.63333333333334,100.0,0.0,53.0,12,54.0,3,72.0,55.0,71.5,-17.0,P,1,2026-07-12
127,1,169,28,19,91,35,Course Page,32,50,83,0,0,6.035714285714286,42.25,0.2071005917159763,0.5384615384615384,11.0,38.95454545454545,85.0,0.0,23.0,6,0.0,5,42.0,85.0,26.0,43.0,N,1,2026-07-12
128,1,230,44,23,71,45,Course Page,18,97,104,5,0,5.227272727272728,36.59090909090909,0.1956521739130435,0.308695652173913,12.0,67.86666666666666,85.0,51.0,30.0,12,68.7,0,66.25,81.66666666666667,63.35,15.416666666666671,N,1,2026-07-12
129,1,662,60,34,264,156,Course Page,147,162,309,1,0,11.033333333333331,77.23333333333333,0.2356495468277945,0.3987915407854985,12.0,55.0,100.0,20.0,24.0,8,30.0,4,58.0,55.0,55.0,-3.0,N,1,2026-07-12
130,1,183,31,15,70,30,Assignment,35,76,72,0,0,5.903225806451613,41.32258064516129,0.1639344262295081,0.3825136612021858,8.0,64.725,100.0,23.0,25.0,6,57.4,2,76.66666666666667,0.0,66.2,0.0,N,1,2026-07-12
131,1,261,35,29,76,37,Course Page,67,72,102,8,0,7.457142857142857,52.2,0.1417624521072797,0.2911877394636015,15.0,87.54666666666667,100.0,76.35,82.0,15,76.35,0,91.0,84.0,87.675,-7.0,HD,1,2026-07-12
132,1,341,42,28,97,27,Course Page,27,127,169,10,0,8.119047619047619,56.833333333333336,0.0791788856304985,0.2844574780058651,14.0,79.64999999999999,100.0,50.0,63.0,14,95.55,0,78.0,72.5,91.775,-5.5,C,1,2026-07-12
133,1,157,18,18,49,16,Course Page,23,54,70,0,0,8.722222222222221,61.05555555555555,0.1019108280254777,0.3121019108280254,7.0,24.685714285714287,50.0,0.0,10.0,1,28.9,6,50.0,0.0,29.45,-50.0,N,1,2026-07-12
134,1,418,37,31,214,88,Course Page,120,75,201,15,0,11.297297297297296,79.08108108108108,0.2105263157894736,0.5119617224880383,12.0,54.333333333333336,95.0,20.0,27.0,7,62.0,5,36.66666666666666,72.5,53.0,35.833333333333336,N,1,2026-07-12
135,1,237,30,37,175,32,Assignment,20,140,70,1,0,7.9,55.3,0.1350210970464135,0.7383966244725738,14.0,78.47857142857143,100.0,37.0,38.0,12,50.35,2,96.0,90.0,43.675,-6.0,N,1,2026-07-12
136,1,359,51,22,145,87,Course Page,29,159,161,2,0,7.03921568627451,49.27450980392157,0.2423398328690807,0.403899721448468,14.0,73.15714285714286,83.85,65.0,56.0,14,83.85,0,75.0,71.0,75.925,-4.0,P,1,2026-07-12
137,1,307,28,42,114,29,Assignment,26,188,90,0,0,10.964285714285714,76.75,0.0944625407166123,0.3713355048859935,15.0,78.88000000000001,100.0,50.35,37.0,15,50.35,0,89.0,88.0,52.425,-1.0,N,1,2026-07-12
138,1,214,24,20,92,61,Assignment,17,99,93,1,0,8.916666666666666,62.41666666666667,0.2850467289719626,0.4299065420560747,13.0,74.6923076923077,100.0,30.0,42.0,11,88.5,2,71.25,78.75,77.75,7.5,SA,1,2026-07-12
139,1,135,22,15,72,40,Course Page,14,54,64,0,0,6.136363636363637,42.95454545454545,0.2962962962962963,0.5333333333333333,13.0,45.61538461538461,80.0,0.0,33.0,8,65.0,5,46.0,26.666666666666668,63.0,-19.33333333333333,N,1,2026-07-12
140,1,7,5,3,1,2,Course Page,0,2,4,1,0,1.4,9.8,0.2857142857142857,0.1428571428571428,4.0,5.5,20.0,0.0,0.0,0,0.0,4,20.0,0.0,0.0,0.0,N,1,2026-07-12
141,1,374,51,28,119,53,Course Page,58,100,201,9,0,7.333333333333333,51.333333333333336,0.141711229946524,0.3181818181818182,14.0,55.29,100.0,30.0,48.0,8,43.78,6,61.0,40.0,65.64,-21.0,S,1,2026-07-12
142,1,277,47,24,39,44,Course Page,55,57,125,6,0,5.893617021276596,41.25531914893617,0.1588447653429603,0.1407942238267148,14.0,89.41428571428571,100.0,75.0,71.0,14,95.9,0,92.5,90.0,87.45,-2.5,D,1,2026-07-12
143,1,501,38,26,232,64,Course Page,162,65,235,9,0,13.18421052631579,92.28947368421052,0.1277445109780439,0.4630738522954092,7.0,45.142857142857146,90.0,0.0,13.0,3,0.0,4,55.0,30.0,54.0,-25.0,N,1,2026-07-12
144,1,105,12,17,90,27,Course Page,3,33,66,0,0,8.75,61.25,0.2571428571428571,0.8571428571428571,10.0,62.5,95.0,0.0,58.0,7,87.0,3,60.0,72.5,58.0,12.5,P,1,2026-07-12
145,1,112,10,16,82,2,Lecture Material,48,26,35,3,0,11.2,78.39999999999999,0.0178571428571428,0.7321428571428571,8.0,58.875,100.0,0.0,17.0,5,0.0,3,77.5,0.0,43.333333333333336,0.0,N,1,2026-07-12
146,1,176,34,18,87,41,Course Page,58,39,63,2,0,5.176470588235294,36.235294117647065,0.2329545454545454,0.4943181818181818,7.0,60.07142857142857,75.0,14.5,22.0,6,55.5,1,72.5,0.0,65.25,0.0,N,1,2026-07-12
147,1,265,37,26,83,78,Course Page,59,81,115,8,0,7.162162162162162,50.13513513513514,0.2943396226415094,0.3132075471698113,10.0,65.25,100.0,12.75,25.0,6,12.75,4,92.5,40.0,50.375,-52.5,N,1,2026-07-12
148,1,101,21,18,44,17,Assignment,26,38,34,3,0,4.809523809523809,33.666666666666664,0.1683168316831683,0.4356435643564356,9.0,58.28888888888889,100.0,30.0,24.0,5,55.8,4,93.33333333333331,30.0,45.9,-63.33333333333333,N,1,2026-07-12
149,1,166,22,35,63,9,Assignment,14,126,26,0,0,7.545454545454546,52.81818181818182,0.0542168674698795,0.3795180722891566,14.0,87.92857142857143,100.0,62.75,60.0,14,62.75,0,99.0,97.5,64.375,-1.5,C,1,2026-07-12
150,1,94,25,14,25,20,Course Page,18,27,40,0,0,3.76,26.32,0.2127659574468085,0.2659574468085106,14.0,90.15,100.0,49.0,69.0,12,95.3,2,97.0,100.0,72.15,3.0,C,1,2026-07-12
151,1,54,13,13,27,10,Course Page,14,10,28,0,0,4.153846153846154,29.07692307692308,0.1851851851851851,0.5,10.0,53.9,100.0,0.0,10.0,6,0.0,4,45.0,80.0,0.0,35.0,N,1,2026-07-12
152,1,203,24,18,118,43,Course Page,31,76,87,1,0,8.458333333333334,59.208333333333336,0.2118226600985221,0.5812807881773399,8.0,19.5,38.0,0.0,11.0,0,38.0,8,5.0,10.0,33.5,5.0,N,1,2026-07-12
153,1,92,22,13,66,15,Assignment,23,60,8,0,0,4.181818181818182,29.27272727272728,0.1630434782608695,0.717391304347826,13.0,52.29230769230769,65.0,10.0,26.0,10,60.4,3,51.0,45.0,62.7,-6.0,N,1,2026-07-12
154,1,220,28,34,152,39,Course Page,42,42,115,2,0,7.857142857142857,55.0,0.1772727272727272,0.6909090909090909,5.0,11.4,50.0,0.0,1.0,1,0.0,4,0.0,50.0,0.6666666666666666,0.0,N,1,2026-07-12
155,1,8,3,4,6,0,Course Page,1,2,4,0,0,2.6666666666666665,18.666666666666668,0.0,0.75,6.0,0.0,0.0,0.0,0.0,0,0.0,6,0.0,0.0,0.0,0.0,N,1,2026-07-12
156,1,75,18,14,9,6,Course Page,15,26,30,2,0,4.166666666666667,29.166666666666664,0.08,0.12,15.0,84.06,100.0,50.0,42.0,15,82.7,0,82.0,83.0,88.35,1.0,SA,1,2026-07-12
157,1,96,15,20,45,10,Course Page,24,15,50,0,0,6.4,44.8,0.1041666666666666,0.46875,10.0,19.15,80.0,0.0,5.0,2,0.0,8,29.0,0.0,10.666666666666666,-29.0,N,1,2026-07-12
158,1,48,9,8,11,2,Course Page,4,14,29,0,0,5.333333333333333,37.33333333333333,0.0416666666666666,0.2291666666666666,8.0,8.25,33.0,0.0,3.0,0,0.0,8,0.0,0.0,22.0,0.0,N,1,2026-07-12
159,1,47,6,9,5,0,Assignment,7,23,17,0,0,7.833333333333333,54.833333333333336,0.0,0.1063829787234042,6.0,34.5,90.0,0.0,5.0,2,0.0,4,75.0,0.0,14.0,0.0,N,1,2026-07-12
160,1,101,14,11,6,21,Course Page,14,36,46,0,0,7.214285714285714,50.5,0.2079207920792079,0.0594059405940594,8.0,12.5,50.0,0.0,5.0,2,0.0,6,0.0,0.0,25.0,0.0,N,1,2026-07-12
161,1,134,17,14,58,40,Course Page,20,40,70,4,0,7.882352941176471,55.1764705882353,0.2985074626865671,0.4328358208955223,6.0,20.166666666666668,50.0,0.0,3.0,1,0.0,5,36.66666666666666,0.0,0.0,0.0,N,1,2026-07-12
162,1,71,12,17,35,14,Course Page,11,25,30,1,0,5.916666666666667,41.41666666666667,0.1971830985915492,0.4929577464788732,12.0,29.791666666666668,80.0,0.0,7.0,5,0.0,7,49.0,40.0,0.0,-9.0,N,1,2026-07-12
163,1,170,21,27,118,58,Assignment,18,120,27,0,0,8.095238095238095,56.66666666666666,0.3411764705882353,0.6941176470588235,9.0,67.22222222222223,100.0,0.0,11.0,7,0.0,2,90.0,100.0,0.0,10.0,N,1,2026-07-12
164,1,16,7,4,15,8,Course Page,0,2,13,0,0,2.2857142857142856,16.0,0.5,0.9375,3.0,0.0,0.0,0.0,0.0,0,0.0,3,0.0,0.0,0.0,0.0,N,1,2026-07-12
165,1,38,9,10,5,12,Course Page,11,9,16,0,0,4.222222222222222,29.55555555555556,0.3157894736842105,0.131578947368421,5.0,33.0,80.0,0.0,3.0,2,0.0,3,75.0,0.0,0.0,0.0,N,1,2026-07-12
166,1,12,7,2,7,7,Assignment,0,7,5,0,0,1.7142857142857142,12.0,0.5833333333333334,0.5833333333333334,4.0,5.5,20.0,0.0,0.0,0,0.0,4,20.0,0.0,0.0,0.0,N,1,2026-07-12
167,1,14,5,6,12,3,Course Page,2,2,8,1,0,2.8,19.6,0.2142857142857142,0.8571428571428571,5.0,0.0,0.0,0.0,0.0,0,0.0,5,0.0,0.0,0.0,0.0,N,1,2026-07-12
168,1,103,6,13,6,32,Course Page,29,21,45,0,0,17.166666666666668,120.16666666666669,0.3106796116504854,0.058252427184466,4.0,23.375,85.0,0.0,2.0,1,0.0,3,85.0,0.0,0.0,0.0,N,1,2026-07-12
169,1,2,1,2,0,0,Course Page,0,0,1,1,0,2.0,14.0,0.0,0.0,6.0,0.0,0.0,0.0,0.0,0,0.0,6,0.0,0.0,0.0,0.0,N,1,2026-07-12
170,1,0,0,0,0,0,No Activity,0,0,0,0,0,0.0,0.0,0.0,0.0,4.0,0.0,0.0,0.0,0.0,0,0.0,4,0.0,0.0,0.0,0.0,N,1,2026-07-12
171,1,0,0,0,0,0,No Activity,0,0,0,0,0,0.0,0.0,0.0,0.0,7.0,0.0,0.0,0.0,0.0,0,0.0,7,0.0,0.0,0.0,0.0,N,1,2026-07-12
172,2,3,2,3,0,1,Other,1,0,0,0,0,1.5,10.5,0.3333333333333333,0.0,0.0,0.0,0.0,0.0,0.0,0,0.0,0,0.0,0.0,0.0,0.0,No Result,2,2026-07-12
1,1,1086,97,27,291,126,Assignment,5,939,142,0,0,11.195876288659791,78.37113402061856,0.1160220994475138,0.2679558011049723,0.0,0.0,0.0,0.0,0.0,0,0.0,0,0.0,0.0,0.0,0.0,No Result,1,2026-07-13
2,1,549,53,39,256,114,Course Page,137,184,192,15,0,10.358490566037736,72.50943396226415,0.2076502732240437,0.4663023679417122,15.0,70.53999999999999,100.0,0.0,41.0,10,44.8,5,95.0,72.0,34.9,-23.0,SA,1,2026-07-13
3,1,236,30,20,91,33,Course Page,50,92,93,1,0,7.866666666666666,55.06666666666667,0.1398305084745762,0.3855932203389831,12.0,58.083333333333336,100.0,0.0,0.0,9,0.0,3,66.0,63.333333333333336,41.66666666666666,-2.6666666666666643,DX,1,2026-07-13
4,1,183,33,22,72,20,Course Page,48,45,68,6,0,5.545454545454546,38.81818181818182,0.1092896174863388,0.3934426229508196,15.0,83.28666666666666,100.0,60.0,49.0,15,61.9,0,79.0,98.0,68.95,19.0,S,1,2026-07-13
5,1,356,55,25,169,50,Course Page,61,130,165,0,0,6.472727272727273,45.30909090909091,0.1404494382022472,0.4747191011235955,15.0,86.00666666666666,100.0,10.0,86.0,14,93.05,1,71.0,97.0,91.525,26.0,HD,1,2026-07-13
6,1,852,92,60,469,168,Course Page,69,300,428,10,0,9.26086956521739,64.82608695652173,0.1971830985915492,0.5504694835680751,15.0,81.62666666666668,100.0,54.0,0.0,15,60.45,0,87.0,94.0,57.225,7.0,DX,1,2026-07-13
7,1,1292,123,34,121,405,Course Page,373,194,695,16,0,10.504065040650406,73.52845528455283,0.3134674922600619,0.0936532507739938,15.0,53.53333333333333,80.0,31.0,46.0,9,68.0,6,51.0,59.0,49.5,8.0,S,1,2026-07-13
8,1,301,48,20,244,87,Course Page,59,72,151,0,0,6.270833333333333,43.895833333333336,0.2890365448504983,0.8106312292358804,15.0,57.940000000000005,94.0,0.0,46.0,11,71.05,4,46.0,52.0,82.525,6.0,S,1,2026-07-13
9,1,365,47,23,125,25,Assignment,54,160,144,1,0,7.76595744680851,54.361702127659576,0.0684931506849315,0.3424657534246575,15.0,67.83733333333333,100.0,0.0,75.0,12,52.28,3,94.0,40.0,70.14,-54.0,D,1,2026-07-13
10,1,158,23,15,87,24,Course Page,15,48,90,3,0,6.869565217391305,48.08695652173913,0.1518987341772152,0.5506329113924051,11.0,60.08181818181818,95.0,10.0,32.0,6,84.7,5,56.25,70.0,64.85,13.75,N,1,2026-07-13
11,1,229,35,18,92,55,Course Page,10,68,146,2,0,6.542857142857143,45.8,0.2401746724890829,0.4017467248908297,14.0,77.07142857142857,100.0,0.0,33.0,12,0.0,2,88.0,78.0,55.333333333333336,-10.0,N,1,2026-07-13
12,1,1221,84,42,307,252,Course Page,249,268,630,30,0,14.535714285714286,101.75,0.2063882063882063,0.2514332514332514,15.0,79.43333333333334,100.0,40.0,75.0,14,87.0,1,86.0,79.0,71.0,-7.0,D,1,2026-07-13
13,1,187,38,22,80,27,Course Page,35,41,67,36,0,4.921052631578948,34.44736842105263,0.1443850267379679,0.427807486631016,15.0,98.49333333333334,100.0,88.7,76.0,15,88.7,0,100.0,100.0,94.35,0.0,D,1,2026-07-13
14,1,141,28,19,20,16,Assignment,32,39,39,27,0,5.035714285714286,35.25,0.1134751773049645,0.1418439716312056,14.0,82.82142857142857,100.0,0.0,50.0,13,0.0,1,90.0,91.0,54.66666666666666,1.0,P,1,2026-07-13
15,1,1194,97,48,851,231,Assignment,38,658,477,12,0,12.309278350515465,86.16494845360825,0.1934673366834171,0.7127303182579564,15.0,88.74666666666667,100.0,70.0,59.0,15,81.1,0,92.0,94.0,77.05,2.0,P,1,2026-07-13
16,1,733,68,27,439,250,Course Page,184,137,384,1,0,10.779411764705882,75.45588235294119,0.3410641200545702,0.5989085948158254,15.0,68.83333333333333,100.0,0.0,51.0,12,20.25,3,86.0,66.0,49.125,-20.0,P,1,2026-07-13
17,1,43,8,9,15,13,Course Page,7,17,19,0,0,5.375,37.625,0.3023255813953488,0.3488372093023256,7.0,35.857142857142854,100.0,0.0,5.0,3,0.0,4,73.33333333333333,0.0,3.0,0.0,N,1,2026-07-13
18,1,49,5,9,2,48,Course Page,0,8,41,0,0,9.8,68.6,0.979591836734694,0.0408163265306122,6.0,0.0,0.0,0.0,0.0,0,0.0,6,0.0,0.0,0.0,0.0,N,1,2026-07-13
19,1,535,71,33,216,111,Course Page,130,76,247,20,0,7.535211267605634,52.74647887323944,0.2074766355140186,0.4037383177570093,15.0,93.65333333333334,100.0,70.0,83.0,15,93.15,0,90.0,97.0,94.075,7.0,HD,1,2026-07-13
20,1,161,22,32,67,57,Course Page,49,40,55,1,0,7.318181818181818,51.22727272727273,0.3540372670807453,0.4161490683229814,8.0,53.875,100.0,20.0,34.0,4,65.0,4,100.0,20.0,47.25,-80.0,N,1,2026-07-13
21,1,268,41,40,101,55,Assignment,67,87,85,9,0,6.536585365853658,45.75609756097561,0.2052238805970149,0.376865671641791,8.0,67.8875,100.0,26.5,50.0,7,62.3,1,97.5,70.0,62.9,-27.5,P,1,2026-07-13
22,1,1203,111,36,221,239,Course Page,115,292,765,7,0,10.83783783783784,75.86486486486486,0.198669991687448,0.1837073981712385,15.0,96.584,100.0,88.13,83.0,15,88.13,0,98.0,97.0,94.065,-1.0,HD,1,2026-07-13
23,1,402,58,26,119,59,Course Page,158,50,165,11,0,6.931034482758621,48.51724137931034,0.1467661691542288,0.2960199004975124,15.0,85.1,100.0,55.5,83.0,15,74.0,0,94.0,91.0,64.75,-3.0,HD,1,2026-07-13
24,1,248,30,18,85,9,Course Page,56,41,129,21,0,8.266666666666667,57.86666666666667,0.0362903225806451,0.3427419354838709,9.0,83.38888888888889,100.0,38.5,40.0,8,75.5,1,96.25,0.0,81.75,0.0,SA,1,2026-07-13
25,1,382,49,30,148,43,Course Page,90,101,182,2,0,7.795918367346939,54.57142857142857,0.112565445026178,0.387434554973822,15.0,77.36,100.0,46.2,40.0,13,46.2,2,81.0,83.0,64.6,2.0,SA,1,2026-07-13
26,1,415,47,37,205,80,Course Page,119,81,131,38,0,8.829787234042554,61.80851063829787,0.1927710843373494,0.4939759036144578,12.0,38.083333333333336,70.0,0.0,18.0,4,0.0,8,56.66666666666666,36.0,24.0,-20.666666666666664,N,1,2026-07-13
27,1,266,37,17,58,37,Course Page,71,62,128,0,0,7.1891891891891895,50.32432432432432,0.1390977443609022,0.2180451127819548,13.0,51.68461538461538,80.0,30.0,24.0,6,46.45,7,60.0,50.0,44.225,-10.0,N,1,2026-07-13
28,1,7,3,4,3,0,Course Page,0,3,4,0,0,2.333333333333333,16.333333333333336,0.0,0.4285714285714285,4.0,26.125,95.0,0.0,2.0,1,0.0,3,0.0,95.0,0.0,0.0,N,1,2026-07-13
29,1,379,49,37,83,71,Course Page,39,131,147,19,0,7.73469387755102,54.142857142857146,0.1873350923482849,0.2189973614775725,14.0,75.61428571428571,100.0,56.05,59.0,14,56.05,0,83.0,85.0,57.025,2.0,P,1,2026-07-13
30,1,111,26,18,40,35,Course Page,14,41,49,3,0,4.269230769230769,29.884615384615383,0.3153153153153153,0.3603603603603603,9.0,41.66666666666666,95.0,5.5,17.0,4,5.5,5,52.5,0.0,36.0,0.0,N,1,2026-07-13
31,1,362,46,37,114,38,Course Page,79,117,130,11,0,7.869565217391305,55.08695652173913,0.1049723756906077,0.3149171270718232,15.0,90.15333333333334,100.0,65.8,72.0,15,65.8,0,97.4,90.0,80.4,-7.400000000000006,D,1,2026-07-13
32,1,450,59,50,32,54,Assignment,41,226,161,15,0,7.627118644067797,53.389830508474574,0.12,0.0711111111111111,14.0,84.09285714285714,100.0,59.0,75.0,14,59.4,0,91.25,98.0,59.2,6.75,D,1,2026-07-13
33,1,317,43,31,69,101,Course Page,42,72,166,17,0,7.372093023255814,51.604651162790695,0.3186119873817035,0.2176656151419558,15.0,88.39666666666668,100.0,60.0,49.0,15,91.3,0,78.0,100.0,86.7375,22.0,S,1,2026-07-13
34,1,501,58,28,365,130,Course Page,82,166,230,13,0,8.637931034482758,60.4655172413793,0.2594810379241516,0.7285429141716567,13.0,76.96153846153847,100.0,20.0,44.0,11,83.0,2,81.0,73.33333333333333,78.25,-7.666666666666671,SA,1,2026-07-13
35,1,338,51,34,46,17,Course Page,80,113,123,6,0,6.627450980392157,46.3921568627451,0.0502958579881656,0.136094674556213,15.0,84.97333333333333,100.0,70.35,48.0,15,70.35,0,87.8,90.0,74.175,2.200000000000003,S,1,2026-07-13
36,1,402,48,30,141,60,Course Page,87,87,188,0,0,8.375,58.625,0.1492537313432835,0.3507462686567164,15.0,67.6,90.0,35.0,56.0,13,64.5,2,67.0,63.0,74.75,-4.0,P,1,2026-07-13
37,1,212,36,15,16,4,Course Page,32,60,115,3,0,5.888888888888889,41.22222222222222,0.0188679245283018,0.0754716981132075,14.0,77.27142857142857,95.0,55.0,54.0,14,81.4,0,79.0,73.75,80.7,-5.25,P,1,2026-07-13
38,1,846,84,39,256,166,Course Page,130,242,403,20,0,10.071428571428571,70.5,0.1962174940898345,0.3026004728132387,15.0,67.25333333333333,92.0,35.0,45.0,12,79.65,3,62.0,59.0,85.825,-3.0,S,1,2026-07-13
39,1,211,50,37,41,40,Lecture Material,70,58,59,6,0,4.22,29.54,0.1895734597156398,0.1943127962085308,15.0,81.94266666666667,100.0,61.57,70.0,15,61.57,0,94.0,82.0,65.285,-12.0,D,1,2026-07-13
40,1,321,40,22,154,30,Assignment,31,178,111,1,0,8.025,56.175,0.0934579439252336,0.4797507788161994,14.0,62.392857142857146,100.0,19.0,34.0,12,19.0,2,75.0,72.5,35.5,-2.5,N,1,2026-07-13
41,1,409,43,27,225,101,Course Page,78,122,196,10,0,9.511627906976743,66.5813953488372,0.2469437652811736,0.5501222493887531,10.0,38.9,60.0,0.0,15.0,5,46.0,5,40.0,55.0,30.666666666666668,15.0,N,1,2026-07-13
42,1,266,42,20,128,22,Assignment,24,130,101,1,0,6.333333333333333,44.333333333333336,0.0827067669172932,0.4812030075187969,13.0,84.34615384615384,100.0,60.0,62.0,13,60.0,0,91.0,93.33333333333331,72.0,2.3333333333333286,C,1,2026-07-13
43,1,611,63,36,334,99,Course Page,106,77,402,1,0,9.698412698412698,67.88888888888889,0.1620294599018003,0.546644844517185,14.0,82.27857142857144,100.0,45.0,43.0,13,85.95,1,85.0,88.0,73.475,3.0,SA,1,2026-07-13
44,1,367,38,26,107,75,Course Page,85,96,174,7,0,9.657894736842104,67.60526315789474,0.2043596730245231,0.2915531335149863,13.0,83.9076923076923,100.0,67.9,60.0,13,67.9,0,93.0,88.33333333333333,71.95,-4.666666666666671,C,1,2026-07-13
45,1,478,62,56,257,73,Assignment,67,193,193,8,0,7.709677419354839,53.967741935483865,0.1527196652719665,0.5376569037656904,15.0,89.08666666666666,100.0,65.0,71.0,15,79.15,0,88.0,92.0,86.575,4.0,D,1,2026-07-13
46,1,265,40,22,79,64,Course Page,66,59,118,13,0,6.625,46.375,0.2415094339622641,0.2981132075471698,15.0,72.78666666666666,90.0,40.0,46.0,14,69.65,1,69.0,82.0,65.325,13.0,S,1,2026-07-13
47,1,330,53,26,156,115,Course Page,17,138,163,6,0,6.226415094339623,43.58490566037736,0.3484848484848485,0.4727272727272727,15.0,83.44666666666667,100.0,60.0,43.0,15,75.85,0,81.0,87.0,81.925,6.0,SA,1,2026-07-13
48,1,384,48,32,109,98,Course Page,115,96,160,1,0,8.0,56.0,0.2552083333333333,0.2838541666666667,15.0,72.25733333333332,100.0,25.0,48.0,12,51.43,3,86.0,56.0,75.715,-30.0,S,1,2026-07-13
49,1,439,34,30,366,158,Course Page,133,56,192,32,0,12.911764705882351,90.38235294117648,0.3599088838268792,0.8337129840546698,9.0,63.333333333333336,100.0,29.0,26.0,8,64.5,1,65.0,80.0,62.75,15.0,N,1,2026-07-13
50,1,254,35,41,64,8,Lecture Material,80,37,75,36,0,7.257142857142857,50.8,0.0314960629921259,0.2519685039370078,13.0,46.2,84.0,20.0,60.0,6,51.3,7,40.0,33.333333333333336,67.65,-6.666666666666664,C,1,2026-07-13
51,1,270,57,27,125,41,Course Page,44,94,106,12,0,4.7368421052631575,33.15789473684211,0.1518518518518518,0.4629629629629629,14.0,87.73571428571428,100.0,50.0,82.0,14,97.9,0,89.0,82.5,93.95,-6.5,HD,1,2026-07-13
52,1,244,32,23,120,39,Course Page,70,36,94,10,0,7.625,53.375,0.1598360655737705,0.4918032786885246,15.0,71.03333333333333,100.0,50.0,62.0,15,68.0,0,82.0,67.0,61.5,-15.0,C,1,2026-07-13
53,1,267,42,21,60,79,Course Page,75,66,121,4,0,6.357142857142857,44.5,0.2958801498127341,0.2247191011235955,12.0,57.03333333333333,100.0,19.7,37.0,7,19.7,5,72.0,50.0,44.6,-22.0,N,1,2026-07-13
54,1,748,69,41,322,144,Course Page,86,227,378,1,0,10.840579710144928,75.88405797101449,0.1925133689839572,0.4304812834224599,13.0,74.99230769230769,100.0,30.0,41.0,10,76.45,3,67.5,97.5,62.225,30.0,SA,1,2026-07-13
55,1,711,68,25,147,179,Course Page,39,94,552,6,0,10.455882352941176,73.19117647058825,0.2517580872011252,0.2067510548523206,11.0,45.13636363636363,75.0,0.0,22.0,4,44.0,7,48.75,20.0,59.5,-28.75,N,1,2026-07-13
56,1,261,40,25,71,64,Course Page,31,99,113,8,0,6.525,45.675,0.2452107279693486,0.2720306513409962,15.0,78.56666666666666,100.0,0.0,60.0,14,84.0,1,92.0,59.0,87.0,-33.0,C,1,2026-07-13
57,1,176,38,16,78,22,Course Page,11,45,119,0,0,4.631578947368421,32.421052631578945,0.125,0.4431818181818182,6.0,57.333333333333336,100.0,10.0,47.0,5,62.0,1,100.0,0.0,58.5,0.0,S,1,2026-07-13
58,1,387,46,28,135,68,Course Page,93,46,223,11,0,8.41304347826087,58.891304347826086,0.1757105943152454,0.3488372093023256,12.0,26.375,55.0,0.0,20.0,4,53.75,8,17.5,6.666666666666667,54.375,-10.833333333333332,N,1,2026-07-13
59,1,221,28,16,77,28,Course Page,50,48,123,0,0,7.892857142857143,55.25,0.1266968325791855,0.3484162895927601,9.0,55.67777777777778,85.0,29.0,19.0,6,36.05,3,78.33333333333333,55.0,45.525,-23.33333333333333,N,1,2026-07-13
60,1,455,69,27,180,125,Course Page,40,177,214,15,0,6.594202898550725,46.15942028985507,0.2747252747252747,0.3956043956043956,15.0,90.91333333333334,100.0,80.0,65.0,15,84.15,0,91.8,91.0,89.575,-0.7999999999999972,C,1,2026-07-13
61,1,280,49,34,118,59,Course Page,84,64,88,14,0,5.714285714285714,40.0,0.2107142857142857,0.4214285714285714,15.0,91.0,100.0,60.0,83.0,15,80.0,0,98.0,88.0,85.5,-10.0,HD,1,2026-07-13
62,1,220,37,28,98,71,Course Page,47,58,105,4,0,5.945945945945946,41.62162162162162,0.3227272727272727,0.4454545454545454,15.0,74.58,95.0,50.0,48.0,15,88.35,0,79.0,69.0,76.175,-10.0,S,1,2026-07-13
63,1,347,53,31,118,41,Course Page,40,77,204,5,0,6.547169811320755,45.83018867924528,0.1181556195965417,0.3400576368876081,14.0,79.5,100.0,40.0,46.0,13,65.5,1,88.0,75.0,74.75,-13.0,S,1,2026-07-13
64,1,551,30,28,345,60,Course Page,64,49,410,9,0,18.366666666666667,128.56666666666666,0.1088929219600726,0.6261343012704175,10.0,48.73,80.0,10.0,23.0,7,65.65,3,40.0,50.0,61.325,10.0,N,1,2026-07-13
65,1,408,50,34,165,38,Course Page,43,137,180,15,0,8.16,57.12,0.0931372549019607,0.4044117647058823,15.0,83.24666666666667,95.0,58.0,58.0,15,88.4,0,83.8,90.0,73.2,6.200000000000003,P,1,2026-07-13
66,1,213,44,24,39,47,Course Page,71,59,74,3,0,4.840909090909091,33.88636363636364,0.2206572769953051,0.1830985915492957,15.0,74.21333333333334,100.0,30.0,46.0,14,72.35,1,66.0,77.0,81.675,11.0,S,1,2026-07-13
67,1,193,18,42,172,40,Assignment,38,110,34,7,0,10.72222222222222,75.05555555555554,0.2072538860103626,0.8911917098445595,15.0,87.22666666666667,100.0,67.7,70.0,15,67.7,0,96.0,86.0,76.85,-10.0,D,1,2026-07-13
68,1,503,74,31,73,85,Course Page,71,69,342,2,0,6.797297297297297,47.58108108108108,0.1689860834990059,0.1451292246520874,15.0,75.48666666666666,100.0,30.0,44.0,12,41.65,3,72.0,90.0,60.325,18.0,SA,1,2026-07-13
69,1,151,33,22,57,12,Course Page,26,46,78,0,0,4.575757575757576,32.03030303030303,0.0794701986754966,0.3774834437086092,15.0,71.59466666666667,100.0,47.21,58.0,13,47.21,2,74.0,75.0,63.605,1.0,P,1,2026-07-13
70,1,463,46,24,105,76,Course Page,85,89,268,8,0,10.065217391304348,70.45652173913044,0.1641468682505399,0.2267818574514039,15.0,95.83733333333332,100.0,88.28,85.0,15,88.28,0,98.0,96.0,92.64,-2.0,HD,1,2026-07-13
71,1,91,20,14,38,25,Assignment,2,58,24,5,0,4.55,31.85,0.2747252747252747,0.4175824175824176,14.0,54.642857142857146,80.0,0.0,30.0,10,66.0,4,55.0,42.0,73.0,-13.0,N,1,2026-07-13
72,1,452,50,31,192,33,Course Page,75,149,207,8,0,9.04,63.28,0.0730088495575221,0.4247787610619469,15.0,75.97333333333333,100.0,40.0,66.0,14,96.3,1,80.0,62.0,89.65,-18.0,C,1,2026-07-13
73,1,252,39,35,169,48,Assignment,21,106,99,16,0,6.461538461538462,45.23076923076923,0.1904761904761904,0.6706349206349206,10.0,53.4,100.0,0.0,11.0,5,0.0,5,80.0,75.0,9.333333333333334,-5.0,N,1,2026-07-13
74,1,327,60,18,149,59,Course Page,52,60,209,0,0,5.45,38.15,0.1804281345565749,0.45565749235474,15.0,76.5,95.0,30.0,54.0,14,50.0,1,76.0,81.0,71.0,5.0,P,1,2026-07-13
75,1,494,65,24,261,106,Course Page,19,232,240,0,0,7.6,53.2,0.2145748987854251,0.52834008097166,14.0,73.39285714285714,100.0,40.0,55.0,11,41.0,3,70.0,93.75,57.5,23.75,P,1,2026-07-13
76,1,187,29,28,42,24,Assignment,25,78,78,1,0,6.448275862068965,45.137931034482754,0.1283422459893048,0.2245989304812834,15.0,64.23333333333333,100.0,20.0,53.0,11,45.0,4,76.0,61.0,52.5,-15.0,P,1,2026-07-13
77,1,220,35,24,90,28,Course Page,68,45,85,15,0,6.285714285714286,44.0,0.1272727272727272,0.4090909090909091,10.0,70.47,100.0,38.0,50.0,9,89.35,1,70.0,100.0,71.675,30.0,P,1,2026-07-13
78,1,445,66,27,247,87,Course Page,52,56,321,5,0,6.742424242424242,47.196969696969695,0.195505617977528,0.5550561797752809,14.0,76.72142857142856,100.0,50.0,39.0,14,73.3,0,71.25,78.0,82.9,6.75,N,1,2026-07-13
79,1,375,47,29,104,82,Course Page,96,103,145,3,0,7.978723404255319,55.85106382978724,0.2186666666666666,0.2773333333333333,14.0,70.85714285714286,100.0,40.0,63.0,13,63.0,1,86.0,65.0,58.25,-21.0,C,1,2026-07-13
80,1,333,56,21,151,116,Course Page,51,86,193,2,0,5.946428571428571,41.625,0.3483483483483483,0.4534534534534534,15.0,81.77333333333333,100.0,65.0,67.0,15,79.3,0,86.0,78.0,81.15,-8.0,C,1,2026-07-13
81,1,511,76,38,129,125,Lecture Material,159,149,152,22,0,6.723684210526316,47.065789473684205,0.2446183953033268,0.2524461839530332,15.0,35.906666666666666,75.0,10.0,25.0,4,48.8,11,15.0,55.0,38.4,40.0,N,1,2026-07-13
82,1,657,66,29,253,82,Course Page,102,236,299,7,0,9.954545454545457,69.68181818181819,0.1248097412480974,0.3850837138508371,15.0,92.12666666666668,100.0,70.0,73.0,15,88.7,0,90.0,93.0,93.85,3.0,D,1,2026-07-13
83,1,325,50,23,92,61,Course Page,36,69,212,7,0,6.5,45.5,0.1876923076923076,0.283076923076923,15.0,68.04,100.0,40.0,30.0,12,45.3,3,69.0,79.0,51.65,10.0,N,1,2026-07-13
84,1,353,46,24,160,45,Course Page,52,58,227,3,0,7.673913043478261,53.71739130434783,0.1274787535410765,0.4532577903682719,15.0,83.09333333333333,100.0,69.0,52.0,15,70.2,0,84.0,92.0,69.6,8.0,P,1,2026-07-13
85,1,191,35,19,87,43,Course Page,11,72,103,1,0,5.457142857142857,38.2,0.225130890052356,0.4554973821989528,15.0,69.76666666666667,100.0,0.0,21.0,10,0.0,5,79.0,100.0,15.5,21.0,N,1,2026-07-13
86,1,343,47,32,174,43,Course Page,75,66,165,16,0,7.297872340425532,51.08510638297872,0.1253644314868804,0.5072886297376094,12.0,57.76666666666667,100.0,20.0,30.0,8,68.1,4,65.0,43.333333333333336,66.05,-21.666666666666664,N,1,2026-07-13
87,1,120,14,16,27,13,Assignment,13,60,45,1,0,8.571428571428571,60.0,0.1083333333333333,0.225,14.0,59.17857142857143,100.0,0.0,41.0,9,56.0,5,55.0,75.0,49.0,20.0,SA,1,2026-07-13
88,1,109,19,12,27,28,Course Page,14,37,55,0,0,5.7368421052631575,40.1578947368421,0.2568807339449541,0.2477064220183486,9.0,74.33333333333333,100.0,0.0,62.0,7,86.5,2,75.0,0.0,84.75,0.0,C,1,2026-07-13
89,1,284,62,20,165,64,Assignment,20,144,100,4,0,4.580645161290323,32.064516129032256,0.2253521126760563,0.5809859154929577,8.0,14.0,38.0,0.0,9.0,0,38.0,8,0.0,0.0,28.0,0.0,N,1,2026-07-13
90,1,502,51,32,95,64,Course Page,78,171,227,15,0,9.84313725490196,68.90196078431373,0.1274900398406374,0.1892430278884462,15.0,87.90666666666667,100.0,79.0,73.0,15,82.55,0,92.0,89.0,80.775,-3.0,D,1,2026-07-13
91,1,311,51,28,149,41,Course Page,40,78,152,13,0,6.098039215686274,42.68627450980392,0.1318327974276527,0.4790996784565916,15.0,84.86,100.0,50.0,72.0,15,84.95,0,74.0,92.0,89.975,18.0,D,1,2026-07-13
92,1,488,51,41,75,94,Course Page,94,146,180,28,0,9.568627450980392,66.98039215686275,0.1926229508196721,0.1536885245901639,10.0,78.85,100.0,43.5,40.0,9,72.5,1,78.33333333333333,100.0,77.5,21.66666666666667,SA,1,2026-07-13
93,1,188,31,24,45,7,Course Page,39,53,63,7,0,6.064516129032258,42.4516129032258,0.0372340425531914,0.2393617021276596,13.0,32.19230769230769,60.0,0.0,33.0,3,23.0,10,41.0,26.666666666666668,26.25,-14.333333333333332,N,1,2026-07-13
94,1,417,35,26,164,46,Course Page,117,107,160,0,0,11.914285714285716,83.4,0.1103117505995203,0.3932853717026379,14.0,53.785714285714285,90.0,17.0,51.0,8,17.0,6,75.0,56.25,23.25,-18.75,P,1,2026-07-13
95,1,244,31,34,137,72,Course Page,35,96,97,1,0,7.870967741935484,55.096774193548384,0.2950819672131147,0.5614754098360656,12.0,41.833333333333336,86.0,0.0,0.0,4,0.0,8,55.0,26.666666666666668,43.0,-28.33333333333333,DX,1,2026-07-13
96,1,780,74,46,653,188,Assignment,73,351,337,12,0,10.54054054054054,73.78378378378379,0.241025641025641,0.8371794871794872,15.0,68.36,100.0,1.2,25.0,11,1.2,4,82.0,88.0,22.6,6.0,N,1,2026-07-13
97,1,157,35,15,39,54,Course Page,49,45,56,5,0,4.485714285714286,31.4,0.3439490445859872,0.2484076433121019,12.0,76.825,100.0,55.5,44.0,12,55.7,0,88.33333333333333,72.5,77.85,-15.833333333333329,SA,1,2026-07-13
98,1,145,23,16,67,31,Course Page,47,29,66,0,0,6.304347826086956,44.130434782608695,0.2137931034482758,0.4620689655172413,8.0,51.275,100.0,0.0,28.0,5,73.1,3,40.0,0.0,69.55,0.0,N,1,2026-07-13
99,1,417,49,36,77,31,Course Page,114,78,183,12,0,8.510204081632653,59.57142857142857,0.0743405275779376,0.184652278177458,14.0,74.25,100.0,0.0,60.0,13,79.0,1,90.0,53.75,77.0,-36.25,C,1,2026-07-13
100,1,57,20,5,8,6,Course Page,1,2,53,1,0,2.85,19.95,0.1052631578947368,0.1403508771929824,10.0,41.15,75.0,0.0,10.0,5,0.0,5,61.25,50.0,21.75,-11.25,N,1,2026-07-13
101,1,733,50,30,296,161,Course Page,162,118,423,0,0,14.66,102.62,0.2196452933151432,0.4038199181446112,15.0,71.86666666666666,90.0,43.0,38.0,13,67.0,2,74.0,82.0,55.0,8.0,N,1,2026-07-13
102,1,121,15,11,53,24,Course Page,17,43,57,0,0,8.066666666666666,56.46666666666667,0.1983471074380165,0.4380165289256198,8.0,10.375,25.0,0.0,2.0,0,0.0,8,16.666666666666668,20.0,2.0,3.333333333333332,N,1,2026-07-13
103,1,444,81,45,215,128,Course Page,35,160,234,5,0,5.481481481481482,38.37037037037037,0.2882882882882883,0.4842342342342342,15.0,89.96666666666667,100.0,40.0,74.0,13,93.0,2,97.0,100.0,66.5,3.0,D,1,2026-07-13
104,1,421,72,28,140,80,Assignment,94,143,101,36,0,5.847222222222222,40.93055555555555,0.1900237529691211,0.332541567695962,15.0,91.53333333333332,100.0,75.0,72.0,15,94.0,0,96.0,86.0,93.0,-10.0,D,1,2026-07-13
105,1,211,40,22,90,30,Course Page,28,74,95,5,0,5.275,36.925,0.1421800947867298,0.4265402843601896,12.0,65.48333333333333,90.0,25.0,36.0,10,65.65,2,76.0,57.5,60.325,-18.5,N,1,2026-07-13
106,1,638,68,43,395,140,Course Page,65,188,345,7,0,9.382352941176473,65.6764705882353,0.219435736677116,0.6191222570532915,14.0,48.75714285714286,100.0,0.0,33.0,8,32.8,6,46.0,60.0,41.4,14.0,N,1,2026-07-13
107,1,678,69,46,174,108,Course Page,149,180,300,2,0,9.826086956521738,68.78260869565217,0.1592920353982301,0.2566371681415929,14.0,68.35714285714286,100.0,30.0,53.0,13,77.0,1,70.0,65.0,71.5,-5.0,P,1,2026-07-13
108,1,333,32,25,260,79,Course Page,98,66,151,9,0,10.40625,72.84375,0.2372372372372372,0.7807807807807807,14.0,58.46428571428572,85.0,0.0,57.0,12,76.0,2,70.0,38.75,65.75,-31.25,P,1,2026-07-13
109,1,205,30,19,103,6,Course Page,40,46,110,0,0,6.833333333333333,47.833333333333336,0.0292682926829268,0.5024390243902439,11.0,68.95454545454545,90.0,43.5,66.0,10,85.0,1,67.5,82.5,70.0,15.0,C,1,2026-07-13
110,1,251,30,30,194,56,Assignment,34,104,104,2,0,8.366666666666667,58.56666666666667,0.2231075697211155,0.7729083665338645,10.0,51.2,70.0,27.0,22.0,6,58.5,4,56.66666666666666,50.0,53.75,-6.666666666666664,N,1,2026-07-13
111,1,257,25,34,153,18,Assignment,9,147,92,1,0,10.28,71.96,0.0700389105058365,0.5953307392996109,13.0,81.69999999999999,100.0,63.3,45.0,13,63.3,0,99.0,76.66666666666667,66.15,-22.33333333333333,S,1,2026-07-13
112,1,189,26,24,79,31,Assignment,15,80,77,2,0,7.269230769230769,50.88461538461538,0.164021164021164,0.4179894179894179,14.0,67.51428571428572,100.0,30.0,52.0,12,52.85,2,53.75,82.0,64.425,28.25,P,1,2026-07-13
113,1,502,67,30,198,77,Course Page,50,120,293,1,0,7.492537313432836,52.44776119402985,0.1533864541832669,0.3944223107569721,15.0,31.466666666666665,75.0,0.0,24.0,5,62.0,10,17.0,19.0,68.5,2.0,N,1,2026-07-13
114,1,157,22,22,85,4,Assignment,15,92,46,0,0,7.136363636363637,49.95454545454545,0.0254777070063694,0.5414012738853503,15.0,80.2,100.0,60.0,68.0,15,86.0,0,83.0,81.0,75.25,-2.0,C,1,2026-07-13
115,1,455,47,27,73,70,Course Page,100,151,195,2,0,9.680851063829786,67.76595744680851,0.1538461538461538,0.1604395604395604,14.0,73.57142857142857,100.0,50.0,58.0,14,65.0,0,84.0,70.0,65.0,-14.0,P,1,2026-07-13
116,1,127,18,13,91,43,Course Page,11,45,62,8,0,7.055555555555555,49.388888888888886,0.3385826771653543,0.7165354330708661,6.0,50.48333333333333,78.0,0.0,23.0,4,73.45,2,0.0,0.0,75.725,0.0,N,1,2026-07-13
117,1,105,20,22,8,9,Assignment,24,53,23,2,0,5.25,36.75,0.0857142857142857,0.0761904761904762,15.0,92.2,100.0,50.0,82.0,15,91.5,0,100.0,100.0,70.75,0.0,HD,1,2026-07-13
118,1,803,74,32,219,117,Assignment,127,351,295,7,0,10.85135135135135,75.95945945945947,0.1457036114570361,0.2727272727272727,15.0,79.42,100.0,30.0,64.0,14,94.65,1,72.0,80.0,88.825,8.0,C,1,2026-07-13
119,1,165,29,22,66,9,Course Page,39,59,66,0,0,5.689655172413793,39.82758620689655,0.0545454545454545,0.4,15.0,69.7,100.0,10.0,50.0,11,77.5,4,80.0,67.0,59.25,-13.0,P,1,2026-07-13
120,1,191,37,15,42,34,Course Page,61,35,90,3,0,5.162162162162162,36.13513513513514,0.1780104712041884,0.2198952879581152,14.0,88.57857142857142,100.0,64.0,61.0,14,83.05,0,100.0,92.0,73.525,-8.0,C,1,2026-07-13
121,1,230,27,33,108,45,Course Page,71,40,100,2,0,8.518518518518519,59.629629629629626,0.1956521739130435,0.4695652173913043,8.0,48.625,80.0,18.5,25.0,5,31.75,3,65.0,55.0,46.375,-10.0,N,1,2026-07-13
122,1,171,22,24,12,4,Assignment,40,66,59,0,0,7.772727272727272,54.409090909090914,0.023391812865497,0.0701754385964912,14.0,92.64,100.0,78.73,64.0,14,78.73,0,100.0,96.25,80.86500000000001,-3.75,C,1,2026-07-13
123,1,134,21,26,64,13,Course Page,44,38,44,4,0,6.380952380952381,44.66666666666666,0.0970149253731343,0.4776119402985074,10.0,34.05,63.0,0.0,18.0,4,63.0,6,36.25,25.0,42.0,-11.25,N,1,2026-07-13
124,1,599,89,29,211,134,Course Page,190,65,320,22,0,6.730337078651686,47.1123595505618,0.2237061769616026,0.352253756260434,15.0,80.41333333333334,95.0,69.0,72.0,15,72.1,0,83.0,85.0,70.55,2.0,D,1,2026-07-13
125,1,669,89,33,185,153,Course Page,194,107,351,8,0,7.51685393258427,52.61797752808989,0.2286995515695067,0.2765321375186846,15.0,85.4,100.0,70.0,75.0,15,73.5,0,88.0,92.0,72.75,4.0,D,1,2026-07-13
126,1,205,29,20,22,83,Assignment,32,88,78,2,0,7.068965517241379,49.48275862068965,0.4048780487804878,0.1073170731707317,15.0,65.63333333333334,100.0,0.0,53.0,12,54.0,3,72.0,55.0,71.5,-17.0,P,1,2026-07-13
127,1,169,28,19,91,35,Course Page,32,50,83,0,0,6.035714285714286,42.25,0.2071005917159763,0.5384615384615384,11.0,38.95454545454545,85.0,0.0,23.0,6,0.0,5,42.0,85.0,26.0,43.0,N,1,2026-07-13
128,1,230,44,23,71,45,Course Page,18,97,104,5,0,5.227272727272728,36.59090909090909,0.1956521739130435,0.308695652173913,12.0,67.86666666666666,85.0,51.0,30.0,12,68.7,0,66.25,81.66666666666667,63.35,15.416666666666671,N,1,2026-07-13
129,1,662,60,34,264,156,Course Page,147,162,309,1,0,11.033333333333331,77.23333333333333,0.2356495468277945,0.3987915407854985,12.0,55.0,100.0,20.0,24.0,8,30.0,4,58.0,55.0,55.0,-3.0,N,1,2026-07-13
130,1,183,31,15,70,30,Assignment,35,76,72,0,0,5.903225806451613,41.32258064516129,0.1639344262295081,0.3825136612021858,8.0,64.725,100.0,23.0,25.0,6,57.4,2,76.66666666666667,0.0,66.2,0.0,N,1,2026-07-13
131,1,261,35,29,76,37,Course Page,67,72,102,8,0,7.457142857142857,52.2,0.1417624521072797,0.2911877394636015,15.0,87.54666666666667,100.0,76.35,82.0,15,76.35,0,91.0,84.0,87.675,-7.0,HD,1,2026-07-13
132,1,341,42,28,97,27,Course Page,27,127,169,10,0,8.119047619047619,56.833333333333336,0.0791788856304985,0.2844574780058651,14.0,79.64999999999999,100.0,50.0,63.0,14,95.55,0,78.0,72.5,91.775,-5.5,C,1,2026-07-13
133,1,157,18,18,49,16,Course Page,23,54,70,0,0,8.722222222222221,61.05555555555555,0.1019108280254777,0.3121019108280254,7.0,24.685714285714287,50.0,0.0,10.0,1,28.9,6,50.0,0.0,29.45,-50.0,N,1,2026-07-13
134,1,418,37,31,214,88,Course Page,120,75,201,15,0,11.297297297297296,79.08108108108108,0.2105263157894736,0.5119617224880383,12.0,54.333333333333336,95.0,20.0,27.0,7,62.0,5,36.66666666666666,72.5,53.0,35.833333333333336,N,1,2026-07-13
135,1,237,30,37,175,32,Assignment,20,140,70,1,0,7.9,55.3,0.1350210970464135,0.7383966244725738,14.0,78.47857142857143,100.0,37.0,38.0,12,50.35,2,96.0,90.0,43.675,-6.0,N,1,2026-07-13
136,1,359,51,22,145,87,Course Page,29,159,161,2,0,7.03921568627451,49.27450980392157,0.2423398328690807,0.403899721448468,14.0,73.15714285714286,83.85,65.0,56.0,14,83.85,0,75.0,71.0,75.925,-4.0,P,1,2026-07-13
137,1,307,28,42,114,29,Assignment,26,188,90,0,0,10.964285714285714,76.75,0.0944625407166123,0.3713355048859935,15.0,78.88000000000001,100.0,50.35,37.0,15,50.35,0,89.0,88.0,52.425,-1.0,N,1,2026-07-13
138,1,214,24,20,92,61,Assignment,17,99,93,1,0,8.916666666666666,62.41666666666667,0.2850467289719626,0.4299065420560747,13.0,74.6923076923077,100.0,30.0,42.0,11,88.5,2,71.25,78.75,77.75,7.5,SA,1,2026-07-13
139,1,135,22,15,72,40,Course Page,14,54,64,0,0,6.136363636363637,42.95454545454545,0.2962962962962963,0.5333333333333333,13.0,45.61538461538461,80.0,0.0,33.0,8,65.0,5,46.0,26.666666666666668,63.0,-19.33333333333333,N,1,2026-07-13
140,1,7,5,3,1,2,Course Page,0,2,4,1,0,1.4,9.8,0.2857142857142857,0.1428571428571428,4.0,5.5,20.0,0.0,0.0,0,0.0,4,20.0,0.0,0.0,0.0,N,1,2026-07-13
141,1,374,51,28,119,53,Course Page,58,100,201,9,0,7.333333333333333,51.333333333333336,0.141711229946524,0.3181818181818182,14.0,55.29,100.0,30.0,48.0,8,43.78,6,61.0,40.0,65.64,-21.0,S,1,2026-07-13
142,1,277,47,24,39,44,Course Page,55,57,125,6,0,5.893617021276596,41.25531914893617,0.1588447653429603,0.1407942238267148,14.0,89.41428571428571,100.0,75.0,71.0,14,95.9,0,92.5,90.0,87.45,-2.5,D,1,2026-07-13
143,1,501,38,26,232,64,Course Page,162,65,235,9,0,13.18421052631579,92.28947368421052,0.1277445109780439,0.4630738522954092,7.0,45.142857142857146,90.0,0.0,13.0,3,0.0,4,55.0,30.0,54.0,-25.0,N,1,2026-07-13
144,1,105,12,17,90,27,Course Page,3,33,66,0,0,8.75,61.25,0.2571428571428571,0.8571428571428571,10.0,62.5,95.0,0.0,58.0,7,87.0,3,60.0,72.5,58.0,12.5,P,1,2026-07-13
145,1,112,10,16,82,2,Lecture Material,48,26,35,3,0,11.2,78.39999999999999,0.0178571428571428,0.7321428571428571,8.0,58.875,100.0,0.0,17.0,5,0.0,3,77.5,0.0,43.333333333333336,0.0,N,1,2026-07-13
146,1,176,34,18,87,41,Course Page,58,39,63,2,0,5.176470588235294,36.235294117647065,0.2329545454545454,0.4943181818181818,7.0,60.07142857142857,75.0,14.5,22.0,6,55.5,1,72.5,0.0,65.25,0.0,N,1,2026-07-13
147,1,265,37,26,83,78,Course Page,59,81,115,8,0,7.162162162162162,50.13513513513514,0.2943396226415094,0.3132075471698113,10.0,65.25,100.0,12.75,25.0,6,12.75,4,92.5,40.0,50.375,-52.5,N,1,2026-07-13
148,1,101,21,18,44,17,Assignment,26,38,34,3,0,4.809523809523809,33.666666666666664,0.1683168316831683,0.4356435643564356,9.0,58.28888888888889,100.0,30.0,24.0,5,55.8,4,93.33333333333331,30.0,45.9,-63.33333333333333,N,1,2026-07-13
149,1,166,22,35,63,9,Assignment,14,126,26,0,0,7.545454545454546,52.81818181818182,0.0542168674698795,0.3795180722891566,14.0,87.92857142857143,100.0,62.75,60.0,14,62.75,0,99.0,97.5,64.375,-1.5,C,1,2026-07-13
150,1,94,25,14,25,20,Course Page,18,27,40,0,0,3.76,26.32,0.2127659574468085,0.2659574468085106,14.0,90.15,100.0,49.0,69.0,12,95.3,2,97.0,100.0,72.15,3.0,C,1,2026-07-13
151,1,54,13,13,27,10,Course Page,14,10,28,0,0,4.153846153846154,29.07692307692308,0.1851851851851851,0.5,10.0,53.9,100.0,0.0,10.0,6,0.0,4,45.0,80.0,0.0,35.0,N,1,2026-07-13
152,1,203,24,18,118,43,Course Page,31,76,87,1,0,8.458333333333334,59.208333333333336,0.2118226600985221,0.5812807881773399,8.0,19.5,38.0,0.0,11.0,0,38.0,8,5.0,10.0,33.5,5.0,N,1,2026-07-13
153,1,92,22,13,66,15,Assignment,23,60,8,0,0,4.181818181818182,29.27272727272728,0.1630434782608695,0.717391304347826,13.0,52.29230769230769,65.0,10.0,26.0,10,60.4,3,51.0,45.0,62.7,-6.0,N,1,2026-07-13
154,1,220,28,34,152,39,Course Page,42,42,115,2,0,7.857142857142857,55.0,0.1772727272727272,0.6909090909090909,5.0,11.4,50.0,0.0,1.0,1,0.0,4,0.0,50.0,0.6666666666666666,0.0,N,1,2026-07-13
155,1,8,3,4,6,0,Course Page,1,2,4,0,0,2.6666666666666665,18.666666666666668,0.0,0.75,6.0,0.0,0.0,0.0,0.0,0,0.0,6,0.0,0.0,0.0,0.0,N,1,2026-07-13
156,1,75,18,14,9,6,Course Page,15,26,30,2,0,4.166666666666667,29.166666666666664,0.08,0.12,15.0,84.06,100.0,50.0,42.0,15,82.7,0,82.0,83.0,88.35,1.0,SA,1,2026-07-13
157,1,96,15,20,45,10,Course Page,24,15,50,0,0,6.4,44.8,0.1041666666666666,0.46875,10.0,19.15,80.0,0.0,5.0,2,0.0,8,29.0,0.0,10.666666666666666,-29.0,N,1,2026-07-13
158,1,48,9,8,11,2,Course Page,4,14,29,0,0,5.333333333333333,37.33333333333333,0.0416666666666666,0.2291666666666666,8.0,8.25,33.0,0.0,3.0,0,0.0,8,0.0,0.0,22.0,0.0,N,1,2026-07-13
159,1,47,6,9,5,0,Assignment,7,23,17,0,0,7.833333333333333,54.833333333333336,0.0,0.1063829787234042,6.0,34.5,90.0,0.0,5.0,2,0.0,4,75.0,0.0,14.0,0.0,N,1,2026-07-13
160,1,101,14,11,6,21,Course Page,14,36,46,0,0,7.214285714285714,50.5,0.2079207920792079,0.0594059405940594,8.0,12.5,50.0,0.0,5.0,2,0.0,6,0.0,0.0,25.0,0.0,N,1,2026-07-13
161,1,134,17,14,58,40,Course Page,20,40,70,4,0,7.882352941176471,55.1764705882353,0.2985074626865671,0.4328358208955223,6.0,20.166666666666668,50.0,0.0,3.0,1,0.0,5,36.66666666666666,0.0,0.0,0.0,N,1,2026-07-13
162,1,71,12,17,35,14,Course Page,11,25,30,1,0,5.916666666666667,41.41666666666667,0.1971830985915492,0.4929577464788732,12.0,29.791666666666668,80.0,0.0,7.0,5,0.0,7,49.0,40.0,0.0,-9.0,N,1,2026-07-13
163,1,170,21,27,118,58,Assignment,18,120,27,0,0,8.095238095238095,56.66666666666666,0.3411764705882353,0.6941176470588235,9.0,67.22222222222223,100.0,0.0,11.0,7,0.0,2,90.0,100.0,0.0,10.0,N,1,2026-07-13
164,1,16,7,4,15,8,Course Page,0,2,13,0,0,2.2857142857142856,16.0,0.5,0.9375,3.0,0.0,0.0,0.0,0.0,0,0.0,3,0.0,0.0,0.0,0.0,N,1,2026-07-13
165,1,38,9,10,5,12,Course Page,11,9,16,0,0,4.222222222222222,29.55555555555556,0.3157894736842105,0.131578947368421,5.0,33.0,80.0,0.0,3.0,2,0.0,3,75.0,0.0,0.0,0.0,N,1,2026-07-13
166,1,12,7,2,7,7,Assignment,0,7,5,0,0,1.7142857142857142,12.0,0.5833333333333334,0.5833333333333334,4.0,5.5,20.0,0.0,0.0,0,0.0,4,20.0,0.0,0.0,0.0,N,1,2026-07-13
167,1,14,5,6,12,3,Course Page,2,2,8,1,0,2.8,19.6,0.2142857142857142,0.8571428571428571,5.0,0.0,0.0,0.0,0.0,0,0.0,5,0.0,0.0,0.0,0.0,N,1,2026-07-13
168,1,103,6,13,6,32,Course Page,29,21,45,0,0,17.166666666666668,120.16666666666669,0.3106796116504854,0.058252427184466,4.0,23.375,85.0,0.0,2.0,1,0.0,3,85.0,0.0,0.0,0.0,N,1,2026-07-13
169,1,2,1,2,0,0,Course Page,0,0,1,1,0,2.0,14.0,0.0,0.0,6.0,0.0,0.0,0.0,0.0,0,0.0,6,0.0,0.0,0.0,0.0,N,1,2026-07-13
170,1,0,0,0,0,0,No Activity,0,0,0,0,0,0.0,0.0,0.0,0.0,4.0,0.0,0.0,0.0,0.0,0,0.0,4,0.0,0.0,0.0,0.0,N,1,2026-07-13
171,1,0,0,0,0,0,No Activity,0,0,0,0,0,0.0,0.0,0.0,0.0,7.0,0.0,0.0,0.0,0.0,0,0.0,7,0.0,0.0,0.0,0.0,N,1,2026-07-13
172,2,11,3,8,0,1,Other,1,0,0,1,0,3.6666666666666665,25.666666666666668,0.0909090909090909,0.0,0.0,0.0,0.0,0.0,0.0,0,0.0,0,0.0,0.0,0.0,0.0,No Result,2,2026-07-13
173,3,5,1,4,0,0,Other,0,0,0,0,0,5.0,35.0,0.0,0.0,0.0,0.0,0.0,0.0,0.0,0,0.0,0,0.0,0.0,0.0,0.0,No Result,2,2026-07-13
1,1,1086,97,27,291,126,Assignment,5,939,142,0,0,11.195876288659791,78.37113402061856,0.1160220994475138,0.2679558011049723,0.0,0.0,0.0,0.0,0.0,0,0.0,0,0.0,0.0,0.0,0.0,No Result,1,2026-07-14
2,1,549,53,39,256,114,Course Page,137,184,192,15,0,10.358490566037736,72.50943396226415,0.2076502732240437,0.4663023679417122,15.0,70.53999999999999,100.0,0.0,41.0,10,44.8,5,95.0,72.0,34.9,-23.0,SA,1,2026-07-14
3,1,236,30,20,91,33,Course Page,50,92,93,1,0,7.866666666666666,55.06666666666667,0.1398305084745762,0.3855932203389831,12.0,58.083333333333336,100.0,0.0,0.0,9,0.0,3,66.0,63.333333333333336,41.66666666666666,-2.6666666666666643,DX,1,2026-07-14
4,1,183,33,22,72,20,Course Page,48,45,68,6,0,5.545454545454546,38.81818181818182,0.1092896174863388,0.3934426229508196,15.0,83.28666666666666,100.0,60.0,49.0,15,61.9,0,79.0,98.0,68.95,19.0,S,1,2026-07-14
5,1,356,55,25,169,50,Course Page,61,130,165,0,0,6.472727272727273,45.30909090909091,0.1404494382022472,0.4747191011235955,15.0,86.00666666666666,100.0,10.0,86.0,14,93.05,1,71.0,97.0,91.525,26.0,HD,1,2026-07-14
6,1,852,92,60,469,168,Course Page,69,300,428,10,0,9.26086956521739,64.82608695652173,0.1971830985915492,0.5504694835680751,15.0,81.62666666666668,100.0,54.0,0.0,15,60.45,0,87.0,94.0,57.225,7.0,DX,1,2026-07-14
7,1,1292,123,34,121,405,Course Page,373,194,695,16,0,10.504065040650406,73.52845528455283,0.3134674922600619,0.0936532507739938,15.0,53.53333333333333,80.0,31.0,46.0,9,68.0,6,51.0,59.0,49.5,8.0,S,1,2026-07-14
8,1,301,48,20,244,87,Course Page,59,72,151,0,0,6.270833333333333,43.895833333333336,0.2890365448504983,0.8106312292358804,15.0,57.940000000000005,94.0,0.0,46.0,11,71.05,4,46.0,52.0,82.525,6.0,S,1,2026-07-14
9,1,365,47,23,125,25,Assignment,54,160,144,1,0,7.76595744680851,54.361702127659576,0.0684931506849315,0.3424657534246575,15.0,67.83733333333333,100.0,0.0,75.0,12,52.28,3,94.0,40.0,70.14,-54.0,D,1,2026-07-14
10,1,158,23,15,87,24,Course Page,15,48,90,3,0,6.869565217391305,48.08695652173913,0.1518987341772152,0.5506329113924051,11.0,60.08181818181818,95.0,10.0,32.0,6,84.7,5,56.25,70.0,64.85,13.75,N,1,2026-07-14
11,1,229,35,18,92,55,Course Page,10,68,146,2,0,6.542857142857143,45.8,0.2401746724890829,0.4017467248908297,14.0,77.07142857142857,100.0,0.0,33.0,12,0.0,2,88.0,78.0,55.333333333333336,-10.0,N,1,2026-07-14
12,1,1221,84,42,307,252,Course Page,249,268,630,30,0,14.535714285714286,101.75,0.2063882063882063,0.2514332514332514,15.0,79.43333333333334,100.0,40.0,75.0,14,87.0,1,86.0,79.0,71.0,-7.0,D,1,2026-07-14
13,1,187,38,22,80,27,Course Page,35,41,67,36,0,4.921052631578948,34.44736842105263,0.1443850267379679,0.427807486631016,15.0,98.49333333333334,100.0,88.7,76.0,15,88.7,0,100.0,100.0,94.35,0.0,D,1,2026-07-14
14,1,141,28,19,20,16,Assignment,32,39,39,27,0,5.035714285714286,35.25,0.1134751773049645,0.1418439716312056,14.0,82.82142857142857,100.0,0.0,50.0,13,0.0,1,90.0,91.0,54.66666666666666,1.0,P,1,2026-07-14
15,1,1194,97,48,851,231,Assignment,38,658,477,12,0,12.309278350515465,86.16494845360825,0.1934673366834171,0.7127303182579564,15.0,88.74666666666667,100.0,70.0,59.0,15,81.1,0,92.0,94.0,77.05,2.0,P,1,2026-07-14
16,1,733,68,27,439,250,Course Page,184,137,384,1,0,10.779411764705882,75.45588235294119,0.3410641200545702,0.5989085948158254,15.0,68.83333333333333,100.0,0.0,51.0,12,20.25,3,86.0,66.0,49.125,-20.0,P,1,2026-07-14
17,1,43,8,9,15,13,Course Page,7,17,19,0,0,5.375,37.625,0.3023255813953488,0.3488372093023256,7.0,35.857142857142854,100.0,0.0,5.0,3,0.0,4,73.33333333333333,0.0,3.0,0.0,N,1,2026-07-14
18,1,49,5,9,2,48,Course Page,0,8,41,0,0,9.8,68.6,0.979591836734694,0.0408163265306122,6.0,0.0,0.0,0.0,0.0,0,0.0,6,0.0,0.0,0.0,0.0,N,1,2026-07-14
19,1,535,71,33,216,111,Course Page,130,76,247,20,0,7.535211267605634,52.74647887323944,0.2074766355140186,0.4037383177570093,15.0,93.65333333333334,100.0,70.0,83.0,15,93.15,0,90.0,97.0,94.075,7.0,HD,1,2026-07-14
20,1,161,22,32,67,57,Course Page,49,40,55,1,0,7.318181818181818,51.22727272727273,0.3540372670807453,0.4161490683229814,8.0,53.875,100.0,20.0,34.0,4,65.0,4,100.0,20.0,47.25,-80.0,N,1,2026-07-14
21,1,268,41,40,101,55,Assignment,67,87,85,9,0,6.536585365853658,45.75609756097561,0.2052238805970149,0.376865671641791,8.0,67.8875,100.0,26.5,50.0,7,62.3,1,97.5,70.0,62.9,-27.5,P,1,2026-07-14
22,1,1203,111,36,221,239,Course Page,115,292,765,7,0,10.83783783783784,75.86486486486486,0.198669991687448,0.1837073981712385,15.0,96.584,100.0,88.13,83.0,15,88.13,0,98.0,97.0,94.065,-1.0,HD,1,2026-07-14
23,1,402,58,26,119,59,Course Page,158,50,165,11,0,6.931034482758621,48.51724137931034,0.1467661691542288,0.2960199004975124,15.0,85.1,100.0,55.5,83.0,15,74.0,0,94.0,91.0,64.75,-3.0,HD,1,2026-07-14
24,1,248,30,18,85,9,Course Page,56,41,129,21,0,8.266666666666667,57.86666666666667,0.0362903225806451,0.3427419354838709,9.0,83.38888888888889,100.0,38.5,40.0,8,75.5,1,96.25,0.0,81.75,0.0,SA,1,2026-07-14
25,1,382,49,30,148,43,Course Page,90,101,182,2,0,7.795918367346939,54.57142857142857,0.112565445026178,0.387434554973822,15.0,77.36,100.0,46.2,40.0,13,46.2,2,81.0,83.0,64.6,2.0,SA,1,2026-07-14
26,1,415,47,37,205,80,Course Page,119,81,131,38,0,8.829787234042554,61.80851063829787,0.1927710843373494,0.4939759036144578,12.0,38.083333333333336,70.0,0.0,18.0,4,0.0,8,56.66666666666666,36.0,24.0,-20.666666666666664,N,1,2026-07-14
27,1,266,37,17,58,37,Course Page,71,62,128,0,0,7.1891891891891895,50.32432432432432,0.1390977443609022,0.2180451127819548,13.0,51.68461538461538,80.0,30.0,24.0,6,46.45,7,60.0,50.0,44.225,-10.0,N,1,2026-07-14
28,1,7,3,4,3,0,Course Page,0,3,4,0,0,2.333333333333333,16.333333333333336,0.0,0.4285714285714285,4.0,26.125,95.0,0.0,2.0,1,0.0,3,0.0,95.0,0.0,0.0,N,1,2026-07-14
29,1,379,49,37,83,71,Course Page,39,131,147,19,0,7.73469387755102,54.142857142857146,0.1873350923482849,0.2189973614775725,14.0,75.61428571428571,100.0,56.05,59.0,14,56.05,0,83.0,85.0,57.025,2.0,P,1,2026-07-14
30,1,111,26,18,40,35,Course Page,14,41,49,3,0,4.269230769230769,29.884615384615383,0.3153153153153153,0.3603603603603603,9.0,41.66666666666666,95.0,5.5,17.0,4,5.5,5,52.5,0.0,36.0,0.0,N,1,2026-07-14
31,1,362,46,37,114,38,Course Page,79,117,130,11,0,7.869565217391305,55.08695652173913,0.1049723756906077,0.3149171270718232,15.0,90.15333333333334,100.0,65.8,72.0,15,65.8,0,97.4,90.0,80.4,-7.400000000000006,D,1,2026-07-14
32,1,450,59,50,32,54,Assignment,41,226,161,15,0,7.627118644067797,53.389830508474574,0.12,0.0711111111111111,14.0,84.09285714285714,100.0,59.0,75.0,14,59.4,0,91.25,98.0,59.2,6.75,D,1,2026-07-14
33,1,317,43,31,69,101,Course Page,42,72,166,17,0,7.372093023255814,51.604651162790695,0.3186119873817035,0.2176656151419558,15.0,88.39666666666668,100.0,60.0,49.0,15,91.3,0,78.0,100.0,86.7375,22.0,S,1,2026-07-14
34,1,501,58,28,365,130,Course Page,82,166,230,13,0,8.637931034482758,60.4655172413793,0.2594810379241516,0.7285429141716567,13.0,76.96153846153847,100.0,20.0,44.0,11,83.0,2,81.0,73.33333333333333,78.25,-7.666666666666671,SA,1,2026-07-14
35,1,338,51,34,46,17,Course Page,80,113,123,6,0,6.627450980392157,46.3921568627451,0.0502958579881656,0.136094674556213,15.0,84.97333333333333,100.0,70.35,48.0,15,70.35,0,87.8,90.0,74.175,2.200000000000003,S,1,2026-07-14
36,1,402,48,30,141,60,Course Page,87,87,188,0,0,8.375,58.625,0.1492537313432835,0.3507462686567164,15.0,67.6,90.0,35.0,56.0,13,64.5,2,67.0,63.0,74.75,-4.0,P,1,2026-07-14
37,1,212,36,15,16,4,Course Page,32,60,115,3,0,5.888888888888889,41.22222222222222,0.0188679245283018,0.0754716981132075,14.0,77.27142857142857,95.0,55.0,54.0,14,81.4,0,79.0,73.75,80.7,-5.25,P,1,2026-07-14
38,1,846,84,39,256,166,Course Page,130,242,403,20,0,10.071428571428571,70.5,0.1962174940898345,0.3026004728132387,15.0,67.25333333333333,92.0,35.0,45.0,12,79.65,3,62.0,59.0,85.825,-3.0,S,1,2026-07-14
39,1,211,50,37,41,40,Lecture Material,70,58,59,6,0,4.22,29.54,0.1895734597156398,0.1943127962085308,15.0,81.94266666666667,100.0,61.57,70.0,15,61.57,0,94.0,82.0,65.285,-12.0,D,1,2026-07-14
40,1,321,40,22,154,30,Assignment,31,178,111,1,0,8.025,56.175,0.0934579439252336,0.4797507788161994,14.0,62.392857142857146,100.0,19.0,34.0,12,19.0,2,75.0,72.5,35.5,-2.5,N,1,2026-07-14
41,1,409,43,27,225,101,Course Page,78,122,196,10,0,9.511627906976743,66.5813953488372,0.2469437652811736,0.5501222493887531,10.0,38.9,60.0,0.0,15.0,5,46.0,5,40.0,55.0,30.666666666666668,15.0,N,1,2026-07-14
42,1,266,42,20,128,22,Assignment,24,130,101,1,0,6.333333333333333,44.333333333333336,0.0827067669172932,0.4812030075187969,13.0,84.34615384615384,100.0,60.0,62.0,13,60.0,0,91.0,93.33333333333331,72.0,2.3333333333333286,C,1,2026-07-14
43,1,611,63,36,334,99,Course Page,106,77,402,1,0,9.698412698412698,67.88888888888889,0.1620294599018003,0.546644844517185,14.0,82.27857142857144,100.0,45.0,43.0,13,85.95,1,85.0,88.0,73.475,3.0,SA,1,2026-07-14
44,1,367,38,26,107,75,Course Page,85,96,174,7,0,9.657894736842104,67.60526315789474,0.2043596730245231,0.2915531335149863,13.0,83.9076923076923,100.0,67.9,60.0,13,67.9,0,93.0,88.33333333333333,71.95,-4.666666666666671,C,1,2026-07-14
45,1,478,62,56,257,73,Assignment,67,193,193,8,0,7.709677419354839,53.967741935483865,0.1527196652719665,0.5376569037656904,15.0,89.08666666666666,100.0,65.0,71.0,15,79.15,0,88.0,92.0,86.575,4.0,D,1,2026-07-14
46,1,265,40,22,79,64,Course Page,66,59,118,13,0,6.625,46.375,0.2415094339622641,0.2981132075471698,15.0,72.78666666666666,90.0,40.0,46.0,14,69.65,1,69.0,82.0,65.325,13.0,S,1,2026-07-14
47,1,330,53,26,156,115,Course Page,17,138,163,6,0,6.226415094339623,43.58490566037736,0.3484848484848485,0.4727272727272727,15.0,83.44666666666667,100.0,60.0,43.0,15,75.85,0,81.0,87.0,81.925,6.0,SA,1,2026-07-14
48,1,384,48,32,109,98,Course Page,115,96,160,1,0,8.0,56.0,0.2552083333333333,0.2838541666666667,15.0,72.25733333333332,100.0,25.0,48.0,12,51.43,3,86.0,56.0,75.715,-30.0,S,1,2026-07-14
49,1,439,34,30,366,158,Course Page,133,56,192,32,0,12.911764705882351,90.38235294117648,0.3599088838268792,0.8337129840546698,9.0,63.333333333333336,100.0,29.0,26.0,8,64.5,1,65.0,80.0,62.75,15.0,N,1,2026-07-14
50,1,254,35,41,64,8,Lecture Material,80,37,75,36,0,7.257142857142857,50.8,0.0314960629921259,0.2519685039370078,13.0,46.2,84.0,20.0,60.0,6,51.3,7,40.0,33.333333333333336,67.65,-6.666666666666664,C,1,2026-07-14
51,1,270,57,27,125,41,Course Page,44,94,106,12,0,4.7368421052631575,33.15789473684211,0.1518518518518518,0.4629629629629629,14.0,87.73571428571428,100.0,50.0,82.0,14,97.9,0,89.0,82.5,93.95,-6.5,HD,1,2026-07-14
52,1,244,32,23,120,39,Course Page,70,36,94,10,0,7.625,53.375,0.1598360655737705,0.4918032786885246,15.0,71.03333333333333,100.0,50.0,62.0,15,68.0,0,82.0,67.0,61.5,-15.0,C,1,2026-07-14
53,1,267,42,21,60,79,Course Page,75,66,121,4,0,6.357142857142857,44.5,0.2958801498127341,0.2247191011235955,12.0,57.03333333333333,100.0,19.7,37.0,7,19.7,5,72.0,50.0,44.6,-22.0,N,1,2026-07-14
54,1,748,69,41,322,144,Course Page,86,227,378,1,0,10.840579710144928,75.88405797101449,0.1925133689839572,0.4304812834224599,13.0,74.99230769230769,100.0,30.0,41.0,10,76.45,3,67.5,97.5,62.225,30.0,SA,1,2026-07-14
55,1,711,68,25,147,179,Course Page,39,94,552,6,0,10.455882352941176,73.19117647058825,0.2517580872011252,0.2067510548523206,11.0,45.13636363636363,75.0,0.0,22.0,4,44.0,7,48.75,20.0,59.5,-28.75,N,1,2026-07-14
56,1,261,40,25,71,64,Course Page,31,99,113,8,0,6.525,45.675,0.2452107279693486,0.2720306513409962,15.0,78.56666666666666,100.0,0.0,60.0,14,84.0,1,92.0,59.0,87.0,-33.0,C,1,2026-07-14
57,1,176,38,16,78,22,Course Page,11,45,119,0,0,4.631578947368421,32.421052631578945,0.125,0.4431818181818182,6.0,57.333333333333336,100.0,10.0,47.0,5,62.0,1,100.0,0.0,58.5,0.0,S,1,2026-07-14
58,1,387,46,28,135,68,Course Page,93,46,223,11,0,8.41304347826087,58.891304347826086,0.1757105943152454,0.3488372093023256,12.0,26.375,55.0,0.0,20.0,4,53.75,8,17.5,6.666666666666667,54.375,-10.833333333333332,N,1,2026-07-14
59,1,221,28,16,77,28,Course Page,50,48,123,0,0,7.892857142857143,55.25,0.1266968325791855,0.3484162895927601,9.0,55.67777777777778,85.0,29.0,19.0,6,36.05,3,78.33333333333333,55.0,45.525,-23.33333333333333,N,1,2026-07-14
60,1,455,69,27,180,125,Course Page,40,177,214,15,0,6.594202898550725,46.15942028985507,0.2747252747252747,0.3956043956043956,15.0,90.91333333333334,100.0,80.0,65.0,15,84.15,0,91.8,91.0,89.575,-0.7999999999999972,C,1,2026-07-14
61,1,280,49,34,118,59,Course Page,84,64,88,14,0,5.714285714285714,40.0,0.2107142857142857,0.4214285714285714,15.0,91.0,100.0,60.0,83.0,15,80.0,0,98.0,88.0,85.5,-10.0,HD,1,2026-07-14
62,1,220,37,28,98,71,Course Page,47,58,105,4,0,5.945945945945946,41.62162162162162,0.3227272727272727,0.4454545454545454,15.0,74.58,95.0,50.0,48.0,15,88.35,0,79.0,69.0,76.175,-10.0,S,1,2026-07-14
63,1,347,53,31,118,41,Course Page,40,77,204,5,0,6.547169811320755,45.83018867924528,0.1181556195965417,0.3400576368876081,14.0,79.5,100.0,40.0,46.0,13,65.5,1,88.0,75.0,74.75,-13.0,S,1,2026-07-14
64,1,551,30,28,345,60,Course Page,64,49,410,9,0,18.366666666666667,128.56666666666666,0.1088929219600726,0.6261343012704175,10.0,48.73,80.0,10.0,23.0,7,65.65,3,40.0,50.0,61.325,10.0,N,1,2026-07-14
65,1,408,50,34,165,38,Course Page,43,137,180,15,0,8.16,57.12,0.0931372549019607,0.4044117647058823,15.0,83.24666666666667,95.0,58.0,58.0,15,88.4,0,83.8,90.0,73.2,6.200000000000003,P,1,2026-07-14
66,1,213,44,24,39,47,Course Page,71,59,74,3,0,4.840909090909091,33.88636363636364,0.2206572769953051,0.1830985915492957,15.0,74.21333333333334,100.0,30.0,46.0,14,72.35,1,66.0,77.0,81.675,11.0,S,1,2026-07-14
67,1,193,18,42,172,40,Assignment,38,110,34,7,0,10.72222222222222,75.05555555555554,0.2072538860103626,0.8911917098445595,15.0,87.22666666666667,100.0,67.7,70.0,15,67.7,0,96.0,86.0,76.85,-10.0,D,1,2026-07-14
68,1,503,74,31,73,85,Course Page,71,69,342,2,0,6.797297297297297,47.58108108108108,0.1689860834990059,0.1451292246520874,15.0,75.48666666666666,100.0,30.0,44.0,12,41.65,3,72.0,90.0,60.325,18.0,SA,1,2026-07-14
69,1,151,33,22,57,12,Course Page,26,46,78,0,0,4.575757575757576,32.03030303030303,0.0794701986754966,0.3774834437086092,15.0,71.59466666666667,100.0,47.21,58.0,13,47.21,2,74.0,75.0,63.605,1.0,P,1,2026-07-14
70,1,463,46,24,105,76,Course Page,85,89,268,8,0,10.065217391304348,70.45652173913044,0.1641468682505399,0.2267818574514039,15.0,95.83733333333332,100.0,88.28,85.0,15,88.28,0,98.0,96.0,92.64,-2.0,HD,1,2026-07-14
71,1,91,20,14,38,25,Assignment,2,58,24,5,0,4.55,31.85,0.2747252747252747,0.4175824175824176,14.0,54.642857142857146,80.0,0.0,30.0,10,66.0,4,55.0,42.0,73.0,-13.0,N,1,2026-07-14
72,1,452,50,31,192,33,Course Page,75,149,207,8,0,9.04,63.28,0.0730088495575221,0.4247787610619469,15.0,75.97333333333333,100.0,40.0,66.0,14,96.3,1,80.0,62.0,89.65,-18.0,C,1,2026-07-14
73,1,252,39,35,169,48,Assignment,21,106,99,16,0,6.461538461538462,45.23076923076923,0.1904761904761904,0.6706349206349206,10.0,53.4,100.0,0.0,11.0,5,0.0,5,80.0,75.0,9.333333333333334,-5.0,N,1,2026-07-14
74,1,327,60,18,149,59,Course Page,52,60,209,0,0,5.45,38.15,0.1804281345565749,0.45565749235474,15.0,76.5,95.0,30.0,54.0,14,50.0,1,76.0,81.0,71.0,5.0,P,1,2026-07-14
75,1,494,65,24,261,106,Course Page,19,232,240,0,0,7.6,53.2,0.2145748987854251,0.52834008097166,14.0,73.39285714285714,100.0,40.0,55.0,11,41.0,3,70.0,93.75,57.5,23.75,P,1,2026-07-14
76,1,187,29,28,42,24,Assignment,25,78,78,1,0,6.448275862068965,45.137931034482754,0.1283422459893048,0.2245989304812834,15.0,64.23333333333333,100.0,20.0,53.0,11,45.0,4,76.0,61.0,52.5,-15.0,P,1,2026-07-14
77,1,220,35,24,90,28,Course Page,68,45,85,15,0,6.285714285714286,44.0,0.1272727272727272,0.4090909090909091,10.0,70.47,100.0,38.0,50.0,9,89.35,1,70.0,100.0,71.675,30.0,P,1,2026-07-14
78,1,445,66,27,247,87,Course Page,52,56,321,5,0,6.742424242424242,47.196969696969695,0.195505617977528,0.5550561797752809,14.0,76.72142857142856,100.0,50.0,39.0,14,73.3,0,71.25,78.0,82.9,6.75,N,1,2026-07-14
79,1,375,47,29,104,82,Course Page,96,103,145,3,0,7.978723404255319,55.85106382978724,0.2186666666666666,0.2773333333333333,14.0,70.85714285714286,100.0,40.0,63.0,13,63.0,1,86.0,65.0,58.25,-21.0,C,1,2026-07-14
80,1,333,56,21,151,116,Course Page,51,86,193,2,0,5.946428571428571,41.625,0.3483483483483483,0.4534534534534534,15.0,81.77333333333333,100.0,65.0,67.0,15,79.3,0,86.0,78.0,81.15,-8.0,C,1,2026-07-14
81,1,511,76,38,129,125,Lecture Material,159,149,152,22,0,6.723684210526316,47.065789473684205,0.2446183953033268,0.2524461839530332,15.0,35.906666666666666,75.0,10.0,25.0,4,48.8,11,15.0,55.0,38.4,40.0,N,1,2026-07-14
82,1,657,66,29,253,82,Course Page,102,236,299,7,0,9.954545454545457,69.68181818181819,0.1248097412480974,0.3850837138508371,15.0,92.12666666666668,100.0,70.0,73.0,15,88.7,0,90.0,93.0,93.85,3.0,D,1,2026-07-14
83,1,325,50,23,92,61,Course Page,36,69,212,7,0,6.5,45.5,0.1876923076923076,0.283076923076923,15.0,68.04,100.0,40.0,30.0,12,45.3,3,69.0,79.0,51.65,10.0,N,1,2026-07-14
84,1,353,46,24,160,45,Course Page,52,58,227,3,0,7.673913043478261,53.71739130434783,0.1274787535410765,0.4532577903682719,15.0,83.09333333333333,100.0,69.0,52.0,15,70.2,0,84.0,92.0,69.6,8.0,P,1,2026-07-14
85,1,191,35,19,87,43,Course Page,11,72,103,1,0,5.457142857142857,38.2,0.225130890052356,0.4554973821989528,15.0,69.76666666666667,100.0,0.0,21.0,10,0.0,5,79.0,100.0,15.5,21.0,N,1,2026-07-14
86,1,343,47,32,174,43,Course Page,75,66,165,16,0,7.297872340425532,51.08510638297872,0.1253644314868804,0.5072886297376094,12.0,57.76666666666667,100.0,20.0,30.0,8,68.1,4,65.0,43.333333333333336,66.05,-21.666666666666664,N,1,2026-07-14
87,1,120,14,16,27,13,Assignment,13,60,45,1,0,8.571428571428571,60.0,0.1083333333333333,0.225,14.0,59.17857142857143,100.0,0.0,41.0,9,56.0,5,55.0,75.0,49.0,20.0,SA,1,2026-07-14
88,1,109,19,12,27,28,Course Page,14,37,55,0,0,5.7368421052631575,40.1578947368421,0.2568807339449541,0.2477064220183486,9.0,74.33333333333333,100.0,0.0,62.0,7,86.5,2,75.0,0.0,84.75,0.0,C,1,2026-07-14
89,1,284,62,20,165,64,Assignment,20,144,100,4,0,4.580645161290323,32.064516129032256,0.2253521126760563,0.5809859154929577,8.0,14.0,38.0,0.0,9.0,0,38.0,8,0.0,0.0,28.0,0.0,N,1,2026-07-14
90,1,502,51,32,95,64,Course Page,78,171,227,15,0,9.84313725490196,68.90196078431373,0.1274900398406374,0.1892430278884462,15.0,87.90666666666667,100.0,79.0,73.0,15,82.55,0,92.0,89.0,80.775,-3.0,D,1,2026-07-14
91,1,311,51,28,149,41,Course Page,40,78,152,13,0,6.098039215686274,42.68627450980392,0.1318327974276527,0.4790996784565916,15.0,84.86,100.0,50.0,72.0,15,84.95,0,74.0,92.0,89.975,18.0,D,1,2026-07-14
92,1,488,51,41,75,94,Course Page,94,146,180,28,0,9.568627450980392,66.98039215686275,0.1926229508196721,0.1536885245901639,10.0,78.85,100.0,43.5,40.0,9,72.5,1,78.33333333333333,100.0,77.5,21.66666666666667,SA,1,2026-07-14
93,1,188,31,24,45,7,Course Page,39,53,63,7,0,6.064516129032258,42.4516129032258,0.0372340425531914,0.2393617021276596,13.0,32.19230769230769,60.0,0.0,33.0,3,23.0,10,41.0,26.666666666666668,26.25,-14.333333333333332,N,1,2026-07-14
94,1,417,35,26,164,46,Course Page,117,107,160,0,0,11.914285714285716,83.4,0.1103117505995203,0.3932853717026379,14.0,53.785714285714285,90.0,17.0,51.0,8,17.0,6,75.0,56.25,23.25,-18.75,P,1,2026-07-14
95,1,244,31,34,137,72,Course Page,35,96,97,1,0,7.870967741935484,55.096774193548384,0.2950819672131147,0.5614754098360656,12.0,41.833333333333336,86.0,0.0,0.0,4,0.0,8,55.0,26.666666666666668,43.0,-28.33333333333333,DX,1,2026-07-14
96,1,780,74,46,653,188,Assignment,73,351,337,12,0,10.54054054054054,73.78378378378379,0.241025641025641,0.8371794871794872,15.0,68.36,100.0,1.2,25.0,11,1.2,4,82.0,88.0,22.6,6.0,N,1,2026-07-14
97,1,157,35,15,39,54,Course Page,49,45,56,5,0,4.485714285714286,31.4,0.3439490445859872,0.2484076433121019,12.0,76.825,100.0,55.5,44.0,12,55.7,0,88.33333333333333,72.5,77.85,-15.833333333333329,SA,1,2026-07-14
98,1,145,23,16,67,31,Course Page,47,29,66,0,0,6.304347826086956,44.130434782608695,0.2137931034482758,0.4620689655172413,8.0,51.275,100.0,0.0,28.0,5,73.1,3,40.0,0.0,69.55,0.0,N,1,2026-07-14
99,1,417,49,36,77,31,Course Page,114,78,183,12,0,8.510204081632653,59.57142857142857,0.0743405275779376,0.184652278177458,14.0,74.25,100.0,0.0,60.0,13,79.0,1,90.0,53.75,77.0,-36.25,C,1,2026-07-14
100,1,57,20,5,8,6,Course Page,1,2,53,1,0,2.85,19.95,0.1052631578947368,0.1403508771929824,10.0,41.15,75.0,0.0,10.0,5,0.0,5,61.25,50.0,21.75,-11.25,N,1,2026-07-14
101,1,733,50,30,296,161,Course Page,162,118,423,0,0,14.66,102.62,0.2196452933151432,0.4038199181446112,15.0,71.86666666666666,90.0,43.0,38.0,13,67.0,2,74.0,82.0,55.0,8.0,N,1,2026-07-14
102,1,121,15,11,53,24,Course Page,17,43,57,0,0,8.066666666666666,56.46666666666667,0.1983471074380165,0.4380165289256198,8.0,10.375,25.0,0.0,2.0,0,0.0,8,16.666666666666668,20.0,2.0,3.333333333333332,N,1,2026-07-14
103,1,444,81,45,215,128,Course Page,35,160,234,5,0,5.481481481481482,38.37037037037037,0.2882882882882883,0.4842342342342342,15.0,89.96666666666667,100.0,40.0,74.0,13,93.0,2,97.0,100.0,66.5,3.0,D,1,2026-07-14
104,1,421,72,28,140,80,Assignment,94,143,101,36,0,5.847222222222222,40.93055555555555,0.1900237529691211,0.332541567695962,15.0,91.53333333333332,100.0,75.0,72.0,15,94.0,0,96.0,86.0,93.0,-10.0,D,1,2026-07-14
105,1,211,40,22,90,30,Course Page,28,74,95,5,0,5.275,36.925,0.1421800947867298,0.4265402843601896,12.0,65.48333333333333,90.0,25.0,36.0,10,65.65,2,76.0,57.5,60.325,-18.5,N,1,2026-07-14
106,1,638,68,43,395,140,Course Page,65,188,345,7,0,9.382352941176473,65.6764705882353,0.219435736677116,0.6191222570532915,14.0,48.75714285714286,100.0,0.0,33.0,8,32.8,6,46.0,60.0,41.4,14.0,N,1,2026-07-14
107,1,678,69,46,174,108,Course Page,149,180,300,2,0,9.826086956521738,68.78260869565217,0.1592920353982301,0.2566371681415929,14.0,68.35714285714286,100.0,30.0,53.0,13,77.0,1,70.0,65.0,71.5,-5.0,P,1,2026-07-14
108,1,333,32,25,260,79,Course Page,98,66,151,9,0,10.40625,72.84375,0.2372372372372372,0.7807807807807807,14.0,58.46428571428572,85.0,0.0,57.0,12,76.0,2,70.0,38.75,65.75,-31.25,P,1,2026-07-14
109,1,205,30,19,103,6,Course Page,40,46,110,0,0,6.833333333333333,47.833333333333336,0.0292682926829268,0.5024390243902439,11.0,68.95454545454545,90.0,43.5,66.0,10,85.0,1,67.5,82.5,70.0,15.0,C,1,2026-07-14
110,1,251,30,30,194,56,Assignment,34,104,104,2,0,8.366666666666667,58.56666666666667,0.2231075697211155,0.7729083665338645,10.0,51.2,70.0,27.0,22.0,6,58.5,4,56.66666666666666,50.0,53.75,-6.666666666666664,N,1,2026-07-14
111,1,257,25,34,153,18,Assignment,9,147,92,1,0,10.28,71.96,0.0700389105058365,0.5953307392996109,13.0,81.69999999999999,100.0,63.3,45.0,13,63.3,0,99.0,76.66666666666667,66.15,-22.33333333333333,S,1,2026-07-14
112,1,189,26,24,79,31,Assignment,15,80,77,2,0,7.269230769230769,50.88461538461538,0.164021164021164,0.4179894179894179,14.0,67.51428571428572,100.0,30.0,52.0,12,52.85,2,53.75,82.0,64.425,28.25,P,1,2026-07-14
113,1,502,67,30,198,77,Course Page,50,120,293,1,0,7.492537313432836,52.44776119402985,0.1533864541832669,0.3944223107569721,15.0,31.466666666666665,75.0,0.0,24.0,5,62.0,10,17.0,19.0,68.5,2.0,N,1,2026-07-14
114,1,157,22,22,85,4,Assignment,15,92,46,0,0,7.136363636363637,49.95454545454545,0.0254777070063694,0.5414012738853503,15.0,80.2,100.0,60.0,68.0,15,86.0,0,83.0,81.0,75.25,-2.0,C,1,2026-07-14
115,1,455,47,27,73,70,Course Page,100,151,195,2,0,9.680851063829786,67.76595744680851,0.1538461538461538,0.1604395604395604,14.0,73.57142857142857,100.0,50.0,58.0,14,65.0,0,84.0,70.0,65.0,-14.0,P,1,2026-07-14
116,1,127,18,13,91,43,Course Page,11,45,62,8,0,7.055555555555555,49.388888888888886,0.3385826771653543,0.7165354330708661,6.0,50.48333333333333,78.0,0.0,23.0,4,73.45,2,0.0,0.0,75.725,0.0,N,1,2026-07-14
117,1,105,20,22,8,9,Assignment,24,53,23,2,0,5.25,36.75,0.0857142857142857,0.0761904761904762,15.0,92.2,100.0,50.0,82.0,15,91.5,0,100.0,100.0,70.75,0.0,HD,1,2026-07-14
118,1,803,74,32,219,117,Assignment,127,351,295,7,0,10.85135135135135,75.95945945945947,0.1457036114570361,0.2727272727272727,15.0,79.42,100.0,30.0,64.0,14,94.65,1,72.0,80.0,88.825,8.0,C,1,2026-07-14
119,1,165,29,22,66,9,Course Page,39,59,66,0,0,5.689655172413793,39.82758620689655,0.0545454545454545,0.4,15.0,69.7,100.0,10.0,50.0,11,77.5,4,80.0,67.0,59.25,-13.0,P,1,2026-07-14
120,1,191,37,15,42,34,Course Page,61,35,90,3,0,5.162162162162162,36.13513513513514,0.1780104712041884,0.2198952879581152,14.0,88.57857142857142,100.0,64.0,61.0,14,83.05,0,100.0,92.0,73.525,-8.0,C,1,2026-07-14
121,1,230,27,33,108,45,Course Page,71,40,100,2,0,8.518518518518519,59.629629629629626,0.1956521739130435,0.4695652173913043,8.0,48.625,80.0,18.5,25.0,5,31.75,3,65.0,55.0,46.375,-10.0,N,1,2026-07-14
122,1,171,22,24,12,4,Assignment,40,66,59,0,0,7.772727272727272,54.409090909090914,0.023391812865497,0.0701754385964912,14.0,92.64,100.0,78.73,64.0,14,78.73,0,100.0,96.25,80.86500000000001,-3.75,C,1,2026-07-14
123,1,134,21,26,64,13,Course Page,44,38,44,4,0,6.380952380952381,44.66666666666666,0.0970149253731343,0.4776119402985074,10.0,34.05,63.0,0.0,18.0,4,63.0,6,36.25,25.0,42.0,-11.25,N,1,2026-07-14
124,1,599,89,29,211,134,Course Page,190,65,320,22,0,6.730337078651686,47.1123595505618,0.2237061769616026,0.352253756260434,15.0,80.41333333333334,95.0,69.0,72.0,15,72.1,0,83.0,85.0,70.55,2.0,D,1,2026-07-14
125,1,669,89,33,185,153,Course Page,194,107,351,8,0,7.51685393258427,52.61797752808989,0.2286995515695067,0.2765321375186846,15.0,85.4,100.0,70.0,75.0,15,73.5,0,88.0,92.0,72.75,4.0,D,1,2026-07-14
126,1,205,29,20,22,83,Assignment,32,88,78,2,0,7.068965517241379,49.48275862068965,0.4048780487804878,0.1073170731707317,15.0,65.63333333333334,100.0,0.0,53.0,12,54.0,3,72.0,55.0,71.5,-17.0,P,1,2026-07-14
127,1,169,28,19,91,35,Course Page,32,50,83,0,0,6.035714285714286,42.25,0.2071005917159763,0.5384615384615384,11.0,38.95454545454545,85.0,0.0,23.0,6,0.0,5,42.0,85.0,26.0,43.0,N,1,2026-07-14
128,1,230,44,23,71,45,Course Page,18,97,104,5,0,5.227272727272728,36.59090909090909,0.1956521739130435,0.308695652173913,12.0,67.86666666666666,85.0,51.0,30.0,12,68.7,0,66.25,81.66666666666667,63.35,15.416666666666671,N,1,2026-07-14
129,1,662,60,34,264,156,Course Page,147,162,309,1,0,11.033333333333331,77.23333333333333,0.2356495468277945,0.3987915407854985,12.0,55.0,100.0,20.0,24.0,8,30.0,4,58.0,55.0,55.0,-3.0,N,1,2026-07-14
130,1,183,31,15,70,30,Assignment,35,76,72,0,0,5.903225806451613,41.32258064516129,0.1639344262295081,0.3825136612021858,8.0,64.725,100.0,23.0,25.0,6,57.4,2,76.66666666666667,0.0,66.2,0.0,N,1,2026-07-14
131,1,261,35,29,76,37,Course Page,67,72,102,8,0,7.457142857142857,52.2,0.1417624521072797,0.2911877394636015,15.0,87.54666666666667,100.0,76.35,82.0,15,76.35,0,91.0,84.0,87.675,-7.0,HD,1,2026-07-14
132,1,341,42,28,97,27,Course Page,27,127,169,10,0,8.119047619047619,56.833333333333336,0.0791788856304985,0.2844574780058651,14.0,79.64999999999999,100.0,50.0,63.0,14,95.55,0,78.0,72.5,91.775,-5.5,C,1,2026-07-14
133,1,157,18,18,49,16,Course Page,23,54,70,0,0,8.722222222222221,61.05555555555555,0.1019108280254777,0.3121019108280254,7.0,24.685714285714287,50.0,0.0,10.0,1,28.9,6,50.0,0.0,29.45,-50.0,N,1,2026-07-14
134,1,418,37,31,214,88,Course Page,120,75,201,15,0,11.297297297297296,79.08108108108108,0.2105263157894736,0.5119617224880383,12.0,54.333333333333336,95.0,20.0,27.0,7,62.0,5,36.66666666666666,72.5,53.0,35.833333333333336,N,1,2026-07-14
135,1,237,30,37,175,32,Assignment,20,140,70,1,0,7.9,55.3,0.1350210970464135,0.7383966244725738,14.0,78.47857142857143,100.0,37.0,38.0,12,50.35,2,96.0,90.0,43.675,-6.0,N,1,2026-07-14
136,1,359,51,22,145,87,Course Page,29,159,161,2,0,7.03921568627451,49.27450980392157,0.2423398328690807,0.403899721448468,14.0,73.15714285714286,83.85,65.0,56.0,14,83.85,0,75.0,71.0,75.925,-4.0,P,1,2026-07-14
137,1,307,28,42,114,29,Assignment,26,188,90,0,0,10.964285714285714,76.75,0.0944625407166123,0.3713355048859935,15.0,78.88000000000001,100.0,50.35,37.0,15,50.35,0,89.0,88.0,52.425,-1.0,N,1,2026-07-14
138,1,214,24,20,92,61,Assignment,17,99,93,1,0,8.916666666666666,62.41666666666667,0.2850467289719626,0.4299065420560747,13.0,74.6923076923077,100.0,30.0,42.0,11,88.5,2,71.25,78.75,77.75,7.5,SA,1,2026-07-14
139,1,135,22,15,72,40,Course Page,14,54,64,0,0,6.136363636363637,42.95454545454545,0.2962962962962963,0.5333333333333333,13.0,45.61538461538461,80.0,0.0,33.0,8,65.0,5,46.0,26.666666666666668,63.0,-19.33333333333333,N,1,2026-07-14
140,1,7,5,3,1,2,Course Page,0,2,4,1,0,1.4,9.8,0.2857142857142857,0.1428571428571428,4.0,5.5,20.0,0.0,0.0,0,0.0,4,20.0,0.0,0.0,0.0,N,1,2026-07-14
141,1,374,51,28,119,53,Course Page,58,100,201,9,0,7.333333333333333,51.333333333333336,0.141711229946524,0.3181818181818182,14.0,55.29,100.0,30.0,48.0,8,43.78,6,61.0,40.0,65.64,-21.0,S,1,2026-07-14
142,1,277,47,24,39,44,Course Page,55,57,125,6,0,5.893617021276596,41.25531914893617,0.1588447653429603,0.1407942238267148,14.0,89.41428571428571,100.0,75.0,71.0,14,95.9,0,92.5,90.0,87.45,-2.5,D,1,2026-07-14
143,1,501,38,26,232,64,Course Page,162,65,235,9,0,13.18421052631579,92.28947368421052,0.1277445109780439,0.4630738522954092,7.0,45.142857142857146,90.0,0.0,13.0,3,0.0,4,55.0,30.0,54.0,-25.0,N,1,2026-07-14
144,1,105,12,17,90,27,Course Page,3,33,66,0,0,8.75,61.25,0.2571428571428571,0.8571428571428571,10.0,62.5,95.0,0.0,58.0,7,87.0,3,60.0,72.5,58.0,12.5,P,1,2026-07-14
145,1,112,10,16,82,2,Lecture Material,48,26,35,3,0,11.2,78.39999999999999,0.0178571428571428,0.7321428571428571,8.0,58.875,100.0,0.0,17.0,5,0.0,3,77.5,0.0,43.333333333333336,0.0,N,1,2026-07-14
146,1,176,34,18,87,41,Course Page,58,39,63,2,0,5.176470588235294,36.235294117647065,0.2329545454545454,0.4943181818181818,7.0,60.07142857142857,75.0,14.5,22.0,6,55.5,1,72.5,0.0,65.25,0.0,N,1,2026-07-14
147,1,265,37,26,83,78,Course Page,59,81,115,8,0,7.162162162162162,50.13513513513514,0.2943396226415094,0.3132075471698113,10.0,65.25,100.0,12.75,25.0,6,12.75,4,92.5,40.0,50.375,-52.5,N,1,2026-07-14
148,1,101,21,18,44,17,Assignment,26,38,34,3,0,4.809523809523809,33.666666666666664,0.1683168316831683,0.4356435643564356,9.0,58.28888888888889,100.0,30.0,24.0,5,55.8,4,93.33333333333331,30.0,45.9,-63.33333333333333,N,1,2026-07-14
149,1,166,22,35,63,9,Assignment,14,126,26,0,0,7.545454545454546,52.81818181818182,0.0542168674698795,0.3795180722891566,14.0,87.92857142857143,100.0,62.75,60.0,14,62.75,0,99.0,97.5,64.375,-1.5,C,1,2026-07-14
150,1,94,25,14,25,20,Course Page,18,27,40,0,0,3.76,26.32,0.2127659574468085,0.2659574468085106,14.0,90.15,100.0,49.0,69.0,12,95.3,2,97.0,100.0,72.15,3.0,C,1,2026-07-14
151,1,54,13,13,27,10,Course Page,14,10,28,0,0,4.153846153846154,29.07692307692308,0.1851851851851851,0.5,10.0,53.9,100.0,0.0,10.0,6,0.0,4,45.0,80.0,0.0,35.0,N,1,2026-07-14
152,1,203,24,18,118,43,Course Page,31,76,87,1,0,8.458333333333334,59.208333333333336,0.2118226600985221,0.5812807881773399,8.0,19.5,38.0,0.0,11.0,0,38.0,8,5.0,10.0,33.5,5.0,N,1,2026-07-14
153,1,92,22,13,66,15,Assignment,23,60,8,0,0,4.181818181818182,29.27272727272728,0.1630434782608695,0.717391304347826,13.0,52.29230769230769,65.0,10.0,26.0,10,60.4,3,51.0,45.0,62.7,-6.0,N,1,2026-07-14
154,1,220,28,34,152,39,Course Page,42,42,115,2,0,7.857142857142857,55.0,0.1772727272727272,0.6909090909090909,5.0,11.4,50.0,0.0,1.0,1,0.0,4,0.0,50.0,0.6666666666666666,0.0,N,1,2026-07-14
155,1,8,3,4,6,0,Course Page,1,2,4,0,0,2.6666666666666665,18.666666666666668,0.0,0.75,6.0,0.0,0.0,0.0,0.0,0,0.0,6,0.0,0.0,0.0,0.0,N,1,2026-07-14
156,1,75,18,14,9,6,Course Page,15,26,30,2,0,4.166666666666667,29.166666666666664,0.08,0.12,15.0,84.06,100.0,50.0,42.0,15,82.7,0,82.0,83.0,88.35,1.0,SA,1,2026-07-14
157,1,96,15,20,45,10,Course Page,24,15,50,0,0,6.4,44.8,0.1041666666666666,0.46875,10.0,19.15,80.0,0.0,5.0,2,0.0,8,29.0,0.0,10.666666666666666,-29.0,N,1,2026-07-14
158,1,48,9,8,11,2,Course Page,4,14,29,0,0,5.333333333333333,37.33333333333333,0.0416666666666666,0.2291666666666666,8.0,8.25,33.0,0.0,3.0,0,0.0,8,0.0,0.0,22.0,0.0,N,1,2026-07-14
159,1,47,6,9,5,0,Assignment,7,23,17,0,0,7.833333333333333,54.833333333333336,0.0,0.1063829787234042,6.0,34.5,90.0,0.0,5.0,2,0.0,4,75.0,0.0,14.0,0.0,N,1,2026-07-14
160,1,101,14,11,6,21,Course Page,14,36,46,0,0,7.214285714285714,50.5,0.2079207920792079,0.0594059405940594,8.0,12.5,50.0,0.0,5.0,2,0.0,6,0.0,0.0,25.0,0.0,N,1,2026-07-14
161,1,134,17,14,58,40,Course Page,20,40,70,4,0,7.882352941176471,55.1764705882353,0.2985074626865671,0.4328358208955223,6.0,20.166666666666668,50.0,0.0,3.0,1,0.0,5,36.66666666666666,0.0,0.0,0.0,N,1,2026-07-14
162,1,71,12,17,35,14,Course Page,11,25,30,1,0,5.916666666666667,41.41666666666667,0.1971830985915492,0.4929577464788732,12.0,29.791666666666668,80.0,0.0,7.0,5,0.0,7,49.0,40.0,0.0,-9.0,N,1,2026-07-14
163,1,170,21,27,118,58,Assignment,18,120,27,0,0,8.095238095238095,56.66666666666666,0.3411764705882353,0.6941176470588235,9.0,67.22222222222223,100.0,0.0,11.0,7,0.0,2,90.0,100.0,0.0,10.0,N,1,2026-07-14
164,1,16,7,4,15,8,Course Page,0,2,13,0,0,2.2857142857142856,16.0,0.5,0.9375,3.0,0.0,0.0,0.0,0.0,0,0.0,3,0.0,0.0,0.0,0.0,N,1,2026-07-14
165,1,38,9,10,5,12,Course Page,11,9,16,0,0,4.222222222222222,29.55555555555556,0.3157894736842105,0.131578947368421,5.0,33.0,80.0,0.0,3.0,2,0.0,3,75.0,0.0,0.0,0.0,N,1,2026-07-14
166,1,12,7,2,7,7,Assignment,0,7,5,0,0,1.7142857142857142,12.0,0.5833333333333334,0.5833333333333334,4.0,5.5,20.0,0.0,0.0,0,0.0,4,20.0,0.0,0.0,0.0,N,1,2026-07-14
167,1,14,5,6,12,3,Course Page,2,2,8,1,0,2.8,19.6,0.2142857142857142,0.8571428571428571,5.0,0.0,0.0,0.0,0.0,0,0.0,5,0.0,0.0,0.0,0.0,N,1,2026-07-14
168,1,103,6,13,6,32,Course Page,29,21,45,0,0,17.166666666666668,120.16666666666669,0.3106796116504854,0.058252427184466,4.0,23.375,85.0,0.0,2.0,1,0.0,3,85.0,0.0,0.0,0.0,N,1,2026-07-14
169,1,2,1,2,0,0,Course Page,0,0,1,1,0,2.0,14.0,0.0,0.0,6.0,0.0,0.0,0.0,0.0,0,0.0,6,0.0,0.0,0.0,0.0,N,1,2026-07-14
170,1,0,0,0,0,0,No Activity,0,0,0,0,0,0.0,0.0,0.0,0.0,4.0,0.0,0.0,0.0,0.0,0,0.0,4,0.0,0.0,0.0,0.0,N,1,2026-07-14
171,1,0,0,0,0,0,No Activity,0,0,0,0,0,0.0,0.0,0.0,0.0,7.0,0.0,0.0,0.0,0.0,0,0.0,7,0.0,0.0,0.0,0.0,N,1,2026-07-14
172,2,11,3,8,0,1,Other,1,0,0,1,0,3.6666666666666665,25.666666666666668,0.0909090909090909,0.0,0.0,0.0,0.0,0.0,0.0,0,0.0,0,0.0,0.0,0.0,0.0,No Result,2,2026-07-14
173,3,5,1,4,0,0,Other,0,0,0,0,0,5.0,35.0,0.0,0.0,0.0,0.0,0.0,0.0,0.0,0,0.0,0,0.0,0.0,0.0,0.0,No Result,2,2026-07-14
1,1,1086,97,27,291,126,Assignment,5,939,142,0,0,11.195876288659791,78.37113402061856,0.1160220994475138,0.2679558011049723,0.0,0.0,0.0,0.0,0.0,0,0.0,0,0.0,0.0,0.0,0.0,No Result,1,2026-07-15
2,1,549,53,39,256,114,Course Page,137,184,192,15,0,10.358490566037736,72.50943396226415,0.2076502732240437,0.4663023679417122,15.0,70.53999999999999,100.0,0.0,41.0,10,44.8,5,95.0,72.0,34.9,-23.0,SA,1,2026-07-15
3,1,236,30,20,91,33,Course Page,50,92,93,1,0,7.866666666666666,55.06666666666667,0.1398305084745762,0.3855932203389831,12.0,58.083333333333336,100.0,0.0,0.0,9,0.0,3,66.0,63.333333333333336,41.66666666666666,-2.6666666666666643,DX,1,2026-07-15
4,1,183,33,22,72,20,Course Page,48,45,68,6,0,5.545454545454546,38.81818181818182,0.1092896174863388,0.3934426229508196,15.0,83.28666666666666,100.0,60.0,49.0,15,61.9,0,79.0,98.0,68.95,19.0,S,1,2026-07-15
5,1,356,55,25,169,50,Course Page,61,130,165,0,0,6.472727272727273,45.30909090909091,0.1404494382022472,0.4747191011235955,15.0,86.00666666666666,100.0,10.0,86.0,14,93.05,1,71.0,97.0,91.525,26.0,HD,1,2026-07-15
6,1,852,92,60,469,168,Course Page,69,300,428,10,0,9.26086956521739,64.82608695652173,0.1971830985915492,0.5504694835680751,15.0,81.62666666666668,100.0,54.0,0.0,15,60.45,0,87.0,94.0,57.225,7.0,DX,1,2026-07-15
7,1,1292,123,34,121,405,Course Page,373,194,695,16,0,10.504065040650406,73.52845528455283,0.3134674922600619,0.0936532507739938,15.0,53.53333333333333,80.0,31.0,46.0,9,68.0,6,51.0,59.0,49.5,8.0,S,1,2026-07-15
8,1,301,48,20,244,87,Course Page,59,72,151,0,0,6.270833333333333,43.895833333333336,0.2890365448504983,0.8106312292358804,15.0,57.940000000000005,94.0,0.0,46.0,11,71.05,4,46.0,52.0,82.525,6.0,S,1,2026-07-15
9,1,365,47,23,125,25,Assignment,54,160,144,1,0,7.76595744680851,54.361702127659576,0.0684931506849315,0.3424657534246575,15.0,67.83733333333333,100.0,0.0,75.0,12,52.28,3,94.0,40.0,70.14,-54.0,D,1,2026-07-15
10,1,158,23,15,87,24,Course Page,15,48,90,3,0,6.869565217391305,48.08695652173913,0.1518987341772152,0.5506329113924051,11.0,60.08181818181818,95.0,10.0,32.0,6,84.7,5,56.25,70.0,64.85,13.75,N,1,2026-07-15
11,1,229,35,18,92,55,Course Page,10,68,146,2,0,6.542857142857143,45.8,0.2401746724890829,0.4017467248908297,14.0,77.07142857142857,100.0,0.0,33.0,12,0.0,2,88.0,78.0,55.333333333333336,-10.0,N,1,2026-07-15
12,1,1221,84,42,307,252,Course Page,249,268,630,30,0,14.535714285714286,101.75,0.2063882063882063,0.2514332514332514,15.0,79.43333333333334,100.0,40.0,75.0,14,87.0,1,86.0,79.0,71.0,-7.0,D,1,2026-07-15
13,1,187,38,22,80,27,Course Page,35,41,67,36,0,4.921052631578948,34.44736842105263,0.1443850267379679,0.427807486631016,15.0,98.49333333333334,100.0,88.7,76.0,15,88.7,0,100.0,100.0,94.35,0.0,D,1,2026-07-15
14,1,141,28,19,20,16,Assignment,32,39,39,27,0,5.035714285714286,35.25,0.1134751773049645,0.1418439716312056,14.0,82.82142857142857,100.0,0.0,50.0,13,0.0,1,90.0,91.0,54.66666666666666,1.0,P,1,2026-07-15
15,1,1194,97,48,851,231,Assignment,38,658,477,12,0,12.309278350515465,86.16494845360825,0.1934673366834171,0.7127303182579564,15.0,88.74666666666667,100.0,70.0,59.0,15,81.1,0,92.0,94.0,77.05,2.0,P,1,2026-07-15
16,1,733,68,27,439,250,Course Page,184,137,384,1,0,10.779411764705882,75.45588235294119,0.3410641200545702,0.5989085948158254,15.0,68.83333333333333,100.0,0.0,51.0,12,20.25,3,86.0,66.0,49.125,-20.0,P,1,2026-07-15
17,1,43,8,9,15,13,Course Page,7,17,19,0,0,5.375,37.625,0.3023255813953488,0.3488372093023256,7.0,35.857142857142854,100.0,0.0,5.0,3,0.0,4,73.33333333333333,0.0,3.0,0.0,N,1,2026-07-15
18,1,49,5,9,2,48,Course Page,0,8,41,0,0,9.8,68.6,0.979591836734694,0.0408163265306122,6.0,0.0,0.0,0.0,0.0,0,0.0,6,0.0,0.0,0.0,0.0,N,1,2026-07-15
19,1,535,71,33,216,111,Course Page,130,76,247,20,0,7.535211267605634,52.74647887323944,0.2074766355140186,0.4037383177570093,15.0,93.65333333333334,100.0,70.0,83.0,15,93.15,0,90.0,97.0,94.075,7.0,HD,1,2026-07-15
20,1,161,22,32,67,57,Course Page,49,40,55,1,0,7.318181818181818,51.22727272727273,0.3540372670807453,0.4161490683229814,8.0,53.875,100.0,20.0,34.0,4,65.0,4,100.0,20.0,47.25,-80.0,N,1,2026-07-15
21,1,268,41,40,101,55,Assignment,67,87,85,9,0,6.536585365853658,45.75609756097561,0.2052238805970149,0.376865671641791,8.0,67.8875,100.0,26.5,50.0,7,62.3,1,97.5,70.0,62.9,-27.5,P,1,2026-07-15
22,1,1203,111,36,221,239,Course Page,115,292,765,7,0,10.83783783783784,75.86486486486486,0.198669991687448,0.1837073981712385,15.0,96.584,100.0,88.13,83.0,15,88.13,0,98.0,97.0,94.065,-1.0,HD,1,2026-07-15
23,1,402,58,26,119,59,Course Page,158,50,165,11,0,6.931034482758621,48.51724137931034,0.1467661691542288,0.2960199004975124,15.0,85.1,100.0,55.5,83.0,15,74.0,0,94.0,91.0,64.75,-3.0,HD,1,2026-07-15
24,1,248,30,18,85,9,Course Page,56,41,129,21,0,8.266666666666667,57.86666666666667,0.0362903225806451,0.3427419354838709,9.0,83.38888888888889,100.0,38.5,40.0,8,75.5,1,96.25,0.0,81.75,0.0,SA,1,2026-07-15
25,1,382,49,30,148,43,Course Page,90,101,182,2,0,7.795918367346939,54.57142857142857,0.112565445026178,0.387434554973822,15.0,77.36,100.0,46.2,40.0,13,46.2,2,81.0,83.0,64.6,2.0,SA,1,2026-07-15
26,1,415,47,37,205,80,Course Page,119,81,131,38,0,8.829787234042554,61.80851063829787,0.1927710843373494,0.4939759036144578,12.0,38.083333333333336,70.0,0.0,18.0,4,0.0,8,56.66666666666666,36.0,24.0,-20.666666666666664,N,1,2026-07-15
27,1,266,37,17,58,37,Course Page,71,62,128,0,0,7.1891891891891895,50.32432432432432,0.1390977443609022,0.2180451127819548,13.0,51.68461538461538,80.0,30.0,24.0,6,46.45,7,60.0,50.0,44.225,-10.0,N,1,2026-07-15
28,1,7,3,4,3,0,Course Page,0,3,4,0,0,2.333333333333333,16.333333333333336,0.0,0.4285714285714285,4.0,26.125,95.0,0.0,2.0,1,0.0,3,0.0,95.0,0.0,0.0,N,1,2026-07-15
29,1,379,49,37,83,71,Course Page,39,131,147,19,0,7.73469387755102,54.142857142857146,0.1873350923482849,0.2189973614775725,14.0,75.61428571428571,100.0,56.05,59.0,14,56.05,0,83.0,85.0,57.025,2.0,P,1,2026-07-15
30,1,111,26,18,40,35,Course Page,14,41,49,3,0,4.269230769230769,29.884615384615383,0.3153153153153153,0.3603603603603603,9.0,41.66666666666666,95.0,5.5,17.0,4,5.5,5,52.5,0.0,36.0,0.0,N,1,2026-07-15
31,1,362,46,37,114,38,Course Page,79,117,130,11,0,7.869565217391305,55.08695652173913,0.1049723756906077,0.3149171270718232,15.0,90.15333333333334,100.0,65.8,72.0,15,65.8,0,97.4,90.0,80.4,-7.400000000000006,D,1,2026-07-15
32,1,450,59,50,32,54,Assignment,41,226,161,15,0,7.627118644067797,53.389830508474574,0.12,0.0711111111111111,14.0,84.09285714285714,100.0,59.0,75.0,14,59.4,0,91.25,98.0,59.2,6.75,D,1,2026-07-15
33,1,317,43,31,69,101,Course Page,42,72,166,17,0,7.372093023255814,51.604651162790695,0.3186119873817035,0.2176656151419558,15.0,88.39666666666668,100.0,60.0,49.0,15,91.3,0,78.0,100.0,86.7375,22.0,S,1,2026-07-15
34,1,501,58,28,365,130,Course Page,82,166,230,13,0,8.637931034482758,60.4655172413793,0.2594810379241516,0.7285429141716567,13.0,76.96153846153847,100.0,20.0,44.0,11,83.0,2,81.0,73.33333333333333,78.25,-7.666666666666671,SA,1,2026-07-15
35,1,338,51,34,46,17,Course Page,80,113,123,6,0,6.627450980392157,46.3921568627451,0.0502958579881656,0.136094674556213,15.0,84.97333333333333,100.0,70.35,48.0,15,70.35,0,87.8,90.0,74.175,2.200000000000003,S,1,2026-07-15
36,1,402,48,30,141,60,Course Page,87,87,188,0,0,8.375,58.625,0.1492537313432835,0.3507462686567164,15.0,67.6,90.0,35.0,56.0,13,64.5,2,67.0,63.0,74.75,-4.0,P,1,2026-07-15
37,1,212,36,15,16,4,Course Page,32,60,115,3,0,5.888888888888889,41.22222222222222,0.0188679245283018,0.0754716981132075,14.0,77.27142857142857,95.0,55.0,54.0,14,81.4,0,79.0,73.75,80.7,-5.25,P,1,2026-07-15
38,1,846,84,39,256,166,Course Page,130,242,403,20,0,10.071428571428571,70.5,0.1962174940898345,0.3026004728132387,15.0,67.25333333333333,92.0,35.0,45.0,12,79.65,3,62.0,59.0,85.825,-3.0,S,1,2026-07-15
39,1,211,50,37,41,40,Lecture Material,70,58,59,6,0,4.22,29.54,0.1895734597156398,0.1943127962085308,15.0,81.94266666666667,100.0,61.57,70.0,15,61.57,0,94.0,82.0,65.285,-12.0,D,1,2026-07-15
40,1,321,40,22,154,30,Assignment,31,178,111,1,0,8.025,56.175,0.0934579439252336,0.4797507788161994,14.0,62.392857142857146,100.0,19.0,34.0,12,19.0,2,75.0,72.5,35.5,-2.5,N,1,2026-07-15
41,1,409,43,27,225,101,Course Page,78,122,196,10,0,9.511627906976743,66.5813953488372,0.2469437652811736,0.5501222493887531,10.0,38.9,60.0,0.0,15.0,5,46.0,5,40.0,55.0,30.666666666666668,15.0,N,1,2026-07-15
42,1,266,42,20,128,22,Assignment,24,130,101,1,0,6.333333333333333,44.333333333333336,0.0827067669172932,0.4812030075187969,13.0,84.34615384615384,100.0,60.0,62.0,13,60.0,0,91.0,93.33333333333331,72.0,2.3333333333333286,C,1,2026-07-15
43,1,611,63,36,334,99,Course Page,106,77,402,1,0,9.698412698412698,67.88888888888889,0.1620294599018003,0.546644844517185,14.0,82.27857142857144,100.0,45.0,43.0,13,85.95,1,85.0,88.0,73.475,3.0,SA,1,2026-07-15
44,1,367,38,26,107,75,Course Page,85,96,174,7,0,9.657894736842104,67.60526315789474,0.2043596730245231,0.2915531335149863,13.0,83.9076923076923,100.0,67.9,60.0,13,67.9,0,93.0,88.33333333333333,71.95,-4.666666666666671,C,1,2026-07-15
45,1,478,62,56,257,73,Assignment,67,193,193,8,0,7.709677419354839,53.967741935483865,0.1527196652719665,0.5376569037656904,15.0,89.08666666666666,100.0,65.0,71.0,15,79.15,0,88.0,92.0,86.575,4.0,D,1,2026-07-15
46,1,265,40,22,79,64,Course Page,66,59,118,13,0,6.625,46.375,0.2415094339622641,0.2981132075471698,15.0,72.78666666666666,90.0,40.0,46.0,14,69.65,1,69.0,82.0,65.325,13.0,S,1,2026-07-15
47,1,330,53,26,156,115,Course Page,17,138,163,6,0,6.226415094339623,43.58490566037736,0.3484848484848485,0.4727272727272727,15.0,83.44666666666667,100.0,60.0,43.0,15,75.85,0,81.0,87.0,81.925,6.0,SA,1,2026-07-15
48,1,384,48,32,109,98,Course Page,115,96,160,1,0,8.0,56.0,0.2552083333333333,0.2838541666666667,15.0,72.25733333333332,100.0,25.0,48.0,12,51.43,3,86.0,56.0,75.715,-30.0,S,1,2026-07-15
49,1,439,34,30,366,158,Course Page,133,56,192,32,0,12.911764705882351,90.38235294117648,0.3599088838268792,0.8337129840546698,9.0,63.333333333333336,100.0,29.0,26.0,8,64.5,1,65.0,80.0,62.75,15.0,N,1,2026-07-15
50,1,254,35,41,64,8,Lecture Material,80,37,75,36,0,7.257142857142857,50.8,0.0314960629921259,0.2519685039370078,13.0,46.2,84.0,20.0,60.0,6,51.3,7,40.0,33.333333333333336,67.65,-6.666666666666664,C,1,2026-07-15
51,1,270,57,27,125,41,Course Page,44,94,106,12,0,4.7368421052631575,33.15789473684211,0.1518518518518518,0.4629629629629629,14.0,87.73571428571428,100.0,50.0,82.0,14,97.9,0,89.0,82.5,93.95,-6.5,HD,1,2026-07-15
52,1,244,32,23,120,39,Course Page,70,36,94,10,0,7.625,53.375,0.1598360655737705,0.4918032786885246,15.0,71.03333333333333,100.0,50.0,62.0,15,68.0,0,82.0,67.0,61.5,-15.0,C,1,2026-07-15
53,1,267,42,21,60,79,Course Page,75,66,121,4,0,6.357142857142857,44.5,0.2958801498127341,0.2247191011235955,12.0,57.03333333333333,100.0,19.7,37.0,7,19.7,5,72.0,50.0,44.6,-22.0,N,1,2026-07-15
54,1,748,69,41,322,144,Course Page,86,227,378,1,0,10.840579710144928,75.88405797101449,0.1925133689839572,0.4304812834224599,13.0,74.99230769230769,100.0,30.0,41.0,10,76.45,3,67.5,97.5,62.225,30.0,SA,1,2026-07-15
55,1,711,68,25,147,179,Course Page,39,94,552,6,0,10.455882352941176,73.19117647058825,0.2517580872011252,0.2067510548523206,11.0,45.13636363636363,75.0,0.0,22.0,4,44.0,7,48.75,20.0,59.5,-28.75,N,1,2026-07-15
56,1,261,40,25,71,64,Course Page,31,99,113,8,0,6.525,45.675,0.2452107279693486,0.2720306513409962,15.0,78.56666666666666,100.0,0.0,60.0,14,84.0,1,92.0,59.0,87.0,-33.0,C,1,2026-07-15
57,1,176,38,16,78,22,Course Page,11,45,119,0,0,4.631578947368421,32.421052631578945,0.125,0.4431818181818182,6.0,57.333333333333336,100.0,10.0,47.0,5,62.0,1,100.0,0.0,58.5,0.0,S,1,2026-07-15
58,1,387,46,28,135,68,Course Page,93,46,223,11,0,8.41304347826087,58.891304347826086,0.1757105943152454,0.3488372093023256,12.0,26.375,55.0,0.0,20.0,4,53.75,8,17.5,6.666666666666667,54.375,-10.833333333333332,N,1,2026-07-15
59,1,221,28,16,77,28,Course Page,50,48,123,0,0,7.892857142857143,55.25,0.1266968325791855,0.3484162895927601,9.0,55.67777777777778,85.0,29.0,19.0,6,36.05,3,78.33333333333333,55.0,45.525,-23.33333333333333,N,1,2026-07-15
60,1,455,69,27,180,125,Course Page,40,177,214,15,0,6.594202898550725,46.15942028985507,0.2747252747252747,0.3956043956043956,15.0,90.91333333333334,100.0,80.0,65.0,15,84.15,0,91.8,91.0,89.575,-0.7999999999999972,C,1,2026-07-15
61,1,280,49,34,118,59,Course Page,84,64,88,14,0,5.714285714285714,40.0,0.2107142857142857,0.4214285714285714,15.0,91.0,100.0,60.0,83.0,15,80.0,0,98.0,88.0,85.5,-10.0,HD,1,2026-07-15
62,1,220,37,28,98,71,Course Page,47,58,105,4,0,5.945945945945946,41.62162162162162,0.3227272727272727,0.4454545454545454,15.0,74.58,95.0,50.0,48.0,15,88.35,0,79.0,69.0,76.175,-10.0,S,1,2026-07-15
63,1,347,53,31,118,41,Course Page,40,77,204,5,0,6.547169811320755,45.83018867924528,0.1181556195965417,0.3400576368876081,14.0,79.5,100.0,40.0,46.0,13,65.5,1,88.0,75.0,74.75,-13.0,S,1,2026-07-15
64,1,551,30,28,345,60,Course Page,64,49,410,9,0,18.366666666666667,128.56666666666666,0.1088929219600726,0.6261343012704175,10.0,48.73,80.0,10.0,23.0,7,65.65,3,40.0,50.0,61.325,10.0,N,1,2026-07-15
65,1,408,50,34,165,38,Course Page,43,137,180,15,0,8.16,57.12,0.0931372549019607,0.4044117647058823,15.0,83.24666666666667,95.0,58.0,58.0,15,88.4,0,83.8,90.0,73.2,6.200000000000003,P,1,2026-07-15
66,1,213,44,24,39,47,Course Page,71,59,74,3,0,4.840909090909091,33.88636363636364,0.2206572769953051,0.1830985915492957,15.0,74.21333333333334,100.0,30.0,46.0,14,72.35,1,66.0,77.0,81.675,11.0,S,1,2026-07-15
67,1,193,18,42,172,40,Assignment,38,110,34,7,0,10.72222222222222,75.05555555555554,0.2072538860103626,0.8911917098445595,15.0,87.22666666666667,100.0,67.7,70.0,15,67.7,0,96.0,86.0,76.85,-10.0,D,1,2026-07-15
68,1,503,74,31,73,85,Course Page,71,69,342,2,0,6.797297297297297,47.58108108108108,0.1689860834990059,0.1451292246520874,15.0,75.48666666666666,100.0,30.0,44.0,12,41.65,3,72.0,90.0,60.325,18.0,SA,1,2026-07-15
69,1,151,33,22,57,12,Course Page,26,46,78,0,0,4.575757575757576,32.03030303030303,0.0794701986754966,0.3774834437086092,15.0,71.59466666666667,100.0,47.21,58.0,13,47.21,2,74.0,75.0,63.605,1.0,P,1,2026-07-15
70,1,463,46,24,105,76,Course Page,85,89,268,8,0,10.065217391304348,70.45652173913044,0.1641468682505399,0.2267818574514039,15.0,95.83733333333332,100.0,88.28,85.0,15,88.28,0,98.0,96.0,92.64,-2.0,HD,1,2026-07-15
71,1,91,20,14,38,25,Assignment,2,58,24,5,0,4.55,31.85,0.2747252747252747,0.4175824175824176,14.0,54.642857142857146,80.0,0.0,30.0,10,66.0,4,55.0,42.0,73.0,-13.0,N,1,2026-07-15
72,1,452,50,31,192,33,Course Page,75,149,207,8,0,9.04,63.28,0.0730088495575221,0.4247787610619469,15.0,75.97333333333333,100.0,40.0,66.0,14,96.3,1,80.0,62.0,89.65,-18.0,C,1,2026-07-15
73,1,252,39,35,169,48,Assignment,21,106,99,16,0,6.461538461538462,45.23076923076923,0.1904761904761904,0.6706349206349206,10.0,53.4,100.0,0.0,11.0,5,0.0,5,80.0,75.0,9.333333333333334,-5.0,N,1,2026-07-15
74,1,327,60,18,149,59,Course Page,52,60,209,0,0,5.45,38.15,0.1804281345565749,0.45565749235474,15.0,76.5,95.0,30.0,54.0,14,50.0,1,76.0,81.0,71.0,5.0,P,1,2026-07-15
75,1,494,65,24,261,106,Course Page,19,232,240,0,0,7.6,53.2,0.2145748987854251,0.52834008097166,14.0,73.39285714285714,100.0,40.0,55.0,11,41.0,3,70.0,93.75,57.5,23.75,P,1,2026-07-15
76,1,187,29,28,42,24,Assignment,25,78,78,1,0,6.448275862068965,45.137931034482754,0.1283422459893048,0.2245989304812834,15.0,64.23333333333333,100.0,20.0,53.0,11,45.0,4,76.0,61.0,52.5,-15.0,P,1,2026-07-15
77,1,220,35,24,90,28,Course Page,68,45,85,15,0,6.285714285714286,44.0,0.1272727272727272,0.4090909090909091,10.0,70.47,100.0,38.0,50.0,9,89.35,1,70.0,100.0,71.675,30.0,P,1,2026-07-15
78,1,445,66,27,247,87,Course Page,52,56,321,5,0,6.742424242424242,47.196969696969695,0.195505617977528,0.5550561797752809,14.0,76.72142857142856,100.0,50.0,39.0,14,73.3,0,71.25,78.0,82.9,6.75,N,1,2026-07-15
79,1,375,47,29,104,82,Course Page,96,103,145,3,0,7.978723404255319,55.85106382978724,0.2186666666666666,0.2773333333333333,14.0,70.85714285714286,100.0,40.0,63.0,13,63.0,1,86.0,65.0,58.25,-21.0,C,1,2026-07-15
80,1,333,56,21,151,116,Course Page,51,86,193,2,0,5.946428571428571,41.625,0.3483483483483483,0.4534534534534534,15.0,81.77333333333333,100.0,65.0,67.0,15,79.3,0,86.0,78.0,81.15,-8.0,C,1,2026-07-15
81,1,511,76,38,129,125,Lecture Material,159,149,152,22,0,6.723684210526316,47.065789473684205,0.2446183953033268,0.2524461839530332,15.0,35.906666666666666,75.0,10.0,25.0,4,48.8,11,15.0,55.0,38.4,40.0,N,1,2026-07-15
82,1,657,66,29,253,82,Course Page,102,236,299,7,0,9.954545454545457,69.68181818181819,0.1248097412480974,0.3850837138508371,15.0,92.12666666666668,100.0,70.0,73.0,15,88.7,0,90.0,93.0,93.85,3.0,D,1,2026-07-15
83,1,325,50,23,92,61,Course Page,36,69,212,7,0,6.5,45.5,0.1876923076923076,0.283076923076923,15.0,68.04,100.0,40.0,30.0,12,45.3,3,69.0,79.0,51.65,10.0,N,1,2026-07-15
84,1,353,46,24,160,45,Course Page,52,58,227,3,0,7.673913043478261,53.71739130434783,0.1274787535410765,0.4532577903682719,15.0,83.09333333333333,100.0,69.0,52.0,15,70.2,0,84.0,92.0,69.6,8.0,P,1,2026-07-15
85,1,191,35,19,87,43,Course Page,11,72,103,1,0,5.457142857142857,38.2,0.225130890052356,0.4554973821989528,15.0,69.76666666666667,100.0,0.0,21.0,10,0.0,5,79.0,100.0,15.5,21.0,N,1,2026-07-15
86,1,343,47,32,174,43,Course Page,75,66,165,16,0,7.297872340425532,51.08510638297872,0.1253644314868804,0.5072886297376094,12.0,57.76666666666667,100.0,20.0,30.0,8,68.1,4,65.0,43.333333333333336,66.05,-21.666666666666664,N,1,2026-07-15
87,1,120,14,16,27,13,Assignment,13,60,45,1,0,8.571428571428571,60.0,0.1083333333333333,0.225,14.0,59.17857142857143,100.0,0.0,41.0,9,56.0,5,55.0,75.0,49.0,20.0,SA,1,2026-07-15
88,1,109,19,12,27,28,Course Page,14,37,55,0,0,5.7368421052631575,40.1578947368421,0.2568807339449541,0.2477064220183486,9.0,74.33333333333333,100.0,0.0,62.0,7,86.5,2,75.0,0.0,84.75,0.0,C,1,2026-07-15
89,1,284,62,20,165,64,Assignment,20,144,100,4,0,4.580645161290323,32.064516129032256,0.2253521126760563,0.5809859154929577,8.0,14.0,38.0,0.0,9.0,0,38.0,8,0.0,0.0,28.0,0.0,N,1,2026-07-15
90,1,502,51,32,95,64,Course Page,78,171,227,15,0,9.84313725490196,68.90196078431373,0.1274900398406374,0.1892430278884462,15.0,87.90666666666667,100.0,79.0,73.0,15,82.55,0,92.0,89.0,80.775,-3.0,D,1,2026-07-15
91,1,311,51,28,149,41,Course Page,40,78,152,13,0,6.098039215686274,42.68627450980392,0.1318327974276527,0.4790996784565916,15.0,84.86,100.0,50.0,72.0,15,84.95,0,74.0,92.0,89.975,18.0,D,1,2026-07-15
92,1,488,51,41,75,94,Course Page,94,146,180,28,0,9.568627450980392,66.98039215686275,0.1926229508196721,0.1536885245901639,10.0,78.85,100.0,43.5,40.0,9,72.5,1,78.33333333333333,100.0,77.5,21.66666666666667,SA,1,2026-07-15
93,1,188,31,24,45,7,Course Page,39,53,63,7,0,6.064516129032258,42.4516129032258,0.0372340425531914,0.2393617021276596,13.0,32.19230769230769,60.0,0.0,33.0,3,23.0,10,41.0,26.666666666666668,26.25,-14.333333333333332,N,1,2026-07-15
94,1,417,35,26,164,46,Course Page,117,107,160,0,0,11.914285714285716,83.4,0.1103117505995203,0.3932853717026379,14.0,53.785714285714285,90.0,17.0,51.0,8,17.0,6,75.0,56.25,23.25,-18.75,P,1,2026-07-15
95,1,244,31,34,137,72,Course Page,35,96,97,1,0,7.870967741935484,55.096774193548384,0.2950819672131147,0.5614754098360656,12.0,41.833333333333336,86.0,0.0,0.0,4,0.0,8,55.0,26.666666666666668,43.0,-28.33333333333333,DX,1,2026-07-15
96,1,780,74,46,653,188,Assignment,73,351,337,12,0,10.54054054054054,73.78378378378379,0.241025641025641,0.8371794871794872,15.0,68.36,100.0,1.2,25.0,11,1.2,4,82.0,88.0,22.6,6.0,N,1,2026-07-15
97,1,157,35,15,39,54,Course Page,49,45,56,5,0,4.485714285714286,31.4,0.3439490445859872,0.2484076433121019,12.0,76.825,100.0,55.5,44.0,12,55.7,0,88.33333333333333,72.5,77.85,-15.833333333333329,SA,1,2026-07-15
98,1,145,23,16,67,31,Course Page,47,29,66,0,0,6.304347826086956,44.130434782608695,0.2137931034482758,0.4620689655172413,8.0,51.275,100.0,0.0,28.0,5,73.1,3,40.0,0.0,69.55,0.0,N,1,2026-07-15
99,1,417,49,36,77,31,Course Page,114,78,183,12,0,8.510204081632653,59.57142857142857,0.0743405275779376,0.184652278177458,14.0,74.25,100.0,0.0,60.0,13,79.0,1,90.0,53.75,77.0,-36.25,C,1,2026-07-15
100,1,57,20,5,8,6,Course Page,1,2,53,1,0,2.85,19.95,0.1052631578947368,0.1403508771929824,10.0,41.15,75.0,0.0,10.0,5,0.0,5,61.25,50.0,21.75,-11.25,N,1,2026-07-15
101,1,733,50,30,296,161,Course Page,162,118,423,0,0,14.66,102.62,0.2196452933151432,0.4038199181446112,15.0,71.86666666666666,90.0,43.0,38.0,13,67.0,2,74.0,82.0,55.0,8.0,N,1,2026-07-15
102,1,121,15,11,53,24,Course Page,17,43,57,0,0,8.066666666666666,56.46666666666667,0.1983471074380165,0.4380165289256198,8.0,10.375,25.0,0.0,2.0,0,0.0,8,16.666666666666668,20.0,2.0,3.333333333333332,N,1,2026-07-15
103,1,444,81,45,215,128,Course Page,35,160,234,5,0,5.481481481481482,38.37037037037037,0.2882882882882883,0.4842342342342342,15.0,89.96666666666667,100.0,40.0,74.0,13,93.0,2,97.0,100.0,66.5,3.0,D,1,2026-07-15
104,1,421,72,28,140,80,Assignment,94,143,101,36,0,5.847222222222222,40.93055555555555,0.1900237529691211,0.332541567695962,15.0,91.53333333333332,100.0,75.0,72.0,15,94.0,0,96.0,86.0,93.0,-10.0,D,1,2026-07-15
105,1,211,40,22,90,30,Course Page,28,74,95,5,0,5.275,36.925,0.1421800947867298,0.4265402843601896,12.0,65.48333333333333,90.0,25.0,36.0,10,65.65,2,76.0,57.5,60.325,-18.5,N,1,2026-07-15
106,1,638,68,43,395,140,Course Page,65,188,345,7,0,9.382352941176473,65.6764705882353,0.219435736677116,0.6191222570532915,14.0,48.75714285714286,100.0,0.0,33.0,8,32.8,6,46.0,60.0,41.4,14.0,N,1,2026-07-15
107,1,678,69,46,174,108,Course Page,149,180,300,2,0,9.826086956521738,68.78260869565217,0.1592920353982301,0.2566371681415929,14.0,68.35714285714286,100.0,30.0,53.0,13,77.0,1,70.0,65.0,71.5,-5.0,P,1,2026-07-15
108,1,333,32,25,260,79,Course Page,98,66,151,9,0,10.40625,72.84375,0.2372372372372372,0.7807807807807807,14.0,58.46428571428572,85.0,0.0,57.0,12,76.0,2,70.0,38.75,65.75,-31.25,P,1,2026-07-15
109,1,205,30,19,103,6,Course Page,40,46,110,0,0,6.833333333333333,47.833333333333336,0.0292682926829268,0.5024390243902439,11.0,68.95454545454545,90.0,43.5,66.0,10,85.0,1,67.5,82.5,70.0,15.0,C,1,2026-07-15
110,1,251,30,30,194,56,Assignment,34,104,104,2,0,8.366666666666667,58.56666666666667,0.2231075697211155,0.7729083665338645,10.0,51.2,70.0,27.0,22.0,6,58.5,4,56.66666666666666,50.0,53.75,-6.666666666666664,N,1,2026-07-15
111,1,257,25,34,153,18,Assignment,9,147,92,1,0,10.28,71.96,0.0700389105058365,0.5953307392996109,13.0,81.69999999999999,100.0,63.3,45.0,13,63.3,0,99.0,76.66666666666667,66.15,-22.33333333333333,S,1,2026-07-15
112,1,189,26,24,79,31,Assignment,15,80,77,2,0,7.269230769230769,50.88461538461538,0.164021164021164,0.4179894179894179,14.0,67.51428571428572,100.0,30.0,52.0,12,52.85,2,53.75,82.0,64.425,28.25,P,1,2026-07-15
113,1,502,67,30,198,77,Course Page,50,120,293,1,0,7.492537313432836,52.44776119402985,0.1533864541832669,0.3944223107569721,15.0,31.466666666666665,75.0,0.0,24.0,5,62.0,10,17.0,19.0,68.5,2.0,N,1,2026-07-15
114,1,157,22,22,85,4,Assignment,15,92,46,0,0,7.136363636363637,49.95454545454545,0.0254777070063694,0.5414012738853503,15.0,80.2,100.0,60.0,68.0,15,86.0,0,83.0,81.0,75.25,-2.0,C,1,2026-07-15
115,1,455,47,27,73,70,Course Page,100,151,195,2,0,9.680851063829786,67.76595744680851,0.1538461538461538,0.1604395604395604,14.0,73.57142857142857,100.0,50.0,58.0,14,65.0,0,84.0,70.0,65.0,-14.0,P,1,2026-07-15
116,1,127,18,13,91,43,Course Page,11,45,62,8,0,7.055555555555555,49.388888888888886,0.3385826771653543,0.7165354330708661,6.0,50.48333333333333,78.0,0.0,23.0,4,73.45,2,0.0,0.0,75.725,0.0,N,1,2026-07-15
117,1,105,20,22,8,9,Assignment,24,53,23,2,0,5.25,36.75,0.0857142857142857,0.0761904761904762,15.0,92.2,100.0,50.0,82.0,15,91.5,0,100.0,100.0,70.75,0.0,HD,1,2026-07-15
118,1,803,74,32,219,117,Assignment,127,351,295,7,0,10.85135135135135,75.95945945945947,0.1457036114570361,0.2727272727272727,15.0,79.42,100.0,30.0,64.0,14,94.65,1,72.0,80.0,88.825,8.0,C,1,2026-07-15
119,1,165,29,22,66,9,Course Page,39,59,66,0,0,5.689655172413793,39.82758620689655,0.0545454545454545,0.4,15.0,69.7,100.0,10.0,50.0,11,77.5,4,80.0,67.0,59.25,-13.0,P,1,2026-07-15
120,1,191,37,15,42,34,Course Page,61,35,90,3,0,5.162162162162162,36.13513513513514,0.1780104712041884,0.2198952879581152,14.0,88.57857142857142,100.0,64.0,61.0,14,83.05,0,100.0,92.0,73.525,-8.0,C,1,2026-07-15
121,1,230,27,33,108,45,Course Page,71,40,100,2,0,8.518518518518519,59.629629629629626,0.1956521739130435,0.4695652173913043,8.0,48.625,80.0,18.5,25.0,5,31.75,3,65.0,55.0,46.375,-10.0,N,1,2026-07-15
122,1,171,22,24,12,4,Assignment,40,66,59,0,0,7.772727272727272,54.409090909090914,0.023391812865497,0.0701754385964912,14.0,92.64,100.0,78.73,64.0,14,78.73,0,100.0,96.25,80.86500000000001,-3.75,C,1,2026-07-15
123,1,134,21,26,64,13,Course Page,44,38,44,4,0,6.380952380952381,44.66666666666666,0.0970149253731343,0.4776119402985074,10.0,34.05,63.0,0.0,18.0,4,63.0,6,36.25,25.0,42.0,-11.25,N,1,2026-07-15
124,1,599,89,29,211,134,Course Page,190,65,320,22,0,6.730337078651686,47.1123595505618,0.2237061769616026,0.352253756260434,15.0,80.41333333333334,95.0,69.0,72.0,15,72.1,0,83.0,85.0,70.55,2.0,D,1,2026-07-15
125,1,669,89,33,185,153,Course Page,194,107,351,8,0,7.51685393258427,52.61797752808989,0.2286995515695067,0.2765321375186846,15.0,85.4,100.0,70.0,75.0,15,73.5,0,88.0,92.0,72.75,4.0,D,1,2026-07-15
126,1,205,29,20,22,83,Assignment,32,88,78,2,0,7.068965517241379,49.48275862068965,0.4048780487804878,0.1073170731707317,15.0,65.63333333333334,100.0,0.0,53.0,12,54.0,3,72.0,55.0,71.5,-17.0,P,1,2026-07-15
127,1,169,28,19,91,35,Course Page,32,50,83,0,0,6.035714285714286,42.25,0.2071005917159763,0.5384615384615384,11.0,38.95454545454545,85.0,0.0,23.0,6,0.0,5,42.0,85.0,26.0,43.0,N,1,2026-07-15
128,1,230,44,23,71,45,Course Page,18,97,104,5,0,5.227272727272728,36.59090909090909,0.1956521739130435,0.308695652173913,12.0,67.86666666666666,85.0,51.0,30.0,12,68.7,0,66.25,81.66666666666667,63.35,15.416666666666671,N,1,2026-07-15
129,1,662,60,34,264,156,Course Page,147,162,309,1,0,11.033333333333331,77.23333333333333,0.2356495468277945,0.3987915407854985,12.0,55.0,100.0,20.0,24.0,8,30.0,4,58.0,55.0,55.0,-3.0,N,1,2026-07-15
130,1,183,31,15,70,30,Assignment,35,76,72,0,0,5.903225806451613,41.32258064516129,0.1639344262295081,0.3825136612021858,8.0,64.725,100.0,23.0,25.0,6,57.4,2,76.66666666666667,0.0,66.2,0.0,N,1,2026-07-15
131,1,261,35,29,76,37,Course Page,67,72,102,8,0,7.457142857142857,52.2,0.1417624521072797,0.2911877394636015,15.0,87.54666666666667,100.0,76.35,82.0,15,76.35,0,91.0,84.0,87.675,-7.0,HD,1,2026-07-15
132,1,341,42,28,97,27,Course Page,27,127,169,10,0,8.119047619047619,56.833333333333336,0.0791788856304985,0.2844574780058651,14.0,79.64999999999999,100.0,50.0,63.0,14,95.55,0,78.0,72.5,91.775,-5.5,C,1,2026-07-15
133,1,157,18,18,49,16,Course Page,23,54,70,0,0,8.722222222222221,61.05555555555555,0.1019108280254777,0.3121019108280254,7.0,24.685714285714287,50.0,0.0,10.0,1,28.9,6,50.0,0.0,29.45,-50.0,N,1,2026-07-15
134,1,418,37,31,214,88,Course Page,120,75,201,15,0,11.297297297297296,79.08108108108108,0.2105263157894736,0.5119617224880383,12.0,54.333333333333336,95.0,20.0,27.0,7,62.0,5,36.66666666666666,72.5,53.0,35.833333333333336,N,1,2026-07-15
135,1,237,30,37,175,32,Assignment,20,140,70,1,0,7.9,55.3,0.1350210970464135,0.7383966244725738,14.0,78.47857142857143,100.0,37.0,38.0,12,50.35,2,96.0,90.0,43.675,-6.0,N,1,2026-07-15
136,1,359,51,22,145,87,Course Page,29,159,161,2,0,7.03921568627451,49.27450980392157,0.2423398328690807,0.403899721448468,14.0,73.15714285714286,83.85,65.0,56.0,14,83.85,0,75.0,71.0,75.925,-4.0,P,1,2026-07-15
137,1,307,28,42,114,29,Assignment,26,188,90,0,0,10.964285714285714,76.75,0.0944625407166123,0.3713355048859935,15.0,78.88000000000001,100.0,50.35,37.0,15,50.35,0,89.0,88.0,52.425,-1.0,N,1,2026-07-15
138,1,214,24,20,92,61,Assignment,17,99,93,1,0,8.916666666666666,62.41666666666667,0.2850467289719626,0.4299065420560747,13.0,74.6923076923077,100.0,30.0,42.0,11,88.5,2,71.25,78.75,77.75,7.5,SA,1,2026-07-15
139,1,135,22,15,72,40,Course Page,14,54,64,0,0,6.136363636363637,42.95454545454545,0.2962962962962963,0.5333333333333333,13.0,45.61538461538461,80.0,0.0,33.0,8,65.0,5,46.0,26.666666666666668,63.0,-19.33333333333333,N,1,2026-07-15
140,1,7,5,3,1,2,Course Page,0,2,4,1,0,1.4,9.8,0.2857142857142857,0.1428571428571428,4.0,5.5,20.0,0.0,0.0,0,0.0,4,20.0,0.0,0.0,0.0,N,1,2026-07-15
141,1,374,51,28,119,53,Course Page,58,100,201,9,0,7.333333333333333,51.333333333333336,0.141711229946524,0.3181818181818182,14.0,55.29,100.0,30.0,48.0,8,43.78,6,61.0,40.0,65.64,-21.0,S,1,2026-07-15
142,1,277,47,24,39,44,Course Page,55,57,125,6,0,5.893617021276596,41.25531914893617,0.1588447653429603,0.1407942238267148,14.0,89.41428571428571,100.0,75.0,71.0,14,95.9,0,92.5,90.0,87.45,-2.5,D,1,2026-07-15
143,1,501,38,26,232,64,Course Page,162,65,235,9,0,13.18421052631579,92.28947368421052,0.1277445109780439,0.4630738522954092,7.0,45.142857142857146,90.0,0.0,13.0,3,0.0,4,55.0,30.0,54.0,-25.0,N,1,2026-07-15
144,1,105,12,17,90,27,Course Page,3,33,66,0,0,8.75,61.25,0.2571428571428571,0.8571428571428571,10.0,62.5,95.0,0.0,58.0,7,87.0,3,60.0,72.5,58.0,12.5,P,1,2026-07-15
145,1,112,10,16,82,2,Lecture Material,48,26,35,3,0,11.2,78.39999999999999,0.0178571428571428,0.7321428571428571,8.0,58.875,100.0,0.0,17.0,5,0.0,3,77.5,0.0,43.333333333333336,0.0,N,1,2026-07-15
146,1,176,34,18,87,41,Course Page,58,39,63,2,0,5.176470588235294,36.235294117647065,0.2329545454545454,0.4943181818181818,7.0,60.07142857142857,75.0,14.5,22.0,6,55.5,1,72.5,0.0,65.25,0.0,N,1,2026-07-15
147,1,265,37,26,83,78,Course Page,59,81,115,8,0,7.162162162162162,50.13513513513514,0.2943396226415094,0.3132075471698113,10.0,65.25,100.0,12.75,25.0,6,12.75,4,92.5,40.0,50.375,-52.5,N,1,2026-07-15
148,1,101,21,18,44,17,Assignment,26,38,34,3,0,4.809523809523809,33.666666666666664,0.1683168316831683,0.4356435643564356,9.0,58.28888888888889,100.0,30.0,24.0,5,55.8,4,93.33333333333331,30.0,45.9,-63.33333333333333,N,1,2026-07-15
149,1,166,22,35,63,9,Assignment,14,126,26,0,0,7.545454545454546,52.81818181818182,0.0542168674698795,0.3795180722891566,14.0,87.92857142857143,100.0,62.75,60.0,14,62.75,0,99.0,97.5,64.375,-1.5,C,1,2026-07-15
150,1,94,25,14,25,20,Course Page,18,27,40,0,0,3.76,26.32,0.2127659574468085,0.2659574468085106,14.0,90.15,100.0,49.0,69.0,12,95.3,2,97.0,100.0,72.15,3.0,C,1,2026-07-15
151,1,54,13,13,27,10,Course Page,14,10,28,0,0,4.153846153846154,29.07692307692308,0.1851851851851851,0.5,10.0,53.9,100.0,0.0,10.0,6,0.0,4,45.0,80.0,0.0,35.0,N,1,2026-07-15
152,1,203,24,18,118,43,Course Page,31,76,87,1,0,8.458333333333334,59.208333333333336,0.2118226600985221,0.5812807881773399,8.0,19.5,38.0,0.0,11.0,0,38.0,8,5.0,10.0,33.5,5.0,N,1,2026-07-15
153,1,92,22,13,66,15,Assignment,23,60,8,0,0,4.181818181818182,29.27272727272728,0.1630434782608695,0.717391304347826,13.0,52.29230769230769,65.0,10.0,26.0,10,60.4,3,51.0,45.0,62.7,-6.0,N,1,2026-07-15
154,1,220,28,34,152,39,Course Page,42,42,115,2,0,7.857142857142857,55.0,0.1772727272727272,0.6909090909090909,5.0,11.4,50.0,0.0,1.0,1,0.0,4,0.0,50.0,0.6666666666666666,0.0,N,1,2026-07-15
155,1,8,3,4,6,0,Course Page,1,2,4,0,0,2.6666666666666665,18.666666666666668,0.0,0.75,6.0,0.0,0.0,0.0,0.0,0,0.0,6,0.0,0.0,0.0,0.0,N,1,2026-07-15
156,1,75,18,14,9,6,Course Page,15,26,30,2,0,4.166666666666667,29.166666666666664,0.08,0.12,15.0,84.06,100.0,50.0,42.0,15,82.7,0,82.0,83.0,88.35,1.0,SA,1,2026-07-15
157,1,96,15,20,45,10,Course Page,24,15,50,0,0,6.4,44.8,0.1041666666666666,0.46875,10.0,19.15,80.0,0.0,5.0,2,0.0,8,29.0,0.0,10.666666666666666,-29.0,N,1,2026-07-15
158,1,48,9,8,11,2,Course Page,4,14,29,0,0,5.333333333333333,37.33333333333333,0.0416666666666666,0.2291666666666666,8.0,8.25,33.0,0.0,3.0,0,0.0,8,0.0,0.0,22.0,0.0,N,1,2026-07-15
159,1,47,6,9,5,0,Assignment,7,23,17,0,0,7.833333333333333,54.833333333333336,0.0,0.1063829787234042,6.0,34.5,90.0,0.0,5.0,2,0.0,4,75.0,0.0,14.0,0.0,N,1,2026-07-15
160,1,101,14,11,6,21,Course Page,14,36,46,0,0,7.214285714285714,50.5,0.2079207920792079,0.0594059405940594,8.0,12.5,50.0,0.0,5.0,2,0.0,6,0.0,0.0,25.0,0.0,N,1,2026-07-15
161,1,134,17,14,58,40,Course Page,20,40,70,4,0,7.882352941176471,55.1764705882353,0.2985074626865671,0.4328358208955223,6.0,20.166666666666668,50.0,0.0,3.0,1,0.0,5,36.66666666666666,0.0,0.0,0.0,N,1,2026-07-15
162,1,71,12,17,35,14,Course Page,11,25,30,1,0,5.916666666666667,41.41666666666667,0.1971830985915492,0.4929577464788732,12.0,29.791666666666668,80.0,0.0,7.0,5,0.0,7,49.0,40.0,0.0,-9.0,N,1,2026-07-15
163,1,170,21,27,118,58,Assignment,18,120,27,0,0,8.095238095238095,56.66666666666666,0.3411764705882353,0.6941176470588235,9.0,67.22222222222223,100.0,0.0,11.0,7,0.0,2,90.0,100.0,0.0,10.0,N,1,2026-07-15
164,1,16,7,4,15,8,Course Page,0,2,13,0,0,2.2857142857142856,16.0,0.5,0.9375,3.0,0.0,0.0,0.0,0.0,0,0.0,3,0.0,0.0,0.0,0.0,N,1,2026-07-15
165,1,38,9,10,5,12,Course Page,11,9,16,0,0,4.222222222222222,29.55555555555556,0.3157894736842105,0.131578947368421,5.0,33.0,80.0,0.0,3.0,2,0.0,3,75.0,0.0,0.0,0.0,N,1,2026-07-15
166,1,12,7,2,7,7,Assignment,0,7,5,0,0,1.7142857142857142,12.0,0.5833333333333334,0.5833333333333334,4.0,5.5,20.0,0.0,0.0,0,0.0,4,20.0,0.0,0.0,0.0,N,1,2026-07-15
167,1,14,5,6,12,3,Course Page,2,2,8,1,0,2.8,19.6,0.2142857142857142,0.8571428571428571,5.0,0.0,0.0,0.0,0.0,0,0.0,5,0.0,0.0,0.0,0.0,N,1,2026-07-15
168,1,103,6,13,6,32,Course Page,29,21,45,0,0,17.166666666666668,120.16666666666669,0.3106796116504854,0.058252427184466,4.0,23.375,85.0,0.0,2.0,1,0.0,3,85.0,0.0,0.0,0.0,N,1,2026-07-15
169,1,2,1,2,0,0,Course Page,0,0,1,1,0,2.0,14.0,0.0,0.0,6.0,0.0,0.0,0.0,0.0,0,0.0,6,0.0,0.0,0.0,0.0,N,1,2026-07-15
170,1,0,0,0,0,0,No Activity,0,0,0,0,0,0.0,0.0,0.0,0.0,4.0,0.0,0.0,0.0,0.0,0,0.0,4,0.0,0.0,0.0,0.0,N,1,2026-07-15
171,1,0,0,0,0,0,No Activity,0,0,0,0,0,0.0,0.0,0.0,0.0,7.0,0.0,0.0,0.0,0.0,0,0.0,7,0.0,0.0,0.0,0.0,N,1,2026-07-15
172,2,11,3,8,0,1,Other,1,0,0,1,0,3.6666666666666665,25.666666666666668,0.0909090909090909,0.0,0.0,0.0,0.0,0.0,0.0,0,0.0,0,0.0,0.0,0.0,0.0,No Result,2,2026-07-15
173,3,5,1,4,0,0,Other,0,0,0,0,0,5.0,35.0,0.0,0.0,0.0,0.0,0.0,0.0,0.0,0,0.0,0,0.0,0.0,0.0,0.0,No Result,2,2026-07-15
1,1,1086,97,27,291,126,Assignment,5,939,142,0,0,11.195876288659791,78.37113402061856,0.1160220994475138,0.2679558011049723,0.0,0.0,0.0,0.0,0.0,0,0.0,0,0.0,0.0,0.0,0.0,No Result,1,2026-07-16
2,1,549,53,39,256,114,Course Page,137,184,192,15,0,10.358490566037736,72.50943396226415,0.2076502732240437,0.4663023679417122,15.0,70.53999999999999,100.0,0.0,41.0,10,44.8,5,95.0,72.0,34.9,-23.0,SA,1,2026-07-16
3,1,236,30,20,91,33,Course Page,50,92,93,1,0,7.866666666666666,55.06666666666667,0.1398305084745762,0.3855932203389831,12.0,58.083333333333336,100.0,0.0,0.0,9,0.0,3,66.0,63.333333333333336,41.66666666666666,-2.6666666666666643,DX,1,2026-07-16
4,1,183,33,22,72,20,Course Page,48,45,68,6,0,5.545454545454546,38.81818181818182,0.1092896174863388,0.3934426229508196,15.0,83.28666666666666,100.0,60.0,49.0,15,61.9,0,79.0,98.0,68.95,19.0,S,1,2026-07-16
5,1,356,55,25,169,50,Course Page,61,130,165,0,0,6.472727272727273,45.30909090909091,0.1404494382022472,0.4747191011235955,15.0,86.00666666666666,100.0,10.0,86.0,14,93.05,1,71.0,97.0,91.525,26.0,HD,1,2026-07-16
6,1,852,92,60,469,168,Course Page,69,300,428,10,0,9.26086956521739,64.82608695652173,0.1971830985915492,0.5504694835680751,15.0,81.62666666666668,100.0,54.0,0.0,15,60.45,0,87.0,94.0,57.225,7.0,DX,1,2026-07-16
7,1,1292,123,34,121,405,Course Page,373,194,695,16,0,10.504065040650406,73.52845528455283,0.3134674922600619,0.0936532507739938,15.0,53.53333333333333,80.0,31.0,46.0,9,68.0,6,51.0,59.0,49.5,8.0,S,1,2026-07-16
8,1,301,48,20,244,87,Course Page,59,72,151,0,0,6.270833333333333,43.895833333333336,0.2890365448504983,0.8106312292358804,15.0,57.940000000000005,94.0,0.0,46.0,11,71.05,4,46.0,52.0,82.525,6.0,S,1,2026-07-16
9,1,365,47,23,125,25,Assignment,54,160,144,1,0,7.76595744680851,54.361702127659576,0.0684931506849315,0.3424657534246575,15.0,67.83733333333333,100.0,0.0,75.0,12,52.28,3,94.0,40.0,70.14,-54.0,D,1,2026-07-16
10,1,158,23,15,87,24,Course Page,15,48,90,3,0,6.869565217391305,48.08695652173913,0.1518987341772152,0.5506329113924051,11.0,60.08181818181818,95.0,10.0,32.0,6,84.7,5,56.25,70.0,64.85,13.75,N,1,2026-07-16
11,1,229,35,18,92,55,Course Page,10,68,146,2,0,6.542857142857143,45.8,0.2401746724890829,0.4017467248908297,14.0,77.07142857142857,100.0,0.0,33.0,12,0.0,2,88.0,78.0,55.333333333333336,-10.0,N,1,2026-07-16
12,1,1221,84,42,307,252,Course Page,249,268,630,30,0,14.535714285714286,101.75,0.2063882063882063,0.2514332514332514,15.0,79.43333333333334,100.0,40.0,75.0,14,87.0,1,86.0,79.0,71.0,-7.0,D,1,2026-07-16
13,1,187,38,22,80,27,Course Page,35,41,67,36,0,4.921052631578948,34.44736842105263,0.1443850267379679,0.427807486631016,15.0,98.49333333333334,100.0,88.7,76.0,15,88.7,0,100.0,100.0,94.35,0.0,D,1,2026-07-16
14,1,141,28,19,20,16,Assignment,32,39,39,27,0,5.035714285714286,35.25,0.1134751773049645,0.1418439716312056,14.0,82.82142857142857,100.0,0.0,50.0,13,0.0,1,90.0,91.0,54.66666666666666,1.0,P,1,2026-07-16
15,1,1194,97,48,851,231,Assignment,38,658,477,12,0,12.309278350515465,86.16494845360825,0.1934673366834171,0.7127303182579564,15.0,88.74666666666667,100.0,70.0,59.0,15,81.1,0,92.0,94.0,77.05,2.0,P,1,2026-07-16
16,1,733,68,27,439,250,Course Page,184,137,384,1,0,10.779411764705882,75.45588235294119,0.3410641200545702,0.5989085948158254,15.0,68.83333333333333,100.0,0.0,51.0,12,20.25,3,86.0,66.0,49.125,-20.0,P,1,2026-07-16
17,1,43,8,9,15,13,Course Page,7,17,19,0,0,5.375,37.625,0.3023255813953488,0.3488372093023256,7.0,35.857142857142854,100.0,0.0,5.0,3,0.0,4,73.33333333333333,0.0,3.0,0.0,N,1,2026-07-16
18,1,49,5,9,2,48,Course Page,0,8,41,0,0,9.8,68.6,0.979591836734694,0.0408163265306122,6.0,0.0,0.0,0.0,0.0,0,0.0,6,0.0,0.0,0.0,0.0,N,1,2026-07-16
19,1,535,71,33,216,111,Course Page,130,76,247,20,0,7.535211267605634,52.74647887323944,0.2074766355140186,0.4037383177570093,15.0,93.65333333333334,100.0,70.0,83.0,15,93.15,0,90.0,97.0,94.075,7.0,HD,1,2026-07-16
20,1,161,22,32,67,57,Course Page,49,40,55,1,0,7.318181818181818,51.22727272727273,0.3540372670807453,0.4161490683229814,8.0,53.875,100.0,20.0,34.0,4,65.0,4,100.0,20.0,47.25,-80.0,N,1,2026-07-16
21,1,268,41,40,101,55,Assignment,67,87,85,9,0,6.536585365853658,45.75609756097561,0.2052238805970149,0.376865671641791,8.0,67.8875,100.0,26.5,50.0,7,62.3,1,97.5,70.0,62.9,-27.5,P,1,2026-07-16
22,1,1203,111,36,221,239,Course Page,115,292,765,7,0,10.83783783783784,75.86486486486486,0.198669991687448,0.1837073981712385,15.0,96.584,100.0,88.13,83.0,15,88.13,0,98.0,97.0,94.065,-1.0,HD,1,2026-07-16
23,1,402,58,26,119,59,Course Page,158,50,165,11,0,6.931034482758621,48.51724137931034,0.1467661691542288,0.2960199004975124,15.0,85.1,100.0,55.5,83.0,15,74.0,0,94.0,91.0,64.75,-3.0,HD,1,2026-07-16
24,1,248,30,18,85,9,Course Page,56,41,129,21,0,8.266666666666667,57.86666666666667,0.0362903225806451,0.3427419354838709,9.0,83.38888888888889,100.0,38.5,40.0,8,75.5,1,96.25,0.0,81.75,0.0,SA,1,2026-07-16
25,1,382,49,30,148,43,Course Page,90,101,182,2,0,7.795918367346939,54.57142857142857,0.112565445026178,0.387434554973822,15.0,77.36,100.0,46.2,40.0,13,46.2,2,81.0,83.0,64.6,2.0,SA,1,2026-07-16
26,1,415,47,37,205,80,Course Page,119,81,131,38,0,8.829787234042554,61.80851063829787,0.1927710843373494,0.4939759036144578,12.0,38.083333333333336,70.0,0.0,18.0,4,0.0,8,56.66666666666666,36.0,24.0,-20.666666666666664,N,1,2026-07-16
27,1,266,37,17,58,37,Course Page,71,62,128,0,0,7.1891891891891895,50.32432432432432,0.1390977443609022,0.2180451127819548,13.0,51.68461538461538,80.0,30.0,24.0,6,46.45,7,60.0,50.0,44.225,-10.0,N,1,2026-07-16
28,1,7,3,4,3,0,Course Page,0,3,4,0,0,2.333333333333333,16.333333333333336,0.0,0.4285714285714285,4.0,26.125,95.0,0.0,2.0,1,0.0,3,0.0,95.0,0.0,0.0,N,1,2026-07-16
29,1,379,49,37,83,71,Course Page,39,131,147,19,0,7.73469387755102,54.142857142857146,0.1873350923482849,0.2189973614775725,14.0,75.61428571428571,100.0,56.05,59.0,14,56.05,0,83.0,85.0,57.025,2.0,P,1,2026-07-16
30,1,111,26,18,40,35,Course Page,14,41,49,3,0,4.269230769230769,29.884615384615383,0.3153153153153153,0.3603603603603603,9.0,41.66666666666666,95.0,5.5,17.0,4,5.5,5,52.5,0.0,36.0,0.0,N,1,2026-07-16
31,1,362,46,37,114,38,Course Page,79,117,130,11,0,7.869565217391305,55.08695652173913,0.1049723756906077,0.3149171270718232,15.0,90.15333333333334,100.0,65.8,72.0,15,65.8,0,97.4,90.0,80.4,-7.400000000000006,D,1,2026-07-16
32,1,450,59,50,32,54,Assignment,41,226,161,15,0,7.627118644067797,53.389830508474574,0.12,0.0711111111111111,14.0,84.09285714285714,100.0,59.0,75.0,14,59.4,0,91.25,98.0,59.2,6.75,D,1,2026-07-16
33,1,317,43,31,69,101,Course Page,42,72,166,17,0,7.372093023255814,51.604651162790695,0.3186119873817035,0.2176656151419558,15.0,88.39666666666668,100.0,60.0,49.0,15,91.3,0,78.0,100.0,86.7375,22.0,S,1,2026-07-16
34,1,501,58,28,365,130,Course Page,82,166,230,13,0,8.637931034482758,60.4655172413793,0.2594810379241516,0.7285429141716567,13.0,76.96153846153847,100.0,20.0,44.0,11,83.0,2,81.0,73.33333333333333,78.25,-7.666666666666671,SA,1,2026-07-16
35,1,338,51,34,46,17,Course Page,80,113,123,6,0,6.627450980392157,46.3921568627451,0.0502958579881656,0.136094674556213,15.0,84.97333333333333,100.0,70.35,48.0,15,70.35,0,87.8,90.0,74.175,2.200000000000003,S,1,2026-07-16
36,1,402,48,30,141,60,Course Page,87,87,188,0,0,8.375,58.625,0.1492537313432835,0.3507462686567164,15.0,67.6,90.0,35.0,56.0,13,64.5,2,67.0,63.0,74.75,-4.0,P,1,2026-07-16
37,1,212,36,15,16,4,Course Page,32,60,115,3,0,5.888888888888889,41.22222222222222,0.0188679245283018,0.0754716981132075,14.0,77.27142857142857,95.0,55.0,54.0,14,81.4,0,79.0,73.75,80.7,-5.25,P,1,2026-07-16
38,1,846,84,39,256,166,Course Page,130,242,403,20,0,10.071428571428571,70.5,0.1962174940898345,0.3026004728132387,15.0,67.25333333333333,92.0,35.0,45.0,12,79.65,3,62.0,59.0,85.825,-3.0,S,1,2026-07-16
39,1,211,50,37,41,40,Lecture Material,70,58,59,6,0,4.22,29.54,0.1895734597156398,0.1943127962085308,15.0,81.94266666666667,100.0,61.57,70.0,15,61.57,0,94.0,82.0,65.285,-12.0,D,1,2026-07-16
40,1,321,40,22,154,30,Assignment,31,178,111,1,0,8.025,56.175,0.0934579439252336,0.4797507788161994,14.0,62.392857142857146,100.0,19.0,34.0,12,19.0,2,75.0,72.5,35.5,-2.5,N,1,2026-07-16
41,1,409,43,27,225,101,Course Page,78,122,196,10,0,9.511627906976743,66.5813953488372,0.2469437652811736,0.5501222493887531,10.0,38.9,60.0,0.0,15.0,5,46.0,5,40.0,55.0,30.666666666666668,15.0,N,1,2026-07-16
42,1,266,42,20,128,22,Assignment,24,130,101,1,0,6.333333333333333,44.333333333333336,0.0827067669172932,0.4812030075187969,13.0,84.34615384615384,100.0,60.0,62.0,13,60.0,0,91.0,93.33333333333331,72.0,2.3333333333333286,C,1,2026-07-16
43,1,611,63,36,334,99,Course Page,106,77,402,1,0,9.698412698412698,67.88888888888889,0.1620294599018003,0.546644844517185,14.0,82.27857142857144,100.0,45.0,43.0,13,85.95,1,85.0,88.0,73.475,3.0,SA,1,2026-07-16
44,1,367,38,26,107,75,Course Page,85,96,174,7,0,9.657894736842104,67.60526315789474,0.2043596730245231,0.2915531335149863,13.0,83.9076923076923,100.0,67.9,60.0,13,67.9,0,93.0,88.33333333333333,71.95,-4.666666666666671,C,1,2026-07-16
45,1,478,62,56,257,73,Assignment,67,193,193,8,0,7.709677419354839,53.967741935483865,0.1527196652719665,0.5376569037656904,15.0,89.08666666666666,100.0,65.0,71.0,15,79.15,0,88.0,92.0,86.575,4.0,D,1,2026-07-16
46,1,265,40,22,79,64,Course Page,66,59,118,13,0,6.625,46.375,0.2415094339622641,0.2981132075471698,15.0,72.78666666666666,90.0,40.0,46.0,14,69.65,1,69.0,82.0,65.325,13.0,S,1,2026-07-16
47,1,330,53,26,156,115,Course Page,17,138,163,6,0,6.226415094339623,43.58490566037736,0.3484848484848485,0.4727272727272727,15.0,83.44666666666667,100.0,60.0,43.0,15,75.85,0,81.0,87.0,81.925,6.0,SA,1,2026-07-16
48,1,384,48,32,109,98,Course Page,115,96,160,1,0,8.0,56.0,0.2552083333333333,0.2838541666666667,15.0,72.25733333333332,100.0,25.0,48.0,12,51.43,3,86.0,56.0,75.715,-30.0,S,1,2026-07-16
49,1,439,34,30,366,158,Course Page,133,56,192,32,0,12.911764705882351,90.38235294117648,0.3599088838268792,0.8337129840546698,9.0,63.333333333333336,100.0,29.0,26.0,8,64.5,1,65.0,80.0,62.75,15.0,N,1,2026-07-16
50,1,254,35,41,64,8,Lecture Material,80,37,75,36,0,7.257142857142857,50.8,0.0314960629921259,0.2519685039370078,13.0,46.2,84.0,20.0,60.0,6,51.3,7,40.0,33.333333333333336,67.65,-6.666666666666664,C,1,2026-07-16
51,1,270,57,27,125,41,Course Page,44,94,106,12,0,4.7368421052631575,33.15789473684211,0.1518518518518518,0.4629629629629629,14.0,87.73571428571428,100.0,50.0,82.0,14,97.9,0,89.0,82.5,93.95,-6.5,HD,1,2026-07-16
52,1,244,32,23,120,39,Course Page,70,36,94,10,0,7.625,53.375,0.1598360655737705,0.4918032786885246,15.0,71.03333333333333,100.0,50.0,62.0,15,68.0,0,82.0,67.0,61.5,-15.0,C,1,2026-07-16
53,1,267,42,21,60,79,Course Page,75,66,121,4,0,6.357142857142857,44.5,0.2958801498127341,0.2247191011235955,12.0,57.03333333333333,100.0,19.7,37.0,7,19.7,5,72.0,50.0,44.6,-22.0,N,1,2026-07-16
54,1,748,69,41,322,144,Course Page,86,227,378,1,0,10.840579710144928,75.88405797101449,0.1925133689839572,0.4304812834224599,13.0,74.99230769230769,100.0,30.0,41.0,10,76.45,3,67.5,97.5,62.225,30.0,SA,1,2026-07-16
55,1,711,68,25,147,179,Course Page,39,94,552,6,0,10.455882352941176,73.19117647058825,0.2517580872011252,0.2067510548523206,11.0,45.13636363636363,75.0,0.0,22.0,4,44.0,7,48.75,20.0,59.5,-28.75,N,1,2026-07-16
56,1,261,40,25,71,64,Course Page,31,99,113,8,0,6.525,45.675,0.2452107279693486,0.2720306513409962,15.0,78.56666666666666,100.0,0.0,60.0,14,84.0,1,92.0,59.0,87.0,-33.0,C,1,2026-07-16
57,1,176,38,16,78,22,Course Page,11,45,119,0,0,4.631578947368421,32.421052631578945,0.125,0.4431818181818182,6.0,57.333333333333336,100.0,10.0,47.0,5,62.0,1,100.0,0.0,58.5,0.0,S,1,2026-07-16
58,1,387,46,28,135,68,Course Page,93,46,223,11,0,8.41304347826087,58.891304347826086,0.1757105943152454,0.3488372093023256,12.0,26.375,55.0,0.0,20.0,4,53.75,8,17.5,6.666666666666667,54.375,-10.833333333333332,N,1,2026-07-16
59,1,221,28,16,77,28,Course Page,50,48,123,0,0,7.892857142857143,55.25,0.1266968325791855,0.3484162895927601,9.0,55.67777777777778,85.0,29.0,19.0,6,36.05,3,78.33333333333333,55.0,45.525,-23.33333333333333,N,1,2026-07-16
60,1,455,69,27,180,125,Course Page,40,177,214,15,0,6.594202898550725,46.15942028985507,0.2747252747252747,0.3956043956043956,15.0,90.91333333333334,100.0,80.0,65.0,15,84.15,0,91.8,91.0,89.575,-0.7999999999999972,C,1,2026-07-16
61,1,280,49,34,118,59,Course Page,84,64,88,14,0,5.714285714285714,40.0,0.2107142857142857,0.4214285714285714,15.0,91.0,100.0,60.0,83.0,15,80.0,0,98.0,88.0,85.5,-10.0,HD,1,2026-07-16
62,1,220,37,28,98,71,Course Page,47,58,105,4,0,5.945945945945946,41.62162162162162,0.3227272727272727,0.4454545454545454,15.0,74.58,95.0,50.0,48.0,15,88.35,0,79.0,69.0,76.175,-10.0,S,1,2026-07-16
63,1,347,53,31,118,41,Course Page,40,77,204,5,0,6.547169811320755,45.83018867924528,0.1181556195965417,0.3400576368876081,14.0,79.5,100.0,40.0,46.0,13,65.5,1,88.0,75.0,74.75,-13.0,S,1,2026-07-16
64,1,551,30,28,345,60,Course Page,64,49,410,9,0,18.366666666666667,128.56666666666666,0.1088929219600726,0.6261343012704175,10.0,48.73,80.0,10.0,23.0,7,65.65,3,40.0,50.0,61.325,10.0,N,1,2026-07-16
65,1,408,50,34,165,38,Course Page,43,137,180,15,0,8.16,57.12,0.0931372549019607,0.4044117647058823,15.0,83.24666666666667,95.0,58.0,58.0,15,88.4,0,83.8,90.0,73.2,6.200000000000003,P,1,2026-07-16
66,1,213,44,24,39,47,Course Page,71,59,74,3,0,4.840909090909091,33.88636363636364,0.2206572769953051,0.1830985915492957,15.0,74.21333333333334,100.0,30.0,46.0,14,72.35,1,66.0,77.0,81.675,11.0,S,1,2026-07-16
67,1,193,18,42,172,40,Assignment,38,110,34,7,0,10.72222222222222,75.05555555555554,0.2072538860103626,0.8911917098445595,15.0,87.22666666666667,100.0,67.7,70.0,15,67.7,0,96.0,86.0,76.85,-10.0,D,1,2026-07-16
68,1,503,74,31,73,85,Course Page,71,69,342,2,0,6.797297297297297,47.58108108108108,0.1689860834990059,0.1451292246520874,15.0,75.48666666666666,100.0,30.0,44.0,12,41.65,3,72.0,90.0,60.325,18.0,SA,1,2026-07-16
69,1,151,33,22,57,12,Course Page,26,46,78,0,0,4.575757575757576,32.03030303030303,0.0794701986754966,0.3774834437086092,15.0,71.59466666666667,100.0,47.21,58.0,13,47.21,2,74.0,75.0,63.605,1.0,P,1,2026-07-16
70,1,463,46,24,105,76,Course Page,85,89,268,8,0,10.065217391304348,70.45652173913044,0.1641468682505399,0.2267818574514039,15.0,95.83733333333332,100.0,88.28,85.0,15,88.28,0,98.0,96.0,92.64,-2.0,HD,1,2026-07-16
71,1,91,20,14,38,25,Assignment,2,58,24,5,0,4.55,31.85,0.2747252747252747,0.4175824175824176,14.0,54.642857142857146,80.0,0.0,30.0,10,66.0,4,55.0,42.0,73.0,-13.0,N,1,2026-07-16
72,1,452,50,31,192,33,Course Page,75,149,207,8,0,9.04,63.28,0.0730088495575221,0.4247787610619469,15.0,75.97333333333333,100.0,40.0,66.0,14,96.3,1,80.0,62.0,89.65,-18.0,C,1,2026-07-16
73,1,252,39,35,169,48,Assignment,21,106,99,16,0,6.461538461538462,45.23076923076923,0.1904761904761904,0.6706349206349206,10.0,53.4,100.0,0.0,11.0,5,0.0,5,80.0,75.0,9.333333333333334,-5.0,N,1,2026-07-16
74,1,327,60,18,149,59,Course Page,52,60,209,0,0,5.45,38.15,0.1804281345565749,0.45565749235474,15.0,76.5,95.0,30.0,54.0,14,50.0,1,76.0,81.0,71.0,5.0,P,1,2026-07-16
75,1,494,65,24,261,106,Course Page,19,232,240,0,0,7.6,53.2,0.2145748987854251,0.52834008097166,14.0,73.39285714285714,100.0,40.0,55.0,11,41.0,3,70.0,93.75,57.5,23.75,P,1,2026-07-16
76,1,187,29,28,42,24,Assignment,25,78,78,1,0,6.448275862068965,45.137931034482754,0.1283422459893048,0.2245989304812834,15.0,64.23333333333333,100.0,20.0,53.0,11,45.0,4,76.0,61.0,52.5,-15.0,P,1,2026-07-16
77,1,220,35,24,90,28,Course Page,68,45,85,15,0,6.285714285714286,44.0,0.1272727272727272,0.4090909090909091,10.0,70.47,100.0,38.0,50.0,9,89.35,1,70.0,100.0,71.675,30.0,P,1,2026-07-16
78,1,445,66,27,247,87,Course Page,52,56,321,5,0,6.742424242424242,47.196969696969695,0.195505617977528,0.5550561797752809,14.0,76.72142857142856,100.0,50.0,39.0,14,73.3,0,71.25,78.0,82.9,6.75,N,1,2026-07-16
79,1,375,47,29,104,82,Course Page,96,103,145,3,0,7.978723404255319,55.85106382978724,0.2186666666666666,0.2773333333333333,14.0,70.85714285714286,100.0,40.0,63.0,13,63.0,1,86.0,65.0,58.25,-21.0,C,1,2026-07-16
80,1,333,56,21,151,116,Course Page,51,86,193,2,0,5.946428571428571,41.625,0.3483483483483483,0.4534534534534534,15.0,81.77333333333333,100.0,65.0,67.0,15,79.3,0,86.0,78.0,81.15,-8.0,C,1,2026-07-16
81,1,511,76,38,129,125,Lecture Material,159,149,152,22,0,6.723684210526316,47.065789473684205,0.2446183953033268,0.2524461839530332,15.0,35.906666666666666,75.0,10.0,25.0,4,48.8,11,15.0,55.0,38.4,40.0,N,1,2026-07-16
82,1,657,66,29,253,82,Course Page,102,236,299,7,0,9.954545454545457,69.68181818181819,0.1248097412480974,0.3850837138508371,15.0,92.12666666666668,100.0,70.0,73.0,15,88.7,0,90.0,93.0,93.85,3.0,D,1,2026-07-16
83,1,325,50,23,92,61,Course Page,36,69,212,7,0,6.5,45.5,0.1876923076923076,0.283076923076923,15.0,68.04,100.0,40.0,30.0,12,45.3,3,69.0,79.0,51.65,10.0,N,1,2026-07-16
84,1,353,46,24,160,45,Course Page,52,58,227,3,0,7.673913043478261,53.71739130434783,0.1274787535410765,0.4532577903682719,15.0,83.09333333333333,100.0,69.0,52.0,15,70.2,0,84.0,92.0,69.6,8.0,P,1,2026-07-16
85,1,191,35,19,87,43,Course Page,11,72,103,1,0,5.457142857142857,38.2,0.225130890052356,0.4554973821989528,15.0,69.76666666666667,100.0,0.0,21.0,10,0.0,5,79.0,100.0,15.5,21.0,N,1,2026-07-16
86,1,343,47,32,174,43,Course Page,75,66,165,16,0,7.297872340425532,51.08510638297872,0.1253644314868804,0.5072886297376094,12.0,57.76666666666667,100.0,20.0,30.0,8,68.1,4,65.0,43.333333333333336,66.05,-21.666666666666664,N,1,2026-07-16
87,1,120,14,16,27,13,Assignment,13,60,45,1,0,8.571428571428571,60.0,0.1083333333333333,0.225,14.0,59.17857142857143,100.0,0.0,41.0,9,56.0,5,55.0,75.0,49.0,20.0,SA,1,2026-07-16
88,1,109,19,12,27,28,Course Page,14,37,55,0,0,5.7368421052631575,40.1578947368421,0.2568807339449541,0.2477064220183486,9.0,74.33333333333333,100.0,0.0,62.0,7,86.5,2,75.0,0.0,84.75,0.0,C,1,2026-07-16
89,1,284,62,20,165,64,Assignment,20,144,100,4,0,4.580645161290323,32.064516129032256,0.2253521126760563,0.5809859154929577,8.0,14.0,38.0,0.0,9.0,0,38.0,8,0.0,0.0,28.0,0.0,N,1,2026-07-16
90,1,502,51,32,95,64,Course Page,78,171,227,15,0,9.84313725490196,68.90196078431373,0.1274900398406374,0.1892430278884462,15.0,87.90666666666667,100.0,79.0,73.0,15,82.55,0,92.0,89.0,80.775,-3.0,D,1,2026-07-16
91,1,311,51,28,149,41,Course Page,40,78,152,13,0,6.098039215686274,42.68627450980392,0.1318327974276527,0.4790996784565916,15.0,84.86,100.0,50.0,72.0,15,84.95,0,74.0,92.0,89.975,18.0,D,1,2026-07-16
92,1,488,51,41,75,94,Course Page,94,146,180,28,0,9.568627450980392,66.98039215686275,0.1926229508196721,0.1536885245901639,10.0,78.85,100.0,43.5,40.0,9,72.5,1,78.33333333333333,100.0,77.5,21.66666666666667,SA,1,2026-07-16
93,1,188,31,24,45,7,Course Page,39,53,63,7,0,6.064516129032258,42.4516129032258,0.0372340425531914,0.2393617021276596,13.0,32.19230769230769,60.0,0.0,33.0,3,23.0,10,41.0,26.666666666666668,26.25,-14.333333333333332,N,1,2026-07-16
94,1,417,35,26,164,46,Course Page,117,107,160,0,0,11.914285714285716,83.4,0.1103117505995203,0.3932853717026379,14.0,53.785714285714285,90.0,17.0,51.0,8,17.0,6,75.0,56.25,23.25,-18.75,P,1,2026-07-16
95,1,244,31,34,137,72,Course Page,35,96,97,1,0,7.870967741935484,55.096774193548384,0.2950819672131147,0.5614754098360656,12.0,41.833333333333336,86.0,0.0,0.0,4,0.0,8,55.0,26.666666666666668,43.0,-28.33333333333333,DX,1,2026-07-16
96,1,780,74,46,653,188,Assignment,73,351,337,12,0,10.54054054054054,73.78378378378379,0.241025641025641,0.8371794871794872,15.0,68.36,100.0,1.2,25.0,11,1.2,4,82.0,88.0,22.6,6.0,N,1,2026-07-16
97,1,157,35,15,39,54,Course Page,49,45,56,5,0,4.485714285714286,31.4,0.3439490445859872,0.2484076433121019,12.0,76.825,100.0,55.5,44.0,12,55.7,0,88.33333333333333,72.5,77.85,-15.833333333333329,SA,1,2026-07-16
98,1,145,23,16,67,31,Course Page,47,29,66,0,0,6.304347826086956,44.130434782608695,0.2137931034482758,0.4620689655172413,8.0,51.275,100.0,0.0,28.0,5,73.1,3,40.0,0.0,69.55,0.0,N,1,2026-07-16
99,1,417,49,36,77,31,Course Page,114,78,183,12,0,8.510204081632653,59.57142857142857,0.0743405275779376,0.184652278177458,14.0,74.25,100.0,0.0,60.0,13,79.0,1,90.0,53.75,77.0,-36.25,C,1,2026-07-16
100,1,57,20,5,8,6,Course Page,1,2,53,1,0,2.85,19.95,0.1052631578947368,0.1403508771929824,10.0,41.15,75.0,0.0,10.0,5,0.0,5,61.25,50.0,21.75,-11.25,N,1,2026-07-16
101,1,733,50,30,296,161,Course Page,162,118,423,0,0,14.66,102.62,0.2196452933151432,0.4038199181446112,15.0,71.86666666666666,90.0,43.0,38.0,13,67.0,2,74.0,82.0,55.0,8.0,N,1,2026-07-16
102,1,121,15,11,53,24,Course Page,17,43,57,0,0,8.066666666666666,56.46666666666667,0.1983471074380165,0.4380165289256198,8.0,10.375,25.0,0.0,2.0,0,0.0,8,16.666666666666668,20.0,2.0,3.333333333333332,N,1,2026-07-16
103,1,444,81,45,215,128,Course Page,35,160,234,5,0,5.481481481481482,38.37037037037037,0.2882882882882883,0.4842342342342342,15.0,89.96666666666667,100.0,40.0,74.0,13,93.0,2,97.0,100.0,66.5,3.0,D,1,2026-07-16
104,1,421,72,28,140,80,Assignment,94,143,101,36,0,5.847222222222222,40.93055555555555,0.1900237529691211,0.332541567695962,15.0,91.53333333333332,100.0,75.0,72.0,15,94.0,0,96.0,86.0,93.0,-10.0,D,1,2026-07-16
105,1,211,40,22,90,30,Course Page,28,74,95,5,0,5.275,36.925,0.1421800947867298,0.4265402843601896,12.0,65.48333333333333,90.0,25.0,36.0,10,65.65,2,76.0,57.5,60.325,-18.5,N,1,2026-07-16
106,1,638,68,43,395,140,Course Page,65,188,345,7,0,9.382352941176473,65.6764705882353,0.219435736677116,0.6191222570532915,14.0,48.75714285714286,100.0,0.0,33.0,8,32.8,6,46.0,60.0,41.4,14.0,N,1,2026-07-16
107,1,678,69,46,174,108,Course Page,149,180,300,2,0,9.826086956521738,68.78260869565217,0.1592920353982301,0.2566371681415929,14.0,68.35714285714286,100.0,30.0,53.0,13,77.0,1,70.0,65.0,71.5,-5.0,P,1,2026-07-16
108,1,333,32,25,260,79,Course Page,98,66,151,9,0,10.40625,72.84375,0.2372372372372372,0.7807807807807807,14.0,58.46428571428572,85.0,0.0,57.0,12,76.0,2,70.0,38.75,65.75,-31.25,P,1,2026-07-16
109,1,205,30,19,103,6,Course Page,40,46,110,0,0,6.833333333333333,47.833333333333336,0.0292682926829268,0.5024390243902439,11.0,68.95454545454545,90.0,43.5,66.0,10,85.0,1,67.5,82.5,70.0,15.0,C,1,2026-07-16
110,1,251,30,30,194,56,Assignment,34,104,104,2,0,8.366666666666667,58.56666666666667,0.2231075697211155,0.7729083665338645,10.0,51.2,70.0,27.0,22.0,6,58.5,4,56.66666666666666,50.0,53.75,-6.666666666666664,N,1,2026-07-16
111,1,257,25,34,153,18,Assignment,9,147,92,1,0,10.28,71.96,0.0700389105058365,0.5953307392996109,13.0,81.69999999999999,100.0,63.3,45.0,13,63.3,0,99.0,76.66666666666667,66.15,-22.33333333333333,S,1,2026-07-16
112,1,189,26,24,79,31,Assignment,15,80,77,2,0,7.269230769230769,50.88461538461538,0.164021164021164,0.4179894179894179,14.0,67.51428571428572,100.0,30.0,52.0,12,52.85,2,53.75,82.0,64.425,28.25,P,1,2026-07-16
113,1,502,67,30,198,77,Course Page,50,120,293,1,0,7.492537313432836,52.44776119402985,0.1533864541832669,0.3944223107569721,15.0,31.466666666666665,75.0,0.0,24.0,5,62.0,10,17.0,19.0,68.5,2.0,N,1,2026-07-16
114,1,157,22,22,85,4,Assignment,15,92,46,0,0,7.136363636363637,49.95454545454545,0.0254777070063694,0.5414012738853503,15.0,80.2,100.0,60.0,68.0,15,86.0,0,83.0,81.0,75.25,-2.0,C,1,2026-07-16
115,1,455,47,27,73,70,Course Page,100,151,195,2,0,9.680851063829786,67.76595744680851,0.1538461538461538,0.1604395604395604,14.0,73.57142857142857,100.0,50.0,58.0,14,65.0,0,84.0,70.0,65.0,-14.0,P,1,2026-07-16
116,1,127,18,13,91,43,Course Page,11,45,62,8,0,7.055555555555555,49.388888888888886,0.3385826771653543,0.7165354330708661,6.0,50.48333333333333,78.0,0.0,23.0,4,73.45,2,0.0,0.0,75.725,0.0,N,1,2026-07-16
117,1,105,20,22,8,9,Assignment,24,53,23,2,0,5.25,36.75,0.0857142857142857,0.0761904761904762,15.0,92.2,100.0,50.0,82.0,15,91.5,0,100.0,100.0,70.75,0.0,HD,1,2026-07-16
118,1,803,74,32,219,117,Assignment,127,351,295,7,0,10.85135135135135,75.95945945945947,0.1457036114570361,0.2727272727272727,15.0,79.42,100.0,30.0,64.0,14,94.65,1,72.0,80.0,88.825,8.0,C,1,2026-07-16
119,1,165,29,22,66,9,Course Page,39,59,66,0,0,5.689655172413793,39.82758620689655,0.0545454545454545,0.4,15.0,69.7,100.0,10.0,50.0,11,77.5,4,80.0,67.0,59.25,-13.0,P,1,2026-07-16
120,1,191,37,15,42,34,Course Page,61,35,90,3,0,5.162162162162162,36.13513513513514,0.1780104712041884,0.2198952879581152,14.0,88.57857142857142,100.0,64.0,61.0,14,83.05,0,100.0,92.0,73.525,-8.0,C,1,2026-07-16
121,1,230,27,33,108,45,Course Page,71,40,100,2,0,8.518518518518519,59.629629629629626,0.1956521739130435,0.4695652173913043,8.0,48.625,80.0,18.5,25.0,5,31.75,3,65.0,55.0,46.375,-10.0,N,1,2026-07-16
122,1,171,22,24,12,4,Assignment,40,66,59,0,0,7.772727272727272,54.409090909090914,0.023391812865497,0.0701754385964912,14.0,92.64,100.0,78.73,64.0,14,78.73,0,100.0,96.25,80.86500000000001,-3.75,C,1,2026-07-16
123,1,134,21,26,64,13,Course Page,44,38,44,4,0,6.380952380952381,44.66666666666666,0.0970149253731343,0.4776119402985074,10.0,34.05,63.0,0.0,18.0,4,63.0,6,36.25,25.0,42.0,-11.25,N,1,2026-07-16
124,1,599,89,29,211,134,Course Page,190,65,320,22,0,6.730337078651686,47.1123595505618,0.2237061769616026,0.352253756260434,15.0,80.41333333333334,95.0,69.0,72.0,15,72.1,0,83.0,85.0,70.55,2.0,D,1,2026-07-16
125,1,669,89,33,185,153,Course Page,194,107,351,8,0,7.51685393258427,52.61797752808989,0.2286995515695067,0.2765321375186846,15.0,85.4,100.0,70.0,75.0,15,73.5,0,88.0,92.0,72.75,4.0,D,1,2026-07-16
126,1,205,29,20,22,83,Assignment,32,88,78,2,0,7.068965517241379,49.48275862068965,0.4048780487804878,0.1073170731707317,15.0,65.63333333333334,100.0,0.0,53.0,12,54.0,3,72.0,55.0,71.5,-17.0,P,1,2026-07-16
127,1,169,28,19,91,35,Course Page,32,50,83,0,0,6.035714285714286,42.25,0.2071005917159763,0.5384615384615384,11.0,38.95454545454545,85.0,0.0,23.0,6,0.0,5,42.0,85.0,26.0,43.0,N,1,2026-07-16
128,1,230,44,23,71,45,Course Page,18,97,104,5,0,5.227272727272728,36.59090909090909,0.1956521739130435,0.308695652173913,12.0,67.86666666666666,85.0,51.0,30.0,12,68.7,0,66.25,81.66666666666667,63.35,15.416666666666671,N,1,2026-07-16
129,1,662,60,34,264,156,Course Page,147,162,309,1,0,11.033333333333331,77.23333333333333,0.2356495468277945,0.3987915407854985,12.0,55.0,100.0,20.0,24.0,8,30.0,4,58.0,55.0,55.0,-3.0,N,1,2026-07-16
130,1,183,31,15,70,30,Assignment,35,76,72,0,0,5.903225806451613,41.32258064516129,0.1639344262295081,0.3825136612021858,8.0,64.725,100.0,23.0,25.0,6,57.4,2,76.66666666666667,0.0,66.2,0.0,N,1,2026-07-16
131,1,261,35,29,76,37,Course Page,67,72,102,8,0,7.457142857142857,52.2,0.1417624521072797,0.2911877394636015,15.0,87.54666666666667,100.0,76.35,82.0,15,76.35,0,91.0,84.0,87.675,-7.0,HD,1,2026-07-16
132,1,341,42,28,97,27,Course Page,27,127,169,10,0,8.119047619047619,56.833333333333336,0.0791788856304985,0.2844574780058651,14.0,79.64999999999999,100.0,50.0,63.0,14,95.55,0,78.0,72.5,91.775,-5.5,C,1,2026-07-16
133,1,157,18,18,49,16,Course Page,23,54,70,0,0,8.722222222222221,61.05555555555555,0.1019108280254777,0.3121019108280254,7.0,24.685714285714287,50.0,0.0,10.0,1,28.9,6,50.0,0.0,29.45,-50.0,N,1,2026-07-16
134,1,418,37,31,214,88,Course Page,120,75,201,15,0,11.297297297297296,79.08108108108108,0.2105263157894736,0.5119617224880383,12.0,54.333333333333336,95.0,20.0,27.0,7,62.0,5,36.66666666666666,72.5,53.0,35.833333333333336,N,1,2026-07-16
135,1,237,30,37,175,32,Assignment,20,140,70,1,0,7.9,55.3,0.1350210970464135,0.7383966244725738,14.0,78.47857142857143,100.0,37.0,38.0,12,50.35,2,96.0,90.0,43.675,-6.0,N,1,2026-07-16
136,1,359,51,22,145,87,Course Page,29,159,161,2,0,7.03921568627451,49.27450980392157,0.2423398328690807,0.403899721448468,14.0,73.15714285714286,83.85,65.0,56.0,14,83.85,0,75.0,71.0,75.925,-4.0,P,1,2026-07-16
137,1,307,28,42,114,29,Assignment,26,188,90,0,0,10.964285714285714,76.75,0.0944625407166123,0.3713355048859935,15.0,78.88000000000001,100.0,50.35,37.0,15,50.35,0,89.0,88.0,52.425,-1.0,N,1,2026-07-16
138,1,214,24,20,92,61,Assignment,17,99,93,1,0,8.916666666666666,62.41666666666667,0.2850467289719626,0.4299065420560747,13.0,74.6923076923077,100.0,30.0,42.0,11,88.5,2,71.25,78.75,77.75,7.5,SA,1,2026-07-16
139,1,135,22,15,72,40,Course Page,14,54,64,0,0,6.136363636363637,42.95454545454545,0.2962962962962963,0.5333333333333333,13.0,45.61538461538461,80.0,0.0,33.0,8,65.0,5,46.0,26.666666666666668,63.0,-19.33333333333333,N,1,2026-07-16
140,1,7,5,3,1,2,Course Page,0,2,4,1,0,1.4,9.8,0.2857142857142857,0.1428571428571428,4.0,5.5,20.0,0.0,0.0,0,0.0,4,20.0,0.0,0.0,0.0,N,1,2026-07-16
141,1,374,51,28,119,53,Course Page,58,100,201,9,0,7.333333333333333,51.333333333333336,0.141711229946524,0.3181818181818182,14.0,55.29,100.0,30.0,48.0,8,43.78,6,61.0,40.0,65.64,-21.0,S,1,2026-07-16
142,1,277,47,24,39,44,Course Page,55,57,125,6,0,5.893617021276596,41.25531914893617,0.1588447653429603,0.1407942238267148,14.0,89.41428571428571,100.0,75.0,71.0,14,95.9,0,92.5,90.0,87.45,-2.5,D,1,2026-07-16
143,1,501,38,26,232,64,Course Page,162,65,235,9,0,13.18421052631579,92.28947368421052,0.1277445109780439,0.4630738522954092,7.0,45.142857142857146,90.0,0.0,13.0,3,0.0,4,55.0,30.0,54.0,-25.0,N,1,2026-07-16
144,1,105,12,17,90,27,Course Page,3,33,66,0,0,8.75,61.25,0.2571428571428571,0.8571428571428571,10.0,62.5,95.0,0.0,58.0,7,87.0,3,60.0,72.5,58.0,12.5,P,1,2026-07-16
145,1,112,10,16,82,2,Lecture Material,48,26,35,3,0,11.2,78.39999999999999,0.0178571428571428,0.7321428571428571,8.0,58.875,100.0,0.0,17.0,5,0.0,3,77.5,0.0,43.333333333333336,0.0,N,1,2026-07-16
146,1,176,34,18,87,41,Course Page,58,39,63,2,0,5.176470588235294,36.235294117647065,0.2329545454545454,0.4943181818181818,7.0,60.07142857142857,75.0,14.5,22.0,6,55.5,1,72.5,0.0,65.25,0.0,N,1,2026-07-16
147,1,265,37,26,83,78,Course Page,59,81,115,8,0,7.162162162162162,50.13513513513514,0.2943396226415094,0.3132075471698113,10.0,65.25,100.0,12.75,25.0,6,12.75,4,92.5,40.0,50.375,-52.5,N,1,2026-07-16
148,1,101,21,18,44,17,Assignment,26,38,34,3,0,4.809523809523809,33.666666666666664,0.1683168316831683,0.4356435643564356,9.0,58.28888888888889,100.0,30.0,24.0,5,55.8,4,93.33333333333331,30.0,45.9,-63.33333333333333,N,1,2026-07-16
149,1,166,22,35,63,9,Assignment,14,126,26,0,0,7.545454545454546,52.81818181818182,0.0542168674698795,0.3795180722891566,14.0,87.92857142857143,100.0,62.75,60.0,14,62.75,0,99.0,97.5,64.375,-1.5,C,1,2026-07-16
150,1,94,25,14,25,20,Course Page,18,27,40,0,0,3.76,26.32,0.2127659574468085,0.2659574468085106,14.0,90.15,100.0,49.0,69.0,12,95.3,2,97.0,100.0,72.15,3.0,C,1,2026-07-16
151,1,54,13,13,27,10,Course Page,14,10,28,0,0,4.153846153846154,29.07692307692308,0.1851851851851851,0.5,10.0,53.9,100.0,0.0,10.0,6,0.0,4,45.0,80.0,0.0,35.0,N,1,2026-07-16
152,1,203,24,18,118,43,Course Page,31,76,87,1,0,8.458333333333334,59.208333333333336,0.2118226600985221,0.5812807881773399,8.0,19.5,38.0,0.0,11.0,0,38.0,8,5.0,10.0,33.5,5.0,N,1,2026-07-16
153,1,92,22,13,66,15,Assignment,23,60,8,0,0,4.181818181818182,29.27272727272728,0.1630434782608695,0.717391304347826,13.0,52.29230769230769,65.0,10.0,26.0,10,60.4,3,51.0,45.0,62.7,-6.0,N,1,2026-07-16
154,1,220,28,34,152,39,Course Page,42,42,115,2,0,7.857142857142857,55.0,0.1772727272727272,0.6909090909090909,5.0,11.4,50.0,0.0,1.0,1,0.0,4,0.0,50.0,0.6666666666666666,0.0,N,1,2026-07-16
155,1,8,3,4,6,0,Course Page,1,2,4,0,0,2.6666666666666665,18.666666666666668,0.0,0.75,6.0,0.0,0.0,0.0,0.0,0,0.0,6,0.0,0.0,0.0,0.0,N,1,2026-07-16
156,1,75,18,14,9,6,Course Page,15,26,30,2,0,4.166666666666667,29.166666666666664,0.08,0.12,15.0,84.06,100.0,50.0,42.0,15,82.7,0,82.0,83.0,88.35,1.0,SA,1,2026-07-16
157,1,96,15,20,45,10,Course Page,24,15,50,0,0,6.4,44.8,0.1041666666666666,0.46875,10.0,19.15,80.0,0.0,5.0,2,0.0,8,29.0,0.0,10.666666666666666,-29.0,N,1,2026-07-16
158,1,48,9,8,11,2,Course Page,4,14,29,0,0,5.333333333333333,37.33333333333333,0.0416666666666666,0.2291666666666666,8.0,8.25,33.0,0.0,3.0,0,0.0,8,0.0,0.0,22.0,0.0,N,1,2026-07-16
159,1,47,6,9,5,0,Assignment,7,23,17,0,0,7.833333333333333,54.833333333333336,0.0,0.1063829787234042,6.0,34.5,90.0,0.0,5.0,2,0.0,4,75.0,0.0,14.0,0.0,N,1,2026-07-16
160,1,101,14,11,6,21,Course Page,14,36,46,0,0,7.214285714285714,50.5,0.2079207920792079,0.0594059405940594,8.0,12.5,50.0,0.0,5.0,2,0.0,6,0.0,0.0,25.0,0.0,N,1,2026-07-16
161,1,134,17,14,58,40,Course Page,20,40,70,4,0,7.882352941176471,55.1764705882353,0.2985074626865671,0.4328358208955223,6.0,20.166666666666668,50.0,0.0,3.0,1,0.0,5,36.66666666666666,0.0,0.0,0.0,N,1,2026-07-16
162,1,71,12,17,35,14,Course Page,11,25,30,1,0,5.916666666666667,41.41666666666667,0.1971830985915492,0.4929577464788732,12.0,29.791666666666668,80.0,0.0,7.0,5,0.0,7,49.0,40.0,0.0,-9.0,N,1,2026-07-16
163,1,170,21,27,118,58,Assignment,18,120,27,0,0,8.095238095238095,56.66666666666666,0.3411764705882353,0.6941176470588235,9.0,67.22222222222223,100.0,0.0,11.0,7,0.0,2,90.0,100.0,0.0,10.0,N,1,2026-07-16
164,1,16,7,4,15,8,Course Page,0,2,13,0,0,2.2857142857142856,16.0,0.5,0.9375,3.0,0.0,0.0,0.0,0.0,0,0.0,3,0.0,0.0,0.0,0.0,N,1,2026-07-16
165,1,38,9,10,5,12,Course Page,11,9,16,0,0,4.222222222222222,29.55555555555556,0.3157894736842105,0.131578947368421,5.0,33.0,80.0,0.0,3.0,2,0.0,3,75.0,0.0,0.0,0.0,N,1,2026-07-16
166,1,12,7,2,7,7,Assignment,0,7,5,0,0,1.7142857142857142,12.0,0.5833333333333334,0.5833333333333334,4.0,5.5,20.0,0.0,0.0,0,0.0,4,20.0,0.0,0.0,0.0,N,1,2026-07-16
167,1,14,5,6,12,3,Course Page,2,2,8,1,0,2.8,19.6,0.2142857142857142,0.8571428571428571,5.0,0.0,0.0,0.0,0.0,0,0.0,5,0.0,0.0,0.0,0.0,N,1,2026-07-16
168,1,103,6,13,6,32,Course Page,29,21,45,0,0,17.166666666666668,120.16666666666669,0.3106796116504854,0.058252427184466,4.0,23.375,85.0,0.0,2.0,1,0.0,3,85.0,0.0,0.0,0.0,N,1,2026-07-16
169,1,2,1,2,0,0,Course Page,0,0,1,1,0,2.0,14.0,0.0,0.0,6.0,0.0,0.0,0.0,0.0,0,0.0,6,0.0,0.0,0.0,0.0,N,1,2026-07-16
170,1,0,0,0,0,0,No Activity,0,0,0,0,0,0.0,0.0,0.0,0.0,4.0,0.0,0.0,0.0,0.0,0,0.0,4,0.0,0.0,0.0,0.0,N,1,2026-07-16
171,1,0,0,0,0,0,No Activity,0,0,0,0,0,0.0,0.0,0.0,0.0,7.0,0.0,0.0,0.0,0.0,0,0.0,7,0.0,0.0,0.0,0.0,N,1,2026-07-16
172,2,11,3,8,0,1,Other,1,0,0,1,0,3.6666666666666665,25.666666666666668,0.0909090909090909,0.0,0.0,0.0,0.0,0.0,0.0,0,0.0,0,0.0,0.0,0.0,0.0,No Result,2,2026-07-16
173,3,12,2,7,0,0,Other,1,0,0,0,2,6.0,42.0,0.0,0.0,0.0,0.0,0.0,0.0,0.0,0,0.0,0,0.0,0.0,0.0,0.0,No Result,2,2026-07-16
174,3,2,1,2,0,0,Other,0,0,0,0,0,2.0,14.0,0.0,0.0,0.0,0.0,0.0,0.0,0.0,0,0.0,0,0.0,0.0,0.0,0.0,No Result,2,2026-07-16
1,1,1086,97,27,291,126,Assignment,5,939,142,0,0,11.195876288659791,78.37113402061856,0.1160220994475138,0.2679558011049723,0.0,0.0,0.0,0.0,0.0,0,0.0,0,0.0,0.0,0.0,0.0,No Result,1,2026-07-17
2,1,549,53,39,256,114,Course Page,137,184,192,15,0,10.358490566037736,72.50943396226415,0.2076502732240437,0.4663023679417122,15.0,70.53999999999999,100.0,0.0,41.0,10,44.8,5,95.0,72.0,34.9,-23.0,SA,1,2026-07-17
3,1,236,30,20,91,33,Course Page,50,92,93,1,0,7.866666666666666,55.06666666666667,0.1398305084745762,0.3855932203389831,12.0,58.083333333333336,100.0,0.0,0.0,9,0.0,3,66.0,63.333333333333336,41.66666666666666,-2.6666666666666643,DX,1,2026-07-17
4,1,183,33,22,72,20,Course Page,48,45,68,6,0,5.545454545454546,38.81818181818182,0.1092896174863388,0.3934426229508196,15.0,83.28666666666666,100.0,60.0,49.0,15,61.9,0,79.0,98.0,68.95,19.0,S,1,2026-07-17
5,1,356,55,25,169,50,Course Page,61,130,165,0,0,6.472727272727273,45.30909090909091,0.1404494382022472,0.4747191011235955,15.0,86.00666666666666,100.0,10.0,86.0,14,93.05,1,71.0,97.0,91.525,26.0,HD,1,2026-07-17
6,1,852,92,60,469,168,Course Page,69,300,428,10,0,9.26086956521739,64.82608695652173,0.1971830985915492,0.5504694835680751,15.0,81.62666666666668,100.0,54.0,0.0,15,60.45,0,87.0,94.0,57.225,7.0,DX,1,2026-07-17
7,1,1292,123,34,121,405,Course Page,373,194,695,16,0,10.504065040650406,73.52845528455283,0.3134674922600619,0.0936532507739938,15.0,53.53333333333333,80.0,31.0,46.0,9,68.0,6,51.0,59.0,49.5,8.0,S,1,2026-07-17
8,1,301,48,20,244,87,Course Page,59,72,151,0,0,6.270833333333333,43.895833333333336,0.2890365448504983,0.8106312292358804,15.0,57.940000000000005,94.0,0.0,46.0,11,71.05,4,46.0,52.0,82.525,6.0,S,1,2026-07-17
9,1,365,47,23,125,25,Assignment,54,160,144,1,0,7.76595744680851,54.361702127659576,0.0684931506849315,0.3424657534246575,15.0,67.83733333333333,100.0,0.0,75.0,12,52.28,3,94.0,40.0,70.14,-54.0,D,1,2026-07-17
10,1,158,23,15,87,24,Course Page,15,48,90,3,0,6.869565217391305,48.08695652173913,0.1518987341772152,0.5506329113924051,11.0,60.08181818181818,95.0,10.0,32.0,6,84.7,5,56.25,70.0,64.85,13.75,N,1,2026-07-17
11,1,229,35,18,92,55,Course Page,10,68,146,2,0,6.542857142857143,45.8,0.2401746724890829,0.4017467248908297,14.0,77.07142857142857,100.0,0.0,33.0,12,0.0,2,88.0,78.0,55.333333333333336,-10.0,N,1,2026-07-17
12,1,1221,84,42,307,252,Course Page,249,268,630,30,0,14.535714285714286,101.75,0.2063882063882063,0.2514332514332514,15.0,79.43333333333334,100.0,40.0,75.0,14,87.0,1,86.0,79.0,71.0,-7.0,D,1,2026-07-17
13,1,187,38,22,80,27,Course Page,35,41,67,36,0,4.921052631578948,34.44736842105263,0.1443850267379679,0.427807486631016,15.0,98.49333333333334,100.0,88.7,76.0,15,88.7,0,100.0,100.0,94.35,0.0,D,1,2026-07-17
14,1,141,28,19,20,16,Assignment,32,39,39,27,0,5.035714285714286,35.25,0.1134751773049645,0.1418439716312056,14.0,82.82142857142857,100.0,0.0,50.0,13,0.0,1,90.0,91.0,54.66666666666666,1.0,P,1,2026-07-17
15,1,1194,97,48,851,231,Assignment,38,658,477,12,0,12.309278350515465,86.16494845360825,0.1934673366834171,0.7127303182579564,15.0,88.74666666666667,100.0,70.0,59.0,15,81.1,0,92.0,94.0,77.05,2.0,P,1,2026-07-17
16,1,733,68,27,439,250,Course Page,184,137,384,1,0,10.779411764705882,75.45588235294119,0.3410641200545702,0.5989085948158254,15.0,68.83333333333333,100.0,0.0,51.0,12,20.25,3,86.0,66.0,49.125,-20.0,P,1,2026-07-17
17,1,43,8,9,15,13,Course Page,7,17,19,0,0,5.375,37.625,0.3023255813953488,0.3488372093023256,7.0,35.857142857142854,100.0,0.0,5.0,3,0.0,4,73.33333333333333,0.0,3.0,0.0,N,1,2026-07-17
18,1,49,5,9,2,48,Course Page,0,8,41,0,0,9.8,68.6,0.979591836734694,0.0408163265306122,6.0,0.0,0.0,0.0,0.0,0,0.0,6,0.0,0.0,0.0,0.0,N,1,2026-07-17
19,1,535,71,33,216,111,Course Page,130,76,247,20,0,7.535211267605634,52.74647887323944,0.2074766355140186,0.4037383177570093,15.0,93.65333333333334,100.0,70.0,83.0,15,93.15,0,90.0,97.0,94.075,7.0,HD,1,2026-07-17
20,1,161,22,32,67,57,Course Page,49,40,55,1,0,7.318181818181818,51.22727272727273,0.3540372670807453,0.4161490683229814,8.0,53.875,100.0,20.0,34.0,4,65.0,4,100.0,20.0,47.25,-80.0,N,1,2026-07-17
21,1,268,41,40,101,55,Assignment,67,87,85,9,0,6.536585365853658,45.75609756097561,0.2052238805970149,0.376865671641791,8.0,67.8875,100.0,26.5,50.0,7,62.3,1,97.5,70.0,62.9,-27.5,P,1,2026-07-17
22,1,1203,111,36,221,239,Course Page,115,292,765,7,0,10.83783783783784,75.86486486486486,0.198669991687448,0.1837073981712385,15.0,96.584,100.0,88.13,83.0,15,88.13,0,98.0,97.0,94.065,-1.0,HD,1,2026-07-17
23,1,402,58,26,119,59,Course Page,158,50,165,11,0,6.931034482758621,48.51724137931034,0.1467661691542288,0.2960199004975124,15.0,85.1,100.0,55.5,83.0,15,74.0,0,94.0,91.0,64.75,-3.0,HD,1,2026-07-17
24,1,248,30,18,85,9,Course Page,56,41,129,21,0,8.266666666666667,57.86666666666667,0.0362903225806451,0.3427419354838709,9.0,83.38888888888889,100.0,38.5,40.0,8,75.5,1,96.25,0.0,81.75,0.0,SA,1,2026-07-17
25,1,382,49,30,148,43,Course Page,90,101,182,2,0,7.795918367346939,54.57142857142857,0.112565445026178,0.387434554973822,15.0,77.36,100.0,46.2,40.0,13,46.2,2,81.0,83.0,64.6,2.0,SA,1,2026-07-17
26,1,415,47,37,205,80,Course Page,119,81,131,38,0,8.829787234042554,61.80851063829787,0.1927710843373494,0.4939759036144578,12.0,38.083333333333336,70.0,0.0,18.0,4,0.0,8,56.66666666666666,36.0,24.0,-20.666666666666664,N,1,2026-07-17
27,1,266,37,17,58,37,Course Page,71,62,128,0,0,7.1891891891891895,50.32432432432432,0.1390977443609022,0.2180451127819548,13.0,51.68461538461538,80.0,30.0,24.0,6,46.45,7,60.0,50.0,44.225,-10.0,N,1,2026-07-17
28,1,7,3,4,3,0,Course Page,0,3,4,0,0,2.333333333333333,16.333333333333336,0.0,0.4285714285714285,4.0,26.125,95.0,0.0,2.0,1,0.0,3,0.0,95.0,0.0,0.0,N,1,2026-07-17
29,1,379,49,37,83,71,Course Page,39,131,147,19,0,7.73469387755102,54.142857142857146,0.1873350923482849,0.2189973614775725,14.0,75.61428571428571,100.0,56.05,59.0,14,56.05,0,83.0,85.0,57.025,2.0,P,1,2026-07-17
30,1,111,26,18,40,35,Course Page,14,41,49,3,0,4.269230769230769,29.884615384615383,0.3153153153153153,0.3603603603603603,9.0,41.66666666666666,95.0,5.5,17.0,4,5.5,5,52.5,0.0,36.0,0.0,N,1,2026-07-17
31,1,362,46,37,114,38,Course Page,79,117,130,11,0,7.869565217391305,55.08695652173913,0.1049723756906077,0.3149171270718232,15.0,90.15333333333334,100.0,65.8,72.0,15,65.8,0,97.4,90.0,80.4,-7.400000000000006,D,1,2026-07-17
32,1,450,59,50,32,54,Assignment,41,226,161,15,0,7.627118644067797,53.389830508474574,0.12,0.0711111111111111,14.0,84.09285714285714,100.0,59.0,75.0,14,59.4,0,91.25,98.0,59.2,6.75,D,1,2026-07-17
33,1,317,43,31,69,101,Course Page,42,72,166,17,0,7.372093023255814,51.604651162790695,0.3186119873817035,0.2176656151419558,15.0,88.39666666666668,100.0,60.0,49.0,15,91.3,0,78.0,100.0,86.7375,22.0,S,1,2026-07-17
34,1,501,58,28,365,130,Course Page,82,166,230,13,0,8.637931034482758,60.4655172413793,0.2594810379241516,0.7285429141716567,13.0,76.96153846153847,100.0,20.0,44.0,11,83.0,2,81.0,73.33333333333333,78.25,-7.666666666666671,SA,1,2026-07-17
35,1,338,51,34,46,17,Course Page,80,113,123,6,0,6.627450980392157,46.3921568627451,0.0502958579881656,0.136094674556213,15.0,84.97333333333333,100.0,70.35,48.0,15,70.35,0,87.8,90.0,74.175,2.200000000000003,S,1,2026-07-17
36,1,402,48,30,141,60,Course Page,87,87,188,0,0,8.375,58.625,0.1492537313432835,0.3507462686567164,15.0,67.6,90.0,35.0,56.0,13,64.5,2,67.0,63.0,74.75,-4.0,P,1,2026-07-17
37,1,212,36,15,16,4,Course Page,32,60,115,3,0,5.888888888888889,41.22222222222222,0.0188679245283018,0.0754716981132075,14.0,77.27142857142857,95.0,55.0,54.0,14,81.4,0,79.0,73.75,80.7,-5.25,P,1,2026-07-17
38,1,846,84,39,256,166,Course Page,130,242,403,20,0,10.071428571428571,70.5,0.1962174940898345,0.3026004728132387,15.0,67.25333333333333,92.0,35.0,45.0,12,79.65,3,62.0,59.0,85.825,-3.0,S,1,2026-07-17
39,1,211,50,37,41,40,Lecture Material,70,58,59,6,0,4.22,29.54,0.1895734597156398,0.1943127962085308,15.0,81.94266666666667,100.0,61.57,70.0,15,61.57,0,94.0,82.0,65.285,-12.0,D,1,2026-07-17
40,1,321,40,22,154,30,Assignment,31,178,111,1,0,8.025,56.175,0.0934579439252336,0.4797507788161994,14.0,62.392857142857146,100.0,19.0,34.0,12,19.0,2,75.0,72.5,35.5,-2.5,N,1,2026-07-17
41,1,409,43,27,225,101,Course Page,78,122,196,10,0,9.511627906976743,66.5813953488372,0.2469437652811736,0.5501222493887531,10.0,38.9,60.0,0.0,15.0,5,46.0,5,40.0,55.0,30.666666666666668,15.0,N,1,2026-07-17
42,1,266,42,20,128,22,Assignment,24,130,101,1,0,6.333333333333333,44.333333333333336,0.0827067669172932,0.4812030075187969,13.0,84.34615384615384,100.0,60.0,62.0,13,60.0,0,91.0,93.33333333333331,72.0,2.3333333333333286,C,1,2026-07-17
43,1,611,63,36,334,99,Course Page,106,77,402,1,0,9.698412698412698,67.88888888888889,0.1620294599018003,0.546644844517185,14.0,82.27857142857144,100.0,45.0,43.0,13,85.95,1,85.0,88.0,73.475,3.0,SA,1,2026-07-17
44,1,367,38,26,107,75,Course Page,85,96,174,7,0,9.657894736842104,67.60526315789474,0.2043596730245231,0.2915531335149863,13.0,83.9076923076923,100.0,67.9,60.0,13,67.9,0,93.0,88.33333333333333,71.95,-4.666666666666671,C,1,2026-07-17
45,1,478,62,56,257,73,Assignment,67,193,193,8,0,7.709677419354839,53.967741935483865,0.1527196652719665,0.5376569037656904,15.0,89.08666666666666,100.0,65.0,71.0,15,79.15,0,88.0,92.0,86.575,4.0,D,1,2026-07-17
46,1,265,40,22,79,64,Course Page,66,59,118,13,0,6.625,46.375,0.2415094339622641,0.2981132075471698,15.0,72.78666666666666,90.0,40.0,46.0,14,69.65,1,69.0,82.0,65.325,13.0,S,1,2026-07-17
47,1,330,53,26,156,115,Course Page,17,138,163,6,0,6.226415094339623,43.58490566037736,0.3484848484848485,0.4727272727272727,15.0,83.44666666666667,100.0,60.0,43.0,15,75.85,0,81.0,87.0,81.925,6.0,SA,1,2026-07-17
48,1,384,48,32,109,98,Course Page,115,96,160,1,0,8.0,56.0,0.2552083333333333,0.2838541666666667,15.0,72.25733333333332,100.0,25.0,48.0,12,51.43,3,86.0,56.0,75.715,-30.0,S,1,2026-07-17
49,1,439,34,30,366,158,Course Page,133,56,192,32,0,12.911764705882351,90.38235294117648,0.3599088838268792,0.8337129840546698,9.0,63.333333333333336,100.0,29.0,26.0,8,64.5,1,65.0,80.0,62.75,15.0,N,1,2026-07-17
50,1,254,35,41,64,8,Lecture Material,80,37,75,36,0,7.257142857142857,50.8,0.0314960629921259,0.2519685039370078,13.0,46.2,84.0,20.0,60.0,6,51.3,7,40.0,33.333333333333336,67.65,-6.666666666666664,C,1,2026-07-17
51,1,270,57,27,125,41,Course Page,44,94,106,12,0,4.7368421052631575,33.15789473684211,0.1518518518518518,0.4629629629629629,14.0,87.73571428571428,100.0,50.0,82.0,14,97.9,0,89.0,82.5,93.95,-6.5,HD,1,2026-07-17
52,1,244,32,23,120,39,Course Page,70,36,94,10,0,7.625,53.375,0.1598360655737705,0.4918032786885246,15.0,71.03333333333333,100.0,50.0,62.0,15,68.0,0,82.0,67.0,61.5,-15.0,C,1,2026-07-17
53,1,267,42,21,60,79,Course Page,75,66,121,4,0,6.357142857142857,44.5,0.2958801498127341,0.2247191011235955,12.0,57.03333333333333,100.0,19.7,37.0,7,19.7,5,72.0,50.0,44.6,-22.0,N,1,2026-07-17
54,1,748,69,41,322,144,Course Page,86,227,378,1,0,10.840579710144928,75.88405797101449,0.1925133689839572,0.4304812834224599,13.0,74.99230769230769,100.0,30.0,41.0,10,76.45,3,67.5,97.5,62.225,30.0,SA,1,2026-07-17
55,1,711,68,25,147,179,Course Page,39,94,552,6,0,10.455882352941176,73.19117647058825,0.2517580872011252,0.2067510548523206,11.0,45.13636363636363,75.0,0.0,22.0,4,44.0,7,48.75,20.0,59.5,-28.75,N,1,2026-07-17
56,1,261,40,25,71,64,Course Page,31,99,113,8,0,6.525,45.675,0.2452107279693486,0.2720306513409962,15.0,78.56666666666666,100.0,0.0,60.0,14,84.0,1,92.0,59.0,87.0,-33.0,C,1,2026-07-17
57,1,176,38,16,78,22,Course Page,11,45,119,0,0,4.631578947368421,32.421052631578945,0.125,0.4431818181818182,6.0,57.333333333333336,100.0,10.0,47.0,5,62.0,1,100.0,0.0,58.5,0.0,S,1,2026-07-17
58,1,387,46,28,135,68,Course Page,93,46,223,11,0,8.41304347826087,58.891304347826086,0.1757105943152454,0.3488372093023256,12.0,26.375,55.0,0.0,20.0,4,53.75,8,17.5,6.666666666666667,54.375,-10.833333333333332,N,1,2026-07-17
59,1,221,28,16,77,28,Course Page,50,48,123,0,0,7.892857142857143,55.25,0.1266968325791855,0.3484162895927601,9.0,55.67777777777778,85.0,29.0,19.0,6,36.05,3,78.33333333333333,55.0,45.525,-23.33333333333333,N,1,2026-07-17
60,1,455,69,27,180,125,Course Page,40,177,214,15,0,6.594202898550725,46.15942028985507,0.2747252747252747,0.3956043956043956,15.0,90.91333333333334,100.0,80.0,65.0,15,84.15,0,91.8,91.0,89.575,-0.7999999999999972,C,1,2026-07-17
61,1,280,49,34,118,59,Course Page,84,64,88,14,0,5.714285714285714,40.0,0.2107142857142857,0.4214285714285714,15.0,91.0,100.0,60.0,83.0,15,80.0,0,98.0,88.0,85.5,-10.0,HD,1,2026-07-17
62,1,220,37,28,98,71,Course Page,47,58,105,4,0,5.945945945945946,41.62162162162162,0.3227272727272727,0.4454545454545454,15.0,74.58,95.0,50.0,48.0,15,88.35,0,79.0,69.0,76.175,-10.0,S,1,2026-07-17
63,1,347,53,31,118,41,Course Page,40,77,204,5,0,6.547169811320755,45.83018867924528,0.1181556195965417,0.3400576368876081,14.0,79.5,100.0,40.0,46.0,13,65.5,1,88.0,75.0,74.75,-13.0,S,1,2026-07-17
64,1,551,30,28,345,60,Course Page,64,49,410,9,0,18.366666666666667,128.56666666666666,0.1088929219600726,0.6261343012704175,10.0,48.73,80.0,10.0,23.0,7,65.65,3,40.0,50.0,61.325,10.0,N,1,2026-07-17
65,1,408,50,34,165,38,Course Page,43,137,180,15,0,8.16,57.12,0.0931372549019607,0.4044117647058823,15.0,83.24666666666667,95.0,58.0,58.0,15,88.4,0,83.8,90.0,73.2,6.200000000000003,P,1,2026-07-17
66,1,213,44,24,39,47,Course Page,71,59,74,3,0,4.840909090909091,33.88636363636364,0.2206572769953051,0.1830985915492957,15.0,74.21333333333334,100.0,30.0,46.0,14,72.35,1,66.0,77.0,81.675,11.0,S,1,2026-07-17
67,1,193,18,42,172,40,Assignment,38,110,34,7,0,10.72222222222222,75.05555555555554,0.2072538860103626,0.8911917098445595,15.0,87.22666666666667,100.0,67.7,70.0,15,67.7,0,96.0,86.0,76.85,-10.0,D,1,2026-07-17
68,1,503,74,31,73,85,Course Page,71,69,342,2,0,6.797297297297297,47.58108108108108,0.1689860834990059,0.1451292246520874,15.0,75.48666666666666,100.0,30.0,44.0,12,41.65,3,72.0,90.0,60.325,18.0,SA,1,2026-07-17
69,1,151,33,22,57,12,Course Page,26,46,78,0,0,4.575757575757576,32.03030303030303,0.0794701986754966,0.3774834437086092,15.0,71.59466666666667,100.0,47.21,58.0,13,47.21,2,74.0,75.0,63.605,1.0,P,1,2026-07-17
70,1,463,46,24,105,76,Course Page,85,89,268,8,0,10.065217391304348,70.45652173913044,0.1641468682505399,0.2267818574514039,15.0,95.83733333333332,100.0,88.28,85.0,15,88.28,0,98.0,96.0,92.64,-2.0,HD,1,2026-07-17
71,1,91,20,14,38,25,Assignment,2,58,24,5,0,4.55,31.85,0.2747252747252747,0.4175824175824176,14.0,54.642857142857146,80.0,0.0,30.0,10,66.0,4,55.0,42.0,73.0,-13.0,N,1,2026-07-17
72,1,452,50,31,192,33,Course Page,75,149,207,8,0,9.04,63.28,0.0730088495575221,0.4247787610619469,15.0,75.97333333333333,100.0,40.0,66.0,14,96.3,1,80.0,62.0,89.65,-18.0,C,1,2026-07-17
73,1,252,39,35,169,48,Assignment,21,106,99,16,0,6.461538461538462,45.23076923076923,0.1904761904761904,0.6706349206349206,10.0,53.4,100.0,0.0,11.0,5,0.0,5,80.0,75.0,9.333333333333334,-5.0,N,1,2026-07-17
74,1,327,60,18,149,59,Course Page,52,60,209,0,0,5.45,38.15,0.1804281345565749,0.45565749235474,15.0,76.5,95.0,30.0,54.0,14,50.0,1,76.0,81.0,71.0,5.0,P,1,2026-07-17
75,1,494,65,24,261,106,Course Page,19,232,240,0,0,7.6,53.2,0.2145748987854251,0.52834008097166,14.0,73.39285714285714,100.0,40.0,55.0,11,41.0,3,70.0,93.75,57.5,23.75,P,1,2026-07-17
76,1,187,29,28,42,24,Assignment,25,78,78,1,0,6.448275862068965,45.137931034482754,0.1283422459893048,0.2245989304812834,15.0,64.23333333333333,100.0,20.0,53.0,11,45.0,4,76.0,61.0,52.5,-15.0,P,1,2026-07-17
77,1,220,35,24,90,28,Course Page,68,45,85,15,0,6.285714285714286,44.0,0.1272727272727272,0.4090909090909091,10.0,70.47,100.0,38.0,50.0,9,89.35,1,70.0,100.0,71.675,30.0,P,1,2026-07-17
78,1,445,66,27,247,87,Course Page,52,56,321,5,0,6.742424242424242,47.196969696969695,0.195505617977528,0.5550561797752809,14.0,76.72142857142856,100.0,50.0,39.0,14,73.3,0,71.25,78.0,82.9,6.75,N,1,2026-07-17
79,1,375,47,29,104,82,Course Page,96,103,145,3,0,7.978723404255319,55.85106382978724,0.2186666666666666,0.2773333333333333,14.0,70.85714285714286,100.0,40.0,63.0,13,63.0,1,86.0,65.0,58.25,-21.0,C,1,2026-07-17
80,1,333,56,21,151,116,Course Page,51,86,193,2,0,5.946428571428571,41.625,0.3483483483483483,0.4534534534534534,15.0,81.77333333333333,100.0,65.0,67.0,15,79.3,0,86.0,78.0,81.15,-8.0,C,1,2026-07-17
81,1,511,76,38,129,125,Lecture Material,159,149,152,22,0,6.723684210526316,47.065789473684205,0.2446183953033268,0.2524461839530332,15.0,35.906666666666666,75.0,10.0,25.0,4,48.8,11,15.0,55.0,38.4,40.0,N,1,2026-07-17
82,1,657,66,29,253,82,Course Page,102,236,299,7,0,9.954545454545457,69.68181818181819,0.1248097412480974,0.3850837138508371,15.0,92.12666666666668,100.0,70.0,73.0,15,88.7,0,90.0,93.0,93.85,3.0,D,1,2026-07-17
83,1,325,50,23,92,61,Course Page,36,69,212,7,0,6.5,45.5,0.1876923076923076,0.283076923076923,15.0,68.04,100.0,40.0,30.0,12,45.3,3,69.0,79.0,51.65,10.0,N,1,2026-07-17
84,1,353,46,24,160,45,Course Page,52,58,227,3,0,7.673913043478261,53.71739130434783,0.1274787535410765,0.4532577903682719,15.0,83.09333333333333,100.0,69.0,52.0,15,70.2,0,84.0,92.0,69.6,8.0,P,1,2026-07-17
85,1,191,35,19,87,43,Course Page,11,72,103,1,0,5.457142857142857,38.2,0.225130890052356,0.4554973821989528,15.0,69.76666666666667,100.0,0.0,21.0,10,0.0,5,79.0,100.0,15.5,21.0,N,1,2026-07-17
86,1,343,47,32,174,43,Course Page,75,66,165,16,0,7.297872340425532,51.08510638297872,0.1253644314868804,0.5072886297376094,12.0,57.76666666666667,100.0,20.0,30.0,8,68.1,4,65.0,43.333333333333336,66.05,-21.666666666666664,N,1,2026-07-17
87,1,120,14,16,27,13,Assignment,13,60,45,1,0,8.571428571428571,60.0,0.1083333333333333,0.225,14.0,59.17857142857143,100.0,0.0,41.0,9,56.0,5,55.0,75.0,49.0,20.0,SA,1,2026-07-17
88,1,109,19,12,27,28,Course Page,14,37,55,0,0,5.7368421052631575,40.1578947368421,0.2568807339449541,0.2477064220183486,9.0,74.33333333333333,100.0,0.0,62.0,7,86.5,2,75.0,0.0,84.75,0.0,C,1,2026-07-17
89,1,284,62,20,165,64,Assignment,20,144,100,4,0,4.580645161290323,32.064516129032256,0.2253521126760563,0.5809859154929577,8.0,14.0,38.0,0.0,9.0,0,38.0,8,0.0,0.0,28.0,0.0,N,1,2026-07-17
90,1,502,51,32,95,64,Course Page,78,171,227,15,0,9.84313725490196,68.90196078431373,0.1274900398406374,0.1892430278884462,15.0,87.90666666666667,100.0,79.0,73.0,15,82.55,0,92.0,89.0,80.775,-3.0,D,1,2026-07-17
91,1,311,51,28,149,41,Course Page,40,78,152,13,0,6.098039215686274,42.68627450980392,0.1318327974276527,0.4790996784565916,15.0,84.86,100.0,50.0,72.0,15,84.95,0,74.0,92.0,89.975,18.0,D,1,2026-07-17
92,1,488,51,41,75,94,Course Page,94,146,180,28,0,9.568627450980392,66.98039215686275,0.1926229508196721,0.1536885245901639,10.0,78.85,100.0,43.5,40.0,9,72.5,1,78.33333333333333,100.0,77.5,21.66666666666667,SA,1,2026-07-17
93,1,188,31,24,45,7,Course Page,39,53,63,7,0,6.064516129032258,42.4516129032258,0.0372340425531914,0.2393617021276596,13.0,32.19230769230769,60.0,0.0,33.0,3,23.0,10,41.0,26.666666666666668,26.25,-14.333333333333332,N,1,2026-07-17
94,1,417,35,26,164,46,Course Page,117,107,160,0,0,11.914285714285716,83.4,0.1103117505995203,0.3932853717026379,14.0,53.785714285714285,90.0,17.0,51.0,8,17.0,6,75.0,56.25,23.25,-18.75,P,1,2026-07-17
95,1,244,31,34,137,72,Course Page,35,96,97,1,0,7.870967741935484,55.096774193548384,0.2950819672131147,0.5614754098360656,12.0,41.833333333333336,86.0,0.0,0.0,4,0.0,8,55.0,26.666666666666668,43.0,-28.33333333333333,DX,1,2026-07-17
96,1,780,74,46,653,188,Assignment,73,351,337,12,0,10.54054054054054,73.78378378378379,0.241025641025641,0.8371794871794872,15.0,68.36,100.0,1.2,25.0,11,1.2,4,82.0,88.0,22.6,6.0,N,1,2026-07-17
97,1,157,35,15,39,54,Course Page,49,45,56,5,0,4.485714285714286,31.4,0.3439490445859872,0.2484076433121019,12.0,76.825,100.0,55.5,44.0,12,55.7,0,88.33333333333333,72.5,77.85,-15.833333333333329,SA,1,2026-07-17
98,1,145,23,16,67,31,Course Page,47,29,66,0,0,6.304347826086956,44.130434782608695,0.2137931034482758,0.4620689655172413,8.0,51.275,100.0,0.0,28.0,5,73.1,3,40.0,0.0,69.55,0.0,N,1,2026-07-17
99,1,417,49,36,77,31,Course Page,114,78,183,12,0,8.510204081632653,59.57142857142857,0.0743405275779376,0.184652278177458,14.0,74.25,100.0,0.0,60.0,13,79.0,1,90.0,53.75,77.0,-36.25,C,1,2026-07-17
100,1,57,20,5,8,6,Course Page,1,2,53,1,0,2.85,19.95,0.1052631578947368,0.1403508771929824,10.0,41.15,75.0,0.0,10.0,5,0.0,5,61.25,50.0,21.75,-11.25,N,1,2026-07-17
101,1,733,50,30,296,161,Course Page,162,118,423,0,0,14.66,102.62,0.2196452933151432,0.4038199181446112,15.0,71.86666666666666,90.0,43.0,38.0,13,67.0,2,74.0,82.0,55.0,8.0,N,1,2026-07-17
102,1,121,15,11,53,24,Course Page,17,43,57,0,0,8.066666666666666,56.46666666666667,0.1983471074380165,0.4380165289256198,8.0,10.375,25.0,0.0,2.0,0,0.0,8,16.666666666666668,20.0,2.0,3.333333333333332,N,1,2026-07-17
103,1,444,81,45,215,128,Course Page,35,160,234,5,0,5.481481481481482,38.37037037037037,0.2882882882882883,0.4842342342342342,15.0,89.96666666666667,100.0,40.0,74.0,13,93.0,2,97.0,100.0,66.5,3.0,D,1,2026-07-17
104,1,421,72,28,140,80,Assignment,94,143,101,36,0,5.847222222222222,40.93055555555555,0.1900237529691211,0.332541567695962,15.0,91.53333333333332,100.0,75.0,72.0,15,94.0,0,96.0,86.0,93.0,-10.0,D,1,2026-07-17
105,1,211,40,22,90,30,Course Page,28,74,95,5,0,5.275,36.925,0.1421800947867298,0.4265402843601896,12.0,65.48333333333333,90.0,25.0,36.0,10,65.65,2,76.0,57.5,60.325,-18.5,N,1,2026-07-17
106,1,638,68,43,395,140,Course Page,65,188,345,7,0,9.382352941176473,65.6764705882353,0.219435736677116,0.6191222570532915,14.0,48.75714285714286,100.0,0.0,33.0,8,32.8,6,46.0,60.0,41.4,14.0,N,1,2026-07-17
107,1,678,69,46,174,108,Course Page,149,180,300,2,0,9.826086956521738,68.78260869565217,0.1592920353982301,0.2566371681415929,14.0,68.35714285714286,100.0,30.0,53.0,13,77.0,1,70.0,65.0,71.5,-5.0,P,1,2026-07-17
108,1,333,32,25,260,79,Course Page,98,66,151,9,0,10.40625,72.84375,0.2372372372372372,0.7807807807807807,14.0,58.46428571428572,85.0,0.0,57.0,12,76.0,2,70.0,38.75,65.75,-31.25,P,1,2026-07-17
109,1,205,30,19,103,6,Course Page,40,46,110,0,0,6.833333333333333,47.833333333333336,0.0292682926829268,0.5024390243902439,11.0,68.95454545454545,90.0,43.5,66.0,10,85.0,1,67.5,82.5,70.0,15.0,C,1,2026-07-17
110,1,251,30,30,194,56,Assignment,34,104,104,2,0,8.366666666666667,58.56666666666667,0.2231075697211155,0.7729083665338645,10.0,51.2,70.0,27.0,22.0,6,58.5,4,56.66666666666666,50.0,53.75,-6.666666666666664,N,1,2026-07-17
111,1,257,25,34,153,18,Assignment,9,147,92,1,0,10.28,71.96,0.0700389105058365,0.5953307392996109,13.0,81.69999999999999,100.0,63.3,45.0,13,63.3,0,99.0,76.66666666666667,66.15,-22.33333333333333,S,1,2026-07-17
112,1,189,26,24,79,31,Assignment,15,80,77,2,0,7.269230769230769,50.88461538461538,0.164021164021164,0.4179894179894179,14.0,67.51428571428572,100.0,30.0,52.0,12,52.85,2,53.75,82.0,64.425,28.25,P,1,2026-07-17
113,1,502,67,30,198,77,Course Page,50,120,293,1,0,7.492537313432836,52.44776119402985,0.1533864541832669,0.3944223107569721,15.0,31.466666666666665,75.0,0.0,24.0,5,62.0,10,17.0,19.0,68.5,2.0,N,1,2026-07-17
114,1,157,22,22,85,4,Assignment,15,92,46,0,0,7.136363636363637,49.95454545454545,0.0254777070063694,0.5414012738853503,15.0,80.2,100.0,60.0,68.0,15,86.0,0,83.0,81.0,75.25,-2.0,C,1,2026-07-17
115,1,455,47,27,73,70,Course Page,100,151,195,2,0,9.680851063829786,67.76595744680851,0.1538461538461538,0.1604395604395604,14.0,73.57142857142857,100.0,50.0,58.0,14,65.0,0,84.0,70.0,65.0,-14.0,P,1,2026-07-17
116,1,127,18,13,91,43,Course Page,11,45,62,8,0,7.055555555555555,49.388888888888886,0.3385826771653543,0.7165354330708661,6.0,50.48333333333333,78.0,0.0,23.0,4,73.45,2,0.0,0.0,75.725,0.0,N,1,2026-07-17
117,1,105,20,22,8,9,Assignment,24,53,23,2,0,5.25,36.75,0.0857142857142857,0.0761904761904762,15.0,92.2,100.0,50.0,82.0,15,91.5,0,100.0,100.0,70.75,0.0,HD,1,2026-07-17
118,1,803,74,32,219,117,Assignment,127,351,295,7,0,10.85135135135135,75.95945945945947,0.1457036114570361,0.2727272727272727,15.0,79.42,100.0,30.0,64.0,14,94.65,1,72.0,80.0,88.825,8.0,C,1,2026-07-17
119,1,165,29,22,66,9,Course Page,39,59,66,0,0,5.689655172413793,39.82758620689655,0.0545454545454545,0.4,15.0,69.7,100.0,10.0,50.0,11,77.5,4,80.0,67.0,59.25,-13.0,P,1,2026-07-17
120,1,191,37,15,42,34,Course Page,61,35,90,3,0,5.162162162162162,36.13513513513514,0.1780104712041884,0.2198952879581152,14.0,88.57857142857142,100.0,64.0,61.0,14,83.05,0,100.0,92.0,73.525,-8.0,C,1,2026-07-17
121,1,230,27,33,108,45,Course Page,71,40,100,2,0,8.518518518518519,59.629629629629626,0.1956521739130435,0.4695652173913043,8.0,48.625,80.0,18.5,25.0,5,31.75,3,65.0,55.0,46.375,-10.0,N,1,2026-07-17
122,1,171,22,24,12,4,Assignment,40,66,59,0,0,7.772727272727272,54.409090909090914,0.023391812865497,0.0701754385964912,14.0,92.64,100.0,78.73,64.0,14,78.73,0,100.0,96.25,80.86500000000001,-3.75,C,1,2026-07-17
123,1,134,21,26,64,13,Course Page,44,38,44,4,0,6.380952380952381,44.66666666666666,0.0970149253731343,0.4776119402985074,10.0,34.05,63.0,0.0,18.0,4,63.0,6,36.25,25.0,42.0,-11.25,N,1,2026-07-17
124,1,599,89,29,211,134,Course Page,190,65,320,22,0,6.730337078651686,47.1123595505618,0.2237061769616026,0.352253756260434,15.0,80.41333333333334,95.0,69.0,72.0,15,72.1,0,83.0,85.0,70.55,2.0,D,1,2026-07-17
125,1,669,89,33,185,153,Course Page,194,107,351,8,0,7.51685393258427,52.61797752808989,0.2286995515695067,0.2765321375186846,15.0,85.4,100.0,70.0,75.0,15,73.5,0,88.0,92.0,72.75,4.0,D,1,2026-07-17
126,1,205,29,20,22,83,Assignment,32,88,78,2,0,7.068965517241379,49.48275862068965,0.4048780487804878,0.1073170731707317,15.0,65.63333333333334,100.0,0.0,53.0,12,54.0,3,72.0,55.0,71.5,-17.0,P,1,2026-07-17
127,1,169,28,19,91,35,Course Page,32,50,83,0,0,6.035714285714286,42.25,0.2071005917159763,0.5384615384615384,11.0,38.95454545454545,85.0,0.0,23.0,6,0.0,5,42.0,85.0,26.0,43.0,N,1,2026-07-17
128,1,230,44,23,71,45,Course Page,18,97,104,5,0,5.227272727272728,36.59090909090909,0.1956521739130435,0.308695652173913,12.0,67.86666666666666,85.0,51.0,30.0,12,68.7,0,66.25,81.66666666666667,63.35,15.416666666666671,N,1,2026-07-17
129,1,662,60,34,264,156,Course Page,147,162,309,1,0,11.033333333333331,77.23333333333333,0.2356495468277945,0.3987915407854985,12.0,55.0,100.0,20.0,24.0,8,30.0,4,58.0,55.0,55.0,-3.0,N,1,2026-07-17
130,1,183,31,15,70,30,Assignment,35,76,72,0,0,5.903225806451613,41.32258064516129,0.1639344262295081,0.3825136612021858,8.0,64.725,100.0,23.0,25.0,6,57.4,2,76.66666666666667,0.0,66.2,0.0,N,1,2026-07-17
131,1,261,35,29,76,37,Course Page,67,72,102,8,0,7.457142857142857,52.2,0.1417624521072797,0.2911877394636015,15.0,87.54666666666667,100.0,76.35,82.0,15,76.35,0,91.0,84.0,87.675,-7.0,HD,1,2026-07-17
132,1,341,42,28,97,27,Course Page,27,127,169,10,0,8.119047619047619,56.833333333333336,0.0791788856304985,0.2844574780058651,14.0,79.64999999999999,100.0,50.0,63.0,14,95.55,0,78.0,72.5,91.775,-5.5,C,1,2026-07-17
133,1,157,18,18,49,16,Course Page,23,54,70,0,0,8.722222222222221,61.05555555555555,0.1019108280254777,0.3121019108280254,7.0,24.685714285714287,50.0,0.0,10.0,1,28.9,6,50.0,0.0,29.45,-50.0,N,1,2026-07-17
134,1,418,37,31,214,88,Course Page,120,75,201,15,0,11.297297297297296,79.08108108108108,0.2105263157894736,0.5119617224880383,12.0,54.333333333333336,95.0,20.0,27.0,7,62.0,5,36.66666666666666,72.5,53.0,35.833333333333336,N,1,2026-07-17
135,1,237,30,37,175,32,Assignment,20,140,70,1,0,7.9,55.3,0.1350210970464135,0.7383966244725738,14.0,78.47857142857143,100.0,37.0,38.0,12,50.35,2,96.0,90.0,43.675,-6.0,N,1,2026-07-17
136,1,359,51,22,145,87,Course Page,29,159,161,2,0,7.03921568627451,49.27450980392157,0.2423398328690807,0.403899721448468,14.0,73.15714285714286,83.85,65.0,56.0,14,83.85,0,75.0,71.0,75.925,-4.0,P,1,2026-07-17
137,1,307,28,42,114,29,Assignment,26,188,90,0,0,10.964285714285714,76.75,0.0944625407166123,0.3713355048859935,15.0,78.88000000000001,100.0,50.35,37.0,15,50.35,0,89.0,88.0,52.425,-1.0,N,1,2026-07-17
138,1,214,24,20,92,61,Assignment,17,99,93,1,0,8.916666666666666,62.41666666666667,0.2850467289719626,0.4299065420560747,13.0,74.6923076923077,100.0,30.0,42.0,11,88.5,2,71.25,78.75,77.75,7.5,SA,1,2026-07-17
139,1,135,22,15,72,40,Course Page,14,54,64,0,0,6.136363636363637,42.95454545454545,0.2962962962962963,0.5333333333333333,13.0,45.61538461538461,80.0,0.0,33.0,8,65.0,5,46.0,26.666666666666668,63.0,-19.33333333333333,N,1,2026-07-17
140,1,7,5,3,1,2,Course Page,0,2,4,1,0,1.4,9.8,0.2857142857142857,0.1428571428571428,4.0,5.5,20.0,0.0,0.0,0,0.0,4,20.0,0.0,0.0,0.0,N,1,2026-07-17
141,1,374,51,28,119,53,Course Page,58,100,201,9,0,7.333333333333333,51.333333333333336,0.141711229946524,0.3181818181818182,14.0,55.29,100.0,30.0,48.0,8,43.78,6,61.0,40.0,65.64,-21.0,S,1,2026-07-17
142,1,277,47,24,39,44,Course Page,55,57,125,6,0,5.893617021276596,41.25531914893617,0.1588447653429603,0.1407942238267148,14.0,89.41428571428571,100.0,75.0,71.0,14,95.9,0,92.5,90.0,87.45,-2.5,D,1,2026-07-17
143,1,501,38,26,232,64,Course Page,162,65,235,9,0,13.18421052631579,92.28947368421052,0.1277445109780439,0.4630738522954092,7.0,45.142857142857146,90.0,0.0,13.0,3,0.0,4,55.0,30.0,54.0,-25.0,N,1,2026-07-17
144,1,105,12,17,90,27,Course Page,3,33,66,0,0,8.75,61.25,0.2571428571428571,0.8571428571428571,10.0,62.5,95.0,0.0,58.0,7,87.0,3,60.0,72.5,58.0,12.5,P,1,2026-07-17
145,1,112,10,16,82,2,Lecture Material,48,26,35,3,0,11.2,78.39999999999999,0.0178571428571428,0.7321428571428571,8.0,58.875,100.0,0.0,17.0,5,0.0,3,77.5,0.0,43.333333333333336,0.0,N,1,2026-07-17
146,1,176,34,18,87,41,Course Page,58,39,63,2,0,5.176470588235294,36.235294117647065,0.2329545454545454,0.4943181818181818,7.0,60.07142857142857,75.0,14.5,22.0,6,55.5,1,72.5,0.0,65.25,0.0,N,1,2026-07-17
147,1,265,37,26,83,78,Course Page,59,81,115,8,0,7.162162162162162,50.13513513513514,0.2943396226415094,0.3132075471698113,10.0,65.25,100.0,12.75,25.0,6,12.75,4,92.5,40.0,50.375,-52.5,N,1,2026-07-17
148,1,101,21,18,44,17,Assignment,26,38,34,3,0,4.809523809523809,33.666666666666664,0.1683168316831683,0.4356435643564356,9.0,58.28888888888889,100.0,30.0,24.0,5,55.8,4,93.33333333333331,30.0,45.9,-63.33333333333333,N,1,2026-07-17
149,1,166,22,35,63,9,Assignment,14,126,26,0,0,7.545454545454546,52.81818181818182,0.0542168674698795,0.3795180722891566,14.0,87.92857142857143,100.0,62.75,60.0,14,62.75,0,99.0,97.5,64.375,-1.5,C,1,2026-07-17
150,1,94,25,14,25,20,Course Page,18,27,40,0,0,3.76,26.32,0.2127659574468085,0.2659574468085106,14.0,90.15,100.0,49.0,69.0,12,95.3,2,97.0,100.0,72.15,3.0,C,1,2026-07-17
151,1,54,13,13,27,10,Course Page,14,10,28,0,0,4.153846153846154,29.07692307692308,0.1851851851851851,0.5,10.0,53.9,100.0,0.0,10.0,6,0.0,4,45.0,80.0,0.0,35.0,N,1,2026-07-17
152,1,203,24,18,118,43,Course Page,31,76,87,1,0,8.458333333333334,59.208333333333336,0.2118226600985221,0.5812807881773399,8.0,19.5,38.0,0.0,11.0,0,38.0,8,5.0,10.0,33.5,5.0,N,1,2026-07-17
153,1,92,22,13,66,15,Assignment,23,60,8,0,0,4.181818181818182,29.27272727272728,0.1630434782608695,0.717391304347826,13.0,52.29230769230769,65.0,10.0,26.0,10,60.4,3,51.0,45.0,62.7,-6.0,N,1,2026-07-17
154,1,220,28,34,152,39,Course Page,42,42,115,2,0,7.857142857142857,55.0,0.1772727272727272,0.6909090909090909,5.0,11.4,50.0,0.0,1.0,1,0.0,4,0.0,50.0,0.6666666666666666,0.0,N,1,2026-07-17
155,1,8,3,4,6,0,Course Page,1,2,4,0,0,2.6666666666666665,18.666666666666668,0.0,0.75,6.0,0.0,0.0,0.0,0.0,0,0.0,6,0.0,0.0,0.0,0.0,N,1,2026-07-17
156,1,75,18,14,9,6,Course Page,15,26,30,2,0,4.166666666666667,29.166666666666664,0.08,0.12,15.0,84.06,100.0,50.0,42.0,15,82.7,0,82.0,83.0,88.35,1.0,SA,1,2026-07-17
157,1,96,15,20,45,10,Course Page,24,15,50,0,0,6.4,44.8,0.1041666666666666,0.46875,10.0,19.15,80.0,0.0,5.0,2,0.0,8,29.0,0.0,10.666666666666666,-29.0,N,1,2026-07-17
158,1,48,9,8,11,2,Course Page,4,14,29,0,0,5.333333333333333,37.33333333333333,0.0416666666666666,0.2291666666666666,8.0,8.25,33.0,0.0,3.0,0,0.0,8,0.0,0.0,22.0,0.0,N,1,2026-07-17
159,1,47,6,9,5,0,Assignment,7,23,17,0,0,7.833333333333333,54.833333333333336,0.0,0.1063829787234042,6.0,34.5,90.0,0.0,5.0,2,0.0,4,75.0,0.0,14.0,0.0,N,1,2026-07-17
160,1,101,14,11,6,21,Course Page,14,36,46,0,0,7.214285714285714,50.5,0.2079207920792079,0.0594059405940594,8.0,12.5,50.0,0.0,5.0,2,0.0,6,0.0,0.0,25.0,0.0,N,1,2026-07-17
161,1,134,17,14,58,40,Course Page,20,40,70,4,0,7.882352941176471,55.1764705882353,0.2985074626865671,0.4328358208955223,6.0,20.166666666666668,50.0,0.0,3.0,1,0.0,5,36.66666666666666,0.0,0.0,0.0,N,1,2026-07-17
162,1,71,12,17,35,14,Course Page,11,25,30,1,0,5.916666666666667,41.41666666666667,0.1971830985915492,0.4929577464788732,12.0,29.791666666666668,80.0,0.0,7.0,5,0.0,7,49.0,40.0,0.0,-9.0,N,1,2026-07-17
163,1,170,21,27,118,58,Assignment,18,120,27,0,0,8.095238095238095,56.66666666666666,0.3411764705882353,0.6941176470588235,9.0,67.22222222222223,100.0,0.0,11.0,7,0.0,2,90.0,100.0,0.0,10.0,N,1,2026-07-17
164,1,16,7,4,15,8,Course Page,0,2,13,0,0,2.2857142857142856,16.0,0.5,0.9375,3.0,0.0,0.0,0.0,0.0,0,0.0,3,0.0,0.0,0.0,0.0,N,1,2026-07-17
165,1,38,9,10,5,12,Course Page,11,9,16,0,0,4.222222222222222,29.55555555555556,0.3157894736842105,0.131578947368421,5.0,33.0,80.0,0.0,3.0,2,0.0,3,75.0,0.0,0.0,0.0,N,1,2026-07-17
166,1,12,7,2,7,7,Assignment,0,7,5,0,0,1.7142857142857142,12.0,0.5833333333333334,0.5833333333333334,4.0,5.5,20.0,0.0,0.0,0,0.0,4,20.0,0.0,0.0,0.0,N,1,2026-07-17
167,1,14,5,6,12,3,Course Page,2,2,8,1,0,2.8,19.6,0.2142857142857142,0.8571428571428571,5.0,0.0,0.0,0.0,0.0,0,0.0,5,0.0,0.0,0.0,0.0,N,1,2026-07-17
168,1,103,6,13,6,32,Course Page,29,21,45,0,0,17.166666666666668,120.16666666666669,0.3106796116504854,0.058252427184466,4.0,23.375,85.0,0.0,2.0,1,0.0,3,85.0,0.0,0.0,0.0,N,1,2026-07-17
169,1,2,1,2,0,0,Course Page,0,0,1,1,0,2.0,14.0,0.0,0.0,6.0,0.0,0.0,0.0,0.0,0,0.0,6,0.0,0.0,0.0,0.0,N,1,2026-07-17
170,1,0,0,0,0,0,No Activity,0,0,0,0,0,0.0,0.0,0.0,0.0,4.0,0.0,0.0,0.0,0.0,0,0.0,4,0.0,0.0,0.0,0.0,N,1,2026-07-17
171,1,0,0,0,0,0,No Activity,0,0,0,0,0,0.0,0.0,0.0,0.0,7.0,0.0,0.0,0.0,0.0,0,0.0,7,0.0,0.0,0.0,0.0,N,1,2026-07-17
172,2,14,4,8,3,1,Other,1,0,0,1,0,3.5,24.5,0.0714285714285714,0.2142857142857142,0.0,0.0,0.0,0.0,0.0,0,0.0,0,0.0,0.0,0.0,0.0,No Result,2,2026-07-17
173,3,25,3,10,13,0,Other,1,0,0,0,12,8.333333333333334,58.333333333333336,0.0,0.52,2.0,0.0,0.0,0.0,0.0,0,0.0,2,0.0,0.0,0.0,0.0,No Result,2,2026-07-17
174,3,2,1,2,0,0,Other,0,0,0,0,0,2.0,14.0,0.0,0.0,0.0,0.0,0.0,0.0,0.0,0,0.0,0,0.0,0.0,0.0,0.0,No Result,2,2026-07-17
1,1,1086,97,27,291,126,Assignment,5,939,142,0,0,11.195876288659791,78.37113402061856,0.1160220994475138,0.2679558011049723,0.0,0.0,0.0,0.0,0.0,0,0.0,0,0.0,0.0,0.0,0.0,No Result,1,2026-07-18
2,1,549,53,39,256,114,Course Page,137,184,192,15,0,10.358490566037736,72.50943396226415,0.2076502732240437,0.4663023679417122,15.0,70.53999999999999,100.0,0.0,41.0,10,44.8,5,95.0,72.0,34.9,-23.0,SA,1,2026-07-18
3,1,236,30,20,91,33,Course Page,50,92,93,1,0,7.866666666666666,55.06666666666667,0.1398305084745762,0.3855932203389831,12.0,58.083333333333336,100.0,0.0,0.0,9,0.0,3,66.0,63.333333333333336,41.66666666666666,-2.6666666666666643,DX,1,2026-07-18
4,1,183,33,22,72,20,Course Page,48,45,68,6,0,5.545454545454546,38.81818181818182,0.1092896174863388,0.3934426229508196,15.0,83.28666666666666,100.0,60.0,49.0,15,61.9,0,79.0,98.0,68.95,19.0,S,1,2026-07-18
5,1,356,55,25,169,50,Course Page,61,130,165,0,0,6.472727272727273,45.30909090909091,0.1404494382022472,0.4747191011235955,15.0,86.00666666666666,100.0,10.0,86.0,14,93.05,1,71.0,97.0,91.525,26.0,HD,1,2026-07-18
6,1,852,92,60,469,168,Course Page,69,300,428,10,0,9.26086956521739,64.82608695652173,0.1971830985915492,0.5504694835680751,15.0,81.62666666666668,100.0,54.0,0.0,15,60.45,0,87.0,94.0,57.225,7.0,DX,1,2026-07-18
7,1,1292,123,34,121,405,Course Page,373,194,695,16,0,10.504065040650406,73.52845528455283,0.3134674922600619,0.0936532507739938,15.0,53.53333333333333,80.0,31.0,46.0,9,68.0,6,51.0,59.0,49.5,8.0,S,1,2026-07-18
8,1,301,48,20,244,87,Course Page,59,72,151,0,0,6.270833333333333,43.895833333333336,0.2890365448504983,0.8106312292358804,15.0,57.940000000000005,94.0,0.0,46.0,11,71.05,4,46.0,52.0,82.525,6.0,S,1,2026-07-18
9,1,365,47,23,125,25,Assignment,54,160,144,1,0,7.76595744680851,54.361702127659576,0.0684931506849315,0.3424657534246575,15.0,67.83733333333333,100.0,0.0,75.0,12,52.28,3,94.0,40.0,70.14,-54.0,D,1,2026-07-18
10,1,158,23,15,87,24,Course Page,15,48,90,3,0,6.869565217391305,48.08695652173913,0.1518987341772152,0.5506329113924051,11.0,60.08181818181818,95.0,10.0,32.0,6,84.7,5,56.25,70.0,64.85,13.75,N,1,2026-07-18
11,1,229,35,18,92,55,Course Page,10,68,146,2,0,6.542857142857143,45.8,0.2401746724890829,0.4017467248908297,14.0,77.07142857142857,100.0,0.0,33.0,12,0.0,2,88.0,78.0,55.333333333333336,-10.0,N,1,2026-07-18
12,1,1221,84,42,307,252,Course Page,249,268,630,30,0,14.535714285714286,101.75,0.2063882063882063,0.2514332514332514,15.0,79.43333333333334,100.0,40.0,75.0,14,87.0,1,86.0,79.0,71.0,-7.0,D,1,2026-07-18
13,1,187,38,22,80,27,Course Page,35,41,67,36,0,4.921052631578948,34.44736842105263,0.1443850267379679,0.427807486631016,15.0,98.49333333333334,100.0,88.7,76.0,15,88.7,0,100.0,100.0,94.35,0.0,D,1,2026-07-18
14,1,141,28,19,20,16,Assignment,32,39,39,27,0,5.035714285714286,35.25,0.1134751773049645,0.1418439716312056,14.0,82.82142857142857,100.0,0.0,50.0,13,0.0,1,90.0,91.0,54.66666666666666,1.0,P,1,2026-07-18
15,1,1194,97,48,851,231,Assignment,38,658,477,12,0,12.309278350515465,86.16494845360825,0.1934673366834171,0.7127303182579564,15.0,88.74666666666667,100.0,70.0,59.0,15,81.1,0,92.0,94.0,77.05,2.0,P,1,2026-07-18
16,1,733,68,27,439,250,Course Page,184,137,384,1,0,10.779411764705882,75.45588235294119,0.3410641200545702,0.5989085948158254,15.0,68.83333333333333,100.0,0.0,51.0,12,20.25,3,86.0,66.0,49.125,-20.0,P,1,2026-07-18
17,1,43,8,9,15,13,Course Page,7,17,19,0,0,5.375,37.625,0.3023255813953488,0.3488372093023256,7.0,35.857142857142854,100.0,0.0,5.0,3,0.0,4,73.33333333333333,0.0,3.0,0.0,N,1,2026-07-18
18,1,49,5,9,2,48,Course Page,0,8,41,0,0,9.8,68.6,0.979591836734694,0.0408163265306122,6.0,0.0,0.0,0.0,0.0,0,0.0,6,0.0,0.0,0.0,0.0,N,1,2026-07-18
19,1,535,71,33,216,111,Course Page,130,76,247,20,0,7.535211267605634,52.74647887323944,0.2074766355140186,0.4037383177570093,15.0,93.65333333333334,100.0,70.0,83.0,15,93.15,0,90.0,97.0,94.075,7.0,HD,1,2026-07-18
20,1,161,22,32,67,57,Course Page,49,40,55,1,0,7.318181818181818,51.22727272727273,0.3540372670807453,0.4161490683229814,8.0,53.875,100.0,20.0,34.0,4,65.0,4,100.0,20.0,47.25,-80.0,N,1,2026-07-18
21,1,268,41,40,101,55,Assignment,67,87,85,9,0,6.536585365853658,45.75609756097561,0.2052238805970149,0.376865671641791,8.0,67.8875,100.0,26.5,50.0,7,62.3,1,97.5,70.0,62.9,-27.5,P,1,2026-07-18
22,1,1203,111,36,221,239,Course Page,115,292,765,7,0,10.83783783783784,75.86486486486486,0.198669991687448,0.1837073981712385,15.0,96.584,100.0,88.13,83.0,15,88.13,0,98.0,97.0,94.065,-1.0,HD,1,2026-07-18
23,1,402,58,26,119,59,Course Page,158,50,165,11,0,6.931034482758621,48.51724137931034,0.1467661691542288,0.2960199004975124,15.0,85.1,100.0,55.5,83.0,15,74.0,0,94.0,91.0,64.75,-3.0,HD,1,2026-07-18
24,1,248,30,18,85,9,Course Page,56,41,129,21,0,8.266666666666667,57.86666666666667,0.0362903225806451,0.3427419354838709,9.0,83.38888888888889,100.0,38.5,40.0,8,75.5,1,96.25,0.0,81.75,0.0,SA,1,2026-07-18
25,1,382,49,30,148,43,Course Page,90,101,182,2,0,7.795918367346939,54.57142857142857,0.112565445026178,0.387434554973822,15.0,77.36,100.0,46.2,40.0,13,46.2,2,81.0,83.0,64.6,2.0,SA,1,2026-07-18
26,1,415,47,37,205,80,Course Page,119,81,131,38,0,8.829787234042554,61.80851063829787,0.1927710843373494,0.4939759036144578,12.0,38.083333333333336,70.0,0.0,18.0,4,0.0,8,56.66666666666666,36.0,24.0,-20.666666666666664,N,1,2026-07-18
27,1,266,37,17,58,37,Course Page,71,62,128,0,0,7.1891891891891895,50.32432432432432,0.1390977443609022,0.2180451127819548,13.0,51.68461538461538,80.0,30.0,24.0,6,46.45,7,60.0,50.0,44.225,-10.0,N,1,2026-07-18
28,1,7,3,4,3,0,Course Page,0,3,4,0,0,2.333333333333333,16.333333333333336,0.0,0.4285714285714285,4.0,26.125,95.0,0.0,2.0,1,0.0,3,0.0,95.0,0.0,0.0,N,1,2026-07-18
29,1,379,49,37,83,71,Course Page,39,131,147,19,0,7.73469387755102,54.142857142857146,0.1873350923482849,0.2189973614775725,14.0,75.61428571428571,100.0,56.05,59.0,14,56.05,0,83.0,85.0,57.025,2.0,P,1,2026-07-18
30,1,111,26,18,40,35,Course Page,14,41,49,3,0,4.269230769230769,29.884615384615383,0.3153153153153153,0.3603603603603603,9.0,41.66666666666666,95.0,5.5,17.0,4,5.5,5,52.5,0.0,36.0,0.0,N,1,2026-07-18
31,1,362,46,37,114,38,Course Page,79,117,130,11,0,7.869565217391305,55.08695652173913,0.1049723756906077,0.3149171270718232,15.0,90.15333333333334,100.0,65.8,72.0,15,65.8,0,97.4,90.0,80.4,-7.400000000000006,D,1,2026-07-18
32,1,450,59,50,32,54,Assignment,41,226,161,15,0,7.627118644067797,53.389830508474574,0.12,0.0711111111111111,14.0,84.09285714285714,100.0,59.0,75.0,14,59.4,0,91.25,98.0,59.2,6.75,D,1,2026-07-18
33,1,317,43,31,69,101,Course Page,42,72,166,17,0,7.372093023255814,51.604651162790695,0.3186119873817035,0.2176656151419558,15.0,88.39666666666668,100.0,60.0,49.0,15,91.3,0,78.0,100.0,86.7375,22.0,S,1,2026-07-18
34,1,501,58,28,365,130,Course Page,82,166,230,13,0,8.637931034482758,60.4655172413793,0.2594810379241516,0.7285429141716567,13.0,76.96153846153847,100.0,20.0,44.0,11,83.0,2,81.0,73.33333333333333,78.25,-7.666666666666671,SA,1,2026-07-18
35,1,338,51,34,46,17,Course Page,80,113,123,6,0,6.627450980392157,46.3921568627451,0.0502958579881656,0.136094674556213,15.0,84.97333333333333,100.0,70.35,48.0,15,70.35,0,87.8,90.0,74.175,2.200000000000003,S,1,2026-07-18
36,1,402,48,30,141,60,Course Page,87,87,188,0,0,8.375,58.625,0.1492537313432835,0.3507462686567164,15.0,67.6,90.0,35.0,56.0,13,64.5,2,67.0,63.0,74.75,-4.0,P,1,2026-07-18
37,1,212,36,15,16,4,Course Page,32,60,115,3,0,5.888888888888889,41.22222222222222,0.0188679245283018,0.0754716981132075,14.0,77.27142857142857,95.0,55.0,54.0,14,81.4,0,79.0,73.75,80.7,-5.25,P,1,2026-07-18
38,1,846,84,39,256,166,Course Page,130,242,403,20,0,10.071428571428571,70.5,0.1962174940898345,0.3026004728132387,15.0,67.25333333333333,92.0,35.0,45.0,12,79.65,3,62.0,59.0,85.825,-3.0,S,1,2026-07-18
39,1,211,50,37,41,40,Lecture Material,70,58,59,6,0,4.22,29.54,0.1895734597156398,0.1943127962085308,15.0,81.94266666666667,100.0,61.57,70.0,15,61.57,0,94.0,82.0,65.285,-12.0,D,1,2026-07-18
40,1,321,40,22,154,30,Assignment,31,178,111,1,0,8.025,56.175,0.0934579439252336,0.4797507788161994,14.0,62.392857142857146,100.0,19.0,34.0,12,19.0,2,75.0,72.5,35.5,-2.5,N,1,2026-07-18
41,1,409,43,27,225,101,Course Page,78,122,196,10,0,9.511627906976743,66.5813953488372,0.2469437652811736,0.5501222493887531,10.0,38.9,60.0,0.0,15.0,5,46.0,5,40.0,55.0,30.666666666666668,15.0,N,1,2026-07-18
42,1,266,42,20,128,22,Assignment,24,130,101,1,0,6.333333333333333,44.333333333333336,0.0827067669172932,0.4812030075187969,13.0,84.34615384615384,100.0,60.0,62.0,13,60.0,0,91.0,93.33333333333331,72.0,2.3333333333333286,C,1,2026-07-18
43,1,611,63,36,334,99,Course Page,106,77,402,1,0,9.698412698412698,67.88888888888889,0.1620294599018003,0.546644844517185,14.0,82.27857142857144,100.0,45.0,43.0,13,85.95,1,85.0,88.0,73.475,3.0,SA,1,2026-07-18
44,1,367,38,26,107,75,Course Page,85,96,174,7,0,9.657894736842104,67.60526315789474,0.2043596730245231,0.2915531335149863,13.0,83.9076923076923,100.0,67.9,60.0,13,67.9,0,93.0,88.33333333333333,71.95,-4.666666666666671,C,1,2026-07-18
45,1,478,62,56,257,73,Assignment,67,193,193,8,0,7.709677419354839,53.967741935483865,0.1527196652719665,0.5376569037656904,15.0,89.08666666666666,100.0,65.0,71.0,15,79.15,0,88.0,92.0,86.575,4.0,D,1,2026-07-18
46,1,265,40,22,79,64,Course Page,66,59,118,13,0,6.625,46.375,0.2415094339622641,0.2981132075471698,15.0,72.78666666666666,90.0,40.0,46.0,14,69.65,1,69.0,82.0,65.325,13.0,S,1,2026-07-18
47,1,330,53,26,156,115,Course Page,17,138,163,6,0,6.226415094339623,43.58490566037736,0.3484848484848485,0.4727272727272727,15.0,83.44666666666667,100.0,60.0,43.0,15,75.85,0,81.0,87.0,81.925,6.0,SA,1,2026-07-18
48,1,384,48,32,109,98,Course Page,115,96,160,1,0,8.0,56.0,0.2552083333333333,0.2838541666666667,15.0,72.25733333333332,100.0,25.0,48.0,12,51.43,3,86.0,56.0,75.715,-30.0,S,1,2026-07-18
49,1,439,34,30,366,158,Course Page,133,56,192,32,0,12.911764705882351,90.38235294117648,0.3599088838268792,0.8337129840546698,9.0,63.333333333333336,100.0,29.0,26.0,8,64.5,1,65.0,80.0,62.75,15.0,N,1,2026-07-18
50,1,254,35,41,64,8,Lecture Material,80,37,75,36,0,7.257142857142857,50.8,0.0314960629921259,0.2519685039370078,13.0,46.2,84.0,20.0,60.0,6,51.3,7,40.0,33.333333333333336,67.65,-6.666666666666664,C,1,2026-07-18
51,1,270,57,27,125,41,Course Page,44,94,106,12,0,4.7368421052631575,33.15789473684211,0.1518518518518518,0.4629629629629629,14.0,87.73571428571428,100.0,50.0,82.0,14,97.9,0,89.0,82.5,93.95,-6.5,HD,1,2026-07-18
52,1,244,32,23,120,39,Course Page,70,36,94,10,0,7.625,53.375,0.1598360655737705,0.4918032786885246,15.0,71.03333333333333,100.0,50.0,62.0,15,68.0,0,82.0,67.0,61.5,-15.0,C,1,2026-07-18
53,1,267,42,21,60,79,Course Page,75,66,121,4,0,6.357142857142857,44.5,0.2958801498127341,0.2247191011235955,12.0,57.03333333333333,100.0,19.7,37.0,7,19.7,5,72.0,50.0,44.6,-22.0,N,1,2026-07-18
54,1,748,69,41,322,144,Course Page,86,227,378,1,0,10.840579710144928,75.88405797101449,0.1925133689839572,0.4304812834224599,13.0,74.99230769230769,100.0,30.0,41.0,10,76.45,3,67.5,97.5,62.225,30.0,SA,1,2026-07-18
55,1,711,68,25,147,179,Course Page,39,94,552,6,0,10.455882352941176,73.19117647058825,0.2517580872011252,0.2067510548523206,11.0,45.13636363636363,75.0,0.0,22.0,4,44.0,7,48.75,20.0,59.5,-28.75,N,1,2026-07-18
56,1,261,40,25,71,64,Course Page,31,99,113,8,0,6.525,45.675,0.2452107279693486,0.2720306513409962,15.0,78.56666666666666,100.0,0.0,60.0,14,84.0,1,92.0,59.0,87.0,-33.0,C,1,2026-07-18
57,1,176,38,16,78,22,Course Page,11,45,119,0,0,4.631578947368421,32.421052631578945,0.125,0.4431818181818182,6.0,57.333333333333336,100.0,10.0,47.0,5,62.0,1,100.0,0.0,58.5,0.0,S,1,2026-07-18
58,1,387,46,28,135,68,Course Page,93,46,223,11,0,8.41304347826087,58.891304347826086,0.1757105943152454,0.3488372093023256,12.0,26.375,55.0,0.0,20.0,4,53.75,8,17.5,6.666666666666667,54.375,-10.833333333333332,N,1,2026-07-18
59,1,221,28,16,77,28,Course Page,50,48,123,0,0,7.892857142857143,55.25,0.1266968325791855,0.3484162895927601,9.0,55.67777777777778,85.0,29.0,19.0,6,36.05,3,78.33333333333333,55.0,45.525,-23.33333333333333,N,1,2026-07-18
60,1,455,69,27,180,125,Course Page,40,177,214,15,0,6.594202898550725,46.15942028985507,0.2747252747252747,0.3956043956043956,15.0,90.91333333333334,100.0,80.0,65.0,15,84.15,0,91.8,91.0,89.575,-0.7999999999999972,C,1,2026-07-18
61,1,280,49,34,118,59,Course Page,84,64,88,14,0,5.714285714285714,40.0,0.2107142857142857,0.4214285714285714,15.0,91.0,100.0,60.0,83.0,15,80.0,0,98.0,88.0,85.5,-10.0,HD,1,2026-07-18
62,1,220,37,28,98,71,Course Page,47,58,105,4,0,5.945945945945946,41.62162162162162,0.3227272727272727,0.4454545454545454,15.0,74.58,95.0,50.0,48.0,15,88.35,0,79.0,69.0,76.175,-10.0,S,1,2026-07-18
63,1,347,53,31,118,41,Course Page,40,77,204,5,0,6.547169811320755,45.83018867924528,0.1181556195965417,0.3400576368876081,14.0,79.5,100.0,40.0,46.0,13,65.5,1,88.0,75.0,74.75,-13.0,S,1,2026-07-18
64,1,551,30,28,345,60,Course Page,64,49,410,9,0,18.366666666666667,128.56666666666666,0.1088929219600726,0.6261343012704175,10.0,48.73,80.0,10.0,23.0,7,65.65,3,40.0,50.0,61.325,10.0,N,1,2026-07-18
65,1,408,50,34,165,38,Course Page,43,137,180,15,0,8.16,57.12,0.0931372549019607,0.4044117647058823,15.0,83.24666666666667,95.0,58.0,58.0,15,88.4,0,83.8,90.0,73.2,6.200000000000003,P,1,2026-07-18
66,1,213,44,24,39,47,Course Page,71,59,74,3,0,4.840909090909091,33.88636363636364,0.2206572769953051,0.1830985915492957,15.0,74.21333333333334,100.0,30.0,46.0,14,72.35,1,66.0,77.0,81.675,11.0,S,1,2026-07-18
67,1,193,18,42,172,40,Assignment,38,110,34,7,0,10.72222222222222,75.05555555555554,0.2072538860103626,0.8911917098445595,15.0,87.22666666666667,100.0,67.7,70.0,15,67.7,0,96.0,86.0,76.85,-10.0,D,1,2026-07-18
68,1,503,74,31,73,85,Course Page,71,69,342,2,0,6.797297297297297,47.58108108108108,0.1689860834990059,0.1451292246520874,15.0,75.48666666666666,100.0,30.0,44.0,12,41.65,3,72.0,90.0,60.325,18.0,SA,1,2026-07-18
69,1,151,33,22,57,12,Course Page,26,46,78,0,0,4.575757575757576,32.03030303030303,0.0794701986754966,0.3774834437086092,15.0,71.59466666666667,100.0,47.21,58.0,13,47.21,2,74.0,75.0,63.605,1.0,P,1,2026-07-18
70,1,463,46,24,105,76,Course Page,85,89,268,8,0,10.065217391304348,70.45652173913044,0.1641468682505399,0.2267818574514039,15.0,95.83733333333332,100.0,88.28,85.0,15,88.28,0,98.0,96.0,92.64,-2.0,HD,1,2026-07-18
71,1,91,20,14,38,25,Assignment,2,58,24,5,0,4.55,31.85,0.2747252747252747,0.4175824175824176,14.0,54.642857142857146,80.0,0.0,30.0,10,66.0,4,55.0,42.0,73.0,-13.0,N,1,2026-07-18
72,1,452,50,31,192,33,Course Page,75,149,207,8,0,9.04,63.28,0.0730088495575221,0.4247787610619469,15.0,75.97333333333333,100.0,40.0,66.0,14,96.3,1,80.0,62.0,89.65,-18.0,C,1,2026-07-18
73,1,252,39,35,169,48,Assignment,21,106,99,16,0,6.461538461538462,45.23076923076923,0.1904761904761904,0.6706349206349206,10.0,53.4,100.0,0.0,11.0,5,0.0,5,80.0,75.0,9.333333333333334,-5.0,N,1,2026-07-18
74,1,327,60,18,149,59,Course Page,52,60,209,0,0,5.45,38.15,0.1804281345565749,0.45565749235474,15.0,76.5,95.0,30.0,54.0,14,50.0,1,76.0,81.0,71.0,5.0,P,1,2026-07-18
75,1,494,65,24,261,106,Course Page,19,232,240,0,0,7.6,53.2,0.2145748987854251,0.52834008097166,14.0,73.39285714285714,100.0,40.0,55.0,11,41.0,3,70.0,93.75,57.5,23.75,P,1,2026-07-18
76,1,187,29,28,42,24,Assignment,25,78,78,1,0,6.448275862068965,45.137931034482754,0.1283422459893048,0.2245989304812834,15.0,64.23333333333333,100.0,20.0,53.0,11,45.0,4,76.0,61.0,52.5,-15.0,P,1,2026-07-18
77,1,220,35,24,90,28,Course Page,68,45,85,15,0,6.285714285714286,44.0,0.1272727272727272,0.4090909090909091,10.0,70.47,100.0,38.0,50.0,9,89.35,1,70.0,100.0,71.675,30.0,P,1,2026-07-18
78,1,445,66,27,247,87,Course Page,52,56,321,5,0,6.742424242424242,47.196969696969695,0.195505617977528,0.5550561797752809,14.0,76.72142857142856,100.0,50.0,39.0,14,73.3,0,71.25,78.0,82.9,6.75,N,1,2026-07-18
79,1,375,47,29,104,82,Course Page,96,103,145,3,0,7.978723404255319,55.85106382978724,0.2186666666666666,0.2773333333333333,14.0,70.85714285714286,100.0,40.0,63.0,13,63.0,1,86.0,65.0,58.25,-21.0,C,1,2026-07-18
80,1,333,56,21,151,116,Course Page,51,86,193,2,0,5.946428571428571,41.625,0.3483483483483483,0.4534534534534534,15.0,81.77333333333333,100.0,65.0,67.0,15,79.3,0,86.0,78.0,81.15,-8.0,C,1,2026-07-18
81,1,511,76,38,129,125,Lecture Material,159,149,152,22,0,6.723684210526316,47.065789473684205,0.2446183953033268,0.2524461839530332,15.0,35.906666666666666,75.0,10.0,25.0,4,48.8,11,15.0,55.0,38.4,40.0,N,1,2026-07-18
82,1,657,66,29,253,82,Course Page,102,236,299,7,0,9.954545454545457,69.68181818181819,0.1248097412480974,0.3850837138508371,15.0,92.12666666666668,100.0,70.0,73.0,15,88.7,0,90.0,93.0,93.85,3.0,D,1,2026-07-18
83,1,325,50,23,92,61,Course Page,36,69,212,7,0,6.5,45.5,0.1876923076923076,0.283076923076923,15.0,68.04,100.0,40.0,30.0,12,45.3,3,69.0,79.0,51.65,10.0,N,1,2026-07-18
84,1,353,46,24,160,45,Course Page,52,58,227,3,0,7.673913043478261,53.71739130434783,0.1274787535410765,0.4532577903682719,15.0,83.09333333333333,100.0,69.0,52.0,15,70.2,0,84.0,92.0,69.6,8.0,P,1,2026-07-18
85,1,191,35,19,87,43,Course Page,11,72,103,1,0,5.457142857142857,38.2,0.225130890052356,0.4554973821989528,15.0,69.76666666666667,100.0,0.0,21.0,10,0.0,5,79.0,100.0,15.5,21.0,N,1,2026-07-18
86,1,343,47,32,174,43,Course Page,75,66,165,16,0,7.297872340425532,51.08510638297872,0.1253644314868804,0.5072886297376094,12.0,57.76666666666667,100.0,20.0,30.0,8,68.1,4,65.0,43.333333333333336,66.05,-21.666666666666664,N,1,2026-07-18
87,1,120,14,16,27,13,Assignment,13,60,45,1,0,8.571428571428571,60.0,0.1083333333333333,0.225,14.0,59.17857142857143,100.0,0.0,41.0,9,56.0,5,55.0,75.0,49.0,20.0,SA,1,2026-07-18
88,1,109,19,12,27,28,Course Page,14,37,55,0,0,5.7368421052631575,40.1578947368421,0.2568807339449541,0.2477064220183486,9.0,74.33333333333333,100.0,0.0,62.0,7,86.5,2,75.0,0.0,84.75,0.0,C,1,2026-07-18
89,1,284,62,20,165,64,Assignment,20,144,100,4,0,4.580645161290323,32.064516129032256,0.2253521126760563,0.5809859154929577,8.0,14.0,38.0,0.0,9.0,0,38.0,8,0.0,0.0,28.0,0.0,N,1,2026-07-18
90,1,502,51,32,95,64,Course Page,78,171,227,15,0,9.84313725490196,68.90196078431373,0.1274900398406374,0.1892430278884462,15.0,87.90666666666667,100.0,79.0,73.0,15,82.55,0,92.0,89.0,80.775,-3.0,D,1,2026-07-18
91,1,311,51,28,149,41,Course Page,40,78,152,13,0,6.098039215686274,42.68627450980392,0.1318327974276527,0.4790996784565916,15.0,84.86,100.0,50.0,72.0,15,84.95,0,74.0,92.0,89.975,18.0,D,1,2026-07-18
92,1,488,51,41,75,94,Course Page,94,146,180,28,0,9.568627450980392,66.98039215686275,0.1926229508196721,0.1536885245901639,10.0,78.85,100.0,43.5,40.0,9,72.5,1,78.33333333333333,100.0,77.5,21.66666666666667,SA,1,2026-07-18
93,1,188,31,24,45,7,Course Page,39,53,63,7,0,6.064516129032258,42.4516129032258,0.0372340425531914,0.2393617021276596,13.0,32.19230769230769,60.0,0.0,33.0,3,23.0,10,41.0,26.666666666666668,26.25,-14.333333333333332,N,1,2026-07-18
94,1,417,35,26,164,46,Course Page,117,107,160,0,0,11.914285714285716,83.4,0.1103117505995203,0.3932853717026379,14.0,53.785714285714285,90.0,17.0,51.0,8,17.0,6,75.0,56.25,23.25,-18.75,P,1,2026-07-18
95,1,244,31,34,137,72,Course Page,35,96,97,1,0,7.870967741935484,55.096774193548384,0.2950819672131147,0.5614754098360656,12.0,41.833333333333336,86.0,0.0,0.0,4,0.0,8,55.0,26.666666666666668,43.0,-28.33333333333333,DX,1,2026-07-18
96,1,780,74,46,653,188,Assignment,73,351,337,12,0,10.54054054054054,73.78378378378379,0.241025641025641,0.8371794871794872,15.0,68.36,100.0,1.2,25.0,11,1.2,4,82.0,88.0,22.6,6.0,N,1,2026-07-18
97,1,157,35,15,39,54,Course Page,49,45,56,5,0,4.485714285714286,31.4,0.3439490445859872,0.2484076433121019,12.0,76.825,100.0,55.5,44.0,12,55.7,0,88.33333333333333,72.5,77.85,-15.833333333333329,SA,1,2026-07-18
98,1,145,23,16,67,31,Course Page,47,29,66,0,0,6.304347826086956,44.130434782608695,0.2137931034482758,0.4620689655172413,8.0,51.275,100.0,0.0,28.0,5,73.1,3,40.0,0.0,69.55,0.0,N,1,2026-07-18
99,1,417,49,36,77,31,Course Page,114,78,183,12,0,8.510204081632653,59.57142857142857,0.0743405275779376,0.184652278177458,14.0,74.25,100.0,0.0,60.0,13,79.0,1,90.0,53.75,77.0,-36.25,C,1,2026-07-18
100,1,57,20,5,8,6,Course Page,1,2,53,1,0,2.85,19.95,0.1052631578947368,0.1403508771929824,10.0,41.15,75.0,0.0,10.0,5,0.0,5,61.25,50.0,21.75,-11.25,N,1,2026-07-18
101,1,733,50,30,296,161,Course Page,162,118,423,0,0,14.66,102.62,0.2196452933151432,0.4038199181446112,15.0,71.86666666666666,90.0,43.0,38.0,13,67.0,2,74.0,82.0,55.0,8.0,N,1,2026-07-18
102,1,121,15,11,53,24,Course Page,17,43,57,0,0,8.066666666666666,56.46666666666667,0.1983471074380165,0.4380165289256198,8.0,10.375,25.0,0.0,2.0,0,0.0,8,16.666666666666668,20.0,2.0,3.333333333333332,N,1,2026-07-18
103,1,444,81,45,215,128,Course Page,35,160,234,5,0,5.481481481481482,38.37037037037037,0.2882882882882883,0.4842342342342342,15.0,89.96666666666667,100.0,40.0,74.0,13,93.0,2,97.0,100.0,66.5,3.0,D,1,2026-07-18
104,1,421,72,28,140,80,Assignment,94,143,101,36,0,5.847222222222222,40.93055555555555,0.1900237529691211,0.332541567695962,15.0,91.53333333333332,100.0,75.0,72.0,15,94.0,0,96.0,86.0,93.0,-10.0,D,1,2026-07-18
105,1,211,40,22,90,30,Course Page,28,74,95,5,0,5.275,36.925,0.1421800947867298,0.4265402843601896,12.0,65.48333333333333,90.0,25.0,36.0,10,65.65,2,76.0,57.5,60.325,-18.5,N,1,2026-07-18
106,1,638,68,43,395,140,Course Page,65,188,345,7,0,9.382352941176473,65.6764705882353,0.219435736677116,0.6191222570532915,14.0,48.75714285714286,100.0,0.0,33.0,8,32.8,6,46.0,60.0,41.4,14.0,N,1,2026-07-18
107,1,678,69,46,174,108,Course Page,149,180,300,2,0,9.826086956521738,68.78260869565217,0.1592920353982301,0.2566371681415929,14.0,68.35714285714286,100.0,30.0,53.0,13,77.0,1,70.0,65.0,71.5,-5.0,P,1,2026-07-18
108,1,333,32,25,260,79,Course Page,98,66,151,9,0,10.40625,72.84375,0.2372372372372372,0.7807807807807807,14.0,58.46428571428572,85.0,0.0,57.0,12,76.0,2,70.0,38.75,65.75,-31.25,P,1,2026-07-18
109,1,205,30,19,103,6,Course Page,40,46,110,0,0,6.833333333333333,47.833333333333336,0.0292682926829268,0.5024390243902439,11.0,68.95454545454545,90.0,43.5,66.0,10,85.0,1,67.5,82.5,70.0,15.0,C,1,2026-07-18
110,1,251,30,30,194,56,Assignment,34,104,104,2,0,8.366666666666667,58.56666666666667,0.2231075697211155,0.7729083665338645,10.0,51.2,70.0,27.0,22.0,6,58.5,4,56.66666666666666,50.0,53.75,-6.666666666666664,N,1,2026-07-18
111,1,257,25,34,153,18,Assignment,9,147,92,1,0,10.28,71.96,0.0700389105058365,0.5953307392996109,13.0,81.69999999999999,100.0,63.3,45.0,13,63.3,0,99.0,76.66666666666667,66.15,-22.33333333333333,S,1,2026-07-18
112,1,189,26,24,79,31,Assignment,15,80,77,2,0,7.269230769230769,50.88461538461538,0.164021164021164,0.4179894179894179,14.0,67.51428571428572,100.0,30.0,52.0,12,52.85,2,53.75,82.0,64.425,28.25,P,1,2026-07-18
113,1,502,67,30,198,77,Course Page,50,120,293,1,0,7.492537313432836,52.44776119402985,0.1533864541832669,0.3944223107569721,15.0,31.466666666666665,75.0,0.0,24.0,5,62.0,10,17.0,19.0,68.5,2.0,N,1,2026-07-18
114,1,157,22,22,85,4,Assignment,15,92,46,0,0,7.136363636363637,49.95454545454545,0.0254777070063694,0.5414012738853503,15.0,80.2,100.0,60.0,68.0,15,86.0,0,83.0,81.0,75.25,-2.0,C,1,2026-07-18
115,1,455,47,27,73,70,Course Page,100,151,195,2,0,9.680851063829786,67.76595744680851,0.1538461538461538,0.1604395604395604,14.0,73.57142857142857,100.0,50.0,58.0,14,65.0,0,84.0,70.0,65.0,-14.0,P,1,2026-07-18
116,1,127,18,13,91,43,Course Page,11,45,62,8,0,7.055555555555555,49.388888888888886,0.3385826771653543,0.7165354330708661,6.0,50.48333333333333,78.0,0.0,23.0,4,73.45,2,0.0,0.0,75.725,0.0,N,1,2026-07-18
117,1,105,20,22,8,9,Assignment,24,53,23,2,0,5.25,36.75,0.0857142857142857,0.0761904761904762,15.0,92.2,100.0,50.0,82.0,15,91.5,0,100.0,100.0,70.75,0.0,HD,1,2026-07-18
118,1,803,74,32,219,117,Assignment,127,351,295,7,0,10.85135135135135,75.95945945945947,0.1457036114570361,0.2727272727272727,15.0,79.42,100.0,30.0,64.0,14,94.65,1,72.0,80.0,88.825,8.0,C,1,2026-07-18
119,1,165,29,22,66,9,Course Page,39,59,66,0,0,5.689655172413793,39.82758620689655,0.0545454545454545,0.4,15.0,69.7,100.0,10.0,50.0,11,77.5,4,80.0,67.0,59.25,-13.0,P,1,2026-07-18
120,1,191,37,15,42,34,Course Page,61,35,90,3,0,5.162162162162162,36.13513513513514,0.1780104712041884,0.2198952879581152,14.0,88.57857142857142,100.0,64.0,61.0,14,83.05,0,100.0,92.0,73.525,-8.0,C,1,2026-07-18
121,1,230,27,33,108,45,Course Page,71,40,100,2,0,8.518518518518519,59.629629629629626,0.1956521739130435,0.4695652173913043,8.0,48.625,80.0,18.5,25.0,5,31.75,3,65.0,55.0,46.375,-10.0,N,1,2026-07-18
122,1,171,22,24,12,4,Assignment,40,66,59,0,0,7.772727272727272,54.409090909090914,0.023391812865497,0.0701754385964912,14.0,92.64,100.0,78.73,64.0,14,78.73,0,100.0,96.25,80.86500000000001,-3.75,C,1,2026-07-18
123,1,134,21,26,64,13,Course Page,44,38,44,4,0,6.380952380952381,44.66666666666666,0.0970149253731343,0.4776119402985074,10.0,34.05,63.0,0.0,18.0,4,63.0,6,36.25,25.0,42.0,-11.25,N,1,2026-07-18
124,1,599,89,29,211,134,Course Page,190,65,320,22,0,6.730337078651686,47.1123595505618,0.2237061769616026,0.352253756260434,15.0,80.41333333333334,95.0,69.0,72.0,15,72.1,0,83.0,85.0,70.55,2.0,D,1,2026-07-18
125,1,669,89,33,185,153,Course Page,194,107,351,8,0,7.51685393258427,52.61797752808989,0.2286995515695067,0.2765321375186846,15.0,85.4,100.0,70.0,75.0,15,73.5,0,88.0,92.0,72.75,4.0,D,1,2026-07-18
126,1,205,29,20,22,83,Assignment,32,88,78,2,0,7.068965517241379,49.48275862068965,0.4048780487804878,0.1073170731707317,15.0,65.63333333333334,100.0,0.0,53.0,12,54.0,3,72.0,55.0,71.5,-17.0,P,1,2026-07-18
127,1,169,28,19,91,35,Course Page,32,50,83,0,0,6.035714285714286,42.25,0.2071005917159763,0.5384615384615384,11.0,38.95454545454545,85.0,0.0,23.0,6,0.0,5,42.0,85.0,26.0,43.0,N,1,2026-07-18
128,1,230,44,23,71,45,Course Page,18,97,104,5,0,5.227272727272728,36.59090909090909,0.1956521739130435,0.308695652173913,12.0,67.86666666666666,85.0,51.0,30.0,12,68.7,0,66.25,81.66666666666667,63.35,15.416666666666671,N,1,2026-07-18
129,1,662,60,34,264,156,Course Page,147,162,309,1,0,11.033333333333331,77.23333333333333,0.2356495468277945,0.3987915407854985,12.0,55.0,100.0,20.0,24.0,8,30.0,4,58.0,55.0,55.0,-3.0,N,1,2026-07-18
130,1,183,31,15,70,30,Assignment,35,76,72,0,0,5.903225806451613,41.32258064516129,0.1639344262295081,0.3825136612021858,8.0,64.725,100.0,23.0,25.0,6,57.4,2,76.66666666666667,0.0,66.2,0.0,N,1,2026-07-18
131,1,261,35,29,76,37,Course Page,67,72,102,8,0,7.457142857142857,52.2,0.1417624521072797,0.2911877394636015,15.0,87.54666666666667,100.0,76.35,82.0,15,76.35,0,91.0,84.0,87.675,-7.0,HD,1,2026-07-18
132,1,341,42,28,97,27,Course Page,27,127,169,10,0,8.119047619047619,56.833333333333336,0.0791788856304985,0.2844574780058651,14.0,79.64999999999999,100.0,50.0,63.0,14,95.55,0,78.0,72.5,91.775,-5.5,C,1,2026-07-18
133,1,157,18,18,49,16,Course Page,23,54,70,0,0,8.722222222222221,61.05555555555555,0.1019108280254777,0.3121019108280254,7.0,24.685714285714287,50.0,0.0,10.0,1,28.9,6,50.0,0.0,29.45,-50.0,N,1,2026-07-18
134,1,418,37,31,214,88,Course Page,120,75,201,15,0,11.297297297297296,79.08108108108108,0.2105263157894736,0.5119617224880383,12.0,54.333333333333336,95.0,20.0,27.0,7,62.0,5,36.66666666666666,72.5,53.0,35.833333333333336,N,1,2026-07-18
135,1,237,30,37,175,32,Assignment,20,140,70,1,0,7.9,55.3,0.1350210970464135,0.7383966244725738,14.0,78.47857142857143,100.0,37.0,38.0,12,50.35,2,96.0,90.0,43.675,-6.0,N,1,2026-07-18
136,1,359,51,22,145,87,Course Page,29,159,161,2,0,7.03921568627451,49.27450980392157,0.2423398328690807,0.403899721448468,14.0,73.15714285714286,83.85,65.0,56.0,14,83.85,0,75.0,71.0,75.925,-4.0,P,1,2026-07-18
137,1,307,28,42,114,29,Assignment,26,188,90,0,0,10.964285714285714,76.75,0.0944625407166123,0.3713355048859935,15.0,78.88000000000001,100.0,50.35,37.0,15,50.35,0,89.0,88.0,52.425,-1.0,N,1,2026-07-18
138,1,214,24,20,92,61,Assignment,17,99,93,1,0,8.916666666666666,62.41666666666667,0.2850467289719626,0.4299065420560747,13.0,74.6923076923077,100.0,30.0,42.0,11,88.5,2,71.25,78.75,77.75,7.5,SA,1,2026-07-18
139,1,135,22,15,72,40,Course Page,14,54,64,0,0,6.136363636363637,42.95454545454545,0.2962962962962963,0.5333333333333333,13.0,45.61538461538461,80.0,0.0,33.0,8,65.0,5,46.0,26.666666666666668,63.0,-19.33333333333333,N,1,2026-07-18
140,1,7,5,3,1,2,Course Page,0,2,4,1,0,1.4,9.8,0.2857142857142857,0.1428571428571428,4.0,5.5,20.0,0.0,0.0,0,0.0,4,20.0,0.0,0.0,0.0,N,1,2026-07-18
141,1,374,51,28,119,53,Course Page,58,100,201,9,0,7.333333333333333,51.333333333333336,0.141711229946524,0.3181818181818182,14.0,55.29,100.0,30.0,48.0,8,43.78,6,61.0,40.0,65.64,-21.0,S,1,2026-07-18
142,1,277,47,24,39,44,Course Page,55,57,125,6,0,5.893617021276596,41.25531914893617,0.1588447653429603,0.1407942238267148,14.0,89.41428571428571,100.0,75.0,71.0,14,95.9,0,92.5,90.0,87.45,-2.5,D,1,2026-07-18
143,1,501,38,26,232,64,Course Page,162,65,235,9,0,13.18421052631579,92.28947368421052,0.1277445109780439,0.4630738522954092,7.0,45.142857142857146,90.0,0.0,13.0,3,0.0,4,55.0,30.0,54.0,-25.0,N,1,2026-07-18
144,1,105,12,17,90,27,Course Page,3,33,66,0,0,8.75,61.25,0.2571428571428571,0.8571428571428571,10.0,62.5,95.0,0.0,58.0,7,87.0,3,60.0,72.5,58.0,12.5,P,1,2026-07-18
145,1,112,10,16,82,2,Lecture Material,48,26,35,3,0,11.2,78.39999999999999,0.0178571428571428,0.7321428571428571,8.0,58.875,100.0,0.0,17.0,5,0.0,3,77.5,0.0,43.333333333333336,0.0,N,1,2026-07-18
146,1,176,34,18,87,41,Course Page,58,39,63,2,0,5.176470588235294,36.235294117647065,0.2329545454545454,0.4943181818181818,7.0,60.07142857142857,75.0,14.5,22.0,6,55.5,1,72.5,0.0,65.25,0.0,N,1,2026-07-18
147,1,265,37,26,83,78,Course Page,59,81,115,8,0,7.162162162162162,50.13513513513514,0.2943396226415094,0.3132075471698113,10.0,65.25,100.0,12.75,25.0,6,12.75,4,92.5,40.0,50.375,-52.5,N,1,2026-07-18
148,1,101,21,18,44,17,Assignment,26,38,34,3,0,4.809523809523809,33.666666666666664,0.1683168316831683,0.4356435643564356,9.0,58.28888888888889,100.0,30.0,24.0,5,55.8,4,93.33333333333331,30.0,45.9,-63.33333333333333,N,1,2026-07-18
149,1,166,22,35,63,9,Assignment,14,126,26,0,0,7.545454545454546,52.81818181818182,0.0542168674698795,0.3795180722891566,14.0,87.92857142857143,100.0,62.75,60.0,14,62.75,0,99.0,97.5,64.375,-1.5,C,1,2026-07-18
150,1,94,25,14,25,20,Course Page,18,27,40,0,0,3.76,26.32,0.2127659574468085,0.2659574468085106,14.0,90.15,100.0,49.0,69.0,12,95.3,2,97.0,100.0,72.15,3.0,C,1,2026-07-18
151,1,54,13,13,27,10,Course Page,14,10,28,0,0,4.153846153846154,29.07692307692308,0.1851851851851851,0.5,10.0,53.9,100.0,0.0,10.0,6,0.0,4,45.0,80.0,0.0,35.0,N,1,2026-07-18
152,1,203,24,18,118,43,Course Page,31,76,87,1,0,8.458333333333334,59.208333333333336,0.2118226600985221,0.5812807881773399,8.0,19.5,38.0,0.0,11.0,0,38.0,8,5.0,10.0,33.5,5.0,N,1,2026-07-18
153,1,92,22,13,66,15,Assignment,23,60,8,0,0,4.181818181818182,29.27272727272728,0.1630434782608695,0.717391304347826,13.0,52.29230769230769,65.0,10.0,26.0,10,60.4,3,51.0,45.0,62.7,-6.0,N,1,2026-07-18
154,1,220,28,34,152,39,Course Page,42,42,115,2,0,7.857142857142857,55.0,0.1772727272727272,0.6909090909090909,5.0,11.4,50.0,0.0,1.0,1,0.0,4,0.0,50.0,0.6666666666666666,0.0,N,1,2026-07-18
155,1,8,3,4,6,0,Course Page,1,2,4,0,0,2.6666666666666665,18.666666666666668,0.0,0.75,6.0,0.0,0.0,0.0,0.0,0,0.0,6,0.0,0.0,0.0,0.0,N,1,2026-07-18
156,1,75,18,14,9,6,Course Page,15,26,30,2,0,4.166666666666667,29.166666666666664,0.08,0.12,15.0,84.06,100.0,50.0,42.0,15,82.7,0,82.0,83.0,88.35,1.0,SA,1,2026-07-18
157,1,96,15,20,45,10,Course Page,24,15,50,0,0,6.4,44.8,0.1041666666666666,0.46875,10.0,19.15,80.0,0.0,5.0,2,0.0,8,29.0,0.0,10.666666666666666,-29.0,N,1,2026-07-18
158,1,48,9,8,11,2,Course Page,4,14,29,0,0,5.333333333333333,37.33333333333333,0.0416666666666666,0.2291666666666666,8.0,8.25,33.0,0.0,3.0,0,0.0,8,0.0,0.0,22.0,0.0,N,1,2026-07-18
159,1,47,6,9,5,0,Assignment,7,23,17,0,0,7.833333333333333,54.833333333333336,0.0,0.1063829787234042,6.0,34.5,90.0,0.0,5.0,2,0.0,4,75.0,0.0,14.0,0.0,N,1,2026-07-18
160,1,101,14,11,6,21,Course Page,14,36,46,0,0,7.214285714285714,50.5,0.2079207920792079,0.0594059405940594,8.0,12.5,50.0,0.0,5.0,2,0.0,6,0.0,0.0,25.0,0.0,N,1,2026-07-18
161,1,134,17,14,58,40,Course Page,20,40,70,4,0,7.882352941176471,55.1764705882353,0.2985074626865671,0.4328358208955223,6.0,20.166666666666668,50.0,0.0,3.0,1,0.0,5,36.66666666666666,0.0,0.0,0.0,N,1,2026-07-18
162,1,71,12,17,35,14,Course Page,11,25,30,1,0,5.916666666666667,41.41666666666667,0.1971830985915492,0.4929577464788732,12.0,29.791666666666668,80.0,0.0,7.0,5,0.0,7,49.0,40.0,0.0,-9.0,N,1,2026-07-18
163,1,170,21,27,118,58,Assignment,18,120,27,0,0,8.095238095238095,56.66666666666666,0.3411764705882353,0.6941176470588235,9.0,67.22222222222223,100.0,0.0,11.0,7,0.0,2,90.0,100.0,0.0,10.0,N,1,2026-07-18
164,1,16,7,4,15,8,Course Page,0,2,13,0,0,2.2857142857142856,16.0,0.5,0.9375,3.0,0.0,0.0,0.0,0.0,0,0.0,3,0.0,0.0,0.0,0.0,N,1,2026-07-18
165,1,38,9,10,5,12,Course Page,11,9,16,0,0,4.222222222222222,29.55555555555556,0.3157894736842105,0.131578947368421,5.0,33.0,80.0,0.0,3.0,2,0.0,3,75.0,0.0,0.0,0.0,N,1,2026-07-18
166,1,12,7,2,7,7,Assignment,0,7,5,0,0,1.7142857142857142,12.0,0.5833333333333334,0.5833333333333334,4.0,5.5,20.0,0.0,0.0,0,0.0,4,20.0,0.0,0.0,0.0,N,1,2026-07-18
167,1,14,5,6,12,3,Course Page,2,2,8,1,0,2.8,19.6,0.2142857142857142,0.8571428571428571,5.0,0.0,0.0,0.0,0.0,0,0.0,5,0.0,0.0,0.0,0.0,N,1,2026-07-18
168,1,103,6,13,6,32,Course Page,29,21,45,0,0,17.166666666666668,120.16666666666669,0.3106796116504854,0.058252427184466,4.0,23.375,85.0,0.0,2.0,1,0.0,3,85.0,0.0,0.0,0.0,N,1,2026-07-18
169,1,2,1,2,0,0,Course Page,0,0,1,1,0,2.0,14.0,0.0,0.0,6.0,0.0,0.0,0.0,0.0,0,0.0,6,0.0,0.0,0.0,0.0,N,1,2026-07-18
170,1,0,0,0,0,0,No Activity,0,0,0,0,0,0.0,0.0,0.0,0.0,4.0,0.0,0.0,0.0,0.0,0,0.0,4,0.0,0.0,0.0,0.0,N,1,2026-07-18
171,1,0,0,0,0,0,No Activity,0,0,0,0,0,0.0,0.0,0.0,0.0,7.0,0.0,0.0,0.0,0.0,0,0.0,7,0.0,0.0,0.0,0.0,N,1,2026-07-18
172,2,14,4,8,3,1,Other,1,0,0,1,0,3.5,24.5,0.0714285714285714,0.2142857142857142,0.0,0.0,0.0,0.0,0.0,0,0.0,0,0.0,0.0,0.0,0.0,No Result,2,2026-07-18
173,3,25,3,10,13,0,Other,1,0,0,0,12,8.333333333333334,58.333333333333336,0.0,0.52,1.0,0.0,0.0,0.0,0.0,0,0.0,1,0.0,0.0,0.0,0.0,No Result,2,2026-07-18
174,3,18,2,8,0,16,Quiz,0,0,0,0,10,9.0,63.0,0.8888888888888888,0.0,1.0,10.0,10.0,10.0,10.0,0,10.0,1,0.0,0.0,0.0,0.0,No Result,2,2026-07-18
1,1,1086,97,27,291,126,Assignment,5,939,142,0,0,11.195876288659791,78.37113402061856,0.1160220994475138,0.2679558011049723,0.0,0.0,0.0,0.0,0.0,0,0.0,0,0.0,0.0,0.0,0.0,No Result,1,2026-07-19
2,1,549,53,39,256,114,Course Page,137,184,192,15,0,10.358490566037736,72.50943396226415,0.2076502732240437,0.4663023679417122,15.0,70.53999999999999,100.0,0.0,41.0,10,44.8,5,95.0,72.0,34.9,-23.0,SA,1,2026-07-19
3,1,236,30,20,91,33,Course Page,50,92,93,1,0,7.866666666666666,55.06666666666667,0.1398305084745762,0.3855932203389831,12.0,58.083333333333336,100.0,0.0,0.0,9,0.0,3,66.0,63.333333333333336,41.66666666666666,-2.6666666666666643,DX,1,2026-07-19
4,1,183,33,22,72,20,Course Page,48,45,68,6,0,5.545454545454546,38.81818181818182,0.1092896174863388,0.3934426229508196,15.0,83.28666666666666,100.0,60.0,49.0,15,61.9,0,79.0,98.0,68.95,19.0,S,1,2026-07-19
5,1,356,55,25,169,50,Course Page,61,130,165,0,0,6.472727272727273,45.30909090909091,0.1404494382022472,0.4747191011235955,15.0,86.00666666666666,100.0,10.0,86.0,14,93.05,1,71.0,97.0,91.525,26.0,HD,1,2026-07-19
6,1,852,92,60,469,168,Course Page,69,300,428,10,0,9.26086956521739,64.82608695652173,0.1971830985915492,0.5504694835680751,15.0,81.62666666666668,100.0,54.0,0.0,15,60.45,0,87.0,94.0,57.225,7.0,DX,1,2026-07-19
7,1,1292,123,34,121,405,Course Page,373,194,695,16,0,10.504065040650406,73.52845528455283,0.3134674922600619,0.0936532507739938,15.0,53.53333333333333,80.0,31.0,46.0,9,68.0,6,51.0,59.0,49.5,8.0,S,1,2026-07-19
8,1,301,48,20,244,87,Course Page,59,72,151,0,0,6.270833333333333,43.895833333333336,0.2890365448504983,0.8106312292358804,15.0,57.940000000000005,94.0,0.0,46.0,11,71.05,4,46.0,52.0,82.525,6.0,S,1,2026-07-19
9,1,365,47,23,125,25,Assignment,54,160,144,1,0,7.76595744680851,54.361702127659576,0.0684931506849315,0.3424657534246575,15.0,67.83733333333333,100.0,0.0,75.0,12,52.28,3,94.0,40.0,70.14,-54.0,D,1,2026-07-19
10,1,158,23,15,87,24,Course Page,15,48,90,3,0,6.869565217391305,48.08695652173913,0.1518987341772152,0.5506329113924051,11.0,60.08181818181818,95.0,10.0,32.0,6,84.7,5,56.25,70.0,64.85,13.75,N,1,2026-07-19
11,1,229,35,18,92,55,Course Page,10,68,146,2,0,6.542857142857143,45.8,0.2401746724890829,0.4017467248908297,14.0,77.07142857142857,100.0,0.0,33.0,12,0.0,2,88.0,78.0,55.333333333333336,-10.0,N,1,2026-07-19
12,1,1221,84,42,307,252,Course Page,249,268,630,30,0,14.535714285714286,101.75,0.2063882063882063,0.2514332514332514,15.0,79.43333333333334,100.0,40.0,75.0,14,87.0,1,86.0,79.0,71.0,-7.0,D,1,2026-07-19
13,1,187,38,22,80,27,Course Page,35,41,67,36,0,4.921052631578948,34.44736842105263,0.1443850267379679,0.427807486631016,15.0,98.49333333333334,100.0,88.7,76.0,15,88.7,0,100.0,100.0,94.35,0.0,D,1,2026-07-19
14,1,141,28,19,20,16,Assignment,32,39,39,27,0,5.035714285714286,35.25,0.1134751773049645,0.1418439716312056,14.0,82.82142857142857,100.0,0.0,50.0,13,0.0,1,90.0,91.0,54.66666666666666,1.0,P,1,2026-07-19
15,1,1194,97,48,851,231,Assignment,38,658,477,12,0,12.309278350515465,86.16494845360825,0.1934673366834171,0.7127303182579564,15.0,88.74666666666667,100.0,70.0,59.0,15,81.1,0,92.0,94.0,77.05,2.0,P,1,2026-07-19
16,1,733,68,27,439,250,Course Page,184,137,384,1,0,10.779411764705882,75.45588235294119,0.3410641200545702,0.5989085948158254,15.0,68.83333333333333,100.0,0.0,51.0,12,20.25,3,86.0,66.0,49.125,-20.0,P,1,2026-07-19
17,1,43,8,9,15,13,Course Page,7,17,19,0,0,5.375,37.625,0.3023255813953488,0.3488372093023256,7.0,35.857142857142854,100.0,0.0,5.0,3,0.0,4,73.33333333333333,0.0,3.0,0.0,N,1,2026-07-19
18,1,49,5,9,2,48,Course Page,0,8,41,0,0,9.8,68.6,0.979591836734694,0.0408163265306122,6.0,0.0,0.0,0.0,0.0,0,0.0,6,0.0,0.0,0.0,0.0,N,1,2026-07-19
19,1,535,71,33,216,111,Course Page,130,76,247,20,0,7.535211267605634,52.74647887323944,0.2074766355140186,0.4037383177570093,15.0,93.65333333333334,100.0,70.0,83.0,15,93.15,0,90.0,97.0,94.075,7.0,HD,1,2026-07-19
20,1,161,22,32,67,57,Course Page,49,40,55,1,0,7.318181818181818,51.22727272727273,0.3540372670807453,0.4161490683229814,8.0,53.875,100.0,20.0,34.0,4,65.0,4,100.0,20.0,47.25,-80.0,N,1,2026-07-19
21,1,268,41,40,101,55,Assignment,67,87,85,9,0,6.536585365853658,45.75609756097561,0.2052238805970149,0.376865671641791,8.0,67.8875,100.0,26.5,50.0,7,62.3,1,97.5,70.0,62.9,-27.5,P,1,2026-07-19
22,1,1203,111,36,221,239,Course Page,115,292,765,7,0,10.83783783783784,75.86486486486486,0.198669991687448,0.1837073981712385,15.0,96.584,100.0,88.13,83.0,15,88.13,0,98.0,97.0,94.065,-1.0,HD,1,2026-07-19
23,1,402,58,26,119,59,Course Page,158,50,165,11,0,6.931034482758621,48.51724137931034,0.1467661691542288,0.2960199004975124,15.0,85.1,100.0,55.5,83.0,15,74.0,0,94.0,91.0,64.75,-3.0,HD,1,2026-07-19
24,1,248,30,18,85,9,Course Page,56,41,129,21,0,8.266666666666667,57.86666666666667,0.0362903225806451,0.3427419354838709,9.0,83.38888888888889,100.0,38.5,40.0,8,75.5,1,96.25,0.0,81.75,0.0,SA,1,2026-07-19
25,1,382,49,30,148,43,Course Page,90,101,182,2,0,7.795918367346939,54.57142857142857,0.112565445026178,0.387434554973822,15.0,77.36,100.0,46.2,40.0,13,46.2,2,81.0,83.0,64.6,2.0,SA,1,2026-07-19
26,1,415,47,37,205,80,Course Page,119,81,131,38,0,8.829787234042554,61.80851063829787,0.1927710843373494,0.4939759036144578,12.0,38.083333333333336,70.0,0.0,18.0,4,0.0,8,56.66666666666666,36.0,24.0,-20.666666666666664,N,1,2026-07-19
27,1,266,37,17,58,37,Course Page,71,62,128,0,0,7.1891891891891895,50.32432432432432,0.1390977443609022,0.2180451127819548,13.0,51.68461538461538,80.0,30.0,24.0,6,46.45,7,60.0,50.0,44.225,-10.0,N,1,2026-07-19
28,1,7,3,4,3,0,Course Page,0,3,4,0,0,2.333333333333333,16.333333333333336,0.0,0.4285714285714285,4.0,26.125,95.0,0.0,2.0,1,0.0,3,0.0,95.0,0.0,0.0,N,1,2026-07-19
29,1,379,49,37,83,71,Course Page,39,131,147,19,0,7.73469387755102,54.142857142857146,0.1873350923482849,0.2189973614775725,14.0,75.61428571428571,100.0,56.05,59.0,14,56.05,0,83.0,85.0,57.025,2.0,P,1,2026-07-19
30,1,111,26,18,40,35,Course Page,14,41,49,3,0,4.269230769230769,29.884615384615383,0.3153153153153153,0.3603603603603603,9.0,41.66666666666666,95.0,5.5,17.0,4,5.5,5,52.5,0.0,36.0,0.0,N,1,2026-07-19
31,1,362,46,37,114,38,Course Page,79,117,130,11,0,7.869565217391305,55.08695652173913,0.1049723756906077,0.3149171270718232,15.0,90.15333333333334,100.0,65.8,72.0,15,65.8,0,97.4,90.0,80.4,-7.400000000000006,D,1,2026-07-19
32,1,450,59,50,32,54,Assignment,41,226,161,15,0,7.627118644067797,53.389830508474574,0.12,0.0711111111111111,14.0,84.09285714285714,100.0,59.0,75.0,14,59.4,0,91.25,98.0,59.2,6.75,D,1,2026-07-19
33,1,317,43,31,69,101,Course Page,42,72,166,17,0,7.372093023255814,51.604651162790695,0.3186119873817035,0.2176656151419558,15.0,88.39666666666668,100.0,60.0,49.0,15,91.3,0,78.0,100.0,86.7375,22.0,S,1,2026-07-19
34,1,501,58,28,365,130,Course Page,82,166,230,13,0,8.637931034482758,60.4655172413793,0.2594810379241516,0.7285429141716567,13.0,76.96153846153847,100.0,20.0,44.0,11,83.0,2,81.0,73.33333333333333,78.25,-7.666666666666671,SA,1,2026-07-19
35,1,338,51,34,46,17,Course Page,80,113,123,6,0,6.627450980392157,46.3921568627451,0.0502958579881656,0.136094674556213,15.0,84.97333333333333,100.0,70.35,48.0,15,70.35,0,87.8,90.0,74.175,2.200000000000003,S,1,2026-07-19
36,1,402,48,30,141,60,Course Page,87,87,188,0,0,8.375,58.625,0.1492537313432835,0.3507462686567164,15.0,67.6,90.0,35.0,56.0,13,64.5,2,67.0,63.0,74.75,-4.0,P,1,2026-07-19
37,1,212,36,15,16,4,Course Page,32,60,115,3,0,5.888888888888889,41.22222222222222,0.0188679245283018,0.0754716981132075,14.0,77.27142857142857,95.0,55.0,54.0,14,81.4,0,79.0,73.75,80.7,-5.25,P,1,2026-07-19
38,1,846,84,39,256,166,Course Page,130,242,403,20,0,10.071428571428571,70.5,0.1962174940898345,0.3026004728132387,15.0,67.25333333333333,92.0,35.0,45.0,12,79.65,3,62.0,59.0,85.825,-3.0,S,1,2026-07-19
39,1,211,50,37,41,40,Lecture Material,70,58,59,6,0,4.22,29.54,0.1895734597156398,0.1943127962085308,15.0,81.94266666666667,100.0,61.57,70.0,15,61.57,0,94.0,82.0,65.285,-12.0,D,1,2026-07-19
40,1,321,40,22,154,30,Assignment,31,178,111,1,0,8.025,56.175,0.0934579439252336,0.4797507788161994,14.0,62.392857142857146,100.0,19.0,34.0,12,19.0,2,75.0,72.5,35.5,-2.5,N,1,2026-07-19
41,1,409,43,27,225,101,Course Page,78,122,196,10,0,9.511627906976743,66.5813953488372,0.2469437652811736,0.5501222493887531,10.0,38.9,60.0,0.0,15.0,5,46.0,5,40.0,55.0,30.666666666666668,15.0,N,1,2026-07-19
42,1,266,42,20,128,22,Assignment,24,130,101,1,0,6.333333333333333,44.333333333333336,0.0827067669172932,0.4812030075187969,13.0,84.34615384615384,100.0,60.0,62.0,13,60.0,0,91.0,93.33333333333331,72.0,2.3333333333333286,C,1,2026-07-19
43,1,611,63,36,334,99,Course Page,106,77,402,1,0,9.698412698412698,67.88888888888889,0.1620294599018003,0.546644844517185,14.0,82.27857142857144,100.0,45.0,43.0,13,85.95,1,85.0,88.0,73.475,3.0,SA,1,2026-07-19
44,1,367,38,26,107,75,Course Page,85,96,174,7,0,9.657894736842104,67.60526315789474,0.2043596730245231,0.2915531335149863,13.0,83.9076923076923,100.0,67.9,60.0,13,67.9,0,93.0,88.33333333333333,71.95,-4.666666666666671,C,1,2026-07-19
45,1,478,62,56,257,73,Assignment,67,193,193,8,0,7.709677419354839,53.967741935483865,0.1527196652719665,0.5376569037656904,15.0,89.08666666666666,100.0,65.0,71.0,15,79.15,0,88.0,92.0,86.575,4.0,D,1,2026-07-19
46,1,265,40,22,79,64,Course Page,66,59,118,13,0,6.625,46.375,0.2415094339622641,0.2981132075471698,15.0,72.78666666666666,90.0,40.0,46.0,14,69.65,1,69.0,82.0,65.325,13.0,S,1,2026-07-19
47,1,330,53,26,156,115,Course Page,17,138,163,6,0,6.226415094339623,43.58490566037736,0.3484848484848485,0.4727272727272727,15.0,83.44666666666667,100.0,60.0,43.0,15,75.85,0,81.0,87.0,81.925,6.0,SA,1,2026-07-19
48,1,384,48,32,109,98,Course Page,115,96,160,1,0,8.0,56.0,0.2552083333333333,0.2838541666666667,15.0,72.25733333333332,100.0,25.0,48.0,12,51.43,3,86.0,56.0,75.715,-30.0,S,1,2026-07-19
49,1,439,34,30,366,158,Course Page,133,56,192,32,0,12.911764705882351,90.38235294117648,0.3599088838268792,0.8337129840546698,9.0,63.333333333333336,100.0,29.0,26.0,8,64.5,1,65.0,80.0,62.75,15.0,N,1,2026-07-19
50,1,254,35,41,64,8,Lecture Material,80,37,75,36,0,7.257142857142857,50.8,0.0314960629921259,0.2519685039370078,13.0,46.2,84.0,20.0,60.0,6,51.3,7,40.0,33.333333333333336,67.65,-6.666666666666664,C,1,2026-07-19
51,1,270,57,27,125,41,Course Page,44,94,106,12,0,4.7368421052631575,33.15789473684211,0.1518518518518518,0.4629629629629629,14.0,87.73571428571428,100.0,50.0,82.0,14,97.9,0,89.0,82.5,93.95,-6.5,HD,1,2026-07-19
52,1,244,32,23,120,39,Course Page,70,36,94,10,0,7.625,53.375,0.1598360655737705,0.4918032786885246,15.0,71.03333333333333,100.0,50.0,62.0,15,68.0,0,82.0,67.0,61.5,-15.0,C,1,2026-07-19
53,1,267,42,21,60,79,Course Page,75,66,121,4,0,6.357142857142857,44.5,0.2958801498127341,0.2247191011235955,12.0,57.03333333333333,100.0,19.7,37.0,7,19.7,5,72.0,50.0,44.6,-22.0,N,1,2026-07-19
54,1,748,69,41,322,144,Course Page,86,227,378,1,0,10.840579710144928,75.88405797101449,0.1925133689839572,0.4304812834224599,13.0,74.99230769230769,100.0,30.0,41.0,10,76.45,3,67.5,97.5,62.225,30.0,SA,1,2026-07-19
55,1,711,68,25,147,179,Course Page,39,94,552,6,0,10.455882352941176,73.19117647058825,0.2517580872011252,0.2067510548523206,11.0,45.13636363636363,75.0,0.0,22.0,4,44.0,7,48.75,20.0,59.5,-28.75,N,1,2026-07-19
56,1,261,40,25,71,64,Course Page,31,99,113,8,0,6.525,45.675,0.2452107279693486,0.2720306513409962,15.0,78.56666666666666,100.0,0.0,60.0,14,84.0,1,92.0,59.0,87.0,-33.0,C,1,2026-07-19
57,1,176,38,16,78,22,Course Page,11,45,119,0,0,4.631578947368421,32.421052631578945,0.125,0.4431818181818182,6.0,57.333333333333336,100.0,10.0,47.0,5,62.0,1,100.0,0.0,58.5,0.0,S,1,2026-07-19
58,1,387,46,28,135,68,Course Page,93,46,223,11,0,8.41304347826087,58.891304347826086,0.1757105943152454,0.3488372093023256,12.0,26.375,55.0,0.0,20.0,4,53.75,8,17.5,6.666666666666667,54.375,-10.833333333333332,N,1,2026-07-19
59,1,221,28,16,77,28,Course Page,50,48,123,0,0,7.892857142857143,55.25,0.1266968325791855,0.3484162895927601,9.0,55.67777777777778,85.0,29.0,19.0,6,36.05,3,78.33333333333333,55.0,45.525,-23.33333333333333,N,1,2026-07-19
60,1,455,69,27,180,125,Course Page,40,177,214,15,0,6.594202898550725,46.15942028985507,0.2747252747252747,0.3956043956043956,15.0,90.91333333333334,100.0,80.0,65.0,15,84.15,0,91.8,91.0,89.575,-0.7999999999999972,C,1,2026-07-19
61,1,280,49,34,118,59,Course Page,84,64,88,14,0,5.714285714285714,40.0,0.2107142857142857,0.4214285714285714,15.0,91.0,100.0,60.0,83.0,15,80.0,0,98.0,88.0,85.5,-10.0,HD,1,2026-07-19
62,1,220,37,28,98,71,Course Page,47,58,105,4,0,5.945945945945946,41.62162162162162,0.3227272727272727,0.4454545454545454,15.0,74.58,95.0,50.0,48.0,15,88.35,0,79.0,69.0,76.175,-10.0,S,1,2026-07-19
63,1,347,53,31,118,41,Course Page,40,77,204,5,0,6.547169811320755,45.83018867924528,0.1181556195965417,0.3400576368876081,14.0,79.5,100.0,40.0,46.0,13,65.5,1,88.0,75.0,74.75,-13.0,S,1,2026-07-19
64,1,551,30,28,345,60,Course Page,64,49,410,9,0,18.366666666666667,128.56666666666666,0.1088929219600726,0.6261343012704175,10.0,48.73,80.0,10.0,23.0,7,65.65,3,40.0,50.0,61.325,10.0,N,1,2026-07-19
65,1,408,50,34,165,38,Course Page,43,137,180,15,0,8.16,57.12,0.0931372549019607,0.4044117647058823,15.0,83.24666666666667,95.0,58.0,58.0,15,88.4,0,83.8,90.0,73.2,6.200000000000003,P,1,2026-07-19
66,1,213,44,24,39,47,Course Page,71,59,74,3,0,4.840909090909091,33.88636363636364,0.2206572769953051,0.1830985915492957,15.0,74.21333333333334,100.0,30.0,46.0,14,72.35,1,66.0,77.0,81.675,11.0,S,1,2026-07-19
67,1,193,18,42,172,40,Assignment,38,110,34,7,0,10.72222222222222,75.05555555555554,0.2072538860103626,0.8911917098445595,15.0,87.22666666666667,100.0,67.7,70.0,15,67.7,0,96.0,86.0,76.85,-10.0,D,1,2026-07-19
68,1,503,74,31,73,85,Course Page,71,69,342,2,0,6.797297297297297,47.58108108108108,0.1689860834990059,0.1451292246520874,15.0,75.48666666666666,100.0,30.0,44.0,12,41.65,3,72.0,90.0,60.325,18.0,SA,1,2026-07-19
69,1,151,33,22,57,12,Course Page,26,46,78,0,0,4.575757575757576,32.03030303030303,0.0794701986754966,0.3774834437086092,15.0,71.59466666666667,100.0,47.21,58.0,13,47.21,2,74.0,75.0,63.605,1.0,P,1,2026-07-19
70,1,463,46,24,105,76,Course Page,85,89,268,8,0,10.065217391304348,70.45652173913044,0.1641468682505399,0.2267818574514039,15.0,95.83733333333332,100.0,88.28,85.0,15,88.28,0,98.0,96.0,92.64,-2.0,HD,1,2026-07-19
71,1,91,20,14,38,25,Assignment,2,58,24,5,0,4.55,31.85,0.2747252747252747,0.4175824175824176,14.0,54.642857142857146,80.0,0.0,30.0,10,66.0,4,55.0,42.0,73.0,-13.0,N,1,2026-07-19
72,1,452,50,31,192,33,Course Page,75,149,207,8,0,9.04,63.28,0.0730088495575221,0.4247787610619469,15.0,75.97333333333333,100.0,40.0,66.0,14,96.3,1,80.0,62.0,89.65,-18.0,C,1,2026-07-19
73,1,252,39,35,169,48,Assignment,21,106,99,16,0,6.461538461538462,45.23076923076923,0.1904761904761904,0.6706349206349206,10.0,53.4,100.0,0.0,11.0,5,0.0,5,80.0,75.0,9.333333333333334,-5.0,N,1,2026-07-19
74,1,327,60,18,149,59,Course Page,52,60,209,0,0,5.45,38.15,0.1804281345565749,0.45565749235474,15.0,76.5,95.0,30.0,54.0,14,50.0,1,76.0,81.0,71.0,5.0,P,1,2026-07-19
75,1,494,65,24,261,106,Course Page,19,232,240,0,0,7.6,53.2,0.2145748987854251,0.52834008097166,14.0,73.39285714285714,100.0,40.0,55.0,11,41.0,3,70.0,93.75,57.5,23.75,P,1,2026-07-19
76,1,187,29,28,42,24,Assignment,25,78,78,1,0,6.448275862068965,45.137931034482754,0.1283422459893048,0.2245989304812834,15.0,64.23333333333333,100.0,20.0,53.0,11,45.0,4,76.0,61.0,52.5,-15.0,P,1,2026-07-19
77,1,220,35,24,90,28,Course Page,68,45,85,15,0,6.285714285714286,44.0,0.1272727272727272,0.4090909090909091,10.0,70.47,100.0,38.0,50.0,9,89.35,1,70.0,100.0,71.675,30.0,P,1,2026-07-19
78,1,445,66,27,247,87,Course Page,52,56,321,5,0,6.742424242424242,47.196969696969695,0.195505617977528,0.5550561797752809,14.0,76.72142857142856,100.0,50.0,39.0,14,73.3,0,71.25,78.0,82.9,6.75,N,1,2026-07-19
79,1,375,47,29,104,82,Course Page,96,103,145,3,0,7.978723404255319,55.85106382978724,0.2186666666666666,0.2773333333333333,14.0,70.85714285714286,100.0,40.0,63.0,13,63.0,1,86.0,65.0,58.25,-21.0,C,1,2026-07-19
80,1,333,56,21,151,116,Course Page,51,86,193,2,0,5.946428571428571,41.625,0.3483483483483483,0.4534534534534534,15.0,81.77333333333333,100.0,65.0,67.0,15,79.3,0,86.0,78.0,81.15,-8.0,C,1,2026-07-19
81,1,511,76,38,129,125,Lecture Material,159,149,152,22,0,6.723684210526316,47.065789473684205,0.2446183953033268,0.2524461839530332,15.0,35.906666666666666,75.0,10.0,25.0,4,48.8,11,15.0,55.0,38.4,40.0,N,1,2026-07-19
82,1,657,66,29,253,82,Course Page,102,236,299,7,0,9.954545454545457,69.68181818181819,0.1248097412480974,0.3850837138508371,15.0,92.12666666666668,100.0,70.0,73.0,15,88.7,0,90.0,93.0,93.85,3.0,D,1,2026-07-19
83,1,325,50,23,92,61,Course Page,36,69,212,7,0,6.5,45.5,0.1876923076923076,0.283076923076923,15.0,68.04,100.0,40.0,30.0,12,45.3,3,69.0,79.0,51.65,10.0,N,1,2026-07-19
84,1,353,46,24,160,45,Course Page,52,58,227,3,0,7.673913043478261,53.71739130434783,0.1274787535410765,0.4532577903682719,15.0,83.09333333333333,100.0,69.0,52.0,15,70.2,0,84.0,92.0,69.6,8.0,P,1,2026-07-19
85,1,191,35,19,87,43,Course Page,11,72,103,1,0,5.457142857142857,38.2,0.225130890052356,0.4554973821989528,15.0,69.76666666666667,100.0,0.0,21.0,10,0.0,5,79.0,100.0,15.5,21.0,N,1,2026-07-19
86,1,343,47,32,174,43,Course Page,75,66,165,16,0,7.297872340425532,51.08510638297872,0.1253644314868804,0.5072886297376094,12.0,57.76666666666667,100.0,20.0,30.0,8,68.1,4,65.0,43.333333333333336,66.05,-21.666666666666664,N,1,2026-07-19
87,1,120,14,16,27,13,Assignment,13,60,45,1,0,8.571428571428571,60.0,0.1083333333333333,0.225,14.0,59.17857142857143,100.0,0.0,41.0,9,56.0,5,55.0,75.0,49.0,20.0,SA,1,2026-07-19
88,1,109,19,12,27,28,Course Page,14,37,55,0,0,5.7368421052631575,40.1578947368421,0.2568807339449541,0.2477064220183486,9.0,74.33333333333333,100.0,0.0,62.0,7,86.5,2,75.0,0.0,84.75,0.0,C,1,2026-07-19
89,1,284,62,20,165,64,Assignment,20,144,100,4,0,4.580645161290323,32.064516129032256,0.2253521126760563,0.5809859154929577,8.0,14.0,38.0,0.0,9.0,0,38.0,8,0.0,0.0,28.0,0.0,N,1,2026-07-19
90,1,502,51,32,95,64,Course Page,78,171,227,15,0,9.84313725490196,68.90196078431373,0.1274900398406374,0.1892430278884462,15.0,87.90666666666667,100.0,79.0,73.0,15,82.55,0,92.0,89.0,80.775,-3.0,D,1,2026-07-19
91,1,311,51,28,149,41,Course Page,40,78,152,13,0,6.098039215686274,42.68627450980392,0.1318327974276527,0.4790996784565916,15.0,84.86,100.0,50.0,72.0,15,84.95,0,74.0,92.0,89.975,18.0,D,1,2026-07-19
92,1,488,51,41,75,94,Course Page,94,146,180,28,0,9.568627450980392,66.98039215686275,0.1926229508196721,0.1536885245901639,10.0,78.85,100.0,43.5,40.0,9,72.5,1,78.33333333333333,100.0,77.5,21.66666666666667,SA,1,2026-07-19
93,1,188,31,24,45,7,Course Page,39,53,63,7,0,6.064516129032258,42.4516129032258,0.0372340425531914,0.2393617021276596,13.0,32.19230769230769,60.0,0.0,33.0,3,23.0,10,41.0,26.666666666666668,26.25,-14.333333333333332,N,1,2026-07-19
94,1,417,35,26,164,46,Course Page,117,107,160,0,0,11.914285714285716,83.4,0.1103117505995203,0.3932853717026379,14.0,53.785714285714285,90.0,17.0,51.0,8,17.0,6,75.0,56.25,23.25,-18.75,P,1,2026-07-19
95,1,244,31,34,137,72,Course Page,35,96,97,1,0,7.870967741935484,55.096774193548384,0.2950819672131147,0.5614754098360656,12.0,41.833333333333336,86.0,0.0,0.0,4,0.0,8,55.0,26.666666666666668,43.0,-28.33333333333333,DX,1,2026-07-19
96,1,780,74,46,653,188,Assignment,73,351,337,12,0,10.54054054054054,73.78378378378379,0.241025641025641,0.8371794871794872,15.0,68.36,100.0,1.2,25.0,11,1.2,4,82.0,88.0,22.6,6.0,N,1,2026-07-19
97,1,157,35,15,39,54,Course Page,49,45,56,5,0,4.485714285714286,31.4,0.3439490445859872,0.2484076433121019,12.0,76.825,100.0,55.5,44.0,12,55.7,0,88.33333333333333,72.5,77.85,-15.833333333333329,SA,1,2026-07-19
98,1,145,23,16,67,31,Course Page,47,29,66,0,0,6.304347826086956,44.130434782608695,0.2137931034482758,0.4620689655172413,8.0,51.275,100.0,0.0,28.0,5,73.1,3,40.0,0.0,69.55,0.0,N,1,2026-07-19
99,1,417,49,36,77,31,Course Page,114,78,183,12,0,8.510204081632653,59.57142857142857,0.0743405275779376,0.184652278177458,14.0,74.25,100.0,0.0,60.0,13,79.0,1,90.0,53.75,77.0,-36.25,C,1,2026-07-19
100,1,57,20,5,8,6,Course Page,1,2,53,1,0,2.85,19.95,0.1052631578947368,0.1403508771929824,10.0,41.15,75.0,0.0,10.0,5,0.0,5,61.25,50.0,21.75,-11.25,N,1,2026-07-19
101,1,733,50,30,296,161,Course Page,162,118,423,0,0,14.66,102.62,0.2196452933151432,0.4038199181446112,15.0,71.86666666666666,90.0,43.0,38.0,13,67.0,2,74.0,82.0,55.0,8.0,N,1,2026-07-19
102,1,121,15,11,53,24,Course Page,17,43,57,0,0,8.066666666666666,56.46666666666667,0.1983471074380165,0.4380165289256198,8.0,10.375,25.0,0.0,2.0,0,0.0,8,16.666666666666668,20.0,2.0,3.333333333333332,N,1,2026-07-19
103,1,444,81,45,215,128,Course Page,35,160,234,5,0,5.481481481481482,38.37037037037037,0.2882882882882883,0.4842342342342342,15.0,89.96666666666667,100.0,40.0,74.0,13,93.0,2,97.0,100.0,66.5,3.0,D,1,2026-07-19
104,1,421,72,28,140,80,Assignment,94,143,101,36,0,5.847222222222222,40.93055555555555,0.1900237529691211,0.332541567695962,15.0,91.53333333333332,100.0,75.0,72.0,15,94.0,0,96.0,86.0,93.0,-10.0,D,1,2026-07-19
105,1,211,40,22,90,30,Course Page,28,74,95,5,0,5.275,36.925,0.1421800947867298,0.4265402843601896,12.0,65.48333333333333,90.0,25.0,36.0,10,65.65,2,76.0,57.5,60.325,-18.5,N,1,2026-07-19
106,1,638,68,43,395,140,Course Page,65,188,345,7,0,9.382352941176473,65.6764705882353,0.219435736677116,0.6191222570532915,14.0,48.75714285714286,100.0,0.0,33.0,8,32.8,6,46.0,60.0,41.4,14.0,N,1,2026-07-19
107,1,678,69,46,174,108,Course Page,149,180,300,2,0,9.826086956521738,68.78260869565217,0.1592920353982301,0.2566371681415929,14.0,68.35714285714286,100.0,30.0,53.0,13,77.0,1,70.0,65.0,71.5,-5.0,P,1,2026-07-19
108,1,333,32,25,260,79,Course Page,98,66,151,9,0,10.40625,72.84375,0.2372372372372372,0.7807807807807807,14.0,58.46428571428572,85.0,0.0,57.0,12,76.0,2,70.0,38.75,65.75,-31.25,P,1,2026-07-19
109,1,205,30,19,103,6,Course Page,40,46,110,0,0,6.833333333333333,47.833333333333336,0.0292682926829268,0.5024390243902439,11.0,68.95454545454545,90.0,43.5,66.0,10,85.0,1,67.5,82.5,70.0,15.0,C,1,2026-07-19
110,1,251,30,30,194,56,Assignment,34,104,104,2,0,8.366666666666667,58.56666666666667,0.2231075697211155,0.7729083665338645,10.0,51.2,70.0,27.0,22.0,6,58.5,4,56.66666666666666,50.0,53.75,-6.666666666666664,N,1,2026-07-19
111,1,257,25,34,153,18,Assignment,9,147,92,1,0,10.28,71.96,0.0700389105058365,0.5953307392996109,13.0,81.69999999999999,100.0,63.3,45.0,13,63.3,0,99.0,76.66666666666667,66.15,-22.33333333333333,S,1,2026-07-19
112,1,189,26,24,79,31,Assignment,15,80,77,2,0,7.269230769230769,50.88461538461538,0.164021164021164,0.4179894179894179,14.0,67.51428571428572,100.0,30.0,52.0,12,52.85,2,53.75,82.0,64.425,28.25,P,1,2026-07-19
113,1,502,67,30,198,77,Course Page,50,120,293,1,0,7.492537313432836,52.44776119402985,0.1533864541832669,0.3944223107569721,15.0,31.466666666666665,75.0,0.0,24.0,5,62.0,10,17.0,19.0,68.5,2.0,N,1,2026-07-19
114,1,157,22,22,85,4,Assignment,15,92,46,0,0,7.136363636363637,49.95454545454545,0.0254777070063694,0.5414012738853503,15.0,80.2,100.0,60.0,68.0,15,86.0,0,83.0,81.0,75.25,-2.0,C,1,2026-07-19
115,1,455,47,27,73,70,Course Page,100,151,195,2,0,9.680851063829786,67.76595744680851,0.1538461538461538,0.1604395604395604,14.0,73.57142857142857,100.0,50.0,58.0,14,65.0,0,84.0,70.0,65.0,-14.0,P,1,2026-07-19
116,1,127,18,13,91,43,Course Page,11,45,62,8,0,7.055555555555555,49.388888888888886,0.3385826771653543,0.7165354330708661,6.0,50.48333333333333,78.0,0.0,23.0,4,73.45,2,0.0,0.0,75.725,0.0,N,1,2026-07-19
117,1,105,20,22,8,9,Assignment,24,53,23,2,0,5.25,36.75,0.0857142857142857,0.0761904761904762,15.0,92.2,100.0,50.0,82.0,15,91.5,0,100.0,100.0,70.75,0.0,HD,1,2026-07-19
118,1,803,74,32,219,117,Assignment,127,351,295,7,0,10.85135135135135,75.95945945945947,0.1457036114570361,0.2727272727272727,15.0,79.42,100.0,30.0,64.0,14,94.65,1,72.0,80.0,88.825,8.0,C,1,2026-07-19
119,1,165,29,22,66,9,Course Page,39,59,66,0,0,5.689655172413793,39.82758620689655,0.0545454545454545,0.4,15.0,69.7,100.0,10.0,50.0,11,77.5,4,80.0,67.0,59.25,-13.0,P,1,2026-07-19
120,1,191,37,15,42,34,Course Page,61,35,90,3,0,5.162162162162162,36.13513513513514,0.1780104712041884,0.2198952879581152,14.0,88.57857142857142,100.0,64.0,61.0,14,83.05,0,100.0,92.0,73.525,-8.0,C,1,2026-07-19
121,1,230,27,33,108,45,Course Page,71,40,100,2,0,8.518518518518519,59.629629629629626,0.1956521739130435,0.4695652173913043,8.0,48.625,80.0,18.5,25.0,5,31.75,3,65.0,55.0,46.375,-10.0,N,1,2026-07-19
122,1,171,22,24,12,4,Assignment,40,66,59,0,0,7.772727272727272,54.409090909090914,0.023391812865497,0.0701754385964912,14.0,92.64,100.0,78.73,64.0,14,78.73,0,100.0,96.25,80.86500000000001,-3.75,C,1,2026-07-19
123,1,134,21,26,64,13,Course Page,44,38,44,4,0,6.380952380952381,44.66666666666666,0.0970149253731343,0.4776119402985074,10.0,34.05,63.0,0.0,18.0,4,63.0,6,36.25,25.0,42.0,-11.25,N,1,2026-07-19
124,1,599,89,29,211,134,Course Page,190,65,320,22,0,6.730337078651686,47.1123595505618,0.2237061769616026,0.352253756260434,15.0,80.41333333333334,95.0,69.0,72.0,15,72.1,0,83.0,85.0,70.55,2.0,D,1,2026-07-19
125,1,669,89,33,185,153,Course Page,194,107,351,8,0,7.51685393258427,52.61797752808989,0.2286995515695067,0.2765321375186846,15.0,85.4,100.0,70.0,75.0,15,73.5,0,88.0,92.0,72.75,4.0,D,1,2026-07-19
126,1,205,29,20,22,83,Assignment,32,88,78,2,0,7.068965517241379,49.48275862068965,0.4048780487804878,0.1073170731707317,15.0,65.63333333333334,100.0,0.0,53.0,12,54.0,3,72.0,55.0,71.5,-17.0,P,1,2026-07-19
127,1,169,28,19,91,35,Course Page,32,50,83,0,0,6.035714285714286,42.25,0.2071005917159763,0.5384615384615384,11.0,38.95454545454545,85.0,0.0,23.0,6,0.0,5,42.0,85.0,26.0,43.0,N,1,2026-07-19
128,1,230,44,23,71,45,Course Page,18,97,104,5,0,5.227272727272728,36.59090909090909,0.1956521739130435,0.308695652173913,12.0,67.86666666666666,85.0,51.0,30.0,12,68.7,0,66.25,81.66666666666667,63.35,15.416666666666671,N,1,2026-07-19
129,1,662,60,34,264,156,Course Page,147,162,309,1,0,11.033333333333331,77.23333333333333,0.2356495468277945,0.3987915407854985,12.0,55.0,100.0,20.0,24.0,8,30.0,4,58.0,55.0,55.0,-3.0,N,1,2026-07-19
130,1,183,31,15,70,30,Assignment,35,76,72,0,0,5.903225806451613,41.32258064516129,0.1639344262295081,0.3825136612021858,8.0,64.725,100.0,23.0,25.0,6,57.4,2,76.66666666666667,0.0,66.2,0.0,N,1,2026-07-19
131,1,261,35,29,76,37,Course Page,67,72,102,8,0,7.457142857142857,52.2,0.1417624521072797,0.2911877394636015,15.0,87.54666666666667,100.0,76.35,82.0,15,76.35,0,91.0,84.0,87.675,-7.0,HD,1,2026-07-19
132,1,341,42,28,97,27,Course Page,27,127,169,10,0,8.119047619047619,56.833333333333336,0.0791788856304985,0.2844574780058651,14.0,79.64999999999999,100.0,50.0,63.0,14,95.55,0,78.0,72.5,91.775,-5.5,C,1,2026-07-19
133,1,157,18,18,49,16,Course Page,23,54,70,0,0,8.722222222222221,61.05555555555555,0.1019108280254777,0.3121019108280254,7.0,24.685714285714287,50.0,0.0,10.0,1,28.9,6,50.0,0.0,29.45,-50.0,N,1,2026-07-19
134,1,418,37,31,214,88,Course Page,120,75,201,15,0,11.297297297297296,79.08108108108108,0.2105263157894736,0.5119617224880383,12.0,54.333333333333336,95.0,20.0,27.0,7,62.0,5,36.66666666666666,72.5,53.0,35.833333333333336,N,1,2026-07-19
135,1,237,30,37,175,32,Assignment,20,140,70,1,0,7.9,55.3,0.1350210970464135,0.7383966244725738,14.0,78.47857142857143,100.0,37.0,38.0,12,50.35,2,96.0,90.0,43.675,-6.0,N,1,2026-07-19
136,1,359,51,22,145,87,Course Page,29,159,161,2,0,7.03921568627451,49.27450980392157,0.2423398328690807,0.403899721448468,14.0,73.15714285714286,83.85,65.0,56.0,14,83.85,0,75.0,71.0,75.925,-4.0,P,1,2026-07-19
137,1,307,28,42,114,29,Assignment,26,188,90,0,0,10.964285714285714,76.75,0.0944625407166123,0.3713355048859935,15.0,78.88000000000001,100.0,50.35,37.0,15,50.35,0,89.0,88.0,52.425,-1.0,N,1,2026-07-19
138,1,214,24,20,92,61,Assignment,17,99,93,1,0,8.916666666666666,62.41666666666667,0.2850467289719626,0.4299065420560747,13.0,74.6923076923077,100.0,30.0,42.0,11,88.5,2,71.25,78.75,77.75,7.5,SA,1,2026-07-19
139,1,135,22,15,72,40,Course Page,14,54,64,0,0,6.136363636363637,42.95454545454545,0.2962962962962963,0.5333333333333333,13.0,45.61538461538461,80.0,0.0,33.0,8,65.0,5,46.0,26.666666666666668,63.0,-19.33333333333333,N,1,2026-07-19
140,1,7,5,3,1,2,Course Page,0,2,4,1,0,1.4,9.8,0.2857142857142857,0.1428571428571428,4.0,5.5,20.0,0.0,0.0,0,0.0,4,20.0,0.0,0.0,0.0,N,1,2026-07-19
141,1,374,51,28,119,53,Course Page,58,100,201,9,0,7.333333333333333,51.333333333333336,0.141711229946524,0.3181818181818182,14.0,55.29,100.0,30.0,48.0,8,43.78,6,61.0,40.0,65.64,-21.0,S,1,2026-07-19
142,1,277,47,24,39,44,Course Page,55,57,125,6,0,5.893617021276596,41.25531914893617,0.1588447653429603,0.1407942238267148,14.0,89.41428571428571,100.0,75.0,71.0,14,95.9,0,92.5,90.0,87.45,-2.5,D,1,2026-07-19
143,1,501,38,26,232,64,Course Page,162,65,235,9,0,13.18421052631579,92.28947368421052,0.1277445109780439,0.4630738522954092,7.0,45.142857142857146,90.0,0.0,13.0,3,0.0,4,55.0,30.0,54.0,-25.0,N,1,2026-07-19
144,1,105,12,17,90,27,Course Page,3,33,66,0,0,8.75,61.25,0.2571428571428571,0.8571428571428571,10.0,62.5,95.0,0.0,58.0,7,87.0,3,60.0,72.5,58.0,12.5,P,1,2026-07-19
145,1,112,10,16,82,2,Lecture Material,48,26,35,3,0,11.2,78.39999999999999,0.0178571428571428,0.7321428571428571,8.0,58.875,100.0,0.0,17.0,5,0.0,3,77.5,0.0,43.333333333333336,0.0,N,1,2026-07-19
146,1,176,34,18,87,41,Course Page,58,39,63,2,0,5.176470588235294,36.235294117647065,0.2329545454545454,0.4943181818181818,7.0,60.07142857142857,75.0,14.5,22.0,6,55.5,1,72.5,0.0,65.25,0.0,N,1,2026-07-19
147,1,265,37,26,83,78,Course Page,59,81,115,8,0,7.162162162162162,50.13513513513514,0.2943396226415094,0.3132075471698113,10.0,65.25,100.0,12.75,25.0,6,12.75,4,92.5,40.0,50.375,-52.5,N,1,2026-07-19
148,1,101,21,18,44,17,Assignment,26,38,34,3,0,4.809523809523809,33.666666666666664,0.1683168316831683,0.4356435643564356,9.0,58.28888888888889,100.0,30.0,24.0,5,55.8,4,93.33333333333331,30.0,45.9,-63.33333333333333,N,1,2026-07-19
149,1,166,22,35,63,9,Assignment,14,126,26,0,0,7.545454545454546,52.81818181818182,0.0542168674698795,0.3795180722891566,14.0,87.92857142857143,100.0,62.75,60.0,14,62.75,0,99.0,97.5,64.375,-1.5,C,1,2026-07-19
150,1,94,25,14,25,20,Course Page,18,27,40,0,0,3.76,26.32,0.2127659574468085,0.2659574468085106,14.0,90.15,100.0,49.0,69.0,12,95.3,2,97.0,100.0,72.15,3.0,C,1,2026-07-19
151,1,54,13,13,27,10,Course Page,14,10,28,0,0,4.153846153846154,29.07692307692308,0.1851851851851851,0.5,10.0,53.9,100.0,0.0,10.0,6,0.0,4,45.0,80.0,0.0,35.0,N,1,2026-07-19
152,1,203,24,18,118,43,Course Page,31,76,87,1,0,8.458333333333334,59.208333333333336,0.2118226600985221,0.5812807881773399,8.0,19.5,38.0,0.0,11.0,0,38.0,8,5.0,10.0,33.5,5.0,N,1,2026-07-19
153,1,92,22,13,66,15,Assignment,23,60,8,0,0,4.181818181818182,29.27272727272728,0.1630434782608695,0.717391304347826,13.0,52.29230769230769,65.0,10.0,26.0,10,60.4,3,51.0,45.0,62.7,-6.0,N,1,2026-07-19
154,1,220,28,34,152,39,Course Page,42,42,115,2,0,7.857142857142857,55.0,0.1772727272727272,0.6909090909090909,5.0,11.4,50.0,0.0,1.0,1,0.0,4,0.0,50.0,0.6666666666666666,0.0,N,1,2026-07-19
155,1,8,3,4,6,0,Course Page,1,2,4,0,0,2.6666666666666665,18.666666666666668,0.0,0.75,6.0,0.0,0.0,0.0,0.0,0,0.0,6,0.0,0.0,0.0,0.0,N,1,2026-07-19
156,1,75,18,14,9,6,Course Page,15,26,30,2,0,4.166666666666667,29.166666666666664,0.08,0.12,15.0,84.06,100.0,50.0,42.0,15,82.7,0,82.0,83.0,88.35,1.0,SA,1,2026-07-19
157,1,96,15,20,45,10,Course Page,24,15,50,0,0,6.4,44.8,0.1041666666666666,0.46875,10.0,19.15,80.0,0.0,5.0,2,0.0,8,29.0,0.0,10.666666666666666,-29.0,N,1,2026-07-19
158,1,48,9,8,11,2,Course Page,4,14,29,0,0,5.333333333333333,37.33333333333333,0.0416666666666666,0.2291666666666666,8.0,8.25,33.0,0.0,3.0,0,0.0,8,0.0,0.0,22.0,0.0,N,1,2026-07-19
159,1,47,6,9,5,0,Assignment,7,23,17,0,0,7.833333333333333,54.833333333333336,0.0,0.1063829787234042,6.0,34.5,90.0,0.0,5.0,2,0.0,4,75.0,0.0,14.0,0.0,N,1,2026-07-19
160,1,101,14,11,6,21,Course Page,14,36,46,0,0,7.214285714285714,50.5,0.2079207920792079,0.0594059405940594,8.0,12.5,50.0,0.0,5.0,2,0.0,6,0.0,0.0,25.0,0.0,N,1,2026-07-19
161,1,134,17,14,58,40,Course Page,20,40,70,4,0,7.882352941176471,55.1764705882353,0.2985074626865671,0.4328358208955223,6.0,20.166666666666668,50.0,0.0,3.0,1,0.0,5,36.66666666666666,0.0,0.0,0.0,N,1,2026-07-19
162,1,71,12,17,35,14,Course Page,11,25,30,1,0,5.916666666666667,41.41666666666667,0.1971830985915492,0.4929577464788732,12.0,29.791666666666668,80.0,0.0,7.0,5,0.0,7,49.0,40.0,0.0,-9.0,N,1,2026-07-19
163,1,170,21,27,118,58,Assignment,18,120,27,0,0,8.095238095238095,56.66666666666666,0.3411764705882353,0.6941176470588235,9.0,67.22222222222223,100.0,0.0,11.0,7,0.0,2,90.0,100.0,0.0,10.0,N,1,2026-07-19
164,1,16,7,4,15,8,Course Page,0,2,13,0,0,2.2857142857142856,16.0,0.5,0.9375,3.0,0.0,0.0,0.0,0.0,0,0.0,3,0.0,0.0,0.0,0.0,N,1,2026-07-19
165,1,38,9,10,5,12,Course Page,11,9,16,0,0,4.222222222222222,29.55555555555556,0.3157894736842105,0.131578947368421,5.0,33.0,80.0,0.0,3.0,2,0.0,3,75.0,0.0,0.0,0.0,N,1,2026-07-19
166,1,12,7,2,7,7,Assignment,0,7,5,0,0,1.7142857142857142,12.0,0.5833333333333334,0.5833333333333334,4.0,5.5,20.0,0.0,0.0,0,0.0,4,20.0,0.0,0.0,0.0,N,1,2026-07-19
167,1,14,5,6,12,3,Course Page,2,2,8,1,0,2.8,19.6,0.2142857142857142,0.8571428571428571,5.0,0.0,0.0,0.0,0.0,0,0.0,5,0.0,0.0,0.0,0.0,N,1,2026-07-19
168,1,103,6,13,6,32,Course Page,29,21,45,0,0,17.166666666666668,120.16666666666669,0.3106796116504854,0.058252427184466,4.0,23.375,85.0,0.0,2.0,1,0.0,3,85.0,0.0,0.0,0.0,N,1,2026-07-19
169,1,2,1,2,0,0,Course Page,0,0,1,1,0,2.0,14.0,0.0,0.0,6.0,0.0,0.0,0.0,0.0,0,0.0,6,0.0,0.0,0.0,0.0,N,1,2026-07-19
170,1,0,0,0,0,0,No Activity,0,0,0,0,0,0.0,0.0,0.0,0.0,4.0,0.0,0.0,0.0,0.0,0,0.0,4,0.0,0.0,0.0,0.0,N,1,2026-07-19
171,1,0,0,0,0,0,No Activity,0,0,0,0,0,0.0,0.0,0.0,0.0,7.0,0.0,0.0,0.0,0.0,0,0.0,7,0.0,0.0,0.0,0.0,N,1,2026-07-19
172,2,14,4,8,3,1,Other,1,0,0,1,0,3.5,24.5,0.0714285714285714,0.2142857142857142,0.0,0.0,0.0,0.0,0.0,0,0.0,0,0.0,0.0,0.0,0.0,No Result,2,2026-07-19
173,3,25,3,10,13,0,Other,1,0,0,0,12,8.333333333333334,58.333333333333336,0.0,0.52,1.0,0.0,0.0,0.0,0.0,0,0.0,1,0.0,0.0,0.0,0.0,No Result,2,2026-07-19
174,3,18,2,8,0,16,Quiz,0,0,0,0,10,9.0,63.0,0.8888888888888888,0.0,1.0,100.0,100.0,100.0,100.0,1,100.0,0,0.0,0.0,0.0,0.0,No Result,2,2026-07-19
1,1,1086,97,27,291,126,Assignment,5,939,142,0,0,11.195876288659791,78.37113402061856,0.1160220994475138,0.2679558011049723,0.0,0.0,0.0,0.0,0.0,0,0.0,0,0.0,0.0,0.0,0.0,No Result,1,2026-07-20
2,1,549,53,39,256,114,Course Page,137,184,192,15,0,10.358490566037736,72.50943396226415,0.2076502732240437,0.4663023679417122,15.0,70.53999999999999,100.0,0.0,41.0,10,44.8,5,95.0,72.0,34.9,-23.0,SA,1,2026-07-20
3,1,236,30,20,91,33,Course Page,50,92,93,1,0,7.866666666666666,55.06666666666667,0.1398305084745762,0.3855932203389831,12.0,58.083333333333336,100.0,0.0,0.0,9,0.0,3,66.0,63.333333333333336,41.66666666666666,-2.6666666666666643,DX,1,2026-07-20
4,1,183,33,22,72,20,Course Page,48,45,68,6,0,5.545454545454546,38.81818181818182,0.1092896174863388,0.3934426229508196,15.0,83.28666666666666,100.0,60.0,49.0,15,61.9,0,79.0,98.0,68.95,19.0,S,1,2026-07-20
5,1,356,55,25,169,50,Course Page,61,130,165,0,0,6.472727272727273,45.30909090909091,0.1404494382022472,0.4747191011235955,15.0,86.00666666666666,100.0,10.0,86.0,14,93.05,1,71.0,97.0,91.525,26.0,HD,1,2026-07-20
6,1,852,92,60,469,168,Course Page,69,300,428,10,0,9.26086956521739,64.82608695652173,0.1971830985915492,0.5504694835680751,15.0,81.62666666666668,100.0,54.0,0.0,15,60.45,0,87.0,94.0,57.225,7.0,DX,1,2026-07-20
7,1,1292,123,34,121,405,Course Page,373,194,695,16,0,10.504065040650406,73.52845528455283,0.3134674922600619,0.0936532507739938,15.0,53.53333333333333,80.0,31.0,46.0,9,68.0,6,51.0,59.0,49.5,8.0,S,1,2026-07-20
8,1,301,48,20,244,87,Course Page,59,72,151,0,0,6.270833333333333,43.895833333333336,0.2890365448504983,0.8106312292358804,15.0,57.940000000000005,94.0,0.0,46.0,11,71.05,4,46.0,52.0,82.525,6.0,S,1,2026-07-20
9,1,365,47,23,125,25,Assignment,54,160,144,1,0,7.76595744680851,54.361702127659576,0.0684931506849315,0.3424657534246575,15.0,67.83733333333333,100.0,0.0,75.0,12,52.28,3,94.0,40.0,70.14,-54.0,D,1,2026-07-20
10,1,158,23,15,87,24,Course Page,15,48,90,3,0,6.869565217391305,48.08695652173913,0.1518987341772152,0.5506329113924051,11.0,60.08181818181818,95.0,10.0,32.0,6,84.7,5,56.25,70.0,64.85,13.75,N,1,2026-07-20
11,1,229,35,18,92,55,Course Page,10,68,146,2,0,6.542857142857143,45.8,0.2401746724890829,0.4017467248908297,14.0,77.07142857142857,100.0,0.0,33.0,12,0.0,2,88.0,78.0,55.333333333333336,-10.0,N,1,2026-07-20
12,1,1221,84,42,307,252,Course Page,249,268,630,30,0,14.535714285714286,101.75,0.2063882063882063,0.2514332514332514,15.0,79.43333333333334,100.0,40.0,75.0,14,87.0,1,86.0,79.0,71.0,-7.0,D,1,2026-07-20
13,1,187,38,22,80,27,Course Page,35,41,67,36,0,4.921052631578948,34.44736842105263,0.1443850267379679,0.427807486631016,15.0,98.49333333333334,100.0,88.7,76.0,15,88.7,0,100.0,100.0,94.35,0.0,D,1,2026-07-20
14,1,141,28,19,20,16,Assignment,32,39,39,27,0,5.035714285714286,35.25,0.1134751773049645,0.1418439716312056,14.0,82.82142857142857,100.0,0.0,50.0,13,0.0,1,90.0,91.0,54.66666666666666,1.0,P,1,2026-07-20
15,1,1194,97,48,851,231,Assignment,38,658,477,12,0,12.309278350515465,86.16494845360825,0.1934673366834171,0.7127303182579564,15.0,88.74666666666667,100.0,70.0,59.0,15,81.1,0,92.0,94.0,77.05,2.0,P,1,2026-07-20
16,1,733,68,27,439,250,Course Page,184,137,384,1,0,10.779411764705882,75.45588235294119,0.3410641200545702,0.5989085948158254,15.0,68.83333333333333,100.0,0.0,51.0,12,20.25,3,86.0,66.0,49.125,-20.0,P,1,2026-07-20
17,1,43,8,9,15,13,Course Page,7,17,19,0,0,5.375,37.625,0.3023255813953488,0.3488372093023256,7.0,35.857142857142854,100.0,0.0,5.0,3,0.0,4,73.33333333333333,0.0,3.0,0.0,N,1,2026-07-20
18,1,49,5,9,2,48,Course Page,0,8,41,0,0,9.8,68.6,0.979591836734694,0.0408163265306122,6.0,0.0,0.0,0.0,0.0,0,0.0,6,0.0,0.0,0.0,0.0,N,1,2026-07-20
19,1,535,71,33,216,111,Course Page,130,76,247,20,0,7.535211267605634,52.74647887323944,0.2074766355140186,0.4037383177570093,15.0,93.65333333333334,100.0,70.0,83.0,15,93.15,0,90.0,97.0,94.075,7.0,HD,1,2026-07-20
20,1,161,22,32,67,57,Course Page,49,40,55,1,0,7.318181818181818,51.22727272727273,0.3540372670807453,0.4161490683229814,8.0,53.875,100.0,20.0,34.0,4,65.0,4,100.0,20.0,47.25,-80.0,N,1,2026-07-20
21,1,268,41,40,101,55,Assignment,67,87,85,9,0,6.536585365853658,45.75609756097561,0.2052238805970149,0.376865671641791,8.0,67.8875,100.0,26.5,50.0,7,62.3,1,97.5,70.0,62.9,-27.5,P,1,2026-07-20
22,1,1203,111,36,221,239,Course Page,115,292,765,7,0,10.83783783783784,75.86486486486486,0.198669991687448,0.1837073981712385,15.0,96.584,100.0,88.13,83.0,15,88.13,0,98.0,97.0,94.065,-1.0,HD,1,2026-07-20
23,1,402,58,26,119,59,Course Page,158,50,165,11,0,6.931034482758621,48.51724137931034,0.1467661691542288,0.2960199004975124,15.0,85.1,100.0,55.5,83.0,15,74.0,0,94.0,91.0,64.75,-3.0,HD,1,2026-07-20
24,1,248,30,18,85,9,Course Page,56,41,129,21,0,8.266666666666667,57.86666666666667,0.0362903225806451,0.3427419354838709,9.0,83.38888888888889,100.0,38.5,40.0,8,75.5,1,96.25,0.0,81.75,0.0,SA,1,2026-07-20
25,1,382,49,30,148,43,Course Page,90,101,182,2,0,7.795918367346939,54.57142857142857,0.112565445026178,0.387434554973822,15.0,77.36,100.0,46.2,40.0,13,46.2,2,81.0,83.0,64.6,2.0,SA,1,2026-07-20
26,1,415,47,37,205,80,Course Page,119,81,131,38,0,8.829787234042554,61.80851063829787,0.1927710843373494,0.4939759036144578,12.0,38.083333333333336,70.0,0.0,18.0,4,0.0,8,56.66666666666666,36.0,24.0,-20.666666666666664,N,1,2026-07-20
27,1,266,37,17,58,37,Course Page,71,62,128,0,0,7.1891891891891895,50.32432432432432,0.1390977443609022,0.2180451127819548,13.0,51.68461538461538,80.0,30.0,24.0,6,46.45,7,60.0,50.0,44.225,-10.0,N,1,2026-07-20
28,1,7,3,4,3,0,Course Page,0,3,4,0,0,2.333333333333333,16.333333333333336,0.0,0.4285714285714285,4.0,26.125,95.0,0.0,2.0,1,0.0,3,0.0,95.0,0.0,0.0,N,1,2026-07-20
29,1,379,49,37,83,71,Course Page,39,131,147,19,0,7.73469387755102,54.142857142857146,0.1873350923482849,0.2189973614775725,14.0,75.61428571428571,100.0,56.05,59.0,14,56.05,0,83.0,85.0,57.025,2.0,P,1,2026-07-20
30,1,111,26,18,40,35,Course Page,14,41,49,3,0,4.269230769230769,29.884615384615383,0.3153153153153153,0.3603603603603603,9.0,41.66666666666666,95.0,5.5,17.0,4,5.5,5,52.5,0.0,36.0,0.0,N,1,2026-07-20
31,1,362,46,37,114,38,Course Page,79,117,130,11,0,7.869565217391305,55.08695652173913,0.1049723756906077,0.3149171270718232,15.0,90.15333333333334,100.0,65.8,72.0,15,65.8,0,97.4,90.0,80.4,-7.400000000000006,D,1,2026-07-20
32,1,450,59,50,32,54,Assignment,41,226,161,15,0,7.627118644067797,53.389830508474574,0.12,0.0711111111111111,14.0,84.09285714285714,100.0,59.0,75.0,14,59.4,0,91.25,98.0,59.2,6.75,D,1,2026-07-20
33,1,317,43,31,69,101,Course Page,42,72,166,17,0,7.372093023255814,51.604651162790695,0.3186119873817035,0.2176656151419558,15.0,88.39666666666668,100.0,60.0,49.0,15,91.3,0,78.0,100.0,86.7375,22.0,S,1,2026-07-20
34,1,501,58,28,365,130,Course Page,82,166,230,13,0,8.637931034482758,60.4655172413793,0.2594810379241516,0.7285429141716567,13.0,76.96153846153847,100.0,20.0,44.0,11,83.0,2,81.0,73.33333333333333,78.25,-7.666666666666671,SA,1,2026-07-20
35,1,338,51,34,46,17,Course Page,80,113,123,6,0,6.627450980392157,46.3921568627451,0.0502958579881656,0.136094674556213,15.0,84.97333333333333,100.0,70.35,48.0,15,70.35,0,87.8,90.0,74.175,2.200000000000003,S,1,2026-07-20
36,1,402,48,30,141,60,Course Page,87,87,188,0,0,8.375,58.625,0.1492537313432835,0.3507462686567164,15.0,67.6,90.0,35.0,56.0,13,64.5,2,67.0,63.0,74.75,-4.0,P,1,2026-07-20
37,1,212,36,15,16,4,Course Page,32,60,115,3,0,5.888888888888889,41.22222222222222,0.0188679245283018,0.0754716981132075,14.0,77.27142857142857,95.0,55.0,54.0,14,81.4,0,79.0,73.75,80.7,-5.25,P,1,2026-07-20
38,1,846,84,39,256,166,Course Page,130,242,403,20,0,10.071428571428571,70.5,0.1962174940898345,0.3026004728132387,15.0,67.25333333333333,92.0,35.0,45.0,12,79.65,3,62.0,59.0,85.825,-3.0,S,1,2026-07-20
39,1,211,50,37,41,40,Lecture Material,70,58,59,6,0,4.22,29.54,0.1895734597156398,0.1943127962085308,15.0,81.94266666666667,100.0,61.57,70.0,15,61.57,0,94.0,82.0,65.285,-12.0,D,1,2026-07-20
40,1,321,40,22,154,30,Assignment,31,178,111,1,0,8.025,56.175,0.0934579439252336,0.4797507788161994,14.0,62.392857142857146,100.0,19.0,34.0,12,19.0,2,75.0,72.5,35.5,-2.5,N,1,2026-07-20
41,1,409,43,27,225,101,Course Page,78,122,196,10,0,9.511627906976743,66.5813953488372,0.2469437652811736,0.5501222493887531,10.0,38.9,60.0,0.0,15.0,5,46.0,5,40.0,55.0,30.666666666666668,15.0,N,1,2026-07-20
42,1,266,42,20,128,22,Assignment,24,130,101,1,0,6.333333333333333,44.333333333333336,0.0827067669172932,0.4812030075187969,13.0,84.34615384615384,100.0,60.0,62.0,13,60.0,0,91.0,93.33333333333331,72.0,2.3333333333333286,C,1,2026-07-20
43,1,611,63,36,334,99,Course Page,106,77,402,1,0,9.698412698412698,67.88888888888889,0.1620294599018003,0.546644844517185,14.0,82.27857142857144,100.0,45.0,43.0,13,85.95,1,85.0,88.0,73.475,3.0,SA,1,2026-07-20
44,1,367,38,26,107,75,Course Page,85,96,174,7,0,9.657894736842104,67.60526315789474,0.2043596730245231,0.2915531335149863,13.0,83.9076923076923,100.0,67.9,60.0,13,67.9,0,93.0,88.33333333333333,71.95,-4.666666666666671,C,1,2026-07-20
45,1,478,62,56,257,73,Assignment,67,193,193,8,0,7.709677419354839,53.967741935483865,0.1527196652719665,0.5376569037656904,15.0,89.08666666666666,100.0,65.0,71.0,15,79.15,0,88.0,92.0,86.575,4.0,D,1,2026-07-20
46,1,265,40,22,79,64,Course Page,66,59,118,13,0,6.625,46.375,0.2415094339622641,0.2981132075471698,15.0,72.78666666666666,90.0,40.0,46.0,14,69.65,1,69.0,82.0,65.325,13.0,S,1,2026-07-20
47,1,330,53,26,156,115,Course Page,17,138,163,6,0,6.226415094339623,43.58490566037736,0.3484848484848485,0.4727272727272727,15.0,83.44666666666667,100.0,60.0,43.0,15,75.85,0,81.0,87.0,81.925,6.0,SA,1,2026-07-20
48,1,384,48,32,109,98,Course Page,115,96,160,1,0,8.0,56.0,0.2552083333333333,0.2838541666666667,15.0,72.25733333333332,100.0,25.0,48.0,12,51.43,3,86.0,56.0,75.715,-30.0,S,1,2026-07-20
49,1,439,34,30,366,158,Course Page,133,56,192,32,0,12.911764705882351,90.38235294117648,0.3599088838268792,0.8337129840546698,9.0,63.333333333333336,100.0,29.0,26.0,8,64.5,1,65.0,80.0,62.75,15.0,N,1,2026-07-20
50,1,254,35,41,64,8,Lecture Material,80,37,75,36,0,7.257142857142857,50.8,0.0314960629921259,0.2519685039370078,13.0,46.2,84.0,20.0,60.0,6,51.3,7,40.0,33.333333333333336,67.65,-6.666666666666664,C,1,2026-07-20
51,1,270,57,27,125,41,Course Page,44,94,106,12,0,4.7368421052631575,33.15789473684211,0.1518518518518518,0.4629629629629629,14.0,87.73571428571428,100.0,50.0,82.0,14,97.9,0,89.0,82.5,93.95,-6.5,HD,1,2026-07-20
52,1,244,32,23,120,39,Course Page,70,36,94,10,0,7.625,53.375,0.1598360655737705,0.4918032786885246,15.0,71.03333333333333,100.0,50.0,62.0,15,68.0,0,82.0,67.0,61.5,-15.0,C,1,2026-07-20
53,1,267,42,21,60,79,Course Page,75,66,121,4,0,6.357142857142857,44.5,0.2958801498127341,0.2247191011235955,12.0,57.03333333333333,100.0,19.7,37.0,7,19.7,5,72.0,50.0,44.6,-22.0,N,1,2026-07-20
54,1,748,69,41,322,144,Course Page,86,227,378,1,0,10.840579710144928,75.88405797101449,0.1925133689839572,0.4304812834224599,13.0,74.99230769230769,100.0,30.0,41.0,10,76.45,3,67.5,97.5,62.225,30.0,SA,1,2026-07-20
55,1,711,68,25,147,179,Course Page,39,94,552,6,0,10.455882352941176,73.19117647058825,0.2517580872011252,0.2067510548523206,11.0,45.13636363636363,75.0,0.0,22.0,4,44.0,7,48.75,20.0,59.5,-28.75,N,1,2026-07-20
56,1,261,40,25,71,64,Course Page,31,99,113,8,0,6.525,45.675,0.2452107279693486,0.2720306513409962,15.0,78.56666666666666,100.0,0.0,60.0,14,84.0,1,92.0,59.0,87.0,-33.0,C,1,2026-07-20
57,1,176,38,16,78,22,Course Page,11,45,119,0,0,4.631578947368421,32.421052631578945,0.125,0.4431818181818182,6.0,57.333333333333336,100.0,10.0,47.0,5,62.0,1,100.0,0.0,58.5,0.0,S,1,2026-07-20
58,1,387,46,28,135,68,Course Page,93,46,223,11,0,8.41304347826087,58.891304347826086,0.1757105943152454,0.3488372093023256,12.0,26.375,55.0,0.0,20.0,4,53.75,8,17.5,6.666666666666667,54.375,-10.833333333333332,N,1,2026-07-20
59,1,221,28,16,77,28,Course Page,50,48,123,0,0,7.892857142857143,55.25,0.1266968325791855,0.3484162895927601,9.0,55.67777777777778,85.0,29.0,19.0,6,36.05,3,78.33333333333333,55.0,45.525,-23.33333333333333,N,1,2026-07-20
60,1,455,69,27,180,125,Course Page,40,177,214,15,0,6.594202898550725,46.15942028985507,0.2747252747252747,0.3956043956043956,15.0,90.91333333333334,100.0,80.0,65.0,15,84.15,0,91.8,91.0,89.575,-0.7999999999999972,C,1,2026-07-20
61,1,280,49,34,118,59,Course Page,84,64,88,14,0,5.714285714285714,40.0,0.2107142857142857,0.4214285714285714,15.0,91.0,100.0,60.0,83.0,15,80.0,0,98.0,88.0,85.5,-10.0,HD,1,2026-07-20
62,1,220,37,28,98,71,Course Page,47,58,105,4,0,5.945945945945946,41.62162162162162,0.3227272727272727,0.4454545454545454,15.0,74.58,95.0,50.0,48.0,15,88.35,0,79.0,69.0,76.175,-10.0,S,1,2026-07-20
63,1,347,53,31,118,41,Course Page,40,77,204,5,0,6.547169811320755,45.83018867924528,0.1181556195965417,0.3400576368876081,14.0,79.5,100.0,40.0,46.0,13,65.5,1,88.0,75.0,74.75,-13.0,S,1,2026-07-20
64,1,551,30,28,345,60,Course Page,64,49,410,9,0,18.366666666666667,128.56666666666666,0.1088929219600726,0.6261343012704175,10.0,48.73,80.0,10.0,23.0,7,65.65,3,40.0,50.0,61.325,10.0,N,1,2026-07-20
65,1,408,50,34,165,38,Course Page,43,137,180,15,0,8.16,57.12,0.0931372549019607,0.4044117647058823,15.0,83.24666666666667,95.0,58.0,58.0,15,88.4,0,83.8,90.0,73.2,6.200000000000003,P,1,2026-07-20
66,1,213,44,24,39,47,Course Page,71,59,74,3,0,4.840909090909091,33.88636363636364,0.2206572769953051,0.1830985915492957,15.0,74.21333333333334,100.0,30.0,46.0,14,72.35,1,66.0,77.0,81.675,11.0,S,1,2026-07-20
67,1,193,18,42,172,40,Assignment,38,110,34,7,0,10.72222222222222,75.05555555555554,0.2072538860103626,0.8911917098445595,15.0,87.22666666666667,100.0,67.7,70.0,15,67.7,0,96.0,86.0,76.85,-10.0,D,1,2026-07-20
68,1,503,74,31,73,85,Course Page,71,69,342,2,0,6.797297297297297,47.58108108108108,0.1689860834990059,0.1451292246520874,15.0,75.48666666666666,100.0,30.0,44.0,12,41.65,3,72.0,90.0,60.325,18.0,SA,1,2026-07-20
69,1,151,33,22,57,12,Course Page,26,46,78,0,0,4.575757575757576,32.03030303030303,0.0794701986754966,0.3774834437086092,15.0,71.59466666666667,100.0,47.21,58.0,13,47.21,2,74.0,75.0,63.605,1.0,P,1,2026-07-20
70,1,463,46,24,105,76,Course Page,85,89,268,8,0,10.065217391304348,70.45652173913044,0.1641468682505399,0.2267818574514039,15.0,95.83733333333332,100.0,88.28,85.0,15,88.28,0,98.0,96.0,92.64,-2.0,HD,1,2026-07-20
71,1,91,20,14,38,25,Assignment,2,58,24,5,0,4.55,31.85,0.2747252747252747,0.4175824175824176,14.0,54.642857142857146,80.0,0.0,30.0,10,66.0,4,55.0,42.0,73.0,-13.0,N,1,2026-07-20
72,1,452,50,31,192,33,Course Page,75,149,207,8,0,9.04,63.28,0.0730088495575221,0.4247787610619469,15.0,75.97333333333333,100.0,40.0,66.0,14,96.3,1,80.0,62.0,89.65,-18.0,C,1,2026-07-20
73,1,252,39,35,169,48,Assignment,21,106,99,16,0,6.461538461538462,45.23076923076923,0.1904761904761904,0.6706349206349206,10.0,53.4,100.0,0.0,11.0,5,0.0,5,80.0,75.0,9.333333333333334,-5.0,N,1,2026-07-20
74,1,327,60,18,149,59,Course Page,52,60,209,0,0,5.45,38.15,0.1804281345565749,0.45565749235474,15.0,76.5,95.0,30.0,54.0,14,50.0,1,76.0,81.0,71.0,5.0,P,1,2026-07-20
75,1,494,65,24,261,106,Course Page,19,232,240,0,0,7.6,53.2,0.2145748987854251,0.52834008097166,14.0,73.39285714285714,100.0,40.0,55.0,11,41.0,3,70.0,93.75,57.5,23.75,P,1,2026-07-20
76,1,187,29,28,42,24,Assignment,25,78,78,1,0,6.448275862068965,45.137931034482754,0.1283422459893048,0.2245989304812834,15.0,64.23333333333333,100.0,20.0,53.0,11,45.0,4,76.0,61.0,52.5,-15.0,P,1,2026-07-20
77,1,220,35,24,90,28,Course Page,68,45,85,15,0,6.285714285714286,44.0,0.1272727272727272,0.4090909090909091,10.0,70.47,100.0,38.0,50.0,9,89.35,1,70.0,100.0,71.675,30.0,P,1,2026-07-20
78,1,445,66,27,247,87,Course Page,52,56,321,5,0,6.742424242424242,47.196969696969695,0.195505617977528,0.5550561797752809,14.0,76.72142857142856,100.0,50.0,39.0,14,73.3,0,71.25,78.0,82.9,6.75,N,1,2026-07-20
79,1,375,47,29,104,82,Course Page,96,103,145,3,0,7.978723404255319,55.85106382978724,0.2186666666666666,0.2773333333333333,14.0,70.85714285714286,100.0,40.0,63.0,13,63.0,1,86.0,65.0,58.25,-21.0,C,1,2026-07-20
80,1,333,56,21,151,116,Course Page,51,86,193,2,0,5.946428571428571,41.625,0.3483483483483483,0.4534534534534534,15.0,81.77333333333333,100.0,65.0,67.0,15,79.3,0,86.0,78.0,81.15,-8.0,C,1,2026-07-20
81,1,511,76,38,129,125,Lecture Material,159,149,152,22,0,6.723684210526316,47.065789473684205,0.2446183953033268,0.2524461839530332,15.0,35.906666666666666,75.0,10.0,25.0,4,48.8,11,15.0,55.0,38.4,40.0,N,1,2026-07-20
82,1,657,66,29,253,82,Course Page,102,236,299,7,0,9.954545454545457,69.68181818181819,0.1248097412480974,0.3850837138508371,15.0,92.12666666666668,100.0,70.0,73.0,15,88.7,0,90.0,93.0,93.85,3.0,D,1,2026-07-20
83,1,325,50,23,92,61,Course Page,36,69,212,7,0,6.5,45.5,0.1876923076923076,0.283076923076923,15.0,68.04,100.0,40.0,30.0,12,45.3,3,69.0,79.0,51.65,10.0,N,1,2026-07-20
84,1,353,46,24,160,45,Course Page,52,58,227,3,0,7.673913043478261,53.71739130434783,0.1274787535410765,0.4532577903682719,15.0,83.09333333333333,100.0,69.0,52.0,15,70.2,0,84.0,92.0,69.6,8.0,P,1,2026-07-20
85,1,191,35,19,87,43,Course Page,11,72,103,1,0,5.457142857142857,38.2,0.225130890052356,0.4554973821989528,15.0,69.76666666666667,100.0,0.0,21.0,10,0.0,5,79.0,100.0,15.5,21.0,N,1,2026-07-20
86,1,343,47,32,174,43,Course Page,75,66,165,16,0,7.297872340425532,51.08510638297872,0.1253644314868804,0.5072886297376094,12.0,57.76666666666667,100.0,20.0,30.0,8,68.1,4,65.0,43.333333333333336,66.05,-21.666666666666664,N,1,2026-07-20
87,1,120,14,16,27,13,Assignment,13,60,45,1,0,8.571428571428571,60.0,0.1083333333333333,0.225,14.0,59.17857142857143,100.0,0.0,41.0,9,56.0,5,55.0,75.0,49.0,20.0,SA,1,2026-07-20
88,1,109,19,12,27,28,Course Page,14,37,55,0,0,5.7368421052631575,40.1578947368421,0.2568807339449541,0.2477064220183486,9.0,74.33333333333333,100.0,0.0,62.0,7,86.5,2,75.0,0.0,84.75,0.0,C,1,2026-07-20
89,1,284,62,20,165,64,Assignment,20,144,100,4,0,4.580645161290323,32.064516129032256,0.2253521126760563,0.5809859154929577,8.0,14.0,38.0,0.0,9.0,0,38.0,8,0.0,0.0,28.0,0.0,N,1,2026-07-20
90,1,502,51,32,95,64,Course Page,78,171,227,15,0,9.84313725490196,68.90196078431373,0.1274900398406374,0.1892430278884462,15.0,87.90666666666667,100.0,79.0,73.0,15,82.55,0,92.0,89.0,80.775,-3.0,D,1,2026-07-20
91,1,311,51,28,149,41,Course Page,40,78,152,13,0,6.098039215686274,42.68627450980392,0.1318327974276527,0.4790996784565916,15.0,84.86,100.0,50.0,72.0,15,84.95,0,74.0,92.0,89.975,18.0,D,1,2026-07-20
92,1,488,51,41,75,94,Course Page,94,146,180,28,0,9.568627450980392,66.98039215686275,0.1926229508196721,0.1536885245901639,10.0,78.85,100.0,43.5,40.0,9,72.5,1,78.33333333333333,100.0,77.5,21.66666666666667,SA,1,2026-07-20
93,1,188,31,24,45,7,Course Page,39,53,63,7,0,6.064516129032258,42.4516129032258,0.0372340425531914,0.2393617021276596,13.0,32.19230769230769,60.0,0.0,33.0,3,23.0,10,41.0,26.666666666666668,26.25,-14.333333333333332,N,1,2026-07-20
94,1,417,35,26,164,46,Course Page,117,107,160,0,0,11.914285714285716,83.4,0.1103117505995203,0.3932853717026379,14.0,53.785714285714285,90.0,17.0,51.0,8,17.0,6,75.0,56.25,23.25,-18.75,P,1,2026-07-20
95,1,244,31,34,137,72,Course Page,35,96,97,1,0,7.870967741935484,55.096774193548384,0.2950819672131147,0.5614754098360656,12.0,41.833333333333336,86.0,0.0,0.0,4,0.0,8,55.0,26.666666666666668,43.0,-28.33333333333333,DX,1,2026-07-20
96,1,780,74,46,653,188,Assignment,73,351,337,12,0,10.54054054054054,73.78378378378379,0.241025641025641,0.8371794871794872,15.0,68.36,100.0,1.2,25.0,11,1.2,4,82.0,88.0,22.6,6.0,N,1,2026-07-20
97,1,157,35,15,39,54,Course Page,49,45,56,5,0,4.485714285714286,31.4,0.3439490445859872,0.2484076433121019,12.0,76.825,100.0,55.5,44.0,12,55.7,0,88.33333333333333,72.5,77.85,-15.833333333333329,SA,1,2026-07-20
98,1,145,23,16,67,31,Course Page,47,29,66,0,0,6.304347826086956,44.130434782608695,0.2137931034482758,0.4620689655172413,8.0,51.275,100.0,0.0,28.0,5,73.1,3,40.0,0.0,69.55,0.0,N,1,2026-07-20
99,1,417,49,36,77,31,Course Page,114,78,183,12,0,8.510204081632653,59.57142857142857,0.0743405275779376,0.184652278177458,14.0,74.25,100.0,0.0,60.0,13,79.0,1,90.0,53.75,77.0,-36.25,C,1,2026-07-20
100,1,57,20,5,8,6,Course Page,1,2,53,1,0,2.85,19.95,0.1052631578947368,0.1403508771929824,10.0,41.15,75.0,0.0,10.0,5,0.0,5,61.25,50.0,21.75,-11.25,N,1,2026-07-20
101,1,733,50,30,296,161,Course Page,162,118,423,0,0,14.66,102.62,0.2196452933151432,0.4038199181446112,15.0,71.86666666666666,90.0,43.0,38.0,13,67.0,2,74.0,82.0,55.0,8.0,N,1,2026-07-20
102,1,121,15,11,53,24,Course Page,17,43,57,0,0,8.066666666666666,56.46666666666667,0.1983471074380165,0.4380165289256198,8.0,10.375,25.0,0.0,2.0,0,0.0,8,16.666666666666668,20.0,2.0,3.333333333333332,N,1,2026-07-20
103,1,444,81,45,215,128,Course Page,35,160,234,5,0,5.481481481481482,38.37037037037037,0.2882882882882883,0.4842342342342342,15.0,89.96666666666667,100.0,40.0,74.0,13,93.0,2,97.0,100.0,66.5,3.0,D,1,2026-07-20
104,1,421,72,28,140,80,Assignment,94,143,101,36,0,5.847222222222222,40.93055555555555,0.1900237529691211,0.332541567695962,15.0,91.53333333333332,100.0,75.0,72.0,15,94.0,0,96.0,86.0,93.0,-10.0,D,1,2026-07-20
105,1,211,40,22,90,30,Course Page,28,74,95,5,0,5.275,36.925,0.1421800947867298,0.4265402843601896,12.0,65.48333333333333,90.0,25.0,36.0,10,65.65,2,76.0,57.5,60.325,-18.5,N,1,2026-07-20
106,1,638,68,43,395,140,Course Page,65,188,345,7,0,9.382352941176473,65.6764705882353,0.219435736677116,0.6191222570532915,14.0,48.75714285714286,100.0,0.0,33.0,8,32.8,6,46.0,60.0,41.4,14.0,N,1,2026-07-20
107,1,678,69,46,174,108,Course Page,149,180,300,2,0,9.826086956521738,68.78260869565217,0.1592920353982301,0.2566371681415929,14.0,68.35714285714286,100.0,30.0,53.0,13,77.0,1,70.0,65.0,71.5,-5.0,P,1,2026-07-20
108,1,333,32,25,260,79,Course Page,98,66,151,9,0,10.40625,72.84375,0.2372372372372372,0.7807807807807807,14.0,58.46428571428572,85.0,0.0,57.0,12,76.0,2,70.0,38.75,65.75,-31.25,P,1,2026-07-20
109,1,205,30,19,103,6,Course Page,40,46,110,0,0,6.833333333333333,47.833333333333336,0.0292682926829268,0.5024390243902439,11.0,68.95454545454545,90.0,43.5,66.0,10,85.0,1,67.5,82.5,70.0,15.0,C,1,2026-07-20
110,1,251,30,30,194,56,Assignment,34,104,104,2,0,8.366666666666667,58.56666666666667,0.2231075697211155,0.7729083665338645,10.0,51.2,70.0,27.0,22.0,6,58.5,4,56.66666666666666,50.0,53.75,-6.666666666666664,N,1,2026-07-20
111,1,257,25,34,153,18,Assignment,9,147,92,1,0,10.28,71.96,0.0700389105058365,0.5953307392996109,13.0,81.69999999999999,100.0,63.3,45.0,13,63.3,0,99.0,76.66666666666667,66.15,-22.33333333333333,S,1,2026-07-20
112,1,189,26,24,79,31,Assignment,15,80,77,2,0,7.269230769230769,50.88461538461538,0.164021164021164,0.4179894179894179,14.0,67.51428571428572,100.0,30.0,52.0,12,52.85,2,53.75,82.0,64.425,28.25,P,1,2026-07-20
113,1,502,67,30,198,77,Course Page,50,120,293,1,0,7.492537313432836,52.44776119402985,0.1533864541832669,0.3944223107569721,15.0,31.466666666666665,75.0,0.0,24.0,5,62.0,10,17.0,19.0,68.5,2.0,N,1,2026-07-20
114,1,157,22,22,85,4,Assignment,15,92,46,0,0,7.136363636363637,49.95454545454545,0.0254777070063694,0.5414012738853503,15.0,80.2,100.0,60.0,68.0,15,86.0,0,83.0,81.0,75.25,-2.0,C,1,2026-07-20
115,1,455,47,27,73,70,Course Page,100,151,195,2,0,9.680851063829786,67.76595744680851,0.1538461538461538,0.1604395604395604,14.0,73.57142857142857,100.0,50.0,58.0,14,65.0,0,84.0,70.0,65.0,-14.0,P,1,2026-07-20
116,1,127,18,13,91,43,Course Page,11,45,62,8,0,7.055555555555555,49.388888888888886,0.3385826771653543,0.7165354330708661,6.0,50.48333333333333,78.0,0.0,23.0,4,73.45,2,0.0,0.0,75.725,0.0,N,1,2026-07-20
117,1,105,20,22,8,9,Assignment,24,53,23,2,0,5.25,36.75,0.0857142857142857,0.0761904761904762,15.0,92.2,100.0,50.0,82.0,15,91.5,0,100.0,100.0,70.75,0.0,HD,1,2026-07-20
118,1,803,74,32,219,117,Assignment,127,351,295,7,0,10.85135135135135,75.95945945945947,0.1457036114570361,0.2727272727272727,15.0,79.42,100.0,30.0,64.0,14,94.65,1,72.0,80.0,88.825,8.0,C,1,2026-07-20
119,1,165,29,22,66,9,Course Page,39,59,66,0,0,5.689655172413793,39.82758620689655,0.0545454545454545,0.4,15.0,69.7,100.0,10.0,50.0,11,77.5,4,80.0,67.0,59.25,-13.0,P,1,2026-07-20
120,1,191,37,15,42,34,Course Page,61,35,90,3,0,5.162162162162162,36.13513513513514,0.1780104712041884,0.2198952879581152,14.0,88.57857142857142,100.0,64.0,61.0,14,83.05,0,100.0,92.0,73.525,-8.0,C,1,2026-07-20
121,1,230,27,33,108,45,Course Page,71,40,100,2,0,8.518518518518519,59.629629629629626,0.1956521739130435,0.4695652173913043,8.0,48.625,80.0,18.5,25.0,5,31.75,3,65.0,55.0,46.375,-10.0,N,1,2026-07-20
122,1,171,22,24,12,4,Assignment,40,66,59,0,0,7.772727272727272,54.409090909090914,0.023391812865497,0.0701754385964912,14.0,92.64,100.0,78.73,64.0,14,78.73,0,100.0,96.25,80.86500000000001,-3.75,C,1,2026-07-20
123,1,134,21,26,64,13,Course Page,44,38,44,4,0,6.380952380952381,44.66666666666666,0.0970149253731343,0.4776119402985074,10.0,34.05,63.0,0.0,18.0,4,63.0,6,36.25,25.0,42.0,-11.25,N,1,2026-07-20
124,1,599,89,29,211,134,Course Page,190,65,320,22,0,6.730337078651686,47.1123595505618,0.2237061769616026,0.352253756260434,15.0,80.41333333333334,95.0,69.0,72.0,15,72.1,0,83.0,85.0,70.55,2.0,D,1,2026-07-20
125,1,669,89,33,185,153,Course Page,194,107,351,8,0,7.51685393258427,52.61797752808989,0.2286995515695067,0.2765321375186846,15.0,85.4,100.0,70.0,75.0,15,73.5,0,88.0,92.0,72.75,4.0,D,1,2026-07-20
126,1,205,29,20,22,83,Assignment,32,88,78,2,0,7.068965517241379,49.48275862068965,0.4048780487804878,0.1073170731707317,15.0,65.63333333333334,100.0,0.0,53.0,12,54.0,3,72.0,55.0,71.5,-17.0,P,1,2026-07-20
127,1,169,28,19,91,35,Course Page,32,50,83,0,0,6.035714285714286,42.25,0.2071005917159763,0.5384615384615384,11.0,38.95454545454545,85.0,0.0,23.0,6,0.0,5,42.0,85.0,26.0,43.0,N,1,2026-07-20
128,1,230,44,23,71,45,Course Page,18,97,104,5,0,5.227272727272728,36.59090909090909,0.1956521739130435,0.308695652173913,12.0,67.86666666666666,85.0,51.0,30.0,12,68.7,0,66.25,81.66666666666667,63.35,15.416666666666671,N,1,2026-07-20
129,1,662,60,34,264,156,Course Page,147,162,309,1,0,11.033333333333331,77.23333333333333,0.2356495468277945,0.3987915407854985,12.0,55.0,100.0,20.0,24.0,8,30.0,4,58.0,55.0,55.0,-3.0,N,1,2026-07-20
130,1,183,31,15,70,30,Assignment,35,76,72,0,0,5.903225806451613,41.32258064516129,0.1639344262295081,0.3825136612021858,8.0,64.725,100.0,23.0,25.0,6,57.4,2,76.66666666666667,0.0,66.2,0.0,N,1,2026-07-20
131,1,261,35,29,76,37,Course Page,67,72,102,8,0,7.457142857142857,52.2,0.1417624521072797,0.2911877394636015,15.0,87.54666666666667,100.0,76.35,82.0,15,76.35,0,91.0,84.0,87.675,-7.0,HD,1,2026-07-20
132,1,341,42,28,97,27,Course Page,27,127,169,10,0,8.119047619047619,56.833333333333336,0.0791788856304985,0.2844574780058651,14.0,79.64999999999999,100.0,50.0,63.0,14,95.55,0,78.0,72.5,91.775,-5.5,C,1,2026-07-20
133,1,157,18,18,49,16,Course Page,23,54,70,0,0,8.722222222222221,61.05555555555555,0.1019108280254777,0.3121019108280254,7.0,24.685714285714287,50.0,0.0,10.0,1,28.9,6,50.0,0.0,29.45,-50.0,N,1,2026-07-20
134,1,418,37,31,214,88,Course Page,120,75,201,15,0,11.297297297297296,79.08108108108108,0.2105263157894736,0.5119617224880383,12.0,54.333333333333336,95.0,20.0,27.0,7,62.0,5,36.66666666666666,72.5,53.0,35.833333333333336,N,1,2026-07-20
135,1,237,30,37,175,32,Assignment,20,140,70,1,0,7.9,55.3,0.1350210970464135,0.7383966244725738,14.0,78.47857142857143,100.0,37.0,38.0,12,50.35,2,96.0,90.0,43.675,-6.0,N,1,2026-07-20
136,1,359,51,22,145,87,Course Page,29,159,161,2,0,7.03921568627451,49.27450980392157,0.2423398328690807,0.403899721448468,14.0,73.15714285714286,83.85,65.0,56.0,14,83.85,0,75.0,71.0,75.925,-4.0,P,1,2026-07-20
137,1,307,28,42,114,29,Assignment,26,188,90,0,0,10.964285714285714,76.75,0.0944625407166123,0.3713355048859935,15.0,78.88000000000001,100.0,50.35,37.0,15,50.35,0,89.0,88.0,52.425,-1.0,N,1,2026-07-20
138,1,214,24,20,92,61,Assignment,17,99,93,1,0,8.916666666666666,62.41666666666667,0.2850467289719626,0.4299065420560747,13.0,74.6923076923077,100.0,30.0,42.0,11,88.5,2,71.25,78.75,77.75,7.5,SA,1,2026-07-20
139,1,135,22,15,72,40,Course Page,14,54,64,0,0,6.136363636363637,42.95454545454545,0.2962962962962963,0.5333333333333333,13.0,45.61538461538461,80.0,0.0,33.0,8,65.0,5,46.0,26.666666666666668,63.0,-19.33333333333333,N,1,2026-07-20
140,1,7,5,3,1,2,Course Page,0,2,4,1,0,1.4,9.8,0.2857142857142857,0.1428571428571428,4.0,5.5,20.0,0.0,0.0,0,0.0,4,20.0,0.0,0.0,0.0,N,1,2026-07-20
141,1,374,51,28,119,53,Course Page,58,100,201,9,0,7.333333333333333,51.333333333333336,0.141711229946524,0.3181818181818182,14.0,55.29,100.0,30.0,48.0,8,43.78,6,61.0,40.0,65.64,-21.0,S,1,2026-07-20
142,1,277,47,24,39,44,Course Page,55,57,125,6,0,5.893617021276596,41.25531914893617,0.1588447653429603,0.1407942238267148,14.0,89.41428571428571,100.0,75.0,71.0,14,95.9,0,92.5,90.0,87.45,-2.5,D,1,2026-07-20
143,1,501,38,26,232,64,Course Page,162,65,235,9,0,13.18421052631579,92.28947368421052,0.1277445109780439,0.4630738522954092,7.0,45.142857142857146,90.0,0.0,13.0,3,0.0,4,55.0,30.0,54.0,-25.0,N,1,2026-07-20
144,1,105,12,17,90,27,Course Page,3,33,66,0,0,8.75,61.25,0.2571428571428571,0.8571428571428571,10.0,62.5,95.0,0.0,58.0,7,87.0,3,60.0,72.5,58.0,12.5,P,1,2026-07-20
145,1,112,10,16,82,2,Lecture Material,48,26,35,3,0,11.2,78.39999999999999,0.0178571428571428,0.7321428571428571,8.0,58.875,100.0,0.0,17.0,5,0.0,3,77.5,0.0,43.333333333333336,0.0,N,1,2026-07-20
146,1,176,34,18,87,41,Course Page,58,39,63,2,0,5.176470588235294,36.235294117647065,0.2329545454545454,0.4943181818181818,7.0,60.07142857142857,75.0,14.5,22.0,6,55.5,1,72.5,0.0,65.25,0.0,N,1,2026-07-20
147,1,265,37,26,83,78,Course Page,59,81,115,8,0,7.162162162162162,50.13513513513514,0.2943396226415094,0.3132075471698113,10.0,65.25,100.0,12.75,25.0,6,12.75,4,92.5,40.0,50.375,-52.5,N,1,2026-07-20
148,1,101,21,18,44,17,Assignment,26,38,34,3,0,4.809523809523809,33.666666666666664,0.1683168316831683,0.4356435643564356,9.0,58.28888888888889,100.0,30.0,24.0,5,55.8,4,93.33333333333331,30.0,45.9,-63.33333333333333,N,1,2026-07-20
149,1,166,22,35,63,9,Assignment,14,126,26,0,0,7.545454545454546,52.81818181818182,0.0542168674698795,0.3795180722891566,14.0,87.92857142857143,100.0,62.75,60.0,14,62.75,0,99.0,97.5,64.375,-1.5,C,1,2026-07-20
150,1,94,25,14,25,20,Course Page,18,27,40,0,0,3.76,26.32,0.2127659574468085,0.2659574468085106,14.0,90.15,100.0,49.0,69.0,12,95.3,2,97.0,100.0,72.15,3.0,C,1,2026-07-20
151,1,54,13,13,27,10,Course Page,14,10,28,0,0,4.153846153846154,29.07692307692308,0.1851851851851851,0.5,10.0,53.9,100.0,0.0,10.0,6,0.0,4,45.0,80.0,0.0,35.0,N,1,2026-07-20
152,1,203,24,18,118,43,Course Page,31,76,87,1,0,8.458333333333334,59.208333333333336,0.2118226600985221,0.5812807881773399,8.0,19.5,38.0,0.0,11.0,0,38.0,8,5.0,10.0,33.5,5.0,N,1,2026-07-20
153,1,92,22,13,66,15,Assignment,23,60,8,0,0,4.181818181818182,29.27272727272728,0.1630434782608695,0.717391304347826,13.0,52.29230769230769,65.0,10.0,26.0,10,60.4,3,51.0,45.0,62.7,-6.0,N,1,2026-07-20
154,1,220,28,34,152,39,Course Page,42,42,115,2,0,7.857142857142857,55.0,0.1772727272727272,0.6909090909090909,5.0,11.4,50.0,0.0,1.0,1,0.0,4,0.0,50.0,0.6666666666666666,0.0,N,1,2026-07-20
155,1,8,3,4,6,0,Course Page,1,2,4,0,0,2.6666666666666665,18.666666666666668,0.0,0.75,6.0,0.0,0.0,0.0,0.0,0,0.0,6,0.0,0.0,0.0,0.0,N,1,2026-07-20
156,1,75,18,14,9,6,Course Page,15,26,30,2,0,4.166666666666667,29.166666666666664,0.08,0.12,15.0,84.06,100.0,50.0,42.0,15,82.7,0,82.0,83.0,88.35,1.0,SA,1,2026-07-20
157,1,96,15,20,45,10,Course Page,24,15,50,0,0,6.4,44.8,0.1041666666666666,0.46875,10.0,19.15,80.0,0.0,5.0,2,0.0,8,29.0,0.0,10.666666666666666,-29.0,N,1,2026-07-20
158,1,48,9,8,11,2,Course Page,4,14,29,0,0,5.333333333333333,37.33333333333333,0.0416666666666666,0.2291666666666666,8.0,8.25,33.0,0.0,3.0,0,0.0,8,0.0,0.0,22.0,0.0,N,1,2026-07-20
159,1,47,6,9,5,0,Assignment,7,23,17,0,0,7.833333333333333,54.833333333333336,0.0,0.1063829787234042,6.0,34.5,90.0,0.0,5.0,2,0.0,4,75.0,0.0,14.0,0.0,N,1,2026-07-20
160,1,101,14,11,6,21,Course Page,14,36,46,0,0,7.214285714285714,50.5,0.2079207920792079,0.0594059405940594,8.0,12.5,50.0,0.0,5.0,2,0.0,6,0.0,0.0,25.0,0.0,N,1,2026-07-20
161,1,134,17,14,58,40,Course Page,20,40,70,4,0,7.882352941176471,55.1764705882353,0.2985074626865671,0.4328358208955223,6.0,20.166666666666668,50.0,0.0,3.0,1,0.0,5,36.66666666666666,0.0,0.0,0.0,N,1,2026-07-20
162,1,71,12,17,35,14,Course Page,11,25,30,1,0,5.916666666666667,41.41666666666667,0.1971830985915492,0.4929577464788732,12.0,29.791666666666668,80.0,0.0,7.0,5,0.0,7,49.0,40.0,0.0,-9.0,N,1,2026-07-20
163,1,170,21,27,118,58,Assignment,18,120,27,0,0,8.095238095238095,56.66666666666666,0.3411764705882353,0.6941176470588235,9.0,67.22222222222223,100.0,0.0,11.0,7,0.0,2,90.0,100.0,0.0,10.0,N,1,2026-07-20
164,1,16,7,4,15,8,Course Page,0,2,13,0,0,2.2857142857142856,16.0,0.5,0.9375,3.0,0.0,0.0,0.0,0.0,0,0.0,3,0.0,0.0,0.0,0.0,N,1,2026-07-20
165,1,38,9,10,5,12,Course Page,11,9,16,0,0,4.222222222222222,29.55555555555556,0.3157894736842105,0.131578947368421,5.0,33.0,80.0,0.0,3.0,2,0.0,3,75.0,0.0,0.0,0.0,N,1,2026-07-20
166,1,12,7,2,7,7,Assignment,0,7,5,0,0,1.7142857142857142,12.0,0.5833333333333334,0.5833333333333334,4.0,5.5,20.0,0.0,0.0,0,0.0,4,20.0,0.0,0.0,0.0,N,1,2026-07-20
167,1,14,5,6,12,3,Course Page,2,2,8,1,0,2.8,19.6,0.2142857142857142,0.8571428571428571,5.0,0.0,0.0,0.0,0.0,0,0.0,5,0.0,0.0,0.0,0.0,N,1,2026-07-20
168,1,103,6,13,6,32,Course Page,29,21,45,0,0,17.166666666666668,120.16666666666669,0.3106796116504854,0.058252427184466,4.0,23.375,85.0,0.0,2.0,1,0.0,3,85.0,0.0,0.0,0.0,N,1,2026-07-20
169,1,2,1,2,0,0,Course Page,0,0,1,1,0,2.0,14.0,0.0,0.0,6.0,0.0,0.0,0.0,0.0,0,0.0,6,0.0,0.0,0.0,0.0,N,1,2026-07-20
170,1,0,0,0,0,0,No Activity,0,0,0,0,0,0.0,0.0,0.0,0.0,4.0,0.0,0.0,0.0,0.0,0,0.0,4,0.0,0.0,0.0,0.0,N,1,2026-07-20
171,1,0,0,0,0,0,No Activity,0,0,0,0,0,0.0,0.0,0.0,0.0,7.0,0.0,0.0,0.0,0.0,0,0.0,7,0.0,0.0,0.0,0.0,N,1,2026-07-20
172,2,14,4,8,3,1,Other,1,0,0,1,0,3.5,24.5,0.0714285714285714,0.2142857142857142,0.0,0.0,0.0,0.0,0.0,0,0.0,0,0.0,0.0,0.0,0.0,No Result,2,2026-07-20
173,3,25,3,10,13,0,Other,1,0,0,0,12,8.333333333333334,58.333333333333336,0.0,0.52,1.0,0.0,0.0,0.0,0.0,0,0.0,1,0.0,0.0,0.0,0.0,No Result,2,2026-07-20
174,3,18,2,8,0,16,Quiz,0,0,0,0,10,9.0,63.0,0.8888888888888888,0.0,1.0,100.0,100.0,100.0,100.0,1,100.0,0,0.0,0.0,0.0,0.0,No Result,2,2026-07-20
1,1,1086,97,27,291,126,Assignment,5,939,142,0,0,11.195876288659791,78.37113402061856,0.1160220994475138,0.2679558011049723,0.0,0.0,0.0,0.0,0.0,0,0.0,0,0.0,0.0,0.0,0.0,No Result,1,2026-07-21
2,1,549,53,39,256,114,Course Page,137,184,192,15,0,10.358490566037736,72.50943396226415,0.2076502732240437,0.4663023679417122,15.0,70.53999999999999,100.0,0.0,41.0,10,44.8,5,95.0,72.0,34.9,-23.0,SA,1,2026-07-21
3,1,236,30,20,91,33,Course Page,50,92,93,1,0,7.866666666666666,55.06666666666667,0.1398305084745762,0.3855932203389831,12.0,58.083333333333336,100.0,0.0,0.0,9,0.0,3,66.0,63.333333333333336,41.66666666666666,-2.6666666666666643,DX,1,2026-07-21
4,1,183,33,22,72,20,Course Page,48,45,68,6,0,5.545454545454546,38.81818181818182,0.1092896174863388,0.3934426229508196,15.0,83.28666666666666,100.0,60.0,49.0,15,61.9,0,79.0,98.0,68.95,19.0,S,1,2026-07-21
5,1,356,55,25,169,50,Course Page,61,130,165,0,0,6.472727272727273,45.30909090909091,0.1404494382022472,0.4747191011235955,15.0,86.00666666666666,100.0,10.0,86.0,14,93.05,1,71.0,97.0,91.525,26.0,HD,1,2026-07-21
6,1,852,92,60,469,168,Course Page,69,300,428,10,0,9.26086956521739,64.82608695652173,0.1971830985915492,0.5504694835680751,15.0,81.62666666666668,100.0,54.0,0.0,15,60.45,0,87.0,94.0,57.225,7.0,DX,1,2026-07-21
7,1,1292,123,34,121,405,Course Page,373,194,695,16,0,10.504065040650406,73.52845528455283,0.3134674922600619,0.0936532507739938,15.0,53.53333333333333,80.0,31.0,46.0,9,68.0,6,51.0,59.0,49.5,8.0,S,1,2026-07-21
8,1,301,48,20,244,87,Course Page,59,72,151,0,0,6.270833333333333,43.895833333333336,0.2890365448504983,0.8106312292358804,15.0,57.940000000000005,94.0,0.0,46.0,11,71.05,4,46.0,52.0,82.525,6.0,S,1,2026-07-21
9,1,365,47,23,125,25,Assignment,54,160,144,1,0,7.76595744680851,54.361702127659576,0.0684931506849315,0.3424657534246575,15.0,67.83733333333333,100.0,0.0,75.0,12,52.28,3,94.0,40.0,70.14,-54.0,D,1,2026-07-21
10,1,158,23,15,87,24,Course Page,15,48,90,3,0,6.869565217391305,48.08695652173913,0.1518987341772152,0.5506329113924051,11.0,60.08181818181818,95.0,10.0,32.0,6,84.7,5,56.25,70.0,64.85,13.75,N,1,2026-07-21
11,1,229,35,18,92,55,Course Page,10,68,146,2,0,6.542857142857143,45.8,0.2401746724890829,0.4017467248908297,14.0,77.07142857142857,100.0,0.0,33.0,12,0.0,2,88.0,78.0,55.333333333333336,-10.0,N,1,2026-07-21
12,1,1221,84,42,307,252,Course Page,249,268,630,30,0,14.535714285714286,101.75,0.2063882063882063,0.2514332514332514,15.0,79.43333333333334,100.0,40.0,75.0,14,87.0,1,86.0,79.0,71.0,-7.0,D,1,2026-07-21
13,1,187,38,22,80,27,Course Page,35,41,67,36,0,4.921052631578948,34.44736842105263,0.1443850267379679,0.427807486631016,15.0,98.49333333333334,100.0,88.7,76.0,15,88.7,0,100.0,100.0,94.35,0.0,D,1,2026-07-21
14,1,141,28,19,20,16,Assignment,32,39,39,27,0,5.035714285714286,35.25,0.1134751773049645,0.1418439716312056,14.0,82.82142857142857,100.0,0.0,50.0,13,0.0,1,90.0,91.0,54.66666666666666,1.0,P,1,2026-07-21
15,1,1194,97,48,851,231,Assignment,38,658,477,12,0,12.309278350515465,86.16494845360825,0.1934673366834171,0.7127303182579564,15.0,88.74666666666667,100.0,70.0,59.0,15,81.1,0,92.0,94.0,77.05,2.0,P,1,2026-07-21
16,1,733,68,27,439,250,Course Page,184,137,384,1,0,10.779411764705882,75.45588235294119,0.3410641200545702,0.5989085948158254,15.0,68.83333333333333,100.0,0.0,51.0,12,20.25,3,86.0,66.0,49.125,-20.0,P,1,2026-07-21
17,1,43,8,9,15,13,Course Page,7,17,19,0,0,5.375,37.625,0.3023255813953488,0.3488372093023256,7.0,35.857142857142854,100.0,0.0,5.0,3,0.0,4,73.33333333333333,0.0,3.0,0.0,N,1,2026-07-21
18,1,49,5,9,2,48,Course Page,0,8,41,0,0,9.8,68.6,0.979591836734694,0.0408163265306122,6.0,0.0,0.0,0.0,0.0,0,0.0,6,0.0,0.0,0.0,0.0,N,1,2026-07-21
19,1,535,71,33,216,111,Course Page,130,76,247,20,0,7.535211267605634,52.74647887323944,0.2074766355140186,0.4037383177570093,15.0,93.65333333333334,100.0,70.0,83.0,15,93.15,0,90.0,97.0,94.075,7.0,HD,1,2026-07-21
20,1,161,22,32,67,57,Course Page,49,40,55,1,0,7.318181818181818,51.22727272727273,0.3540372670807453,0.4161490683229814,8.0,53.875,100.0,20.0,34.0,4,65.0,4,100.0,20.0,47.25,-80.0,N,1,2026-07-21
21,1,268,41,40,101,55,Assignment,67,87,85,9,0,6.536585365853658,45.75609756097561,0.2052238805970149,0.376865671641791,8.0,67.8875,100.0,26.5,50.0,7,62.3,1,97.5,70.0,62.9,-27.5,P,1,2026-07-21
22,1,1203,111,36,221,239,Course Page,115,292,765,7,0,10.83783783783784,75.86486486486486,0.198669991687448,0.1837073981712385,15.0,96.584,100.0,88.13,83.0,15,88.13,0,98.0,97.0,94.065,-1.0,HD,1,2026-07-21
23,1,402,58,26,119,59,Course Page,158,50,165,11,0,6.931034482758621,48.51724137931034,0.1467661691542288,0.2960199004975124,15.0,85.1,100.0,55.5,83.0,15,74.0,0,94.0,91.0,64.75,-3.0,HD,1,2026-07-21
24,1,248,30,18,85,9,Course Page,56,41,129,21,0,8.266666666666667,57.86666666666667,0.0362903225806451,0.3427419354838709,9.0,83.38888888888889,100.0,38.5,40.0,8,75.5,1,96.25,0.0,81.75,0.0,SA,1,2026-07-21
25,1,382,49,30,148,43,Course Page,90,101,182,2,0,7.795918367346939,54.57142857142857,0.112565445026178,0.387434554973822,15.0,77.36,100.0,46.2,40.0,13,46.2,2,81.0,83.0,64.6,2.0,SA,1,2026-07-21
26,1,415,47,37,205,80,Course Page,119,81,131,38,0,8.829787234042554,61.80851063829787,0.1927710843373494,0.4939759036144578,12.0,38.083333333333336,70.0,0.0,18.0,4,0.0,8,56.66666666666666,36.0,24.0,-20.666666666666664,N,1,2026-07-21
27,1,266,37,17,58,37,Course Page,71,62,128,0,0,7.1891891891891895,50.32432432432432,0.1390977443609022,0.2180451127819548,13.0,51.68461538461538,80.0,30.0,24.0,6,46.45,7,60.0,50.0,44.225,-10.0,N,1,2026-07-21
28,1,7,3,4,3,0,Course Page,0,3,4,0,0,2.333333333333333,16.333333333333336,0.0,0.4285714285714285,4.0,26.125,95.0,0.0,2.0,1,0.0,3,0.0,95.0,0.0,0.0,N,1,2026-07-21
29,1,379,49,37,83,71,Course Page,39,131,147,19,0,7.73469387755102,54.142857142857146,0.1873350923482849,0.2189973614775725,14.0,75.61428571428571,100.0,56.05,59.0,14,56.05,0,83.0,85.0,57.025,2.0,P,1,2026-07-21
30,1,111,26,18,40,35,Course Page,14,41,49,3,0,4.269230769230769,29.884615384615383,0.3153153153153153,0.3603603603603603,9.0,41.66666666666666,95.0,5.5,17.0,4,5.5,5,52.5,0.0,36.0,0.0,N,1,2026-07-21
31,1,362,46,37,114,38,Course Page,79,117,130,11,0,7.869565217391305,55.08695652173913,0.1049723756906077,0.3149171270718232,15.0,90.15333333333334,100.0,65.8,72.0,15,65.8,0,97.4,90.0,80.4,-7.400000000000006,D,1,2026-07-21
32,1,450,59,50,32,54,Assignment,41,226,161,15,0,7.627118644067797,53.389830508474574,0.12,0.0711111111111111,14.0,84.09285714285714,100.0,59.0,75.0,14,59.4,0,91.25,98.0,59.2,6.75,D,1,2026-07-21
33,1,317,43,31,69,101,Course Page,42,72,166,17,0,7.372093023255814,51.604651162790695,0.3186119873817035,0.2176656151419558,15.0,88.39666666666668,100.0,60.0,49.0,15,91.3,0,78.0,100.0,86.7375,22.0,S,1,2026-07-21
34,1,501,58,28,365,130,Course Page,82,166,230,13,0,8.637931034482758,60.4655172413793,0.2594810379241516,0.7285429141716567,13.0,76.96153846153847,100.0,20.0,44.0,11,83.0,2,81.0,73.33333333333333,78.25,-7.666666666666671,SA,1,2026-07-21
35,1,338,51,34,46,17,Course Page,80,113,123,6,0,6.627450980392157,46.3921568627451,0.0502958579881656,0.136094674556213,15.0,84.97333333333333,100.0,70.35,48.0,15,70.35,0,87.8,90.0,74.175,2.200000000000003,S,1,2026-07-21
36,1,402,48,30,141,60,Course Page,87,87,188,0,0,8.375,58.625,0.1492537313432835,0.3507462686567164,15.0,67.6,90.0,35.0,56.0,13,64.5,2,67.0,63.0,74.75,-4.0,P,1,2026-07-21
37,1,212,36,15,16,4,Course Page,32,60,115,3,0,5.888888888888889,41.22222222222222,0.0188679245283018,0.0754716981132075,14.0,77.27142857142857,95.0,55.0,54.0,14,81.4,0,79.0,73.75,80.7,-5.25,P,1,2026-07-21
38,1,846,84,39,256,166,Course Page,130,242,403,20,0,10.071428571428571,70.5,0.1962174940898345,0.3026004728132387,15.0,67.25333333333333,92.0,35.0,45.0,12,79.65,3,62.0,59.0,85.825,-3.0,S,1,2026-07-21
39,1,211,50,37,41,40,Lecture Material,70,58,59,6,0,4.22,29.54,0.1895734597156398,0.1943127962085308,15.0,81.94266666666667,100.0,61.57,70.0,15,61.57,0,94.0,82.0,65.285,-12.0,D,1,2026-07-21
40,1,321,40,22,154,30,Assignment,31,178,111,1,0,8.025,56.175,0.0934579439252336,0.4797507788161994,14.0,62.392857142857146,100.0,19.0,34.0,12,19.0,2,75.0,72.5,35.5,-2.5,N,1,2026-07-21
41,1,409,43,27,225,101,Course Page,78,122,196,10,0,9.511627906976743,66.5813953488372,0.2469437652811736,0.5501222493887531,10.0,38.9,60.0,0.0,15.0,5,46.0,5,40.0,55.0,30.666666666666668,15.0,N,1,2026-07-21
42,1,266,42,20,128,22,Assignment,24,130,101,1,0,6.333333333333333,44.333333333333336,0.0827067669172932,0.4812030075187969,13.0,84.34615384615384,100.0,60.0,62.0,13,60.0,0,91.0,93.33333333333331,72.0,2.3333333333333286,C,1,2026-07-21
43,1,611,63,36,334,99,Course Page,106,77,402,1,0,9.698412698412698,67.88888888888889,0.1620294599018003,0.546644844517185,14.0,82.27857142857144,100.0,45.0,43.0,13,85.95,1,85.0,88.0,73.475,3.0,SA,1,2026-07-21
44,1,367,38,26,107,75,Course Page,85,96,174,7,0,9.657894736842104,67.60526315789474,0.2043596730245231,0.2915531335149863,13.0,83.9076923076923,100.0,67.9,60.0,13,67.9,0,93.0,88.33333333333333,71.95,-4.666666666666671,C,1,2026-07-21
45,1,478,62,56,257,73,Assignment,67,193,193,8,0,7.709677419354839,53.967741935483865,0.1527196652719665,0.5376569037656904,15.0,89.08666666666666,100.0,65.0,71.0,15,79.15,0,88.0,92.0,86.575,4.0,D,1,2026-07-21
46,1,265,40,22,79,64,Course Page,66,59,118,13,0,6.625,46.375,0.2415094339622641,0.2981132075471698,15.0,72.78666666666666,90.0,40.0,46.0,14,69.65,1,69.0,82.0,65.325,13.0,S,1,2026-07-21
47,1,330,53,26,156,115,Course Page,17,138,163,6,0,6.226415094339623,43.58490566037736,0.3484848484848485,0.4727272727272727,15.0,83.44666666666667,100.0,60.0,43.0,15,75.85,0,81.0,87.0,81.925,6.0,SA,1,2026-07-21
48,1,384,48,32,109,98,Course Page,115,96,160,1,0,8.0,56.0,0.2552083333333333,0.2838541666666667,15.0,72.25733333333332,100.0,25.0,48.0,12,51.43,3,86.0,56.0,75.715,-30.0,S,1,2026-07-21
49,1,439,34,30,366,158,Course Page,133,56,192,32,0,12.911764705882351,90.38235294117648,0.3599088838268792,0.8337129840546698,9.0,63.333333333333336,100.0,29.0,26.0,8,64.5,1,65.0,80.0,62.75,15.0,N,1,2026-07-21
50,1,254,35,41,64,8,Lecture Material,80,37,75,36,0,7.257142857142857,50.8,0.0314960629921259,0.2519685039370078,13.0,46.2,84.0,20.0,60.0,6,51.3,7,40.0,33.333333333333336,67.65,-6.666666666666664,C,1,2026-07-21
51,1,270,57,27,125,41,Course Page,44,94,106,12,0,4.7368421052631575,33.15789473684211,0.1518518518518518,0.4629629629629629,14.0,87.73571428571428,100.0,50.0,82.0,14,97.9,0,89.0,82.5,93.95,-6.5,HD,1,2026-07-21
52,1,244,32,23,120,39,Course Page,70,36,94,10,0,7.625,53.375,0.1598360655737705,0.4918032786885246,15.0,71.03333333333333,100.0,50.0,62.0,15,68.0,0,82.0,67.0,61.5,-15.0,C,1,2026-07-21
53,1,267,42,21,60,79,Course Page,75,66,121,4,0,6.357142857142857,44.5,0.2958801498127341,0.2247191011235955,12.0,57.03333333333333,100.0,19.7,37.0,7,19.7,5,72.0,50.0,44.6,-22.0,N,1,2026-07-21
54,1,748,69,41,322,144,Course Page,86,227,378,1,0,10.840579710144928,75.88405797101449,0.1925133689839572,0.4304812834224599,13.0,74.99230769230769,100.0,30.0,41.0,10,76.45,3,67.5,97.5,62.225,30.0,SA,1,2026-07-21
55,1,711,68,25,147,179,Course Page,39,94,552,6,0,10.455882352941176,73.19117647058825,0.2517580872011252,0.2067510548523206,11.0,45.13636363636363,75.0,0.0,22.0,4,44.0,7,48.75,20.0,59.5,-28.75,N,1,2026-07-21
56,1,261,40,25,71,64,Course Page,31,99,113,8,0,6.525,45.675,0.2452107279693486,0.2720306513409962,15.0,78.56666666666666,100.0,0.0,60.0,14,84.0,1,92.0,59.0,87.0,-33.0,C,1,2026-07-21
57,1,176,38,16,78,22,Course Page,11,45,119,0,0,4.631578947368421,32.421052631578945,0.125,0.4431818181818182,6.0,57.333333333333336,100.0,10.0,47.0,5,62.0,1,100.0,0.0,58.5,0.0,S,1,2026-07-21
58,1,387,46,28,135,68,Course Page,93,46,223,11,0,8.41304347826087,58.891304347826086,0.1757105943152454,0.3488372093023256,12.0,26.375,55.0,0.0,20.0,4,53.75,8,17.5,6.666666666666667,54.375,-10.833333333333332,N,1,2026-07-21
59,1,221,28,16,77,28,Course Page,50,48,123,0,0,7.892857142857143,55.25,0.1266968325791855,0.3484162895927601,9.0,55.67777777777778,85.0,29.0,19.0,6,36.05,3,78.33333333333333,55.0,45.525,-23.33333333333333,N,1,2026-07-21
60,1,455,69,27,180,125,Course Page,40,177,214,15,0,6.594202898550725,46.15942028985507,0.2747252747252747,0.3956043956043956,15.0,90.91333333333334,100.0,80.0,65.0,15,84.15,0,91.8,91.0,89.575,-0.7999999999999972,C,1,2026-07-21
61,1,280,49,34,118,59,Course Page,84,64,88,14,0,5.714285714285714,40.0,0.2107142857142857,0.4214285714285714,15.0,91.0,100.0,60.0,83.0,15,80.0,0,98.0,88.0,85.5,-10.0,HD,1,2026-07-21
62,1,220,37,28,98,71,Course Page,47,58,105,4,0,5.945945945945946,41.62162162162162,0.3227272727272727,0.4454545454545454,15.0,74.58,95.0,50.0,48.0,15,88.35,0,79.0,69.0,76.175,-10.0,S,1,2026-07-21
63,1,347,53,31,118,41,Course Page,40,77,204,5,0,6.547169811320755,45.83018867924528,0.1181556195965417,0.3400576368876081,14.0,79.5,100.0,40.0,46.0,13,65.5,1,88.0,75.0,74.75,-13.0,S,1,2026-07-21
64,1,551,30,28,345,60,Course Page,64,49,410,9,0,18.366666666666667,128.56666666666666,0.1088929219600726,0.6261343012704175,10.0,48.73,80.0,10.0,23.0,7,65.65,3,40.0,50.0,61.325,10.0,N,1,2026-07-21
65,1,408,50,34,165,38,Course Page,43,137,180,15,0,8.16,57.12,0.0931372549019607,0.4044117647058823,15.0,83.24666666666667,95.0,58.0,58.0,15,88.4,0,83.8,90.0,73.2,6.200000000000003,P,1,2026-07-21
66,1,213,44,24,39,47,Course Page,71,59,74,3,0,4.840909090909091,33.88636363636364,0.2206572769953051,0.1830985915492957,15.0,74.21333333333334,100.0,30.0,46.0,14,72.35,1,66.0,77.0,81.675,11.0,S,1,2026-07-21
67,1,193,18,42,172,40,Assignment,38,110,34,7,0,10.72222222222222,75.05555555555554,0.2072538860103626,0.8911917098445595,15.0,87.22666666666667,100.0,67.7,70.0,15,67.7,0,96.0,86.0,76.85,-10.0,D,1,2026-07-21
68,1,503,74,31,73,85,Course Page,71,69,342,2,0,6.797297297297297,47.58108108108108,0.1689860834990059,0.1451292246520874,15.0,75.48666666666666,100.0,30.0,44.0,12,41.65,3,72.0,90.0,60.325,18.0,SA,1,2026-07-21
69,1,151,33,22,57,12,Course Page,26,46,78,0,0,4.575757575757576,32.03030303030303,0.0794701986754966,0.3774834437086092,15.0,71.59466666666667,100.0,47.21,58.0,13,47.21,2,74.0,75.0,63.605,1.0,P,1,2026-07-21
70,1,463,46,24,105,76,Course Page,85,89,268,8,0,10.065217391304348,70.45652173913044,0.1641468682505399,0.2267818574514039,15.0,95.83733333333332,100.0,88.28,85.0,15,88.28,0,98.0,96.0,92.64,-2.0,HD,1,2026-07-21
71,1,91,20,14,38,25,Assignment,2,58,24,5,0,4.55,31.85,0.2747252747252747,0.4175824175824176,14.0,54.642857142857146,80.0,0.0,30.0,10,66.0,4,55.0,42.0,73.0,-13.0,N,1,2026-07-21
72,1,452,50,31,192,33,Course Page,75,149,207,8,0,9.04,63.28,0.0730088495575221,0.4247787610619469,15.0,75.97333333333333,100.0,40.0,66.0,14,96.3,1,80.0,62.0,89.65,-18.0,C,1,2026-07-21
73,1,252,39,35,169,48,Assignment,21,106,99,16,0,6.461538461538462,45.23076923076923,0.1904761904761904,0.6706349206349206,10.0,53.4,100.0,0.0,11.0,5,0.0,5,80.0,75.0,9.333333333333334,-5.0,N,1,2026-07-21
74,1,327,60,18,149,59,Course Page,52,60,209,0,0,5.45,38.15,0.1804281345565749,0.45565749235474,15.0,76.5,95.0,30.0,54.0,14,50.0,1,76.0,81.0,71.0,5.0,P,1,2026-07-21
75,1,494,65,24,261,106,Course Page,19,232,240,0,0,7.6,53.2,0.2145748987854251,0.52834008097166,14.0,73.39285714285714,100.0,40.0,55.0,11,41.0,3,70.0,93.75,57.5,23.75,P,1,2026-07-21
76,1,187,29,28,42,24,Assignment,25,78,78,1,0,6.448275862068965,45.137931034482754,0.1283422459893048,0.2245989304812834,15.0,64.23333333333333,100.0,20.0,53.0,11,45.0,4,76.0,61.0,52.5,-15.0,P,1,2026-07-21
77,1,220,35,24,90,28,Course Page,68,45,85,15,0,6.285714285714286,44.0,0.1272727272727272,0.4090909090909091,10.0,70.47,100.0,38.0,50.0,9,89.35,1,70.0,100.0,71.675,30.0,P,1,2026-07-21
78,1,445,66,27,247,87,Course Page,52,56,321,5,0,6.742424242424242,47.196969696969695,0.195505617977528,0.5550561797752809,14.0,76.72142857142856,100.0,50.0,39.0,14,73.3,0,71.25,78.0,82.9,6.75,N,1,2026-07-21
79,1,375,47,29,104,82,Course Page,96,103,145,3,0,7.978723404255319,55.85106382978724,0.2186666666666666,0.2773333333333333,14.0,70.85714285714286,100.0,40.0,63.0,13,63.0,1,86.0,65.0,58.25,-21.0,C,1,2026-07-21
80,1,333,56,21,151,116,Course Page,51,86,193,2,0,5.946428571428571,41.625,0.3483483483483483,0.4534534534534534,15.0,81.77333333333333,100.0,65.0,67.0,15,79.3,0,86.0,78.0,81.15,-8.0,C,1,2026-07-21
81,1,511,76,38,129,125,Lecture Material,159,149,152,22,0,6.723684210526316,47.065789473684205,0.2446183953033268,0.2524461839530332,15.0,35.906666666666666,75.0,10.0,25.0,4,48.8,11,15.0,55.0,38.4,40.0,N,1,2026-07-21
82,1,657,66,29,253,82,Course Page,102,236,299,7,0,9.954545454545457,69.68181818181819,0.1248097412480974,0.3850837138508371,15.0,92.12666666666668,100.0,70.0,73.0,15,88.7,0,90.0,93.0,93.85,3.0,D,1,2026-07-21
83,1,325,50,23,92,61,Course Page,36,69,212,7,0,6.5,45.5,0.1876923076923076,0.283076923076923,15.0,68.04,100.0,40.0,30.0,12,45.3,3,69.0,79.0,51.65,10.0,N,1,2026-07-21
84,1,353,46,24,160,45,Course Page,52,58,227,3,0,7.673913043478261,53.71739130434783,0.1274787535410765,0.4532577903682719,15.0,83.09333333333333,100.0,69.0,52.0,15,70.2,0,84.0,92.0,69.6,8.0,P,1,2026-07-21
85,1,191,35,19,87,43,Course Page,11,72,103,1,0,5.457142857142857,38.2,0.225130890052356,0.4554973821989528,15.0,69.76666666666667,100.0,0.0,21.0,10,0.0,5,79.0,100.0,15.5,21.0,N,1,2026-07-21
86,1,343,47,32,174,43,Course Page,75,66,165,16,0,7.297872340425532,51.08510638297872,0.1253644314868804,0.5072886297376094,12.0,57.76666666666667,100.0,20.0,30.0,8,68.1,4,65.0,43.333333333333336,66.05,-21.666666666666664,N,1,2026-07-21
87,1,120,14,16,27,13,Assignment,13,60,45,1,0,8.571428571428571,60.0,0.1083333333333333,0.225,14.0,59.17857142857143,100.0,0.0,41.0,9,56.0,5,55.0,75.0,49.0,20.0,SA,1,2026-07-21
88,1,109,19,12,27,28,Course Page,14,37,55,0,0,5.7368421052631575,40.1578947368421,0.2568807339449541,0.2477064220183486,9.0,74.33333333333333,100.0,0.0,62.0,7,86.5,2,75.0,0.0,84.75,0.0,C,1,2026-07-21
89,1,284,62,20,165,64,Assignment,20,144,100,4,0,4.580645161290323,32.064516129032256,0.2253521126760563,0.5809859154929577,8.0,14.0,38.0,0.0,9.0,0,38.0,8,0.0,0.0,28.0,0.0,N,1,2026-07-21
90,1,502,51,32,95,64,Course Page,78,171,227,15,0,9.84313725490196,68.90196078431373,0.1274900398406374,0.1892430278884462,15.0,87.90666666666667,100.0,79.0,73.0,15,82.55,0,92.0,89.0,80.775,-3.0,D,1,2026-07-21
91,1,311,51,28,149,41,Course Page,40,78,152,13,0,6.098039215686274,42.68627450980392,0.1318327974276527,0.4790996784565916,15.0,84.86,100.0,50.0,72.0,15,84.95,0,74.0,92.0,89.975,18.0,D,1,2026-07-21
92,1,488,51,41,75,94,Course Page,94,146,180,28,0,9.568627450980392,66.98039215686275,0.1926229508196721,0.1536885245901639,10.0,78.85,100.0,43.5,40.0,9,72.5,1,78.33333333333333,100.0,77.5,21.66666666666667,SA,1,2026-07-21
93,1,188,31,24,45,7,Course Page,39,53,63,7,0,6.064516129032258,42.4516129032258,0.0372340425531914,0.2393617021276596,13.0,32.19230769230769,60.0,0.0,33.0,3,23.0,10,41.0,26.666666666666668,26.25,-14.333333333333332,N,1,2026-07-21
94,1,417,35,26,164,46,Course Page,117,107,160,0,0,11.914285714285716,83.4,0.1103117505995203,0.3932853717026379,14.0,53.785714285714285,90.0,17.0,51.0,8,17.0,6,75.0,56.25,23.25,-18.75,P,1,2026-07-21
95,1,244,31,34,137,72,Course Page,35,96,97,1,0,7.870967741935484,55.096774193548384,0.2950819672131147,0.5614754098360656,12.0,41.833333333333336,86.0,0.0,0.0,4,0.0,8,55.0,26.666666666666668,43.0,-28.33333333333333,DX,1,2026-07-21
96,1,780,74,46,653,188,Assignment,73,351,337,12,0,10.54054054054054,73.78378378378379,0.241025641025641,0.8371794871794872,15.0,68.36,100.0,1.2,25.0,11,1.2,4,82.0,88.0,22.6,6.0,N,1,2026-07-21
97,1,157,35,15,39,54,Course Page,49,45,56,5,0,4.485714285714286,31.4,0.3439490445859872,0.2484076433121019,12.0,76.825,100.0,55.5,44.0,12,55.7,0,88.33333333333333,72.5,77.85,-15.833333333333329,SA,1,2026-07-21
98,1,145,23,16,67,31,Course Page,47,29,66,0,0,6.304347826086956,44.130434782608695,0.2137931034482758,0.4620689655172413,8.0,51.275,100.0,0.0,28.0,5,73.1,3,40.0,0.0,69.55,0.0,N,1,2026-07-21
99,1,417,49,36,77,31,Course Page,114,78,183,12,0,8.510204081632653,59.57142857142857,0.0743405275779376,0.184652278177458,14.0,74.25,100.0,0.0,60.0,13,79.0,1,90.0,53.75,77.0,-36.25,C,1,2026-07-21
100,1,57,20,5,8,6,Course Page,1,2,53,1,0,2.85,19.95,0.1052631578947368,0.1403508771929824,10.0,41.15,75.0,0.0,10.0,5,0.0,5,61.25,50.0,21.75,-11.25,N,1,2026-07-21
101,1,733,50,30,296,161,Course Page,162,118,423,0,0,14.66,102.62,0.2196452933151432,0.4038199181446112,15.0,71.86666666666666,90.0,43.0,38.0,13,67.0,2,74.0,82.0,55.0,8.0,N,1,2026-07-21
102,1,121,15,11,53,24,Course Page,17,43,57,0,0,8.066666666666666,56.46666666666667,0.1983471074380165,0.4380165289256198,8.0,10.375,25.0,0.0,2.0,0,0.0,8,16.666666666666668,20.0,2.0,3.333333333333332,N,1,2026-07-21
103,1,444,81,45,215,128,Course Page,35,160,234,5,0,5.481481481481482,38.37037037037037,0.2882882882882883,0.4842342342342342,15.0,89.96666666666667,100.0,40.0,74.0,13,93.0,2,97.0,100.0,66.5,3.0,D,1,2026-07-21
104,1,421,72,28,140,80,Assignment,94,143,101,36,0,5.847222222222222,40.93055555555555,0.1900237529691211,0.332541567695962,15.0,91.53333333333332,100.0,75.0,72.0,15,94.0,0,96.0,86.0,93.0,-10.0,D,1,2026-07-21
105,1,211,40,22,90,30,Course Page,28,74,95,5,0,5.275,36.925,0.1421800947867298,0.4265402843601896,12.0,65.48333333333333,90.0,25.0,36.0,10,65.65,2,76.0,57.5,60.325,-18.5,N,1,2026-07-21
106,1,638,68,43,395,140,Course Page,65,188,345,7,0,9.382352941176473,65.6764705882353,0.219435736677116,0.6191222570532915,14.0,48.75714285714286,100.0,0.0,33.0,8,32.8,6,46.0,60.0,41.4,14.0,N,1,2026-07-21
107,1,678,69,46,174,108,Course Page,149,180,300,2,0,9.826086956521738,68.78260869565217,0.1592920353982301,0.2566371681415929,14.0,68.35714285714286,100.0,30.0,53.0,13,77.0,1,70.0,65.0,71.5,-5.0,P,1,2026-07-21
108,1,333,32,25,260,79,Course Page,98,66,151,9,0,10.40625,72.84375,0.2372372372372372,0.7807807807807807,14.0,58.46428571428572,85.0,0.0,57.0,12,76.0,2,70.0,38.75,65.75,-31.25,P,1,2026-07-21
109,1,205,30,19,103,6,Course Page,40,46,110,0,0,6.833333333333333,47.833333333333336,0.0292682926829268,0.5024390243902439,11.0,68.95454545454545,90.0,43.5,66.0,10,85.0,1,67.5,82.5,70.0,15.0,C,1,2026-07-21
110,1,251,30,30,194,56,Assignment,34,104,104,2,0,8.366666666666667,58.56666666666667,0.2231075697211155,0.7729083665338645,10.0,51.2,70.0,27.0,22.0,6,58.5,4,56.66666666666666,50.0,53.75,-6.666666666666664,N,1,2026-07-21
111,1,257,25,34,153,18,Assignment,9,147,92,1,0,10.28,71.96,0.0700389105058365,0.5953307392996109,13.0,81.69999999999999,100.0,63.3,45.0,13,63.3,0,99.0,76.66666666666667,66.15,-22.33333333333333,S,1,2026-07-21
112,1,189,26,24,79,31,Assignment,15,80,77,2,0,7.269230769230769,50.88461538461538,0.164021164021164,0.4179894179894179,14.0,67.51428571428572,100.0,30.0,52.0,12,52.85,2,53.75,82.0,64.425,28.25,P,1,2026-07-21
113,1,502,67,30,198,77,Course Page,50,120,293,1,0,7.492537313432836,52.44776119402985,0.1533864541832669,0.3944223107569721,15.0,31.466666666666665,75.0,0.0,24.0,5,62.0,10,17.0,19.0,68.5,2.0,N,1,2026-07-21
114,1,157,22,22,85,4,Assignment,15,92,46,0,0,7.136363636363637,49.95454545454545,0.0254777070063694,0.5414012738853503,15.0,80.2,100.0,60.0,68.0,15,86.0,0,83.0,81.0,75.25,-2.0,C,1,2026-07-21
115,1,455,47,27,73,70,Course Page,100,151,195,2,0,9.680851063829786,67.76595744680851,0.1538461538461538,0.1604395604395604,14.0,73.57142857142857,100.0,50.0,58.0,14,65.0,0,84.0,70.0,65.0,-14.0,P,1,2026-07-21
116,1,127,18,13,91,43,Course Page,11,45,62,8,0,7.055555555555555,49.388888888888886,0.3385826771653543,0.7165354330708661,6.0,50.48333333333333,78.0,0.0,23.0,4,73.45,2,0.0,0.0,75.725,0.0,N,1,2026-07-21
117,1,105,20,22,8,9,Assignment,24,53,23,2,0,5.25,36.75,0.0857142857142857,0.0761904761904762,15.0,92.2,100.0,50.0,82.0,15,91.5,0,100.0,100.0,70.75,0.0,HD,1,2026-07-21
118,1,803,74,32,219,117,Assignment,127,351,295,7,0,10.85135135135135,75.95945945945947,0.1457036114570361,0.2727272727272727,15.0,79.42,100.0,30.0,64.0,14,94.65,1,72.0,80.0,88.825,8.0,C,1,2026-07-21
119,1,165,29,22,66,9,Course Page,39,59,66,0,0,5.689655172413793,39.82758620689655,0.0545454545454545,0.4,15.0,69.7,100.0,10.0,50.0,11,77.5,4,80.0,67.0,59.25,-13.0,P,1,2026-07-21
120,1,191,37,15,42,34,Course Page,61,35,90,3,0,5.162162162162162,36.13513513513514,0.1780104712041884,0.2198952879581152,14.0,88.57857142857142,100.0,64.0,61.0,14,83.05,0,100.0,92.0,73.525,-8.0,C,1,2026-07-21
121,1,230,27,33,108,45,Course Page,71,40,100,2,0,8.518518518518519,59.629629629629626,0.1956521739130435,0.4695652173913043,8.0,48.625,80.0,18.5,25.0,5,31.75,3,65.0,55.0,46.375,-10.0,N,1,2026-07-21
122,1,171,22,24,12,4,Assignment,40,66,59,0,0,7.772727272727272,54.409090909090914,0.023391812865497,0.0701754385964912,14.0,92.64,100.0,78.73,64.0,14,78.73,0,100.0,96.25,80.86500000000001,-3.75,C,1,2026-07-21
123,1,134,21,26,64,13,Course Page,44,38,44,4,0,6.380952380952381,44.66666666666666,0.0970149253731343,0.4776119402985074,10.0,34.05,63.0,0.0,18.0,4,63.0,6,36.25,25.0,42.0,-11.25,N,1,2026-07-21
124,1,599,89,29,211,134,Course Page,190,65,320,22,0,6.730337078651686,47.1123595505618,0.2237061769616026,0.352253756260434,15.0,80.41333333333334,95.0,69.0,72.0,15,72.1,0,83.0,85.0,70.55,2.0,D,1,2026-07-21
125,1,669,89,33,185,153,Course Page,194,107,351,8,0,7.51685393258427,52.61797752808989,0.2286995515695067,0.2765321375186846,15.0,85.4,100.0,70.0,75.0,15,73.5,0,88.0,92.0,72.75,4.0,D,1,2026-07-21
126,1,205,29,20,22,83,Assignment,32,88,78,2,0,7.068965517241379,49.48275862068965,0.4048780487804878,0.1073170731707317,15.0,65.63333333333334,100.0,0.0,53.0,12,54.0,3,72.0,55.0,71.5,-17.0,P,1,2026-07-21
127,1,169,28,19,91,35,Course Page,32,50,83,0,0,6.035714285714286,42.25,0.2071005917159763,0.5384615384615384,11.0,38.95454545454545,85.0,0.0,23.0,6,0.0,5,42.0,85.0,26.0,43.0,N,1,2026-07-21
128,1,230,44,23,71,45,Course Page,18,97,104,5,0,5.227272727272728,36.59090909090909,0.1956521739130435,0.308695652173913,12.0,67.86666666666666,85.0,51.0,30.0,12,68.7,0,66.25,81.66666666666667,63.35,15.416666666666671,N,1,2026-07-21
129,1,662,60,34,264,156,Course Page,147,162,309,1,0,11.033333333333331,77.23333333333333,0.2356495468277945,0.3987915407854985,12.0,55.0,100.0,20.0,24.0,8,30.0,4,58.0,55.0,55.0,-3.0,N,1,2026-07-21
130,1,183,31,15,70,30,Assignment,35,76,72,0,0,5.903225806451613,41.32258064516129,0.1639344262295081,0.3825136612021858,8.0,64.725,100.0,23.0,25.0,6,57.4,2,76.66666666666667,0.0,66.2,0.0,N,1,2026-07-21
131,1,261,35,29,76,37,Course Page,67,72,102,8,0,7.457142857142857,52.2,0.1417624521072797,0.2911877394636015,15.0,87.54666666666667,100.0,76.35,82.0,15,76.35,0,91.0,84.0,87.675,-7.0,HD,1,2026-07-21
132,1,341,42,28,97,27,Course Page,27,127,169,10,0,8.119047619047619,56.833333333333336,0.0791788856304985,0.2844574780058651,14.0,79.64999999999999,100.0,50.0,63.0,14,95.55,0,78.0,72.5,91.775,-5.5,C,1,2026-07-21
133,1,157,18,18,49,16,Course Page,23,54,70,0,0,8.722222222222221,61.05555555555555,0.1019108280254777,0.3121019108280254,7.0,24.685714285714287,50.0,0.0,10.0,1,28.9,6,50.0,0.0,29.45,-50.0,N,1,2026-07-21
134,1,418,37,31,214,88,Course Page,120,75,201,15,0,11.297297297297296,79.08108108108108,0.2105263157894736,0.5119617224880383,12.0,54.333333333333336,95.0,20.0,27.0,7,62.0,5,36.66666666666666,72.5,53.0,35.833333333333336,N,1,2026-07-21
135,1,237,30,37,175,32,Assignment,20,140,70,1,0,7.9,55.3,0.1350210970464135,0.7383966244725738,14.0,78.47857142857143,100.0,37.0,38.0,12,50.35,2,96.0,90.0,43.675,-6.0,N,1,2026-07-21
136,1,359,51,22,145,87,Course Page,29,159,161,2,0,7.03921568627451,49.27450980392157,0.2423398328690807,0.403899721448468,14.0,73.15714285714286,83.85,65.0,56.0,14,83.85,0,75.0,71.0,75.925,-4.0,P,1,2026-07-21
137,1,307,28,42,114,29,Assignment,26,188,90,0,0,10.964285714285714,76.75,0.0944625407166123,0.3713355048859935,15.0,78.88000000000001,100.0,50.35,37.0,15,50.35,0,89.0,88.0,52.425,-1.0,N,1,2026-07-21
138,1,214,24,20,92,61,Assignment,17,99,93,1,0,8.916666666666666,62.41666666666667,0.2850467289719626,0.4299065420560747,13.0,74.6923076923077,100.0,30.0,42.0,11,88.5,2,71.25,78.75,77.75,7.5,SA,1,2026-07-21
139,1,135,22,15,72,40,Course Page,14,54,64,0,0,6.136363636363637,42.95454545454545,0.2962962962962963,0.5333333333333333,13.0,45.61538461538461,80.0,0.0,33.0,8,65.0,5,46.0,26.666666666666668,63.0,-19.33333333333333,N,1,2026-07-21
140,1,7,5,3,1,2,Course Page,0,2,4,1,0,1.4,9.8,0.2857142857142857,0.1428571428571428,4.0,5.5,20.0,0.0,0.0,0,0.0,4,20.0,0.0,0.0,0.0,N,1,2026-07-21
141,1,374,51,28,119,53,Course Page,58,100,201,9,0,7.333333333333333,51.333333333333336,0.141711229946524,0.3181818181818182,14.0,55.29,100.0,30.0,48.0,8,43.78,6,61.0,40.0,65.64,-21.0,S,1,2026-07-21
142,1,277,47,24,39,44,Course Page,55,57,125,6,0,5.893617021276596,41.25531914893617,0.1588447653429603,0.1407942238267148,14.0,89.41428571428571,100.0,75.0,71.0,14,95.9,0,92.5,90.0,87.45,-2.5,D,1,2026-07-21
143,1,501,38,26,232,64,Course Page,162,65,235,9,0,13.18421052631579,92.28947368421052,0.1277445109780439,0.4630738522954092,7.0,45.142857142857146,90.0,0.0,13.0,3,0.0,4,55.0,30.0,54.0,-25.0,N,1,2026-07-21
144,1,105,12,17,90,27,Course Page,3,33,66,0,0,8.75,61.25,0.2571428571428571,0.8571428571428571,10.0,62.5,95.0,0.0,58.0,7,87.0,3,60.0,72.5,58.0,12.5,P,1,2026-07-21
145,1,112,10,16,82,2,Lecture Material,48,26,35,3,0,11.2,78.39999999999999,0.0178571428571428,0.7321428571428571,8.0,58.875,100.0,0.0,17.0,5,0.0,3,77.5,0.0,43.333333333333336,0.0,N,1,2026-07-21
146,1,176,34,18,87,41,Course Page,58,39,63,2,0,5.176470588235294,36.235294117647065,0.2329545454545454,0.4943181818181818,7.0,60.07142857142857,75.0,14.5,22.0,6,55.5,1,72.5,0.0,65.25,0.0,N,1,2026-07-21
147,1,265,37,26,83,78,Course Page,59,81,115,8,0,7.162162162162162,50.13513513513514,0.2943396226415094,0.3132075471698113,10.0,65.25,100.0,12.75,25.0,6,12.75,4,92.5,40.0,50.375,-52.5,N,1,2026-07-21
148,1,101,21,18,44,17,Assignment,26,38,34,3,0,4.809523809523809,33.666666666666664,0.1683168316831683,0.4356435643564356,9.0,58.28888888888889,100.0,30.0,24.0,5,55.8,4,93.33333333333331,30.0,45.9,-63.33333333333333,N,1,2026-07-21
149,1,166,22,35,63,9,Assignment,14,126,26,0,0,7.545454545454546,52.81818181818182,0.0542168674698795,0.3795180722891566,14.0,87.92857142857143,100.0,62.75,60.0,14,62.75,0,99.0,97.5,64.375,-1.5,C,1,2026-07-21
150,1,94,25,14,25,20,Course Page,18,27,40,0,0,3.76,26.32,0.2127659574468085,0.2659574468085106,14.0,90.15,100.0,49.0,69.0,12,95.3,2,97.0,100.0,72.15,3.0,C,1,2026-07-21
151,1,54,13,13,27,10,Course Page,14,10,28,0,0,4.153846153846154,29.07692307692308,0.1851851851851851,0.5,10.0,53.9,100.0,0.0,10.0,6,0.0,4,45.0,80.0,0.0,35.0,N,1,2026-07-21
152,1,203,24,18,118,43,Course Page,31,76,87,1,0,8.458333333333334,59.208333333333336,0.2118226600985221,0.5812807881773399,8.0,19.5,38.0,0.0,11.0,0,38.0,8,5.0,10.0,33.5,5.0,N,1,2026-07-21
153,1,92,22,13,66,15,Assignment,23,60,8,0,0,4.181818181818182,29.27272727272728,0.1630434782608695,0.717391304347826,13.0,52.29230769230769,65.0,10.0,26.0,10,60.4,3,51.0,45.0,62.7,-6.0,N,1,2026-07-21
154,1,220,28,34,152,39,Course Page,42,42,115,2,0,7.857142857142857,55.0,0.1772727272727272,0.6909090909090909,5.0,11.4,50.0,0.0,1.0,1,0.0,4,0.0,50.0,0.6666666666666666,0.0,N,1,2026-07-21
155,1,8,3,4,6,0,Course Page,1,2,4,0,0,2.6666666666666665,18.666666666666668,0.0,0.75,6.0,0.0,0.0,0.0,0.0,0,0.0,6,0.0,0.0,0.0,0.0,N,1,2026-07-21
156,1,75,18,14,9,6,Course Page,15,26,30,2,0,4.166666666666667,29.166666666666664,0.08,0.12,15.0,84.06,100.0,50.0,42.0,15,82.7,0,82.0,83.0,88.35,1.0,SA,1,2026-07-21
157,1,96,15,20,45,10,Course Page,24,15,50,0,0,6.4,44.8,0.1041666666666666,0.46875,10.0,19.15,80.0,0.0,5.0,2,0.0,8,29.0,0.0,10.666666666666666,-29.0,N,1,2026-07-21
158,1,48,9,8,11,2,Course Page,4,14,29,0,0,5.333333333333333,37.33333333333333,0.0416666666666666,0.2291666666666666,8.0,8.25,33.0,0.0,3.0,0,0.0,8,0.0,0.0,22.0,0.0,N,1,2026-07-21
159,1,47,6,9,5,0,Assignment,7,23,17,0,0,7.833333333333333,54.833333333333336,0.0,0.1063829787234042,6.0,34.5,90.0,0.0,5.0,2,0.0,4,75.0,0.0,14.0,0.0,N,1,2026-07-21
160,1,101,14,11,6,21,Course Page,14,36,46,0,0,7.214285714285714,50.5,0.2079207920792079,0.0594059405940594,8.0,12.5,50.0,0.0,5.0,2,0.0,6,0.0,0.0,25.0,0.0,N,1,2026-07-21
161,1,134,17,14,58,40,Course Page,20,40,70,4,0,7.882352941176471,55.1764705882353,0.2985074626865671,0.4328358208955223,6.0,20.166666666666668,50.0,0.0,3.0,1,0.0,5,36.66666666666666,0.0,0.0,0.0,N,1,2026-07-21
162,1,71,12,17,35,14,Course Page,11,25,30,1,0,5.916666666666667,41.41666666666667,0.1971830985915492,0.4929577464788732,12.0,29.791666666666668,80.0,0.0,7.0,5,0.0,7,49.0,40.0,0.0,-9.0,N,1,2026-07-21
163,1,170,21,27,118,58,Assignment,18,120,27,0,0,8.095238095238095,56.66666666666666,0.3411764705882353,0.6941176470588235,9.0,67.22222222222223,100.0,0.0,11.0,7,0.0,2,90.0,100.0,0.0,10.0,N,1,2026-07-21
164,1,16,7,4,15,8,Course Page,0,2,13,0,0,2.2857142857142856,16.0,0.5,0.9375,3.0,0.0,0.0,0.0,0.0,0,0.0,3,0.0,0.0,0.0,0.0,N,1,2026-07-21
165,1,38,9,10,5,12,Course Page,11,9,16,0,0,4.222222222222222,29.55555555555556,0.3157894736842105,0.131578947368421,5.0,33.0,80.0,0.0,3.0,2,0.0,3,75.0,0.0,0.0,0.0,N,1,2026-07-21
166,1,12,7,2,7,7,Assignment,0,7,5,0,0,1.7142857142857142,12.0,0.5833333333333334,0.5833333333333334,4.0,5.5,20.0,0.0,0.0,0,0.0,4,20.0,0.0,0.0,0.0,N,1,2026-07-21
167,1,14,5,6,12,3,Course Page,2,2,8,1,0,2.8,19.6,0.2142857142857142,0.8571428571428571,5.0,0.0,0.0,0.0,0.0,0,0.0,5,0.0,0.0,0.0,0.0,N,1,2026-07-21
168,1,103,6,13,6,32,Course Page,29,21,45,0,0,17.166666666666668,120.16666666666669,0.3106796116504854,0.058252427184466,4.0,23.375,85.0,0.0,2.0,1,0.0,3,85.0,0.0,0.0,0.0,N,1,2026-07-21
169,1,2,1,2,0,0,Course Page,0,0,1,1,0,2.0,14.0,0.0,0.0,6.0,0.0,0.0,0.0,0.0,0,0.0,6,0.0,0.0,0.0,0.0,N,1,2026-07-21
170,1,0,0,0,0,0,No Activity,0,0,0,0,0,0.0,0.0,0.0,0.0,4.0,0.0,0.0,0.0,0.0,0,0.0,4,0.0,0.0,0.0,0.0,N,1,2026-07-21
171,1,0,0,0,0,0,No Activity,0,0,0,0,0,0.0,0.0,0.0,0.0,7.0,0.0,0.0,0.0,0.0,0,0.0,7,0.0,0.0,0.0,0.0,N,1,2026-07-21
172,2,21,5,8,3,1,Other,1,0,0,3,0,4.2,29.4,0.0476190476190476,0.1428571428571428,0.0,0.0,0.0,0.0,0.0,0,0.0,0,0.0,0.0,0.0,0.0,No Result,2,2026-07-21
173,3,31,4,13,13,0,Other,2,2,0,2,12,7.75,54.25,0.0,0.4193548387096774,1.0,0.0,0.0,0.0,0.0,0,0.0,1,0.0,0.0,0.0,0.0,No Result,2,2026-07-21
174,3,18,2,8,0,16,Quiz,0,0,0,0,10,9.0,63.0,0.8888888888888888,0.0,1.0,100.0,100.0,100.0,100.0,1,100.0,0,0.0,0.0,0.0,0.0,No Result,2,2026-07-21
1,1,1086,97,27,291,126,Assignment,5,939,142,0,0,11.195876288659791,78.37113402061856,0.1160220994475138,0.2679558011049723,0.0,0.0,0.0,0.0,0.0,0,0.0,0,0.0,0.0,0.0,0.0,No Result,1,2026-07-22
2,1,549,53,39,256,114,Course Page,137,184,192,15,0,10.358490566037736,72.50943396226415,0.2076502732240437,0.4663023679417122,15.0,70.53999999999999,100.0,0.0,41.0,10,44.8,5,95.0,72.0,34.9,-23.0,SA,1,2026-07-22
3,1,236,30,20,91,33,Course Page,50,92,93,1,0,7.866666666666666,55.06666666666667,0.1398305084745762,0.3855932203389831,12.0,58.083333333333336,100.0,0.0,0.0,9,0.0,3,66.0,63.333333333333336,41.66666666666666,-2.6666666666666643,DX,1,2026-07-22
4,1,183,33,22,72,20,Course Page,48,45,68,6,0,5.545454545454546,38.81818181818182,0.1092896174863388,0.3934426229508196,15.0,83.28666666666666,100.0,60.0,49.0,15,61.9,0,79.0,98.0,68.95,19.0,S,1,2026-07-22
5,1,356,55,25,169,50,Course Page,61,130,165,0,0,6.472727272727273,45.30909090909091,0.1404494382022472,0.4747191011235955,15.0,86.00666666666666,100.0,10.0,86.0,14,93.05,1,71.0,97.0,91.525,26.0,HD,1,2026-07-22
6,1,852,92,60,469,168,Course Page,69,300,428,10,0,9.26086956521739,64.82608695652173,0.1971830985915492,0.5504694835680751,15.0,81.62666666666668,100.0,54.0,0.0,15,60.45,0,87.0,94.0,57.225,7.0,DX,1,2026-07-22
7,1,1292,123,34,121,405,Course Page,373,194,695,16,0,10.504065040650406,73.52845528455283,0.3134674922600619,0.0936532507739938,15.0,53.53333333333333,80.0,31.0,46.0,9,68.0,6,51.0,59.0,49.5,8.0,S,1,2026-07-22
8,1,301,48,20,244,87,Course Page,59,72,151,0,0,6.270833333333333,43.895833333333336,0.2890365448504983,0.8106312292358804,15.0,57.940000000000005,94.0,0.0,46.0,11,71.05,4,46.0,52.0,82.525,6.0,S,1,2026-07-22
9,1,365,47,23,125,25,Assignment,54,160,144,1,0,7.76595744680851,54.361702127659576,0.0684931506849315,0.3424657534246575,15.0,67.83733333333333,100.0,0.0,75.0,12,52.28,3,94.0,40.0,70.14,-54.0,D,1,2026-07-22
10,1,158,23,15,87,24,Course Page,15,48,90,3,0,6.869565217391305,48.08695652173913,0.1518987341772152,0.5506329113924051,11.0,60.08181818181818,95.0,10.0,32.0,6,84.7,5,56.25,70.0,64.85,13.75,N,1,2026-07-22
11,1,229,35,18,92,55,Course Page,10,68,146,2,0,6.542857142857143,45.8,0.2401746724890829,0.4017467248908297,14.0,77.07142857142857,100.0,0.0,33.0,12,0.0,2,88.0,78.0,55.333333333333336,-10.0,N,1,2026-07-22
12,1,1221,84,42,307,252,Course Page,249,268,630,30,0,14.535714285714286,101.75,0.2063882063882063,0.2514332514332514,15.0,79.43333333333334,100.0,40.0,75.0,14,87.0,1,86.0,79.0,71.0,-7.0,D,1,2026-07-22
13,1,187,38,22,80,27,Course Page,35,41,67,36,0,4.921052631578948,34.44736842105263,0.1443850267379679,0.427807486631016,15.0,98.49333333333334,100.0,88.7,76.0,15,88.7,0,100.0,100.0,94.35,0.0,D,1,2026-07-22
14,1,141,28,19,20,16,Assignment,32,39,39,27,0,5.035714285714286,35.25,0.1134751773049645,0.1418439716312056,14.0,82.82142857142857,100.0,0.0,50.0,13,0.0,1,90.0,91.0,54.66666666666666,1.0,P,1,2026-07-22
15,1,1194,97,48,851,231,Assignment,38,658,477,12,0,12.309278350515465,86.16494845360825,0.1934673366834171,0.7127303182579564,15.0,88.74666666666667,100.0,70.0,59.0,15,81.1,0,92.0,94.0,77.05,2.0,P,1,2026-07-22
16,1,733,68,27,439,250,Course Page,184,137,384,1,0,10.779411764705882,75.45588235294119,0.3410641200545702,0.5989085948158254,15.0,68.83333333333333,100.0,0.0,51.0,12,20.25,3,86.0,66.0,49.125,-20.0,P,1,2026-07-22
17,1,43,8,9,15,13,Course Page,7,17,19,0,0,5.375,37.625,0.3023255813953488,0.3488372093023256,7.0,35.857142857142854,100.0,0.0,5.0,3,0.0,4,73.33333333333333,0.0,3.0,0.0,N,1,2026-07-22
18,1,49,5,9,2,48,Course Page,0,8,41,0,0,9.8,68.6,0.979591836734694,0.0408163265306122,6.0,0.0,0.0,0.0,0.0,0,0.0,6,0.0,0.0,0.0,0.0,N,1,2026-07-22
19,1,535,71,33,216,111,Course Page,130,76,247,20,0,7.535211267605634,52.74647887323944,0.2074766355140186,0.4037383177570093,15.0,93.65333333333334,100.0,70.0,83.0,15,93.15,0,90.0,97.0,94.075,7.0,HD,1,2026-07-22
20,1,161,22,32,67,57,Course Page,49,40,55,1,0,7.318181818181818,51.22727272727273,0.3540372670807453,0.4161490683229814,8.0,53.875,100.0,20.0,34.0,4,65.0,4,100.0,20.0,47.25,-80.0,N,1,2026-07-22
21,1,268,41,40,101,55,Assignment,67,87,85,9,0,6.536585365853658,45.75609756097561,0.2052238805970149,0.376865671641791,8.0,67.8875,100.0,26.5,50.0,7,62.3,1,97.5,70.0,62.9,-27.5,P,1,2026-07-22
22,1,1203,111,36,221,239,Course Page,115,292,765,7,0,10.83783783783784,75.86486486486486,0.198669991687448,0.1837073981712385,15.0,96.584,100.0,88.13,83.0,15,88.13,0,98.0,97.0,94.065,-1.0,HD,1,2026-07-22
23,1,402,58,26,119,59,Course Page,158,50,165,11,0,6.931034482758621,48.51724137931034,0.1467661691542288,0.2960199004975124,15.0,85.1,100.0,55.5,83.0,15,74.0,0,94.0,91.0,64.75,-3.0,HD,1,2026-07-22
24,1,248,30,18,85,9,Course Page,56,41,129,21,0,8.266666666666667,57.86666666666667,0.0362903225806451,0.3427419354838709,9.0,83.38888888888889,100.0,38.5,40.0,8,75.5,1,96.25,0.0,81.75,0.0,SA,1,2026-07-22
25,1,382,49,30,148,43,Course Page,90,101,182,2,0,7.795918367346939,54.57142857142857,0.112565445026178,0.387434554973822,15.0,77.36,100.0,46.2,40.0,13,46.2,2,81.0,83.0,64.6,2.0,SA,1,2026-07-22
26,1,415,47,37,205,80,Course Page,119,81,131,38,0,8.829787234042554,61.80851063829787,0.1927710843373494,0.4939759036144578,12.0,38.083333333333336,70.0,0.0,18.0,4,0.0,8,56.66666666666666,36.0,24.0,-20.666666666666664,N,1,2026-07-22
27,1,266,37,17,58,37,Course Page,71,62,128,0,0,7.1891891891891895,50.32432432432432,0.1390977443609022,0.2180451127819548,13.0,51.68461538461538,80.0,30.0,24.0,6,46.45,7,60.0,50.0,44.225,-10.0,N,1,2026-07-22
28,1,7,3,4,3,0,Course Page,0,3,4,0,0,2.333333333333333,16.333333333333336,0.0,0.4285714285714285,4.0,26.125,95.0,0.0,2.0,1,0.0,3,0.0,95.0,0.0,0.0,N,1,2026-07-22
29,1,379,49,37,83,71,Course Page,39,131,147,19,0,7.73469387755102,54.142857142857146,0.1873350923482849,0.2189973614775725,14.0,75.61428571428571,100.0,56.05,59.0,14,56.05,0,83.0,85.0,57.025,2.0,P,1,2026-07-22
30,1,111,26,18,40,35,Course Page,14,41,49,3,0,4.269230769230769,29.884615384615383,0.3153153153153153,0.3603603603603603,9.0,41.66666666666666,95.0,5.5,17.0,4,5.5,5,52.5,0.0,36.0,0.0,N,1,2026-07-22
31,1,362,46,37,114,38,Course Page,79,117,130,11,0,7.869565217391305,55.08695652173913,0.1049723756906077,0.3149171270718232,15.0,90.15333333333334,100.0,65.8,72.0,15,65.8,0,97.4,90.0,80.4,-7.400000000000006,D,1,2026-07-22
32,1,450,59,50,32,54,Assignment,41,226,161,15,0,7.627118644067797,53.389830508474574,0.12,0.0711111111111111,14.0,84.09285714285714,100.0,59.0,75.0,14,59.4,0,91.25,98.0,59.2,6.75,D,1,2026-07-22
33,1,317,43,31,69,101,Course Page,42,72,166,17,0,7.372093023255814,51.604651162790695,0.3186119873817035,0.2176656151419558,15.0,88.39666666666668,100.0,60.0,49.0,15,91.3,0,78.0,100.0,86.7375,22.0,S,1,2026-07-22
34,1,501,58,28,365,130,Course Page,82,166,230,13,0,8.637931034482758,60.4655172413793,0.2594810379241516,0.7285429141716567,13.0,76.96153846153847,100.0,20.0,44.0,11,83.0,2,81.0,73.33333333333333,78.25,-7.666666666666671,SA,1,2026-07-22
35,1,338,51,34,46,17,Course Page,80,113,123,6,0,6.627450980392157,46.3921568627451,0.0502958579881656,0.136094674556213,15.0,84.97333333333333,100.0,70.35,48.0,15,70.35,0,87.8,90.0,74.175,2.200000000000003,S,1,2026-07-22
36,1,402,48,30,141,60,Course Page,87,87,188,0,0,8.375,58.625,0.1492537313432835,0.3507462686567164,15.0,67.6,90.0,35.0,56.0,13,64.5,2,67.0,63.0,74.75,-4.0,P,1,2026-07-22
37,1,212,36,15,16,4,Course Page,32,60,115,3,0,5.888888888888889,41.22222222222222,0.0188679245283018,0.0754716981132075,14.0,77.27142857142857,95.0,55.0,54.0,14,81.4,0,79.0,73.75,80.7,-5.25,P,1,2026-07-22
38,1,846,84,39,256,166,Course Page,130,242,403,20,0,10.071428571428571,70.5,0.1962174940898345,0.3026004728132387,15.0,67.25333333333333,92.0,35.0,45.0,12,79.65,3,62.0,59.0,85.825,-3.0,S,1,2026-07-22
39,1,211,50,37,41,40,Lecture Material,70,58,59,6,0,4.22,29.54,0.1895734597156398,0.1943127962085308,15.0,81.94266666666667,100.0,61.57,70.0,15,61.57,0,94.0,82.0,65.285,-12.0,D,1,2026-07-22
40,1,321,40,22,154,30,Assignment,31,178,111,1,0,8.025,56.175,0.0934579439252336,0.4797507788161994,14.0,62.392857142857146,100.0,19.0,34.0,12,19.0,2,75.0,72.5,35.5,-2.5,N,1,2026-07-22
41,1,409,43,27,225,101,Course Page,78,122,196,10,0,9.511627906976743,66.5813953488372,0.2469437652811736,0.5501222493887531,10.0,38.9,60.0,0.0,15.0,5,46.0,5,40.0,55.0,30.666666666666668,15.0,N,1,2026-07-22
42,1,266,42,20,128,22,Assignment,24,130,101,1,0,6.333333333333333,44.333333333333336,0.0827067669172932,0.4812030075187969,13.0,84.34615384615384,100.0,60.0,62.0,13,60.0,0,91.0,93.33333333333331,72.0,2.3333333333333286,C,1,2026-07-22
43,1,611,63,36,334,99,Course Page,106,77,402,1,0,9.698412698412698,67.88888888888889,0.1620294599018003,0.546644844517185,14.0,82.27857142857144,100.0,45.0,43.0,13,85.95,1,85.0,88.0,73.475,3.0,SA,1,2026-07-22
44,1,367,38,26,107,75,Course Page,85,96,174,7,0,9.657894736842104,67.60526315789474,0.2043596730245231,0.2915531335149863,13.0,83.9076923076923,100.0,67.9,60.0,13,67.9,0,93.0,88.33333333333333,71.95,-4.666666666666671,C,1,2026-07-22
45,1,478,62,56,257,73,Assignment,67,193,193,8,0,7.709677419354839,53.967741935483865,0.1527196652719665,0.5376569037656904,15.0,89.08666666666666,100.0,65.0,71.0,15,79.15,0,88.0,92.0,86.575,4.0,D,1,2026-07-22
46,1,265,40,22,79,64,Course Page,66,59,118,13,0,6.625,46.375,0.2415094339622641,0.2981132075471698,15.0,72.78666666666666,90.0,40.0,46.0,14,69.65,1,69.0,82.0,65.325,13.0,S,1,2026-07-22
47,1,330,53,26,156,115,Course Page,17,138,163,6,0,6.226415094339623,43.58490566037736,0.3484848484848485,0.4727272727272727,15.0,83.44666666666667,100.0,60.0,43.0,15,75.85,0,81.0,87.0,81.925,6.0,SA,1,2026-07-22
48,1,384,48,32,109,98,Course Page,115,96,160,1,0,8.0,56.0,0.2552083333333333,0.2838541666666667,15.0,72.25733333333332,100.0,25.0,48.0,12,51.43,3,86.0,56.0,75.715,-30.0,S,1,2026-07-22
49,1,439,34,30,366,158,Course Page,133,56,192,32,0,12.911764705882351,90.38235294117648,0.3599088838268792,0.8337129840546698,9.0,63.333333333333336,100.0,29.0,26.0,8,64.5,1,65.0,80.0,62.75,15.0,N,1,2026-07-22
50,1,254,35,41,64,8,Lecture Material,80,37,75,36,0,7.257142857142857,50.8,0.0314960629921259,0.2519685039370078,13.0,46.2,84.0,20.0,60.0,6,51.3,7,40.0,33.333333333333336,67.65,-6.666666666666664,C,1,2026-07-22
51,1,270,57,27,125,41,Course Page,44,94,106,12,0,4.7368421052631575,33.15789473684211,0.1518518518518518,0.4629629629629629,14.0,87.73571428571428,100.0,50.0,82.0,14,97.9,0,89.0,82.5,93.95,-6.5,HD,1,2026-07-22
52,1,244,32,23,120,39,Course Page,70,36,94,10,0,7.625,53.375,0.1598360655737705,0.4918032786885246,15.0,71.03333333333333,100.0,50.0,62.0,15,68.0,0,82.0,67.0,61.5,-15.0,C,1,2026-07-22
53,1,267,42,21,60,79,Course Page,75,66,121,4,0,6.357142857142857,44.5,0.2958801498127341,0.2247191011235955,12.0,57.03333333333333,100.0,19.7,37.0,7,19.7,5,72.0,50.0,44.6,-22.0,N,1,2026-07-22
54,1,748,69,41,322,144,Course Page,86,227,378,1,0,10.840579710144928,75.88405797101449,0.1925133689839572,0.4304812834224599,13.0,74.99230769230769,100.0,30.0,41.0,10,76.45,3,67.5,97.5,62.225,30.0,SA,1,2026-07-22
55,1,711,68,25,147,179,Course Page,39,94,552,6,0,10.455882352941176,73.19117647058825,0.2517580872011252,0.2067510548523206,11.0,45.13636363636363,75.0,0.0,22.0,4,44.0,7,48.75,20.0,59.5,-28.75,N,1,2026-07-22
56,1,261,40,25,71,64,Course Page,31,99,113,8,0,6.525,45.675,0.2452107279693486,0.2720306513409962,15.0,78.56666666666666,100.0,0.0,60.0,14,84.0,1,92.0,59.0,87.0,-33.0,C,1,2026-07-22
57,1,176,38,16,78,22,Course Page,11,45,119,0,0,4.631578947368421,32.421052631578945,0.125,0.4431818181818182,6.0,57.333333333333336,100.0,10.0,47.0,5,62.0,1,100.0,0.0,58.5,0.0,S,1,2026-07-22
58,1,387,46,28,135,68,Course Page,93,46,223,11,0,8.41304347826087,58.891304347826086,0.1757105943152454,0.3488372093023256,12.0,26.375,55.0,0.0,20.0,4,53.75,8,17.5,6.666666666666667,54.375,-10.833333333333332,N,1,2026-07-22
59,1,221,28,16,77,28,Course Page,50,48,123,0,0,7.892857142857143,55.25,0.1266968325791855,0.3484162895927601,9.0,55.67777777777778,85.0,29.0,19.0,6,36.05,3,78.33333333333333,55.0,45.525,-23.33333333333333,N,1,2026-07-22
60,1,455,69,27,180,125,Course Page,40,177,214,15,0,6.594202898550725,46.15942028985507,0.2747252747252747,0.3956043956043956,15.0,90.91333333333334,100.0,80.0,65.0,15,84.15,0,91.8,91.0,89.575,-0.7999999999999972,C,1,2026-07-22
61,1,280,49,34,118,59,Course Page,84,64,88,14,0,5.714285714285714,40.0,0.2107142857142857,0.4214285714285714,15.0,91.0,100.0,60.0,83.0,15,80.0,0,98.0,88.0,85.5,-10.0,HD,1,2026-07-22
62,1,220,37,28,98,71,Course Page,47,58,105,4,0,5.945945945945946,41.62162162162162,0.3227272727272727,0.4454545454545454,15.0,74.58,95.0,50.0,48.0,15,88.35,0,79.0,69.0,76.175,-10.0,S,1,2026-07-22
63,1,347,53,31,118,41,Course Page,40,77,204,5,0,6.547169811320755,45.83018867924528,0.1181556195965417,0.3400576368876081,14.0,79.5,100.0,40.0,46.0,13,65.5,1,88.0,75.0,74.75,-13.0,S,1,2026-07-22
64,1,551,30,28,345,60,Course Page,64,49,410,9,0,18.366666666666667,128.56666666666666,0.1088929219600726,0.6261343012704175,10.0,48.73,80.0,10.0,23.0,7,65.65,3,40.0,50.0,61.325,10.0,N,1,2026-07-22
65,1,408,50,34,165,38,Course Page,43,137,180,15,0,8.16,57.12,0.0931372549019607,0.4044117647058823,15.0,83.24666666666667,95.0,58.0,58.0,15,88.4,0,83.8,90.0,73.2,6.200000000000003,P,1,2026-07-22
66,1,213,44,24,39,47,Course Page,71,59,74,3,0,4.840909090909091,33.88636363636364,0.2206572769953051,0.1830985915492957,15.0,74.21333333333334,100.0,30.0,46.0,14,72.35,1,66.0,77.0,81.675,11.0,S,1,2026-07-22
67,1,193,18,42,172,40,Assignment,38,110,34,7,0,10.72222222222222,75.05555555555554,0.2072538860103626,0.8911917098445595,15.0,87.22666666666667,100.0,67.7,70.0,15,67.7,0,96.0,86.0,76.85,-10.0,D,1,2026-07-22
68,1,503,74,31,73,85,Course Page,71,69,342,2,0,6.797297297297297,47.58108108108108,0.1689860834990059,0.1451292246520874,15.0,75.48666666666666,100.0,30.0,44.0,12,41.65,3,72.0,90.0,60.325,18.0,SA,1,2026-07-22
69,1,151,33,22,57,12,Course Page,26,46,78,0,0,4.575757575757576,32.03030303030303,0.0794701986754966,0.3774834437086092,15.0,71.59466666666667,100.0,47.21,58.0,13,47.21,2,74.0,75.0,63.605,1.0,P,1,2026-07-22
70,1,463,46,24,105,76,Course Page,85,89,268,8,0,10.065217391304348,70.45652173913044,0.1641468682505399,0.2267818574514039,15.0,95.83733333333332,100.0,88.28,85.0,15,88.28,0,98.0,96.0,92.64,-2.0,HD,1,2026-07-22
71,1,91,20,14,38,25,Assignment,2,58,24,5,0,4.55,31.85,0.2747252747252747,0.4175824175824176,14.0,54.642857142857146,80.0,0.0,30.0,10,66.0,4,55.0,42.0,73.0,-13.0,N,1,2026-07-22
72,1,452,50,31,192,33,Course Page,75,149,207,8,0,9.04,63.28,0.0730088495575221,0.4247787610619469,15.0,75.97333333333333,100.0,40.0,66.0,14,96.3,1,80.0,62.0,89.65,-18.0,C,1,2026-07-22
73,1,252,39,35,169,48,Assignment,21,106,99,16,0,6.461538461538462,45.23076923076923,0.1904761904761904,0.6706349206349206,10.0,53.4,100.0,0.0,11.0,5,0.0,5,80.0,75.0,9.333333333333334,-5.0,N,1,2026-07-22
74,1,327,60,18,149,59,Course Page,52,60,209,0,0,5.45,38.15,0.1804281345565749,0.45565749235474,15.0,76.5,95.0,30.0,54.0,14,50.0,1,76.0,81.0,71.0,5.0,P,1,2026-07-22
75,1,494,65,24,261,106,Course Page,19,232,240,0,0,7.6,53.2,0.2145748987854251,0.52834008097166,14.0,73.39285714285714,100.0,40.0,55.0,11,41.0,3,70.0,93.75,57.5,23.75,P,1,2026-07-22
76,1,187,29,28,42,24,Assignment,25,78,78,1,0,6.448275862068965,45.137931034482754,0.1283422459893048,0.2245989304812834,15.0,64.23333333333333,100.0,20.0,53.0,11,45.0,4,76.0,61.0,52.5,-15.0,P,1,2026-07-22
77,1,220,35,24,90,28,Course Page,68,45,85,15,0,6.285714285714286,44.0,0.1272727272727272,0.4090909090909091,10.0,70.47,100.0,38.0,50.0,9,89.35,1,70.0,100.0,71.675,30.0,P,1,2026-07-22
78,1,445,66,27,247,87,Course Page,52,56,321,5,0,6.742424242424242,47.196969696969695,0.195505617977528,0.5550561797752809,14.0,76.72142857142856,100.0,50.0,39.0,14,73.3,0,71.25,78.0,82.9,6.75,N,1,2026-07-22
79,1,375,47,29,104,82,Course Page,96,103,145,3,0,7.978723404255319,55.85106382978724,0.2186666666666666,0.2773333333333333,14.0,70.85714285714286,100.0,40.0,63.0,13,63.0,1,86.0,65.0,58.25,-21.0,C,1,2026-07-22
80,1,333,56,21,151,116,Course Page,51,86,193,2,0,5.946428571428571,41.625,0.3483483483483483,0.4534534534534534,15.0,81.77333333333333,100.0,65.0,67.0,15,79.3,0,86.0,78.0,81.15,-8.0,C,1,2026-07-22
81,1,511,76,38,129,125,Lecture Material,159,149,152,22,0,6.723684210526316,47.065789473684205,0.2446183953033268,0.2524461839530332,15.0,35.906666666666666,75.0,10.0,25.0,4,48.8,11,15.0,55.0,38.4,40.0,N,1,2026-07-22
82,1,657,66,29,253,82,Course Page,102,236,299,7,0,9.954545454545457,69.68181818181819,0.1248097412480974,0.3850837138508371,15.0,92.12666666666668,100.0,70.0,73.0,15,88.7,0,90.0,93.0,93.85,3.0,D,1,2026-07-22
83,1,325,50,23,92,61,Course Page,36,69,212,7,0,6.5,45.5,0.1876923076923076,0.283076923076923,15.0,68.04,100.0,40.0,30.0,12,45.3,3,69.0,79.0,51.65,10.0,N,1,2026-07-22
84,1,353,46,24,160,45,Course Page,52,58,227,3,0,7.673913043478261,53.71739130434783,0.1274787535410765,0.4532577903682719,15.0,83.09333333333333,100.0,69.0,52.0,15,70.2,0,84.0,92.0,69.6,8.0,P,1,2026-07-22
85,1,191,35,19,87,43,Course Page,11,72,103,1,0,5.457142857142857,38.2,0.225130890052356,0.4554973821989528,15.0,69.76666666666667,100.0,0.0,21.0,10,0.0,5,79.0,100.0,15.5,21.0,N,1,2026-07-22
86,1,343,47,32,174,43,Course Page,75,66,165,16,0,7.297872340425532,51.08510638297872,0.1253644314868804,0.5072886297376094,12.0,57.76666666666667,100.0,20.0,30.0,8,68.1,4,65.0,43.333333333333336,66.05,-21.666666666666664,N,1,2026-07-22
87,1,120,14,16,27,13,Assignment,13,60,45,1,0,8.571428571428571,60.0,0.1083333333333333,0.225,14.0,59.17857142857143,100.0,0.0,41.0,9,56.0,5,55.0,75.0,49.0,20.0,SA,1,2026-07-22
88,1,109,19,12,27,28,Course Page,14,37,55,0,0,5.7368421052631575,40.1578947368421,0.2568807339449541,0.2477064220183486,9.0,74.33333333333333,100.0,0.0,62.0,7,86.5,2,75.0,0.0,84.75,0.0,C,1,2026-07-22
89,1,284,62,20,165,64,Assignment,20,144,100,4,0,4.580645161290323,32.064516129032256,0.2253521126760563,0.5809859154929577,8.0,14.0,38.0,0.0,9.0,0,38.0,8,0.0,0.0,28.0,0.0,N,1,2026-07-22
90,1,502,51,32,95,64,Course Page,78,171,227,15,0,9.84313725490196,68.90196078431373,0.1274900398406374,0.1892430278884462,15.0,87.90666666666667,100.0,79.0,73.0,15,82.55,0,92.0,89.0,80.775,-3.0,D,1,2026-07-22
91,1,311,51,28,149,41,Course Page,40,78,152,13,0,6.098039215686274,42.68627450980392,0.1318327974276527,0.4790996784565916,15.0,84.86,100.0,50.0,72.0,15,84.95,0,74.0,92.0,89.975,18.0,D,1,2026-07-22
92,1,488,51,41,75,94,Course Page,94,146,180,28,0,9.568627450980392,66.98039215686275,0.1926229508196721,0.1536885245901639,10.0,78.85,100.0,43.5,40.0,9,72.5,1,78.33333333333333,100.0,77.5,21.66666666666667,SA,1,2026-07-22
93,1,188,31,24,45,7,Course Page,39,53,63,7,0,6.064516129032258,42.4516129032258,0.0372340425531914,0.2393617021276596,13.0,32.19230769230769,60.0,0.0,33.0,3,23.0,10,41.0,26.666666666666668,26.25,-14.333333333333332,N,1,2026-07-22
94,1,417,35,26,164,46,Course Page,117,107,160,0,0,11.914285714285716,83.4,0.1103117505995203,0.3932853717026379,14.0,53.785714285714285,90.0,17.0,51.0,8,17.0,6,75.0,56.25,23.25,-18.75,P,1,2026-07-22
95,1,244,31,34,137,72,Course Page,35,96,97,1,0,7.870967741935484,55.096774193548384,0.2950819672131147,0.5614754098360656,12.0,41.833333333333336,86.0,0.0,0.0,4,0.0,8,55.0,26.666666666666668,43.0,-28.33333333333333,DX,1,2026-07-22
96,1,780,74,46,653,188,Assignment,73,351,337,12,0,10.54054054054054,73.78378378378379,0.241025641025641,0.8371794871794872,15.0,68.36,100.0,1.2,25.0,11,1.2,4,82.0,88.0,22.6,6.0,N,1,2026-07-22
97,1,157,35,15,39,54,Course Page,49,45,56,5,0,4.485714285714286,31.4,0.3439490445859872,0.2484076433121019,12.0,76.825,100.0,55.5,44.0,12,55.7,0,88.33333333333333,72.5,77.85,-15.833333333333329,SA,1,2026-07-22
98,1,145,23,16,67,31,Course Page,47,29,66,0,0,6.304347826086956,44.130434782608695,0.2137931034482758,0.4620689655172413,8.0,51.275,100.0,0.0,28.0,5,73.1,3,40.0,0.0,69.55,0.0,N,1,2026-07-22
99,1,417,49,36,77,31,Course Page,114,78,183,12,0,8.510204081632653,59.57142857142857,0.0743405275779376,0.184652278177458,14.0,74.25,100.0,0.0,60.0,13,79.0,1,90.0,53.75,77.0,-36.25,C,1,2026-07-22
100,1,57,20,5,8,6,Course Page,1,2,53,1,0,2.85,19.95,0.1052631578947368,0.1403508771929824,10.0,41.15,75.0,0.0,10.0,5,0.0,5,61.25,50.0,21.75,-11.25,N,1,2026-07-22
101,1,733,50,30,296,161,Course Page,162,118,423,0,0,14.66,102.62,0.2196452933151432,0.4038199181446112,15.0,71.86666666666666,90.0,43.0,38.0,13,67.0,2,74.0,82.0,55.0,8.0,N,1,2026-07-22
102,1,121,15,11,53,24,Course Page,17,43,57,0,0,8.066666666666666,56.46666666666667,0.1983471074380165,0.4380165289256198,8.0,10.375,25.0,0.0,2.0,0,0.0,8,16.666666666666668,20.0,2.0,3.333333333333332,N,1,2026-07-22
103,1,444,81,45,215,128,Course Page,35,160,234,5,0,5.481481481481482,38.37037037037037,0.2882882882882883,0.4842342342342342,15.0,89.96666666666667,100.0,40.0,74.0,13,93.0,2,97.0,100.0,66.5,3.0,D,1,2026-07-22
104,1,421,72,28,140,80,Assignment,94,143,101,36,0,5.847222222222222,40.93055555555555,0.1900237529691211,0.332541567695962,15.0,91.53333333333332,100.0,75.0,72.0,15,94.0,0,96.0,86.0,93.0,-10.0,D,1,2026-07-22
105,1,211,40,22,90,30,Course Page,28,74,95,5,0,5.275,36.925,0.1421800947867298,0.4265402843601896,12.0,65.48333333333333,90.0,25.0,36.0,10,65.65,2,76.0,57.5,60.325,-18.5,N,1,2026-07-22
106,1,638,68,43,395,140,Course Page,65,188,345,7,0,9.382352941176473,65.6764705882353,0.219435736677116,0.6191222570532915,14.0,48.75714285714286,100.0,0.0,33.0,8,32.8,6,46.0,60.0,41.4,14.0,N,1,2026-07-22
107,1,678,69,46,174,108,Course Page,149,180,300,2,0,9.826086956521738,68.78260869565217,0.1592920353982301,0.2566371681415929,14.0,68.35714285714286,100.0,30.0,53.0,13,77.0,1,70.0,65.0,71.5,-5.0,P,1,2026-07-22
108,1,333,32,25,260,79,Course Page,98,66,151,9,0,10.40625,72.84375,0.2372372372372372,0.7807807807807807,14.0,58.46428571428572,85.0,0.0,57.0,12,76.0,2,70.0,38.75,65.75,-31.25,P,1,2026-07-22
109,1,205,30,19,103,6,Course Page,40,46,110,0,0,6.833333333333333,47.833333333333336,0.0292682926829268,0.5024390243902439,11.0,68.95454545454545,90.0,43.5,66.0,10,85.0,1,67.5,82.5,70.0,15.0,C,1,2026-07-22
110,1,251,30,30,194,56,Assignment,34,104,104,2,0,8.366666666666667,58.56666666666667,0.2231075697211155,0.7729083665338645,10.0,51.2,70.0,27.0,22.0,6,58.5,4,56.66666666666666,50.0,53.75,-6.666666666666664,N,1,2026-07-22
111,1,257,25,34,153,18,Assignment,9,147,92,1,0,10.28,71.96,0.0700389105058365,0.5953307392996109,13.0,81.69999999999999,100.0,63.3,45.0,13,63.3,0,99.0,76.66666666666667,66.15,-22.33333333333333,S,1,2026-07-22
112,1,189,26,24,79,31,Assignment,15,80,77,2,0,7.269230769230769,50.88461538461538,0.164021164021164,0.4179894179894179,14.0,67.51428571428572,100.0,30.0,52.0,12,52.85,2,53.75,82.0,64.425,28.25,P,1,2026-07-22
113,1,502,67,30,198,77,Course Page,50,120,293,1,0,7.492537313432836,52.44776119402985,0.1533864541832669,0.3944223107569721,15.0,31.466666666666665,75.0,0.0,24.0,5,62.0,10,17.0,19.0,68.5,2.0,N,1,2026-07-22
114,1,157,22,22,85,4,Assignment,15,92,46,0,0,7.136363636363637,49.95454545454545,0.0254777070063694,0.5414012738853503,15.0,80.2,100.0,60.0,68.0,15,86.0,0,83.0,81.0,75.25,-2.0,C,1,2026-07-22
115,1,455,47,27,73,70,Course Page,100,151,195,2,0,9.680851063829786,67.76595744680851,0.1538461538461538,0.1604395604395604,14.0,73.57142857142857,100.0,50.0,58.0,14,65.0,0,84.0,70.0,65.0,-14.0,P,1,2026-07-22
116,1,127,18,13,91,43,Course Page,11,45,62,8,0,7.055555555555555,49.388888888888886,0.3385826771653543,0.7165354330708661,6.0,50.48333333333333,78.0,0.0,23.0,4,73.45,2,0.0,0.0,75.725,0.0,N,1,2026-07-22
117,1,105,20,22,8,9,Assignment,24,53,23,2,0,5.25,36.75,0.0857142857142857,0.0761904761904762,15.0,92.2,100.0,50.0,82.0,15,91.5,0,100.0,100.0,70.75,0.0,HD,1,2026-07-22
118,1,803,74,32,219,117,Assignment,127,351,295,7,0,10.85135135135135,75.95945945945947,0.1457036114570361,0.2727272727272727,15.0,79.42,100.0,30.0,64.0,14,94.65,1,72.0,80.0,88.825,8.0,C,1,2026-07-22
119,1,165,29,22,66,9,Course Page,39,59,66,0,0,5.689655172413793,39.82758620689655,0.0545454545454545,0.4,15.0,69.7,100.0,10.0,50.0,11,77.5,4,80.0,67.0,59.25,-13.0,P,1,2026-07-22
120,1,191,37,15,42,34,Course Page,61,35,90,3,0,5.162162162162162,36.13513513513514,0.1780104712041884,0.2198952879581152,14.0,88.57857142857142,100.0,64.0,61.0,14,83.05,0,100.0,92.0,73.525,-8.0,C,1,2026-07-22
121,1,230,27,33,108,45,Course Page,71,40,100,2,0,8.518518518518519,59.629629629629626,0.1956521739130435,0.4695652173913043,8.0,48.625,80.0,18.5,25.0,5,31.75,3,65.0,55.0,46.375,-10.0,N,1,2026-07-22
122,1,171,22,24,12,4,Assignment,40,66,59,0,0,7.772727272727272,54.409090909090914,0.023391812865497,0.0701754385964912,14.0,92.64,100.0,78.73,64.0,14,78.73,0,100.0,96.25,80.86500000000001,-3.75,C,1,2026-07-22
123,1,134,21,26,64,13,Course Page,44,38,44,4,0,6.380952380952381,44.66666666666666,0.0970149253731343,0.4776119402985074,10.0,34.05,63.0,0.0,18.0,4,63.0,6,36.25,25.0,42.0,-11.25,N,1,2026-07-22
124,1,599,89,29,211,134,Course Page,190,65,320,22,0,6.730337078651686,47.1123595505618,0.2237061769616026,0.352253756260434,15.0,80.41333333333334,95.0,69.0,72.0,15,72.1,0,83.0,85.0,70.55,2.0,D,1,2026-07-22
125,1,669,89,33,185,153,Course Page,194,107,351,8,0,7.51685393258427,52.61797752808989,0.2286995515695067,0.2765321375186846,15.0,85.4,100.0,70.0,75.0,15,73.5,0,88.0,92.0,72.75,4.0,D,1,2026-07-22
126,1,205,29,20,22,83,Assignment,32,88,78,2,0,7.068965517241379,49.48275862068965,0.4048780487804878,0.1073170731707317,15.0,65.63333333333334,100.0,0.0,53.0,12,54.0,3,72.0,55.0,71.5,-17.0,P,1,2026-07-22
127,1,169,28,19,91,35,Course Page,32,50,83,0,0,6.035714285714286,42.25,0.2071005917159763,0.5384615384615384,11.0,38.95454545454545,85.0,0.0,23.0,6,0.0,5,42.0,85.0,26.0,43.0,N,1,2026-07-22
128,1,230,44,23,71,45,Course Page,18,97,104,5,0,5.227272727272728,36.59090909090909,0.1956521739130435,0.308695652173913,12.0,67.86666666666666,85.0,51.0,30.0,12,68.7,0,66.25,81.66666666666667,63.35,15.416666666666671,N,1,2026-07-22
129,1,662,60,34,264,156,Course Page,147,162,309,1,0,11.033333333333331,77.23333333333333,0.2356495468277945,0.3987915407854985,12.0,55.0,100.0,20.0,24.0,8,30.0,4,58.0,55.0,55.0,-3.0,N,1,2026-07-22
130,1,183,31,15,70,30,Assignment,35,76,72,0,0,5.903225806451613,41.32258064516129,0.1639344262295081,0.3825136612021858,8.0,64.725,100.0,23.0,25.0,6,57.4,2,76.66666666666667,0.0,66.2,0.0,N,1,2026-07-22
131,1,261,35,29,76,37,Course Page,67,72,102,8,0,7.457142857142857,52.2,0.1417624521072797,0.2911877394636015,15.0,87.54666666666667,100.0,76.35,82.0,15,76.35,0,91.0,84.0,87.675,-7.0,HD,1,2026-07-22
132,1,341,42,28,97,27,Course Page,27,127,169,10,0,8.119047619047619,56.833333333333336,0.0791788856304985,0.2844574780058651,14.0,79.64999999999999,100.0,50.0,63.0,14,95.55,0,78.0,72.5,91.775,-5.5,C,1,2026-07-22
133,1,157,18,18,49,16,Course Page,23,54,70,0,0,8.722222222222221,61.05555555555555,0.1019108280254777,0.3121019108280254,7.0,24.685714285714287,50.0,0.0,10.0,1,28.9,6,50.0,0.0,29.45,-50.0,N,1,2026-07-22
134,1,418,37,31,214,88,Course Page,120,75,201,15,0,11.297297297297296,79.08108108108108,0.2105263157894736,0.5119617224880383,12.0,54.333333333333336,95.0,20.0,27.0,7,62.0,5,36.66666666666666,72.5,53.0,35.833333333333336,N,1,2026-07-22
135,1,237,30,37,175,32,Assignment,20,140,70,1,0,7.9,55.3,0.1350210970464135,0.7383966244725738,14.0,78.47857142857143,100.0,37.0,38.0,12,50.35,2,96.0,90.0,43.675,-6.0,N,1,2026-07-22
136,1,359,51,22,145,87,Course Page,29,159,161,2,0,7.03921568627451,49.27450980392157,0.2423398328690807,0.403899721448468,14.0,73.15714285714286,83.85,65.0,56.0,14,83.85,0,75.0,71.0,75.925,-4.0,P,1,2026-07-22
137,1,307,28,42,114,29,Assignment,26,188,90,0,0,10.964285714285714,76.75,0.0944625407166123,0.3713355048859935,15.0,78.88000000000001,100.0,50.35,37.0,15,50.35,0,89.0,88.0,52.425,-1.0,N,1,2026-07-22
138,1,214,24,20,92,61,Assignment,17,99,93,1,0,8.916666666666666,62.41666666666667,0.2850467289719626,0.4299065420560747,13.0,74.6923076923077,100.0,30.0,42.0,11,88.5,2,71.25,78.75,77.75,7.5,SA,1,2026-07-22
139,1,135,22,15,72,40,Course Page,14,54,64,0,0,6.136363636363637,42.95454545454545,0.2962962962962963,0.5333333333333333,13.0,45.61538461538461,80.0,0.0,33.0,8,65.0,5,46.0,26.666666666666668,63.0,-19.33333333333333,N,1,2026-07-22
140,1,7,5,3,1,2,Course Page,0,2,4,1,0,1.4,9.8,0.2857142857142857,0.1428571428571428,4.0,5.5,20.0,0.0,0.0,0,0.0,4,20.0,0.0,0.0,0.0,N,1,2026-07-22
141,1,374,51,28,119,53,Course Page,58,100,201,9,0,7.333333333333333,51.333333333333336,0.141711229946524,0.3181818181818182,14.0,55.29,100.0,30.0,48.0,8,43.78,6,61.0,40.0,65.64,-21.0,S,1,2026-07-22
142,1,277,47,24,39,44,Course Page,55,57,125,6,0,5.893617021276596,41.25531914893617,0.1588447653429603,0.1407942238267148,14.0,89.41428571428571,100.0,75.0,71.0,14,95.9,0,92.5,90.0,87.45,-2.5,D,1,2026-07-22
143,1,501,38,26,232,64,Course Page,162,65,235,9,0,13.18421052631579,92.28947368421052,0.1277445109780439,0.4630738522954092,7.0,45.142857142857146,90.0,0.0,13.0,3,0.0,4,55.0,30.0,54.0,-25.0,N,1,2026-07-22
144,1,105,12,17,90,27,Course Page,3,33,66,0,0,8.75,61.25,0.2571428571428571,0.8571428571428571,10.0,62.5,95.0,0.0,58.0,7,87.0,3,60.0,72.5,58.0,12.5,P,1,2026-07-22
145,1,112,10,16,82,2,Lecture Material,48,26,35,3,0,11.2,78.39999999999999,0.0178571428571428,0.7321428571428571,8.0,58.875,100.0,0.0,17.0,5,0.0,3,77.5,0.0,43.333333333333336,0.0,N,1,2026-07-22
146,1,176,34,18,87,41,Course Page,58,39,63,2,0,5.176470588235294,36.235294117647065,0.2329545454545454,0.4943181818181818,7.0,60.07142857142857,75.0,14.5,22.0,6,55.5,1,72.5,0.0,65.25,0.0,N,1,2026-07-22
147,1,265,37,26,83,78,Course Page,59,81,115,8,0,7.162162162162162,50.13513513513514,0.2943396226415094,0.3132075471698113,10.0,65.25,100.0,12.75,25.0,6,12.75,4,92.5,40.0,50.375,-52.5,N,1,2026-07-22
148,1,101,21,18,44,17,Assignment,26,38,34,3,0,4.809523809523809,33.666666666666664,0.1683168316831683,0.4356435643564356,9.0,58.28888888888889,100.0,30.0,24.0,5,55.8,4,93.33333333333331,30.0,45.9,-63.33333333333333,N,1,2026-07-22
149,1,166,22,35,63,9,Assignment,14,126,26,0,0,7.545454545454546,52.81818181818182,0.0542168674698795,0.3795180722891566,14.0,87.92857142857143,100.0,62.75,60.0,14,62.75,0,99.0,97.5,64.375,-1.5,C,1,2026-07-22
150,1,94,25,14,25,20,Course Page,18,27,40,0,0,3.76,26.32,0.2127659574468085,0.2659574468085106,14.0,90.15,100.0,49.0,69.0,12,95.3,2,97.0,100.0,72.15,3.0,C,1,2026-07-22
151,1,54,13,13,27,10,Course Page,14,10,28,0,0,4.153846153846154,29.07692307692308,0.1851851851851851,0.5,10.0,53.9,100.0,0.0,10.0,6,0.0,4,45.0,80.0,0.0,35.0,N,1,2026-07-22
152,1,203,24,18,118,43,Course Page,31,76,87,1,0,8.458333333333334,59.208333333333336,0.2118226600985221,0.5812807881773399,8.0,19.5,38.0,0.0,11.0,0,38.0,8,5.0,10.0,33.5,5.0,N,1,2026-07-22
153,1,92,22,13,66,15,Assignment,23,60,8,0,0,4.181818181818182,29.27272727272728,0.1630434782608695,0.717391304347826,13.0,52.29230769230769,65.0,10.0,26.0,10,60.4,3,51.0,45.0,62.7,-6.0,N,1,2026-07-22
154,1,220,28,34,152,39,Course Page,42,42,115,2,0,7.857142857142857,55.0,0.1772727272727272,0.6909090909090909,5.0,11.4,50.0,0.0,1.0,1,0.0,4,0.0,50.0,0.6666666666666666,0.0,N,1,2026-07-22
155,1,8,3,4,6,0,Course Page,1,2,4,0,0,2.6666666666666665,18.666666666666668,0.0,0.75,6.0,0.0,0.0,0.0,0.0,0,0.0,6,0.0,0.0,0.0,0.0,N,1,2026-07-22
156,1,75,18,14,9,6,Course Page,15,26,30,2,0,4.166666666666667,29.166666666666664,0.08,0.12,15.0,84.06,100.0,50.0,42.0,15,82.7,0,82.0,83.0,88.35,1.0,SA,1,2026-07-22
157,1,96,15,20,45,10,Course Page,24,15,50,0,0,6.4,44.8,0.1041666666666666,0.46875,10.0,19.15,80.0,0.0,5.0,2,0.0,8,29.0,0.0,10.666666666666666,-29.0,N,1,2026-07-22
158,1,48,9,8,11,2,Course Page,4,14,29,0,0,5.333333333333333,37.33333333333333,0.0416666666666666,0.2291666666666666,8.0,8.25,33.0,0.0,3.0,0,0.0,8,0.0,0.0,22.0,0.0,N,1,2026-07-22
159,1,47,6,9,5,0,Assignment,7,23,17,0,0,7.833333333333333,54.833333333333336,0.0,0.1063829787234042,6.0,34.5,90.0,0.0,5.0,2,0.0,4,75.0,0.0,14.0,0.0,N,1,2026-07-22
160,1,101,14,11,6,21,Course Page,14,36,46,0,0,7.214285714285714,50.5,0.2079207920792079,0.0594059405940594,8.0,12.5,50.0,0.0,5.0,2,0.0,6,0.0,0.0,25.0,0.0,N,1,2026-07-22
161,1,134,17,14,58,40,Course Page,20,40,70,4,0,7.882352941176471,55.1764705882353,0.2985074626865671,0.4328358208955223,6.0,20.166666666666668,50.0,0.0,3.0,1,0.0,5,36.66666666666666,0.0,0.0,0.0,N,1,2026-07-22
162,1,71,12,17,35,14,Course Page,11,25,30,1,0,5.916666666666667,41.41666666666667,0.1971830985915492,0.4929577464788732,12.0,29.791666666666668,80.0,0.0,7.0,5,0.0,7,49.0,40.0,0.0,-9.0,N,1,2026-07-22
163,1,170,21,27,118,58,Assignment,18,120,27,0,0,8.095238095238095,56.66666666666666,0.3411764705882353,0.6941176470588235,9.0,67.22222222222223,100.0,0.0,11.0,7,0.0,2,90.0,100.0,0.0,10.0,N,1,2026-07-22
164,1,16,7,4,15,8,Course Page,0,2,13,0,0,2.2857142857142856,16.0,0.5,0.9375,3.0,0.0,0.0,0.0,0.0,0,0.0,3,0.0,0.0,0.0,0.0,N,1,2026-07-22
165,1,38,9,10,5,12,Course Page,11,9,16,0,0,4.222222222222222,29.55555555555556,0.3157894736842105,0.131578947368421,5.0,33.0,80.0,0.0,3.0,2,0.0,3,75.0,0.0,0.0,0.0,N,1,2026-07-22
166,1,12,7,2,7,7,Assignment,0,7,5,0,0,1.7142857142857142,12.0,0.5833333333333334,0.5833333333333334,4.0,5.5,20.0,0.0,0.0,0,0.0,4,20.0,0.0,0.0,0.0,N,1,2026-07-22
167,1,14,5,6,12,3,Course Page,2,2,8,1,0,2.8,19.6,0.2142857142857142,0.8571428571428571,5.0,0.0,0.0,0.0,0.0,0,0.0,5,0.0,0.0,0.0,0.0,N,1,2026-07-22
168,1,103,6,13,6,32,Course Page,29,21,45,0,0,17.166666666666668,120.16666666666669,0.3106796116504854,0.058252427184466,4.0,23.375,85.0,0.0,2.0,1,0.0,3,85.0,0.0,0.0,0.0,N,1,2026-07-22
169,1,2,1,2,0,0,Course Page,0,0,1,1,0,2.0,14.0,0.0,0.0,6.0,0.0,0.0,0.0,0.0,0,0.0,6,0.0,0.0,0.0,0.0,N,1,2026-07-22
170,1,0,0,0,0,0,No Activity,0,0,0,0,0,0.0,0.0,0.0,0.0,4.0,0.0,0.0,0.0,0.0,0,0.0,4,0.0,0.0,0.0,0.0,N,1,2026-07-22
171,1,0,0,0,0,0,No Activity,0,0,0,0,0,0.0,0.0,0.0,0.0,7.0,0.0,0.0,0.0,0.0,0,0.0,7,0.0,0.0,0.0,0.0,N,1,2026-07-22
172,2,21,5,8,3,1,Other,1,0,0,3,0,4.2,29.4,0.0476190476190476,0.1428571428571428,0.0,0.0,0.0,0.0,0.0,0,0.0,0,0.0,0.0,0.0,0.0,No Result,2,2026-07-22
173,3,31,4,13,13,0,Other,2,2,0,2,12,7.75,54.25,0.0,0.4193548387096774,1.0,0.0,0.0,0.0,0.0,0,0.0,1,0.0,0.0,0.0,0.0,No Result,2,2026-07-22
174,3,18,2,8,0,16,Quiz,0,0,0,0,10,9.0,63.0,0.8888888888888888,0.0,1.0,100.0,100.0,100.0,100.0,1,100.0,0,0.0,0.0,0.0,0.0,No Result,2,2026-07-22
1,1,1086,97,27,291,126,Assignment,5,939,142,0,0,11.195876288659791,78.37113402061856,0.1160220994475138,0.2679558011049723,0.0,0.0,0.0,0.0,0.0,0,0.0,0,0.0,0.0,0.0,0.0,No Result,1,2026-07-23
2,1,549,53,39,256,114,Course Page,137,184,192,15,0,10.358490566037736,72.50943396226415,0.2076502732240437,0.4663023679417122,15.0,70.53999999999999,100.0,0.0,41.0,10,44.8,5,95.0,72.0,34.9,-23.0,SA,1,2026-07-23
3,1,236,30,20,91,33,Course Page,50,92,93,1,0,7.866666666666666,55.06666666666667,0.1398305084745762,0.3855932203389831,12.0,58.083333333333336,100.0,0.0,0.0,9,0.0,3,66.0,63.333333333333336,41.66666666666666,-2.6666666666666643,DX,1,2026-07-23
4,1,183,33,22,72,20,Course Page,48,45,68,6,0,5.545454545454546,38.81818181818182,0.1092896174863388,0.3934426229508196,15.0,83.28666666666666,100.0,60.0,49.0,15,61.9,0,79.0,98.0,68.95,19.0,S,1,2026-07-23
5,1,356,55,25,169,50,Course Page,61,130,165,0,0,6.472727272727273,45.30909090909091,0.1404494382022472,0.4747191011235955,15.0,86.00666666666666,100.0,10.0,86.0,14,93.05,1,71.0,97.0,91.525,26.0,HD,1,2026-07-23
6,1,852,92,60,469,168,Course Page,69,300,428,10,0,9.26086956521739,64.82608695652173,0.1971830985915492,0.5504694835680751,15.0,81.62666666666668,100.0,54.0,0.0,15,60.45,0,87.0,94.0,57.225,7.0,DX,1,2026-07-23
7,1,1292,123,34,121,405,Course Page,373,194,695,16,0,10.504065040650406,73.52845528455283,0.3134674922600619,0.0936532507739938,15.0,53.53333333333333,80.0,31.0,46.0,9,68.0,6,51.0,59.0,49.5,8.0,S,1,2026-07-23
8,1,301,48,20,244,87,Course Page,59,72,151,0,0,6.270833333333333,43.895833333333336,0.2890365448504983,0.8106312292358804,15.0,57.940000000000005,94.0,0.0,46.0,11,71.05,4,46.0,52.0,82.525,6.0,S,1,2026-07-23
9,1,365,47,23,125,25,Assignment,54,160,144,1,0,7.76595744680851,54.361702127659576,0.0684931506849315,0.3424657534246575,15.0,67.83733333333333,100.0,0.0,75.0,12,52.28,3,94.0,40.0,70.14,-54.0,D,1,2026-07-23
10,1,158,23,15,87,24,Course Page,15,48,90,3,0,6.869565217391305,48.08695652173913,0.1518987341772152,0.5506329113924051,11.0,60.08181818181818,95.0,10.0,32.0,6,84.7,5,56.25,70.0,64.85,13.75,N,1,2026-07-23
11,1,229,35,18,92,55,Course Page,10,68,146,2,0,6.542857142857143,45.8,0.2401746724890829,0.4017467248908297,14.0,77.07142857142857,100.0,0.0,33.0,12,0.0,2,88.0,78.0,55.333333333333336,-10.0,N,1,2026-07-23
12,1,1221,84,42,307,252,Course Page,249,268,630,30,0,14.535714285714286,101.75,0.2063882063882063,0.2514332514332514,15.0,79.43333333333334,100.0,40.0,75.0,14,87.0,1,86.0,79.0,71.0,-7.0,D,1,2026-07-23
13,1,187,38,22,80,27,Course Page,35,41,67,36,0,4.921052631578948,34.44736842105263,0.1443850267379679,0.427807486631016,15.0,98.49333333333334,100.0,88.7,76.0,15,88.7,0,100.0,100.0,94.35,0.0,D,1,2026-07-23
14,1,141,28,19,20,16,Assignment,32,39,39,27,0,5.035714285714286,35.25,0.1134751773049645,0.1418439716312056,14.0,82.82142857142857,100.0,0.0,50.0,13,0.0,1,90.0,91.0,54.66666666666666,1.0,P,1,2026-07-23
15,1,1194,97,48,851,231,Assignment,38,658,477,12,0,12.309278350515465,86.16494845360825,0.1934673366834171,0.7127303182579564,15.0,88.74666666666667,100.0,70.0,59.0,15,81.1,0,92.0,94.0,77.05,2.0,P,1,2026-07-23
16,1,733,68,27,439,250,Course Page,184,137,384,1,0,10.779411764705882,75.45588235294119,0.3410641200545702,0.5989085948158254,15.0,68.83333333333333,100.0,0.0,51.0,12,20.25,3,86.0,66.0,49.125,-20.0,P,1,2026-07-23
17,1,43,8,9,15,13,Course Page,7,17,19,0,0,5.375,37.625,0.3023255813953488,0.3488372093023256,7.0,35.857142857142854,100.0,0.0,5.0,3,0.0,4,73.33333333333333,0.0,3.0,0.0,N,1,2026-07-23
18,1,49,5,9,2,48,Course Page,0,8,41,0,0,9.8,68.6,0.979591836734694,0.0408163265306122,6.0,0.0,0.0,0.0,0.0,0,0.0,6,0.0,0.0,0.0,0.0,N,1,2026-07-23
19,1,535,71,33,216,111,Course Page,130,76,247,20,0,7.535211267605634,52.74647887323944,0.2074766355140186,0.4037383177570093,15.0,93.65333333333334,100.0,70.0,83.0,15,93.15,0,90.0,97.0,94.075,7.0,HD,1,2026-07-23
20,1,161,22,32,67,57,Course Page,49,40,55,1,0,7.318181818181818,51.22727272727273,0.3540372670807453,0.4161490683229814,8.0,53.875,100.0,20.0,34.0,4,65.0,4,100.0,20.0,47.25,-80.0,N,1,2026-07-23
21,1,268,41,40,101,55,Assignment,67,87,85,9,0,6.536585365853658,45.75609756097561,0.2052238805970149,0.376865671641791,8.0,67.8875,100.0,26.5,50.0,7,62.3,1,97.5,70.0,62.9,-27.5,P,1,2026-07-23
22,1,1203,111,36,221,239,Course Page,115,292,765,7,0,10.83783783783784,75.86486486486486,0.198669991687448,0.1837073981712385,15.0,96.584,100.0,88.13,83.0,15,88.13,0,98.0,97.0,94.065,-1.0,HD,1,2026-07-23
23,1,402,58,26,119,59,Course Page,158,50,165,11,0,6.931034482758621,48.51724137931034,0.1467661691542288,0.2960199004975124,15.0,85.1,100.0,55.5,83.0,15,74.0,0,94.0,91.0,64.75,-3.0,HD,1,2026-07-23
24,1,248,30,18,85,9,Course Page,56,41,129,21,0,8.266666666666667,57.86666666666667,0.0362903225806451,0.3427419354838709,9.0,83.38888888888889,100.0,38.5,40.0,8,75.5,1,96.25,0.0,81.75,0.0,SA,1,2026-07-23
25,1,382,49,30,148,43,Course Page,90,101,182,2,0,7.795918367346939,54.57142857142857,0.112565445026178,0.387434554973822,15.0,77.36,100.0,46.2,40.0,13,46.2,2,81.0,83.0,64.6,2.0,SA,1,2026-07-23
26,1,415,47,37,205,80,Course Page,119,81,131,38,0,8.829787234042554,61.80851063829787,0.1927710843373494,0.4939759036144578,12.0,38.083333333333336,70.0,0.0,18.0,4,0.0,8,56.66666666666666,36.0,24.0,-20.666666666666664,N,1,2026-07-23
27,1,266,37,17,58,37,Course Page,71,62,128,0,0,7.1891891891891895,50.32432432432432,0.1390977443609022,0.2180451127819548,13.0,51.68461538461538,80.0,30.0,24.0,6,46.45,7,60.0,50.0,44.225,-10.0,N,1,2026-07-23
28,1,7,3,4,3,0,Course Page,0,3,4,0,0,2.333333333333333,16.333333333333336,0.0,0.4285714285714285,4.0,26.125,95.0,0.0,2.0,1,0.0,3,0.0,95.0,0.0,0.0,N,1,2026-07-23
29,1,379,49,37,83,71,Course Page,39,131,147,19,0,7.73469387755102,54.142857142857146,0.1873350923482849,0.2189973614775725,14.0,75.61428571428571,100.0,56.05,59.0,14,56.05,0,83.0,85.0,57.025,2.0,P,1,2026-07-23
30,1,111,26,18,40,35,Course Page,14,41,49,3,0,4.269230769230769,29.884615384615383,0.3153153153153153,0.3603603603603603,9.0,41.66666666666666,95.0,5.5,17.0,4,5.5,5,52.5,0.0,36.0,0.0,N,1,2026-07-23
31,1,362,46,37,114,38,Course Page,79,117,130,11,0,7.869565217391305,55.08695652173913,0.1049723756906077,0.3149171270718232,15.0,90.15333333333334,100.0,65.8,72.0,15,65.8,0,97.4,90.0,80.4,-7.400000000000006,D,1,2026-07-23
32,1,450,59,50,32,54,Assignment,41,226,161,15,0,7.627118644067797,53.389830508474574,0.12,0.0711111111111111,14.0,84.09285714285714,100.0,59.0,75.0,14,59.4,0,91.25,98.0,59.2,6.75,D,1,2026-07-23
33,1,317,43,31,69,101,Course Page,42,72,166,17,0,7.372093023255814,51.604651162790695,0.3186119873817035,0.2176656151419558,15.0,88.39666666666668,100.0,60.0,49.0,15,91.3,0,78.0,100.0,86.7375,22.0,S,1,2026-07-23
34,1,501,58,28,365,130,Course Page,82,166,230,13,0,8.637931034482758,60.4655172413793,0.2594810379241516,0.7285429141716567,13.0,76.96153846153847,100.0,20.0,44.0,11,83.0,2,81.0,73.33333333333333,78.25,-7.666666666666671,SA,1,2026-07-23
35,1,338,51,34,46,17,Course Page,80,113,123,6,0,6.627450980392157,46.3921568627451,0.0502958579881656,0.136094674556213,15.0,84.97333333333333,100.0,70.35,48.0,15,70.35,0,87.8,90.0,74.175,2.200000000000003,S,1,2026-07-23
36,1,402,48,30,141,60,Course Page,87,87,188,0,0,8.375,58.625,0.1492537313432835,0.3507462686567164,15.0,67.6,90.0,35.0,56.0,13,64.5,2,67.0,63.0,74.75,-4.0,P,1,2026-07-23
37,1,212,36,15,16,4,Course Page,32,60,115,3,0,5.888888888888889,41.22222222222222,0.0188679245283018,0.0754716981132075,14.0,77.27142857142857,95.0,55.0,54.0,14,81.4,0,79.0,73.75,80.7,-5.25,P,1,2026-07-23
38,1,846,84,39,256,166,Course Page,130,242,403,20,0,10.071428571428571,70.5,0.1962174940898345,0.3026004728132387,15.0,67.25333333333333,92.0,35.0,45.0,12,79.65,3,62.0,59.0,85.825,-3.0,S,1,2026-07-23
39,1,211,50,37,41,40,Lecture Material,70,58,59,6,0,4.22,29.54,0.1895734597156398,0.1943127962085308,15.0,81.94266666666667,100.0,61.57,70.0,15,61.57,0,94.0,82.0,65.285,-12.0,D,1,2026-07-23
40,1,321,40,22,154,30,Assignment,31,178,111,1,0,8.025,56.175,0.0934579439252336,0.4797507788161994,14.0,62.392857142857146,100.0,19.0,34.0,12,19.0,2,75.0,72.5,35.5,-2.5,N,1,2026-07-23
41,1,409,43,27,225,101,Course Page,78,122,196,10,0,9.511627906976743,66.5813953488372,0.2469437652811736,0.5501222493887531,10.0,38.9,60.0,0.0,15.0,5,46.0,5,40.0,55.0,30.666666666666668,15.0,N,1,2026-07-23
42,1,266,42,20,128,22,Assignment,24,130,101,1,0,6.333333333333333,44.333333333333336,0.0827067669172932,0.4812030075187969,13.0,84.34615384615384,100.0,60.0,62.0,13,60.0,0,91.0,93.33333333333331,72.0,2.3333333333333286,C,1,2026-07-23
43,1,611,63,36,334,99,Course Page,106,77,402,1,0,9.698412698412698,67.88888888888889,0.1620294599018003,0.546644844517185,14.0,82.27857142857144,100.0,45.0,43.0,13,85.95,1,85.0,88.0,73.475,3.0,SA,1,2026-07-23
44,1,367,38,26,107,75,Course Page,85,96,174,7,0,9.657894736842104,67.60526315789474,0.2043596730245231,0.2915531335149863,13.0,83.9076923076923,100.0,67.9,60.0,13,67.9,0,93.0,88.33333333333333,71.95,-4.666666666666671,C,1,2026-07-23
45,1,478,62,56,257,73,Assignment,67,193,193,8,0,7.709677419354839,53.967741935483865,0.1527196652719665,0.5376569037656904,15.0,89.08666666666666,100.0,65.0,71.0,15,79.15,0,88.0,92.0,86.575,4.0,D,1,2026-07-23
46,1,265,40,22,79,64,Course Page,66,59,118,13,0,6.625,46.375,0.2415094339622641,0.2981132075471698,15.0,72.78666666666666,90.0,40.0,46.0,14,69.65,1,69.0,82.0,65.325,13.0,S,1,2026-07-23
47,1,330,53,26,156,115,Course Page,17,138,163,6,0,6.226415094339623,43.58490566037736,0.3484848484848485,0.4727272727272727,15.0,83.44666666666667,100.0,60.0,43.0,15,75.85,0,81.0,87.0,81.925,6.0,SA,1,2026-07-23
48,1,384,48,32,109,98,Course Page,115,96,160,1,0,8.0,56.0,0.2552083333333333,0.2838541666666667,15.0,72.25733333333332,100.0,25.0,48.0,12,51.43,3,86.0,56.0,75.715,-30.0,S,1,2026-07-23
49,1,439,34,30,366,158,Course Page,133,56,192,32,0,12.911764705882351,90.38235294117648,0.3599088838268792,0.8337129840546698,9.0,63.333333333333336,100.0,29.0,26.0,8,64.5,1,65.0,80.0,62.75,15.0,N,1,2026-07-23
50,1,254,35,41,64,8,Lecture Material,80,37,75,36,0,7.257142857142857,50.8,0.0314960629921259,0.2519685039370078,13.0,46.2,84.0,20.0,60.0,6,51.3,7,40.0,33.333333333333336,67.65,-6.666666666666664,C,1,2026-07-23
51,1,270,57,27,125,41,Course Page,44,94,106,12,0,4.7368421052631575,33.15789473684211,0.1518518518518518,0.4629629629629629,14.0,87.73571428571428,100.0,50.0,82.0,14,97.9,0,89.0,82.5,93.95,-6.5,HD,1,2026-07-23
52,1,244,32,23,120,39,Course Page,70,36,94,10,0,7.625,53.375,0.1598360655737705,0.4918032786885246,15.0,71.03333333333333,100.0,50.0,62.0,15,68.0,0,82.0,67.0,61.5,-15.0,C,1,2026-07-23
53,1,267,42,21,60,79,Course Page,75,66,121,4,0,6.357142857142857,44.5,0.2958801498127341,0.2247191011235955,12.0,57.03333333333333,100.0,19.7,37.0,7,19.7,5,72.0,50.0,44.6,-22.0,N,1,2026-07-23
54,1,748,69,41,322,144,Course Page,86,227,378,1,0,10.840579710144928,75.88405797101449,0.1925133689839572,0.4304812834224599,13.0,74.99230769230769,100.0,30.0,41.0,10,76.45,3,67.5,97.5,62.225,30.0,SA,1,2026-07-23
55,1,711,68,25,147,179,Course Page,39,94,552,6,0,10.455882352941176,73.19117647058825,0.2517580872011252,0.2067510548523206,11.0,45.13636363636363,75.0,0.0,22.0,4,44.0,7,48.75,20.0,59.5,-28.75,N,1,2026-07-23
56,1,261,40,25,71,64,Course Page,31,99,113,8,0,6.525,45.675,0.2452107279693486,0.2720306513409962,15.0,78.56666666666666,100.0,0.0,60.0,14,84.0,1,92.0,59.0,87.0,-33.0,C,1,2026-07-23
57,1,176,38,16,78,22,Course Page,11,45,119,0,0,4.631578947368421,32.421052631578945,0.125,0.4431818181818182,6.0,57.333333333333336,100.0,10.0,47.0,5,62.0,1,100.0,0.0,58.5,0.0,S,1,2026-07-23
58,1,387,46,28,135,68,Course Page,93,46,223,11,0,8.41304347826087,58.891304347826086,0.1757105943152454,0.3488372093023256,12.0,26.375,55.0,0.0,20.0,4,53.75,8,17.5,6.666666666666667,54.375,-10.833333333333332,N,1,2026-07-23
59,1,221,28,16,77,28,Course Page,50,48,123,0,0,7.892857142857143,55.25,0.1266968325791855,0.3484162895927601,9.0,55.67777777777778,85.0,29.0,19.0,6,36.05,3,78.33333333333333,55.0,45.525,-23.33333333333333,N,1,2026-07-23
60,1,455,69,27,180,125,Course Page,40,177,214,15,0,6.594202898550725,46.15942028985507,0.2747252747252747,0.3956043956043956,15.0,90.91333333333334,100.0,80.0,65.0,15,84.15,0,91.8,91.0,89.575,-0.7999999999999972,C,1,2026-07-23
61,1,280,49,34,118,59,Course Page,84,64,88,14,0,5.714285714285714,40.0,0.2107142857142857,0.4214285714285714,15.0,91.0,100.0,60.0,83.0,15,80.0,0,98.0,88.0,85.5,-10.0,HD,1,2026-07-23
62,1,220,37,28,98,71,Course Page,47,58,105,4,0,5.945945945945946,41.62162162162162,0.3227272727272727,0.4454545454545454,15.0,74.58,95.0,50.0,48.0,15,88.35,0,79.0,69.0,76.175,-10.0,S,1,2026-07-23
63,1,347,53,31,118,41,Course Page,40,77,204,5,0,6.547169811320755,45.83018867924528,0.1181556195965417,0.3400576368876081,14.0,79.5,100.0,40.0,46.0,13,65.5,1,88.0,75.0,74.75,-13.0,S,1,2026-07-23
64,1,551,30,28,345,60,Course Page,64,49,410,9,0,18.366666666666667,128.56666666666666,0.1088929219600726,0.6261343012704175,10.0,48.73,80.0,10.0,23.0,7,65.65,3,40.0,50.0,61.325,10.0,N,1,2026-07-23
65,1,408,50,34,165,38,Course Page,43,137,180,15,0,8.16,57.12,0.0931372549019607,0.4044117647058823,15.0,83.24666666666667,95.0,58.0,58.0,15,88.4,0,83.8,90.0,73.2,6.200000000000003,P,1,2026-07-23
66,1,213,44,24,39,47,Course Page,71,59,74,3,0,4.840909090909091,33.88636363636364,0.2206572769953051,0.1830985915492957,15.0,74.21333333333334,100.0,30.0,46.0,14,72.35,1,66.0,77.0,81.675,11.0,S,1,2026-07-23
67,1,193,18,42,172,40,Assignment,38,110,34,7,0,10.72222222222222,75.05555555555554,0.2072538860103626,0.8911917098445595,15.0,87.22666666666667,100.0,67.7,70.0,15,67.7,0,96.0,86.0,76.85,-10.0,D,1,2026-07-23
68,1,503,74,31,73,85,Course Page,71,69,342,2,0,6.797297297297297,47.58108108108108,0.1689860834990059,0.1451292246520874,15.0,75.48666666666666,100.0,30.0,44.0,12,41.65,3,72.0,90.0,60.325,18.0,SA,1,2026-07-23
69,1,151,33,22,57,12,Course Page,26,46,78,0,0,4.575757575757576,32.03030303030303,0.0794701986754966,0.3774834437086092,15.0,71.59466666666667,100.0,47.21,58.0,13,47.21,2,74.0,75.0,63.605,1.0,P,1,2026-07-23
70,1,463,46,24,105,76,Course Page,85,89,268,8,0,10.065217391304348,70.45652173913044,0.1641468682505399,0.2267818574514039,15.0,95.83733333333332,100.0,88.28,85.0,15,88.28,0,98.0,96.0,92.64,-2.0,HD,1,2026-07-23
71,1,91,20,14,38,25,Assignment,2,58,24,5,0,4.55,31.85,0.2747252747252747,0.4175824175824176,14.0,54.642857142857146,80.0,0.0,30.0,10,66.0,4,55.0,42.0,73.0,-13.0,N,1,2026-07-23
72,1,452,50,31,192,33,Course Page,75,149,207,8,0,9.04,63.28,0.0730088495575221,0.4247787610619469,15.0,75.97333333333333,100.0,40.0,66.0,14,96.3,1,80.0,62.0,89.65,-18.0,C,1,2026-07-23
73,1,252,39,35,169,48,Assignment,21,106,99,16,0,6.461538461538462,45.23076923076923,0.1904761904761904,0.6706349206349206,10.0,53.4,100.0,0.0,11.0,5,0.0,5,80.0,75.0,9.333333333333334,-5.0,N,1,2026-07-23
74,1,327,60,18,149,59,Course Page,52,60,209,0,0,5.45,38.15,0.1804281345565749,0.45565749235474,15.0,76.5,95.0,30.0,54.0,14,50.0,1,76.0,81.0,71.0,5.0,P,1,2026-07-23
75,1,494,65,24,261,106,Course Page,19,232,240,0,0,7.6,53.2,0.2145748987854251,0.52834008097166,14.0,73.39285714285714,100.0,40.0,55.0,11,41.0,3,70.0,93.75,57.5,23.75,P,1,2026-07-23
76,1,187,29,28,42,24,Assignment,25,78,78,1,0,6.448275862068965,45.137931034482754,0.1283422459893048,0.2245989304812834,15.0,64.23333333333333,100.0,20.0,53.0,11,45.0,4,76.0,61.0,52.5,-15.0,P,1,2026-07-23
77,1,220,35,24,90,28,Course Page,68,45,85,15,0,6.285714285714286,44.0,0.1272727272727272,0.4090909090909091,10.0,70.47,100.0,38.0,50.0,9,89.35,1,70.0,100.0,71.675,30.0,P,1,2026-07-23
78,1,445,66,27,247,87,Course Page,52,56,321,5,0,6.742424242424242,47.196969696969695,0.195505617977528,0.5550561797752809,14.0,76.72142857142856,100.0,50.0,39.0,14,73.3,0,71.25,78.0,82.9,6.75,N,1,2026-07-23
79,1,375,47,29,104,82,Course Page,96,103,145,3,0,7.978723404255319,55.85106382978724,0.2186666666666666,0.2773333333333333,14.0,70.85714285714286,100.0,40.0,63.0,13,63.0,1,86.0,65.0,58.25,-21.0,C,1,2026-07-23
80,1,333,56,21,151,116,Course Page,51,86,193,2,0,5.946428571428571,41.625,0.3483483483483483,0.4534534534534534,15.0,81.77333333333333,100.0,65.0,67.0,15,79.3,0,86.0,78.0,81.15,-8.0,C,1,2026-07-23
81,1,511,76,38,129,125,Lecture Material,159,149,152,22,0,6.723684210526316,47.065789473684205,0.2446183953033268,0.2524461839530332,15.0,35.906666666666666,75.0,10.0,25.0,4,48.8,11,15.0,55.0,38.4,40.0,N,1,2026-07-23
82,1,657,66,29,253,82,Course Page,102,236,299,7,0,9.954545454545457,69.68181818181819,0.1248097412480974,0.3850837138508371,15.0,92.12666666666668,100.0,70.0,73.0,15,88.7,0,90.0,93.0,93.85,3.0,D,1,2026-07-23
83,1,325,50,23,92,61,Course Page,36,69,212,7,0,6.5,45.5,0.1876923076923076,0.283076923076923,15.0,68.04,100.0,40.0,30.0,12,45.3,3,69.0,79.0,51.65,10.0,N,1,2026-07-23
84,1,353,46,24,160,45,Course Page,52,58,227,3,0,7.673913043478261,53.71739130434783,0.1274787535410765,0.4532577903682719,15.0,83.09333333333333,100.0,69.0,52.0,15,70.2,0,84.0,92.0,69.6,8.0,P,1,2026-07-23
85,1,191,35,19,87,43,Course Page,11,72,103,1,0,5.457142857142857,38.2,0.225130890052356,0.4554973821989528,15.0,69.76666666666667,100.0,0.0,21.0,10,0.0,5,79.0,100.0,15.5,21.0,N,1,2026-07-23
86,1,343,47,32,174,43,Course Page,75,66,165,16,0,7.297872340425532,51.08510638297872,0.1253644314868804,0.5072886297376094,12.0,57.76666666666667,100.0,20.0,30.0,8,68.1,4,65.0,43.333333333333336,66.05,-21.666666666666664,N,1,2026-07-23
87,1,120,14,16,27,13,Assignment,13,60,45,1,0,8.571428571428571,60.0,0.1083333333333333,0.225,14.0,59.17857142857143,100.0,0.0,41.0,9,56.0,5,55.0,75.0,49.0,20.0,SA,1,2026-07-23
88,1,109,19,12,27,28,Course Page,14,37,55,0,0,5.7368421052631575,40.1578947368421,0.2568807339449541,0.2477064220183486,9.0,74.33333333333333,100.0,0.0,62.0,7,86.5,2,75.0,0.0,84.75,0.0,C,1,2026-07-23
89,1,284,62,20,165,64,Assignment,20,144,100,4,0,4.580645161290323,32.064516129032256,0.2253521126760563,0.5809859154929577,8.0,14.0,38.0,0.0,9.0,0,38.0,8,0.0,0.0,28.0,0.0,N,1,2026-07-23
90,1,502,51,32,95,64,Course Page,78,171,227,15,0,9.84313725490196,68.90196078431373,0.1274900398406374,0.1892430278884462,15.0,87.90666666666667,100.0,79.0,73.0,15,82.55,0,92.0,89.0,80.775,-3.0,D,1,2026-07-23
91,1,311,51,28,149,41,Course Page,40,78,152,13,0,6.098039215686274,42.68627450980392,0.1318327974276527,0.4790996784565916,15.0,84.86,100.0,50.0,72.0,15,84.95,0,74.0,92.0,89.975,18.0,D,1,2026-07-23
92,1,488,51,41,75,94,Course Page,94,146,180,28,0,9.568627450980392,66.98039215686275,0.1926229508196721,0.1536885245901639,10.0,78.85,100.0,43.5,40.0,9,72.5,1,78.33333333333333,100.0,77.5,21.66666666666667,SA,1,2026-07-23
93,1,188,31,24,45,7,Course Page,39,53,63,7,0,6.064516129032258,42.4516129032258,0.0372340425531914,0.2393617021276596,13.0,32.19230769230769,60.0,0.0,33.0,3,23.0,10,41.0,26.666666666666668,26.25,-14.333333333333332,N,1,2026-07-23
94,1,417,35,26,164,46,Course Page,117,107,160,0,0,11.914285714285716,83.4,0.1103117505995203,0.3932853717026379,14.0,53.785714285714285,90.0,17.0,51.0,8,17.0,6,75.0,56.25,23.25,-18.75,P,1,2026-07-23
95,1,244,31,34,137,72,Course Page,35,96,97,1,0,7.870967741935484,55.096774193548384,0.2950819672131147,0.5614754098360656,12.0,41.833333333333336,86.0,0.0,0.0,4,0.0,8,55.0,26.666666666666668,43.0,-28.33333333333333,DX,1,2026-07-23
96,1,780,74,46,653,188,Assignment,73,351,337,12,0,10.54054054054054,73.78378378378379,0.241025641025641,0.8371794871794872,15.0,68.36,100.0,1.2,25.0,11,1.2,4,82.0,88.0,22.6,6.0,N,1,2026-07-23
97,1,157,35,15,39,54,Course Page,49,45,56,5,0,4.485714285714286,31.4,0.3439490445859872,0.2484076433121019,12.0,76.825,100.0,55.5,44.0,12,55.7,0,88.33333333333333,72.5,77.85,-15.833333333333329,SA,1,2026-07-23
98,1,145,23,16,67,31,Course Page,47,29,66,0,0,6.304347826086956,44.130434782608695,0.2137931034482758,0.4620689655172413,8.0,51.275,100.0,0.0,28.0,5,73.1,3,40.0,0.0,69.55,0.0,N,1,2026-07-23
99,1,417,49,36,77,31,Course Page,114,78,183,12,0,8.510204081632653,59.57142857142857,0.0743405275779376,0.184652278177458,14.0,74.25,100.0,0.0,60.0,13,79.0,1,90.0,53.75,77.0,-36.25,C,1,2026-07-23
100,1,57,20,5,8,6,Course Page,1,2,53,1,0,2.85,19.95,0.1052631578947368,0.1403508771929824,10.0,41.15,75.0,0.0,10.0,5,0.0,5,61.25,50.0,21.75,-11.25,N,1,2026-07-23
101,1,733,50,30,296,161,Course Page,162,118,423,0,0,14.66,102.62,0.2196452933151432,0.4038199181446112,15.0,71.86666666666666,90.0,43.0,38.0,13,67.0,2,74.0,82.0,55.0,8.0,N,1,2026-07-23
102,1,121,15,11,53,24,Course Page,17,43,57,0,0,8.066666666666666,56.46666666666667,0.1983471074380165,0.4380165289256198,8.0,10.375,25.0,0.0,2.0,0,0.0,8,16.666666666666668,20.0,2.0,3.333333333333332,N,1,2026-07-23
103,1,444,81,45,215,128,Course Page,35,160,234,5,0,5.481481481481482,38.37037037037037,0.2882882882882883,0.4842342342342342,15.0,89.96666666666667,100.0,40.0,74.0,13,93.0,2,97.0,100.0,66.5,3.0,D,1,2026-07-23
104,1,421,72,28,140,80,Assignment,94,143,101,36,0,5.847222222222222,40.93055555555555,0.1900237529691211,0.332541567695962,15.0,91.53333333333332,100.0,75.0,72.0,15,94.0,0,96.0,86.0,93.0,-10.0,D,1,2026-07-23
105,1,211,40,22,90,30,Course Page,28,74,95,5,0,5.275,36.925,0.1421800947867298,0.4265402843601896,12.0,65.48333333333333,90.0,25.0,36.0,10,65.65,2,76.0,57.5,60.325,-18.5,N,1,2026-07-23
106,1,638,68,43,395,140,Course Page,65,188,345,7,0,9.382352941176473,65.6764705882353,0.219435736677116,0.6191222570532915,14.0,48.75714285714286,100.0,0.0,33.0,8,32.8,6,46.0,60.0,41.4,14.0,N,1,2026-07-23
107,1,678,69,46,174,108,Course Page,149,180,300,2,0,9.826086956521738,68.78260869565217,0.1592920353982301,0.2566371681415929,14.0,68.35714285714286,100.0,30.0,53.0,13,77.0,1,70.0,65.0,71.5,-5.0,P,1,2026-07-23
108,1,333,32,25,260,79,Course Page,98,66,151,9,0,10.40625,72.84375,0.2372372372372372,0.7807807807807807,14.0,58.46428571428572,85.0,0.0,57.0,12,76.0,2,70.0,38.75,65.75,-31.25,P,1,2026-07-23
109,1,205,30,19,103,6,Course Page,40,46,110,0,0,6.833333333333333,47.833333333333336,0.0292682926829268,0.5024390243902439,11.0,68.95454545454545,90.0,43.5,66.0,10,85.0,1,67.5,82.5,70.0,15.0,C,1,2026-07-23
110,1,251,30,30,194,56,Assignment,34,104,104,2,0,8.366666666666667,58.56666666666667,0.2231075697211155,0.7729083665338645,10.0,51.2,70.0,27.0,22.0,6,58.5,4,56.66666666666666,50.0,53.75,-6.666666666666664,N,1,2026-07-23
111,1,257,25,34,153,18,Assignment,9,147,92,1,0,10.28,71.96,0.0700389105058365,0.5953307392996109,13.0,81.69999999999999,100.0,63.3,45.0,13,63.3,0,99.0,76.66666666666667,66.15,-22.33333333333333,S,1,2026-07-23
112,1,189,26,24,79,31,Assignment,15,80,77,2,0,7.269230769230769,50.88461538461538,0.164021164021164,0.4179894179894179,14.0,67.51428571428572,100.0,30.0,52.0,12,52.85,2,53.75,82.0,64.425,28.25,P,1,2026-07-23
113,1,502,67,30,198,77,Course Page,50,120,293,1,0,7.492537313432836,52.44776119402985,0.1533864541832669,0.3944223107569721,15.0,31.466666666666665,75.0,0.0,24.0,5,62.0,10,17.0,19.0,68.5,2.0,N,1,2026-07-23
114,1,157,22,22,85,4,Assignment,15,92,46,0,0,7.136363636363637,49.95454545454545,0.0254777070063694,0.5414012738853503,15.0,80.2,100.0,60.0,68.0,15,86.0,0,83.0,81.0,75.25,-2.0,C,1,2026-07-23
115,1,455,47,27,73,70,Course Page,100,151,195,2,0,9.680851063829786,67.76595744680851,0.1538461538461538,0.1604395604395604,14.0,73.57142857142857,100.0,50.0,58.0,14,65.0,0,84.0,70.0,65.0,-14.0,P,1,2026-07-23
116,1,127,18,13,91,43,Course Page,11,45,62,8,0,7.055555555555555,49.388888888888886,0.3385826771653543,0.7165354330708661,6.0,50.48333333333333,78.0,0.0,23.0,4,73.45,2,0.0,0.0,75.725,0.0,N,1,2026-07-23
117,1,105,20,22,8,9,Assignment,24,53,23,2,0,5.25,36.75,0.0857142857142857,0.0761904761904762,15.0,92.2,100.0,50.0,82.0,15,91.5,0,100.0,100.0,70.75,0.0,HD,1,2026-07-23
118,1,803,74,32,219,117,Assignment,127,351,295,7,0,10.85135135135135,75.95945945945947,0.1457036114570361,0.2727272727272727,15.0,79.42,100.0,30.0,64.0,14,94.65,1,72.0,80.0,88.825,8.0,C,1,2026-07-23
119,1,165,29,22,66,9,Course Page,39,59,66,0,0,5.689655172413793,39.82758620689655,0.0545454545454545,0.4,15.0,69.7,100.0,10.0,50.0,11,77.5,4,80.0,67.0,59.25,-13.0,P,1,2026-07-23
120,1,191,37,15,42,34,Course Page,61,35,90,3,0,5.162162162162162,36.13513513513514,0.1780104712041884,0.2198952879581152,14.0,88.57857142857142,100.0,64.0,61.0,14,83.05,0,100.0,92.0,73.525,-8.0,C,1,2026-07-23
121,1,230,27,33,108,45,Course Page,71,40,100,2,0,8.518518518518519,59.629629629629626,0.1956521739130435,0.4695652173913043,8.0,48.625,80.0,18.5,25.0,5,31.75,3,65.0,55.0,46.375,-10.0,N,1,2026-07-23
122,1,171,22,24,12,4,Assignment,40,66,59,0,0,7.772727272727272,54.409090909090914,0.023391812865497,0.0701754385964912,14.0,92.64,100.0,78.73,64.0,14,78.73,0,100.0,96.25,80.86500000000001,-3.75,C,1,2026-07-23
123,1,134,21,26,64,13,Course Page,44,38,44,4,0,6.380952380952381,44.66666666666666,0.0970149253731343,0.4776119402985074,10.0,34.05,63.0,0.0,18.0,4,63.0,6,36.25,25.0,42.0,-11.25,N,1,2026-07-23
124,1,599,89,29,211,134,Course Page,190,65,320,22,0,6.730337078651686,47.1123595505618,0.2237061769616026,0.352253756260434,15.0,80.41333333333334,95.0,69.0,72.0,15,72.1,0,83.0,85.0,70.55,2.0,D,1,2026-07-23
125,1,669,89,33,185,153,Course Page,194,107,351,8,0,7.51685393258427,52.61797752808989,0.2286995515695067,0.2765321375186846,15.0,85.4,100.0,70.0,75.0,15,73.5,0,88.0,92.0,72.75,4.0,D,1,2026-07-23
126,1,205,29,20,22,83,Assignment,32,88,78,2,0,7.068965517241379,49.48275862068965,0.4048780487804878,0.1073170731707317,15.0,65.63333333333334,100.0,0.0,53.0,12,54.0,3,72.0,55.0,71.5,-17.0,P,1,2026-07-23
127,1,169,28,19,91,35,Course Page,32,50,83,0,0,6.035714285714286,42.25,0.2071005917159763,0.5384615384615384,11.0,38.95454545454545,85.0,0.0,23.0,6,0.0,5,42.0,85.0,26.0,43.0,N,1,2026-07-23
128,1,230,44,23,71,45,Course Page,18,97,104,5,0,5.227272727272728,36.59090909090909,0.1956521739130435,0.308695652173913,12.0,67.86666666666666,85.0,51.0,30.0,12,68.7,0,66.25,81.66666666666667,63.35,15.416666666666671,N,1,2026-07-23
129,1,662,60,34,264,156,Course Page,147,162,309,1,0,11.033333333333331,77.23333333333333,0.2356495468277945,0.3987915407854985,12.0,55.0,100.0,20.0,24.0,8,30.0,4,58.0,55.0,55.0,-3.0,N,1,2026-07-23
130,1,183,31,15,70,30,Assignment,35,76,72,0,0,5.903225806451613,41.32258064516129,0.1639344262295081,0.3825136612021858,8.0,64.725,100.0,23.0,25.0,6,57.4,2,76.66666666666667,0.0,66.2,0.0,N,1,2026-07-23
131,1,261,35,29,76,37,Course Page,67,72,102,8,0,7.457142857142857,52.2,0.1417624521072797,0.2911877394636015,15.0,87.54666666666667,100.0,76.35,82.0,15,76.35,0,91.0,84.0,87.675,-7.0,HD,1,2026-07-23
132,1,341,42,28,97,27,Course Page,27,127,169,10,0,8.119047619047619,56.833333333333336,0.0791788856304985,0.2844574780058651,14.0,79.64999999999999,100.0,50.0,63.0,14,95.55,0,78.0,72.5,91.775,-5.5,C,1,2026-07-23
133,1,157,18,18,49,16,Course Page,23,54,70,0,0,8.722222222222221,61.05555555555555,0.1019108280254777,0.3121019108280254,7.0,24.685714285714287,50.0,0.0,10.0,1,28.9,6,50.0,0.0,29.45,-50.0,N,1,2026-07-23
134,1,418,37,31,214,88,Course Page,120,75,201,15,0,11.297297297297296,79.08108108108108,0.2105263157894736,0.5119617224880383,12.0,54.333333333333336,95.0,20.0,27.0,7,62.0,5,36.66666666666666,72.5,53.0,35.833333333333336,N,1,2026-07-23
135,1,237,30,37,175,32,Assignment,20,140,70,1,0,7.9,55.3,0.1350210970464135,0.7383966244725738,14.0,78.47857142857143,100.0,37.0,38.0,12,50.35,2,96.0,90.0,43.675,-6.0,N,1,2026-07-23
136,1,359,51,22,145,87,Course Page,29,159,161,2,0,7.03921568627451,49.27450980392157,0.2423398328690807,0.403899721448468,14.0,73.15714285714286,83.85,65.0,56.0,14,83.85,0,75.0,71.0,75.925,-4.0,P,1,2026-07-23
137,1,307,28,42,114,29,Assignment,26,188,90,0,0,10.964285714285714,76.75,0.0944625407166123,0.3713355048859935,15.0,78.88000000000001,100.0,50.35,37.0,15,50.35,0,89.0,88.0,52.425,-1.0,N,1,2026-07-23
138,1,214,24,20,92,61,Assignment,17,99,93,1,0,8.916666666666666,62.41666666666667,0.2850467289719626,0.4299065420560747,13.0,74.6923076923077,100.0,30.0,42.0,11,88.5,2,71.25,78.75,77.75,7.5,SA,1,2026-07-23
139,1,135,22,15,72,40,Course Page,14,54,64,0,0,6.136363636363637,42.95454545454545,0.2962962962962963,0.5333333333333333,13.0,45.61538461538461,80.0,0.0,33.0,8,65.0,5,46.0,26.666666666666668,63.0,-19.33333333333333,N,1,2026-07-23
140,1,7,5,3,1,2,Course Page,0,2,4,1,0,1.4,9.8,0.2857142857142857,0.1428571428571428,4.0,5.5,20.0,0.0,0.0,0,0.0,4,20.0,0.0,0.0,0.0,N,1,2026-07-23
141,1,374,51,28,119,53,Course Page,58,100,201,9,0,7.333333333333333,51.333333333333336,0.141711229946524,0.3181818181818182,14.0,55.29,100.0,30.0,48.0,8,43.78,6,61.0,40.0,65.64,-21.0,S,1,2026-07-23
142,1,277,47,24,39,44,Course Page,55,57,125,6,0,5.893617021276596,41.25531914893617,0.1588447653429603,0.1407942238267148,14.0,89.41428571428571,100.0,75.0,71.0,14,95.9,0,92.5,90.0,87.45,-2.5,D,1,2026-07-23
143,1,501,38,26,232,64,Course Page,162,65,235,9,0,13.18421052631579,92.28947368421052,0.1277445109780439,0.4630738522954092,7.0,45.142857142857146,90.0,0.0,13.0,3,0.0,4,55.0,30.0,54.0,-25.0,N,1,2026-07-23
144,1,105,12,17,90,27,Course Page,3,33,66,0,0,8.75,61.25,0.2571428571428571,0.8571428571428571,10.0,62.5,95.0,0.0,58.0,7,87.0,3,60.0,72.5,58.0,12.5,P,1,2026-07-23
145,1,112,10,16,82,2,Lecture Material,48,26,35,3,0,11.2,78.39999999999999,0.0178571428571428,0.7321428571428571,8.0,58.875,100.0,0.0,17.0,5,0.0,3,77.5,0.0,43.333333333333336,0.0,N,1,2026-07-23
146,1,176,34,18,87,41,Course Page,58,39,63,2,0,5.176470588235294,36.235294117647065,0.2329545454545454,0.4943181818181818,7.0,60.07142857142857,75.0,14.5,22.0,6,55.5,1,72.5,0.0,65.25,0.0,N,1,2026-07-23
147,1,265,37,26,83,78,Course Page,59,81,115,8,0,7.162162162162162,50.13513513513514,0.2943396226415094,0.3132075471698113,10.0,65.25,100.0,12.75,25.0,6,12.75,4,92.5,40.0,50.375,-52.5,N,1,2026-07-23
148,1,101,21,18,44,17,Assignment,26,38,34,3,0,4.809523809523809,33.666666666666664,0.1683168316831683,0.4356435643564356,9.0,58.28888888888889,100.0,30.0,24.0,5,55.8,4,93.33333333333331,30.0,45.9,-63.33333333333333,N,1,2026-07-23
149,1,166,22,35,63,9,Assignment,14,126,26,0,0,7.545454545454546,52.81818181818182,0.0542168674698795,0.3795180722891566,14.0,87.92857142857143,100.0,62.75,60.0,14,62.75,0,99.0,97.5,64.375,-1.5,C,1,2026-07-23
150,1,94,25,14,25,20,Course Page,18,27,40,0,0,3.76,26.32,0.2127659574468085,0.2659574468085106,14.0,90.15,100.0,49.0,69.0,12,95.3,2,97.0,100.0,72.15,3.0,C,1,2026-07-23
151,1,54,13,13,27,10,Course Page,14,10,28,0,0,4.153846153846154,29.07692307692308,0.1851851851851851,0.5,10.0,53.9,100.0,0.0,10.0,6,0.0,4,45.0,80.0,0.0,35.0,N,1,2026-07-23
152,1,203,24,18,118,43,Course Page,31,76,87,1,0,8.458333333333334,59.208333333333336,0.2118226600985221,0.5812807881773399,8.0,19.5,38.0,0.0,11.0,0,38.0,8,5.0,10.0,33.5,5.0,N,1,2026-07-23
153,1,92,22,13,66,15,Assignment,23,60,8,0,0,4.181818181818182,29.27272727272728,0.1630434782608695,0.717391304347826,13.0,52.29230769230769,65.0,10.0,26.0,10,60.4,3,51.0,45.0,62.7,-6.0,N,1,2026-07-23
154,1,220,28,34,152,39,Course Page,42,42,115,2,0,7.857142857142857,55.0,0.1772727272727272,0.6909090909090909,5.0,11.4,50.0,0.0,1.0,1,0.0,4,0.0,50.0,0.6666666666666666,0.0,N,1,2026-07-23
155,1,8,3,4,6,0,Course Page,1,2,4,0,0,2.6666666666666665,18.666666666666668,0.0,0.75,6.0,0.0,0.0,0.0,0.0,0,0.0,6,0.0,0.0,0.0,0.0,N,1,2026-07-23
156,1,75,18,14,9,6,Course Page,15,26,30,2,0,4.166666666666667,29.166666666666664,0.08,0.12,15.0,84.06,100.0,50.0,42.0,15,82.7,0,82.0,83.0,88.35,1.0,SA,1,2026-07-23
157,1,96,15,20,45,10,Course Page,24,15,50,0,0,6.4,44.8,0.1041666666666666,0.46875,10.0,19.15,80.0,0.0,5.0,2,0.0,8,29.0,0.0,10.666666666666666,-29.0,N,1,2026-07-23
158,1,48,9,8,11,2,Course Page,4,14,29,0,0,5.333333333333333,37.33333333333333,0.0416666666666666,0.2291666666666666,8.0,8.25,33.0,0.0,3.0,0,0.0,8,0.0,0.0,22.0,0.0,N,1,2026-07-23
159,1,47,6,9,5,0,Assignment,7,23,17,0,0,7.833333333333333,54.833333333333336,0.0,0.1063829787234042,6.0,34.5,90.0,0.0,5.0,2,0.0,4,75.0,0.0,14.0,0.0,N,1,2026-07-23
160,1,101,14,11,6,21,Course Page,14,36,46,0,0,7.214285714285714,50.5,0.2079207920792079,0.0594059405940594,8.0,12.5,50.0,0.0,5.0,2,0.0,6,0.0,0.0,25.0,0.0,N,1,2026-07-23
161,1,134,17,14,58,40,Course Page,20,40,70,4,0,7.882352941176471,55.1764705882353,0.2985074626865671,0.4328358208955223,6.0,20.166666666666668,50.0,0.0,3.0,1,0.0,5,36.66666666666666,0.0,0.0,0.0,N,1,2026-07-23
162,1,71,12,17,35,14,Course Page,11,25,30,1,0,5.916666666666667,41.41666666666667,0.1971830985915492,0.4929577464788732,12.0,29.791666666666668,80.0,0.0,7.0,5,0.0,7,49.0,40.0,0.0,-9.0,N,1,2026-07-23
163,1,170,21,27,118,58,Assignment,18,120,27,0,0,8.095238095238095,56.66666666666666,0.3411764705882353,0.6941176470588235,9.0,67.22222222222223,100.0,0.0,11.0,7,0.0,2,90.0,100.0,0.0,10.0,N,1,2026-07-23
164,1,16,7,4,15,8,Course Page,0,2,13,0,0,2.2857142857142856,16.0,0.5,0.9375,3.0,0.0,0.0,0.0,0.0,0,0.0,3,0.0,0.0,0.0,0.0,N,1,2026-07-23
165,1,38,9,10,5,12,Course Page,11,9,16,0,0,4.222222222222222,29.55555555555556,0.3157894736842105,0.131578947368421,5.0,33.0,80.0,0.0,3.0,2,0.0,3,75.0,0.0,0.0,0.0,N,1,2026-07-23
166,1,12,7,2,7,7,Assignment,0,7,5,0,0,1.7142857142857142,12.0,0.5833333333333334,0.5833333333333334,4.0,5.5,20.0,0.0,0.0,0,0.0,4,20.0,0.0,0.0,0.0,N,1,2026-07-23
167,1,14,5,6,12,3,Course Page,2,2,8,1,0,2.8,19.6,0.2142857142857142,0.8571428571428571,5.0,0.0,0.0,0.0,0.0,0,0.0,5,0.0,0.0,0.0,0.0,N,1,2026-07-23
168,1,103,6,13,6,32,Course Page,29,21,45,0,0,17.166666666666668,120.16666666666669,0.3106796116504854,0.058252427184466,4.0,23.375,85.0,0.0,2.0,1,0.0,3,85.0,0.0,0.0,0.0,N,1,2026-07-23
169,1,2,1,2,0,0,Course Page,0,0,1,1,0,2.0,14.0,0.0,0.0,6.0,0.0,0.0,0.0,0.0,0,0.0,6,0.0,0.0,0.0,0.0,N,1,2026-07-23
170,1,0,0,0,0,0,No Activity,0,0,0,0,0,0.0,0.0,0.0,0.0,4.0,0.0,0.0,0.0,0.0,0,0.0,4,0.0,0.0,0.0,0.0,N,1,2026-07-23
171,1,0,0,0,0,0,No Activity,0,0,0,0,0,0.0,0.0,0.0,0.0,7.0,0.0,0.0,0.0,0.0,0,0.0,7,0.0,0.0,0.0,0.0,N,1,2026-07-23
172,2,21,5,8,3,1,Other,1,0,0,3,0,4.2,29.4,0.0476190476190476,0.1428571428571428,0.0,0.0,0.0,0.0,0.0,0,0.0,0,0.0,0.0,0.0,0.0,No Result,2,2026-07-23
173,3,31,4,13,13,0,Other,2,2,0,2,12,7.75,54.25,0.0,0.4193548387096774,1.0,0.0,0.0,0.0,0.0,0,0.0,1,0.0,0.0,0.0,0.0,No Result,2,2026-07-23
174,3,18,2,8,0,16,Quiz,0,0,0,0,10,9.0,63.0,0.8888888888888888,0.0,1.0,100.0,100.0,100.0,100.0,1,100.0,0,0.0,0.0,0.0,0.0,No Result,2,2026-07-23
1,1,1086,97,27,291,126,Assignment,5,939,142,0,0,11.195876288659791,78.37113402061856,0.1160220994475138,0.2679558011049723,0.0,0.0,0.0,0.0,0.0,0,0.0,0,0.0,0.0,0.0,0.0,No Result,1,2026-07-24
2,1,549,53,39,256,114,Course Page,137,184,192,15,0,10.358490566037736,72.50943396226415,0.2076502732240437,0.4663023679417122,15.0,70.53999999999999,100.0,0.0,41.0,10,44.8,5,95.0,72.0,34.9,-23.0,SA,1,2026-07-24
3,1,236,30,20,91,33,Course Page,50,92,93,1,0,7.866666666666666,55.06666666666667,0.1398305084745762,0.3855932203389831,12.0,58.083333333333336,100.0,0.0,0.0,9,0.0,3,66.0,63.333333333333336,41.66666666666666,-2.6666666666666643,DX,1,2026-07-24
4,1,183,33,22,72,20,Course Page,48,45,68,6,0,5.545454545454546,38.81818181818182,0.1092896174863388,0.3934426229508196,15.0,83.28666666666666,100.0,60.0,49.0,15,61.9,0,79.0,98.0,68.95,19.0,S,1,2026-07-24
5,1,356,55,25,169,50,Course Page,61,130,165,0,0,6.472727272727273,45.30909090909091,0.1404494382022472,0.4747191011235955,15.0,86.00666666666666,100.0,10.0,86.0,14,93.05,1,71.0,97.0,91.525,26.0,HD,1,2026-07-24
6,1,852,92,60,469,168,Course Page,69,300,428,10,0,9.26086956521739,64.82608695652173,0.1971830985915492,0.5504694835680751,15.0,81.62666666666668,100.0,54.0,0.0,15,60.45,0,87.0,94.0,57.225,7.0,DX,1,2026-07-24
7,1,1292,123,34,121,405,Course Page,373,194,695,16,0,10.504065040650406,73.52845528455283,0.3134674922600619,0.0936532507739938,15.0,53.53333333333333,80.0,31.0,46.0,9,68.0,6,51.0,59.0,49.5,8.0,S,1,2026-07-24
8,1,301,48,20,244,87,Course Page,59,72,151,0,0,6.270833333333333,43.895833333333336,0.2890365448504983,0.8106312292358804,15.0,57.940000000000005,94.0,0.0,46.0,11,71.05,4,46.0,52.0,82.525,6.0,S,1,2026-07-24
9,1,365,47,23,125,25,Assignment,54,160,144,1,0,7.76595744680851,54.361702127659576,0.0684931506849315,0.3424657534246575,15.0,67.83733333333333,100.0,0.0,75.0,12,52.28,3,94.0,40.0,70.14,-54.0,D,1,2026-07-24
10,1,158,23,15,87,24,Course Page,15,48,90,3,0,6.869565217391305,48.08695652173913,0.1518987341772152,0.5506329113924051,11.0,60.08181818181818,95.0,10.0,32.0,6,84.7,5,56.25,70.0,64.85,13.75,N,1,2026-07-24
11,1,229,35,18,92,55,Course Page,10,68,146,2,0,6.542857142857143,45.8,0.2401746724890829,0.4017467248908297,14.0,77.07142857142857,100.0,0.0,33.0,12,0.0,2,88.0,78.0,55.333333333333336,-10.0,N,1,2026-07-24
12,1,1221,84,42,307,252,Course Page,249,268,630,30,0,14.535714285714286,101.75,0.2063882063882063,0.2514332514332514,15.0,79.43333333333334,100.0,40.0,75.0,14,87.0,1,86.0,79.0,71.0,-7.0,D,1,2026-07-24
13,1,187,38,22,80,27,Course Page,35,41,67,36,0,4.921052631578948,34.44736842105263,0.1443850267379679,0.427807486631016,15.0,98.49333333333334,100.0,88.7,76.0,15,88.7,0,100.0,100.0,94.35,0.0,D,1,2026-07-24
14,1,141,28,19,20,16,Assignment,32,39,39,27,0,5.035714285714286,35.25,0.1134751773049645,0.1418439716312056,14.0,82.82142857142857,100.0,0.0,50.0,13,0.0,1,90.0,91.0,54.66666666666666,1.0,P,1,2026-07-24
15,1,1194,97,48,851,231,Assignment,38,658,477,12,0,12.309278350515465,86.16494845360825,0.1934673366834171,0.7127303182579564,15.0,88.74666666666667,100.0,70.0,59.0,15,81.1,0,92.0,94.0,77.05,2.0,P,1,2026-07-24
16,1,733,68,27,439,250,Course Page,184,137,384,1,0,10.779411764705882,75.45588235294119,0.3410641200545702,0.5989085948158254,15.0,68.83333333333333,100.0,0.0,51.0,12,20.25,3,86.0,66.0,49.125,-20.0,P,1,2026-07-24
17,1,43,8,9,15,13,Course Page,7,17,19,0,0,5.375,37.625,0.3023255813953488,0.3488372093023256,7.0,35.857142857142854,100.0,0.0,5.0,3,0.0,4,73.33333333333333,0.0,3.0,0.0,N,1,2026-07-24
18,1,49,5,9,2,48,Course Page,0,8,41,0,0,9.8,68.6,0.979591836734694,0.0408163265306122,6.0,0.0,0.0,0.0,0.0,0,0.0,6,0.0,0.0,0.0,0.0,N,1,2026-07-24
19,1,535,71,33,216,111,Course Page,130,76,247,20,0,7.535211267605634,52.74647887323944,0.2074766355140186,0.4037383177570093,15.0,93.65333333333334,100.0,70.0,83.0,15,93.15,0,90.0,97.0,94.075,7.0,HD,1,2026-07-24
20,1,161,22,32,67,57,Course Page,49,40,55,1,0,7.318181818181818,51.22727272727273,0.3540372670807453,0.4161490683229814,8.0,53.875,100.0,20.0,34.0,4,65.0,4,100.0,20.0,47.25,-80.0,N,1,2026-07-24
21,1,268,41,40,101,55,Assignment,67,87,85,9,0,6.536585365853658,45.75609756097561,0.2052238805970149,0.376865671641791,8.0,67.8875,100.0,26.5,50.0,7,62.3,1,97.5,70.0,62.9,-27.5,P,1,2026-07-24
22,1,1203,111,36,221,239,Course Page,115,292,765,7,0,10.83783783783784,75.86486486486486,0.198669991687448,0.1837073981712385,15.0,96.584,100.0,88.13,83.0,15,88.13,0,98.0,97.0,94.065,-1.0,HD,1,2026-07-24
23,1,402,58,26,119,59,Course Page,158,50,165,11,0,6.931034482758621,48.51724137931034,0.1467661691542288,0.2960199004975124,15.0,85.1,100.0,55.5,83.0,15,74.0,0,94.0,91.0,64.75,-3.0,HD,1,2026-07-24
24,1,248,30,18,85,9,Course Page,56,41,129,21,0,8.266666666666667,57.86666666666667,0.0362903225806451,0.3427419354838709,9.0,83.38888888888889,100.0,38.5,40.0,8,75.5,1,96.25,0.0,81.75,0.0,SA,1,2026-07-24
25,1,382,49,30,148,43,Course Page,90,101,182,2,0,7.795918367346939,54.57142857142857,0.112565445026178,0.387434554973822,15.0,77.36,100.0,46.2,40.0,13,46.2,2,81.0,83.0,64.6,2.0,SA,1,2026-07-24
26,1,415,47,37,205,80,Course Page,119,81,131,38,0,8.829787234042554,61.80851063829787,0.1927710843373494,0.4939759036144578,12.0,38.083333333333336,70.0,0.0,18.0,4,0.0,8,56.66666666666666,36.0,24.0,-20.666666666666664,N,1,2026-07-24
27,1,266,37,17,58,37,Course Page,71,62,128,0,0,7.1891891891891895,50.32432432432432,0.1390977443609022,0.2180451127819548,13.0,51.68461538461538,80.0,30.0,24.0,6,46.45,7,60.0,50.0,44.225,-10.0,N,1,2026-07-24
28,1,7,3,4,3,0,Course Page,0,3,4,0,0,2.333333333333333,16.333333333333336,0.0,0.4285714285714285,4.0,26.125,95.0,0.0,2.0,1,0.0,3,0.0,95.0,0.0,0.0,N,1,2026-07-24
29,1,379,49,37,83,71,Course Page,39,131,147,19,0,7.73469387755102,54.142857142857146,0.1873350923482849,0.2189973614775725,14.0,75.61428571428571,100.0,56.05,59.0,14,56.05,0,83.0,85.0,57.025,2.0,P,1,2026-07-24
30,1,111,26,18,40,35,Course Page,14,41,49,3,0,4.269230769230769,29.884615384615383,0.3153153153153153,0.3603603603603603,9.0,41.66666666666666,95.0,5.5,17.0,4,5.5,5,52.5,0.0,36.0,0.0,N,1,2026-07-24
31,1,362,46,37,114,38,Course Page,79,117,130,11,0,7.869565217391305,55.08695652173913,0.1049723756906077,0.3149171270718232,15.0,90.15333333333334,100.0,65.8,72.0,15,65.8,0,97.4,90.0,80.4,-7.400000000000006,D,1,2026-07-24
32,1,450,59,50,32,54,Assignment,41,226,161,15,0,7.627118644067797,53.389830508474574,0.12,0.0711111111111111,14.0,84.09285714285714,100.0,59.0,75.0,14,59.4,0,91.25,98.0,59.2,6.75,D,1,2026-07-24
33,1,317,43,31,69,101,Course Page,42,72,166,17,0,7.372093023255814,51.604651162790695,0.3186119873817035,0.2176656151419558,15.0,88.39666666666668,100.0,60.0,49.0,15,91.3,0,78.0,100.0,86.7375,22.0,S,1,2026-07-24
34,1,501,58,28,365,130,Course Page,82,166,230,13,0,8.637931034482758,60.4655172413793,0.2594810379241516,0.7285429141716567,13.0,76.96153846153847,100.0,20.0,44.0,11,83.0,2,81.0,73.33333333333333,78.25,-7.666666666666671,SA,1,2026-07-24
35,1,338,51,34,46,17,Course Page,80,113,123,6,0,6.627450980392157,46.3921568627451,0.0502958579881656,0.136094674556213,15.0,84.97333333333333,100.0,70.35,48.0,15,70.35,0,87.8,90.0,74.175,2.200000000000003,S,1,2026-07-24
36,1,402,48,30,141,60,Course Page,87,87,188,0,0,8.375,58.625,0.1492537313432835,0.3507462686567164,15.0,67.6,90.0,35.0,56.0,13,64.5,2,67.0,63.0,74.75,-4.0,P,1,2026-07-24
37,1,212,36,15,16,4,Course Page,32,60,115,3,0,5.888888888888889,41.22222222222222,0.0188679245283018,0.0754716981132075,14.0,77.27142857142857,95.0,55.0,54.0,14,81.4,0,79.0,73.75,80.7,-5.25,P,1,2026-07-24
38,1,846,84,39,256,166,Course Page,130,242,403,20,0,10.071428571428571,70.5,0.1962174940898345,0.3026004728132387,15.0,67.25333333333333,92.0,35.0,45.0,12,79.65,3,62.0,59.0,85.825,-3.0,S,1,2026-07-24
39,1,211,50,37,41,40,Lecture Material,70,58,59,6,0,4.22,29.54,0.1895734597156398,0.1943127962085308,15.0,81.94266666666667,100.0,61.57,70.0,15,61.57,0,94.0,82.0,65.285,-12.0,D,1,2026-07-24
40,1,321,40,22,154,30,Assignment,31,178,111,1,0,8.025,56.175,0.0934579439252336,0.4797507788161994,14.0,62.392857142857146,100.0,19.0,34.0,12,19.0,2,75.0,72.5,35.5,-2.5,N,1,2026-07-24
41,1,409,43,27,225,101,Course Page,78,122,196,10,0,9.511627906976743,66.5813953488372,0.2469437652811736,0.5501222493887531,10.0,38.9,60.0,0.0,15.0,5,46.0,5,40.0,55.0,30.666666666666668,15.0,N,1,2026-07-24
42,1,266,42,20,128,22,Assignment,24,130,101,1,0,6.333333333333333,44.333333333333336,0.0827067669172932,0.4812030075187969,13.0,84.34615384615384,100.0,60.0,62.0,13,60.0,0,91.0,93.33333333333331,72.0,2.3333333333333286,C,1,2026-07-24
43,1,611,63,36,334,99,Course Page,106,77,402,1,0,9.698412698412698,67.88888888888889,0.1620294599018003,0.546644844517185,14.0,82.27857142857144,100.0,45.0,43.0,13,85.95,1,85.0,88.0,73.475,3.0,SA,1,2026-07-24
44,1,367,38,26,107,75,Course Page,85,96,174,7,0,9.657894736842104,67.60526315789474,0.2043596730245231,0.2915531335149863,13.0,83.9076923076923,100.0,67.9,60.0,13,67.9,0,93.0,88.33333333333333,71.95,-4.666666666666671,C,1,2026-07-24
45,1,478,62,56,257,73,Assignment,67,193,193,8,0,7.709677419354839,53.967741935483865,0.1527196652719665,0.5376569037656904,15.0,89.08666666666666,100.0,65.0,71.0,15,79.15,0,88.0,92.0,86.575,4.0,D,1,2026-07-24
46,1,265,40,22,79,64,Course Page,66,59,118,13,0,6.625,46.375,0.2415094339622641,0.2981132075471698,15.0,72.78666666666666,90.0,40.0,46.0,14,69.65,1,69.0,82.0,65.325,13.0,S,1,2026-07-24
47,1,330,53,26,156,115,Course Page,17,138,163,6,0,6.226415094339623,43.58490566037736,0.3484848484848485,0.4727272727272727,15.0,83.44666666666667,100.0,60.0,43.0,15,75.85,0,81.0,87.0,81.925,6.0,SA,1,2026-07-24
48,1,384,48,32,109,98,Course Page,115,96,160,1,0,8.0,56.0,0.2552083333333333,0.2838541666666667,15.0,72.25733333333332,100.0,25.0,48.0,12,51.43,3,86.0,56.0,75.715,-30.0,S,1,2026-07-24
49,1,439,34,30,366,158,Course Page,133,56,192,32,0,12.911764705882351,90.38235294117648,0.3599088838268792,0.8337129840546698,9.0,63.333333333333336,100.0,29.0,26.0,8,64.5,1,65.0,80.0,62.75,15.0,N,1,2026-07-24
50,1,254,35,41,64,8,Lecture Material,80,37,75,36,0,7.257142857142857,50.8,0.0314960629921259,0.2519685039370078,13.0,46.2,84.0,20.0,60.0,6,51.3,7,40.0,33.333333333333336,67.65,-6.666666666666664,C,1,2026-07-24
51,1,270,57,27,125,41,Course Page,44,94,106,12,0,4.7368421052631575,33.15789473684211,0.1518518518518518,0.4629629629629629,14.0,87.73571428571428,100.0,50.0,82.0,14,97.9,0,89.0,82.5,93.95,-6.5,HD,1,2026-07-24
52,1,244,32,23,120,39,Course Page,70,36,94,10,0,7.625,53.375,0.1598360655737705,0.4918032786885246,15.0,71.03333333333333,100.0,50.0,62.0,15,68.0,0,82.0,67.0,61.5,-15.0,C,1,2026-07-24
53,1,267,42,21,60,79,Course Page,75,66,121,4,0,6.357142857142857,44.5,0.2958801498127341,0.2247191011235955,12.0,57.03333333333333,100.0,19.7,37.0,7,19.7,5,72.0,50.0,44.6,-22.0,N,1,2026-07-24
54,1,748,69,41,322,144,Course Page,86,227,378,1,0,10.840579710144928,75.88405797101449,0.1925133689839572,0.4304812834224599,13.0,74.99230769230769,100.0,30.0,41.0,10,76.45,3,67.5,97.5,62.225,30.0,SA,1,2026-07-24
55,1,711,68,25,147,179,Course Page,39,94,552,6,0,10.455882352941176,73.19117647058825,0.2517580872011252,0.2067510548523206,11.0,45.13636363636363,75.0,0.0,22.0,4,44.0,7,48.75,20.0,59.5,-28.75,N,1,2026-07-24
56,1,261,40,25,71,64,Course Page,31,99,113,8,0,6.525,45.675,0.2452107279693486,0.2720306513409962,15.0,78.56666666666666,100.0,0.0,60.0,14,84.0,1,92.0,59.0,87.0,-33.0,C,1,2026-07-24
57,1,176,38,16,78,22,Course Page,11,45,119,0,0,4.631578947368421,32.421052631578945,0.125,0.4431818181818182,6.0,57.333333333333336,100.0,10.0,47.0,5,62.0,1,100.0,0.0,58.5,0.0,S,1,2026-07-24
58,1,387,46,28,135,68,Course Page,93,46,223,11,0,8.41304347826087,58.891304347826086,0.1757105943152454,0.3488372093023256,12.0,26.375,55.0,0.0,20.0,4,53.75,8,17.5,6.666666666666667,54.375,-10.833333333333332,N,1,2026-07-24
59,1,221,28,16,77,28,Course Page,50,48,123,0,0,7.892857142857143,55.25,0.1266968325791855,0.3484162895927601,9.0,55.67777777777778,85.0,29.0,19.0,6,36.05,3,78.33333333333333,55.0,45.525,-23.33333333333333,N,1,2026-07-24
60,1,455,69,27,180,125,Course Page,40,177,214,15,0,6.594202898550725,46.15942028985507,0.2747252747252747,0.3956043956043956,15.0,90.91333333333334,100.0,80.0,65.0,15,84.15,0,91.8,91.0,89.575,-0.7999999999999972,C,1,2026-07-24
61,1,280,49,34,118,59,Course Page,84,64,88,14,0,5.714285714285714,40.0,0.2107142857142857,0.4214285714285714,15.0,91.0,100.0,60.0,83.0,15,80.0,0,98.0,88.0,85.5,-10.0,HD,1,2026-07-24
62,1,220,37,28,98,71,Course Page,47,58,105,4,0,5.945945945945946,41.62162162162162,0.3227272727272727,0.4454545454545454,15.0,74.58,95.0,50.0,48.0,15,88.35,0,79.0,69.0,76.175,-10.0,S,1,2026-07-24
63,1,347,53,31,118,41,Course Page,40,77,204,5,0,6.547169811320755,45.83018867924528,0.1181556195965417,0.3400576368876081,14.0,79.5,100.0,40.0,46.0,13,65.5,1,88.0,75.0,74.75,-13.0,S,1,2026-07-24
64,1,551,30,28,345,60,Course Page,64,49,410,9,0,18.366666666666667,128.56666666666666,0.1088929219600726,0.6261343012704175,10.0,48.73,80.0,10.0,23.0,7,65.65,3,40.0,50.0,61.325,10.0,N,1,2026-07-24
65,1,408,50,34,165,38,Course Page,43,137,180,15,0,8.16,57.12,0.0931372549019607,0.4044117647058823,15.0,83.24666666666667,95.0,58.0,58.0,15,88.4,0,83.8,90.0,73.2,6.200000000000003,P,1,2026-07-24
66,1,213,44,24,39,47,Course Page,71,59,74,3,0,4.840909090909091,33.88636363636364,0.2206572769953051,0.1830985915492957,15.0,74.21333333333334,100.0,30.0,46.0,14,72.35,1,66.0,77.0,81.675,11.0,S,1,2026-07-24
67,1,193,18,42,172,40,Assignment,38,110,34,7,0,10.72222222222222,75.05555555555554,0.2072538860103626,0.8911917098445595,15.0,87.22666666666667,100.0,67.7,70.0,15,67.7,0,96.0,86.0,76.85,-10.0,D,1,2026-07-24
68,1,503,74,31,73,85,Course Page,71,69,342,2,0,6.797297297297297,47.58108108108108,0.1689860834990059,0.1451292246520874,15.0,75.48666666666666,100.0,30.0,44.0,12,41.65,3,72.0,90.0,60.325,18.0,SA,1,2026-07-24
69,1,151,33,22,57,12,Course Page,26,46,78,0,0,4.575757575757576,32.03030303030303,0.0794701986754966,0.3774834437086092,15.0,71.59466666666667,100.0,47.21,58.0,13,47.21,2,74.0,75.0,63.605,1.0,P,1,2026-07-24
70,1,463,46,24,105,76,Course Page,85,89,268,8,0,10.065217391304348,70.45652173913044,0.1641468682505399,0.2267818574514039,15.0,95.83733333333332,100.0,88.28,85.0,15,88.28,0,98.0,96.0,92.64,-2.0,HD,1,2026-07-24
71,1,91,20,14,38,25,Assignment,2,58,24,5,0,4.55,31.85,0.2747252747252747,0.4175824175824176,14.0,54.642857142857146,80.0,0.0,30.0,10,66.0,4,55.0,42.0,73.0,-13.0,N,1,2026-07-24
72,1,452,50,31,192,33,Course Page,75,149,207,8,0,9.04,63.28,0.0730088495575221,0.4247787610619469,15.0,75.97333333333333,100.0,40.0,66.0,14,96.3,1,80.0,62.0,89.65,-18.0,C,1,2026-07-24
73,1,252,39,35,169,48,Assignment,21,106,99,16,0,6.461538461538462,45.23076923076923,0.1904761904761904,0.6706349206349206,10.0,53.4,100.0,0.0,11.0,5,0.0,5,80.0,75.0,9.333333333333334,-5.0,N,1,2026-07-24
74,1,327,60,18,149,59,Course Page,52,60,209,0,0,5.45,38.15,0.1804281345565749,0.45565749235474,15.0,76.5,95.0,30.0,54.0,14,50.0,1,76.0,81.0,71.0,5.0,P,1,2026-07-24
75,1,494,65,24,261,106,Course Page,19,232,240,0,0,7.6,53.2,0.2145748987854251,0.52834008097166,14.0,73.39285714285714,100.0,40.0,55.0,11,41.0,3,70.0,93.75,57.5,23.75,P,1,2026-07-24
76,1,187,29,28,42,24,Assignment,25,78,78,1,0,6.448275862068965,45.137931034482754,0.1283422459893048,0.2245989304812834,15.0,64.23333333333333,100.0,20.0,53.0,11,45.0,4,76.0,61.0,52.5,-15.0,P,1,2026-07-24
77,1,220,35,24,90,28,Course Page,68,45,85,15,0,6.285714285714286,44.0,0.1272727272727272,0.4090909090909091,10.0,70.47,100.0,38.0,50.0,9,89.35,1,70.0,100.0,71.675,30.0,P,1,2026-07-24
78,1,445,66,27,247,87,Course Page,52,56,321,5,0,6.742424242424242,47.196969696969695,0.195505617977528,0.5550561797752809,14.0,76.72142857142856,100.0,50.0,39.0,14,73.3,0,71.25,78.0,82.9,6.75,N,1,2026-07-24
79,1,375,47,29,104,82,Course Page,96,103,145,3,0,7.978723404255319,55.85106382978724,0.2186666666666666,0.2773333333333333,14.0,70.85714285714286,100.0,40.0,63.0,13,63.0,1,86.0,65.0,58.25,-21.0,C,1,2026-07-24
80,1,333,56,21,151,116,Course Page,51,86,193,2,0,5.946428571428571,41.625,0.3483483483483483,0.4534534534534534,15.0,81.77333333333333,100.0,65.0,67.0,15,79.3,0,86.0,78.0,81.15,-8.0,C,1,2026-07-24
81,1,511,76,38,129,125,Lecture Material,159,149,152,22,0,6.723684210526316,47.065789473684205,0.2446183953033268,0.2524461839530332,15.0,35.906666666666666,75.0,10.0,25.0,4,48.8,11,15.0,55.0,38.4,40.0,N,1,2026-07-24
82,1,657,66,29,253,82,Course Page,102,236,299,7,0,9.954545454545457,69.68181818181819,0.1248097412480974,0.3850837138508371,15.0,92.12666666666668,100.0,70.0,73.0,15,88.7,0,90.0,93.0,93.85,3.0,D,1,2026-07-24
83,1,325,50,23,92,61,Course Page,36,69,212,7,0,6.5,45.5,0.1876923076923076,0.283076923076923,15.0,68.04,100.0,40.0,30.0,12,45.3,3,69.0,79.0,51.65,10.0,N,1,2026-07-24
84,1,353,46,24,160,45,Course Page,52,58,227,3,0,7.673913043478261,53.71739130434783,0.1274787535410765,0.4532577903682719,15.0,83.09333333333333,100.0,69.0,52.0,15,70.2,0,84.0,92.0,69.6,8.0,P,1,2026-07-24
85,1,191,35,19,87,43,Course Page,11,72,103,1,0,5.457142857142857,38.2,0.225130890052356,0.4554973821989528,15.0,69.76666666666667,100.0,0.0,21.0,10,0.0,5,79.0,100.0,15.5,21.0,N,1,2026-07-24
86,1,343,47,32,174,43,Course Page,75,66,165,16,0,7.297872340425532,51.08510638297872,0.1253644314868804,0.5072886297376094,12.0,57.76666666666667,100.0,20.0,30.0,8,68.1,4,65.0,43.333333333333336,66.05,-21.666666666666664,N,1,2026-07-24
87,1,120,14,16,27,13,Assignment,13,60,45,1,0,8.571428571428571,60.0,0.1083333333333333,0.225,14.0,59.17857142857143,100.0,0.0,41.0,9,56.0,5,55.0,75.0,49.0,20.0,SA,1,2026-07-24
88,1,109,19,12,27,28,Course Page,14,37,55,0,0,5.7368421052631575,40.1578947368421,0.2568807339449541,0.2477064220183486,9.0,74.33333333333333,100.0,0.0,62.0,7,86.5,2,75.0,0.0,84.75,0.0,C,1,2026-07-24
89,1,284,62,20,165,64,Assignment,20,144,100,4,0,4.580645161290323,32.064516129032256,0.2253521126760563,0.5809859154929577,8.0,14.0,38.0,0.0,9.0,0,38.0,8,0.0,0.0,28.0,0.0,N,1,2026-07-24
90,1,502,51,32,95,64,Course Page,78,171,227,15,0,9.84313725490196,68.90196078431373,0.1274900398406374,0.1892430278884462,15.0,87.90666666666667,100.0,79.0,73.0,15,82.55,0,92.0,89.0,80.775,-3.0,D,1,2026-07-24
91,1,311,51,28,149,41,Course Page,40,78,152,13,0,6.098039215686274,42.68627450980392,0.1318327974276527,0.4790996784565916,15.0,84.86,100.0,50.0,72.0,15,84.95,0,74.0,92.0,89.975,18.0,D,1,2026-07-24
92,1,488,51,41,75,94,Course Page,94,146,180,28,0,9.568627450980392,66.98039215686275,0.1926229508196721,0.1536885245901639,10.0,78.85,100.0,43.5,40.0,9,72.5,1,78.33333333333333,100.0,77.5,21.66666666666667,SA,1,2026-07-24
93,1,188,31,24,45,7,Course Page,39,53,63,7,0,6.064516129032258,42.4516129032258,0.0372340425531914,0.2393617021276596,13.0,32.19230769230769,60.0,0.0,33.0,3,23.0,10,41.0,26.666666666666668,26.25,-14.333333333333332,N,1,2026-07-24
94,1,417,35,26,164,46,Course Page,117,107,160,0,0,11.914285714285716,83.4,0.1103117505995203,0.3932853717026379,14.0,53.785714285714285,90.0,17.0,51.0,8,17.0,6,75.0,56.25,23.25,-18.75,P,1,2026-07-24
95,1,244,31,34,137,72,Course Page,35,96,97,1,0,7.870967741935484,55.096774193548384,0.2950819672131147,0.5614754098360656,12.0,41.833333333333336,86.0,0.0,0.0,4,0.0,8,55.0,26.666666666666668,43.0,-28.33333333333333,DX,1,2026-07-24
96,1,780,74,46,653,188,Assignment,73,351,337,12,0,10.54054054054054,73.78378378378379,0.241025641025641,0.8371794871794872,15.0,68.36,100.0,1.2,25.0,11,1.2,4,82.0,88.0,22.6,6.0,N,1,2026-07-24
97,1,157,35,15,39,54,Course Page,49,45,56,5,0,4.485714285714286,31.4,0.3439490445859872,0.2484076433121019,12.0,76.825,100.0,55.5,44.0,12,55.7,0,88.33333333333333,72.5,77.85,-15.833333333333329,SA,1,2026-07-24
98,1,145,23,16,67,31,Course Page,47,29,66,0,0,6.304347826086956,44.130434782608695,0.2137931034482758,0.4620689655172413,8.0,51.275,100.0,0.0,28.0,5,73.1,3,40.0,0.0,69.55,0.0,N,1,2026-07-24
99,1,417,49,36,77,31,Course Page,114,78,183,12,0,8.510204081632653,59.57142857142857,0.0743405275779376,0.184652278177458,14.0,74.25,100.0,0.0,60.0,13,79.0,1,90.0,53.75,77.0,-36.25,C,1,2026-07-24
100,1,57,20,5,8,6,Course Page,1,2,53,1,0,2.85,19.95,0.1052631578947368,0.1403508771929824,10.0,41.15,75.0,0.0,10.0,5,0.0,5,61.25,50.0,21.75,-11.25,N,1,2026-07-24
101,1,733,50,30,296,161,Course Page,162,118,423,0,0,14.66,102.62,0.2196452933151432,0.4038199181446112,15.0,71.86666666666666,90.0,43.0,38.0,13,67.0,2,74.0,82.0,55.0,8.0,N,1,2026-07-24
102,1,121,15,11,53,24,Course Page,17,43,57,0,0,8.066666666666666,56.46666666666667,0.1983471074380165,0.4380165289256198,8.0,10.375,25.0,0.0,2.0,0,0.0,8,16.666666666666668,20.0,2.0,3.333333333333332,N,1,2026-07-24
103,1,444,81,45,215,128,Course Page,35,160,234,5,0,5.481481481481482,38.37037037037037,0.2882882882882883,0.4842342342342342,15.0,89.96666666666667,100.0,40.0,74.0,13,93.0,2,97.0,100.0,66.5,3.0,D,1,2026-07-24
104,1,421,72,28,140,80,Assignment,94,143,101,36,0,5.847222222222222,40.93055555555555,0.1900237529691211,0.332541567695962,15.0,91.53333333333332,100.0,75.0,72.0,15,94.0,0,96.0,86.0,93.0,-10.0,D,1,2026-07-24
105,1,211,40,22,90,30,Course Page,28,74,95,5,0,5.275,36.925,0.1421800947867298,0.4265402843601896,12.0,65.48333333333333,90.0,25.0,36.0,10,65.65,2,76.0,57.5,60.325,-18.5,N,1,2026-07-24
106,1,638,68,43,395,140,Course Page,65,188,345,7,0,9.382352941176473,65.6764705882353,0.219435736677116,0.6191222570532915,14.0,48.75714285714286,100.0,0.0,33.0,8,32.8,6,46.0,60.0,41.4,14.0,N,1,2026-07-24
107,1,678,69,46,174,108,Course Page,149,180,300,2,0,9.826086956521738,68.78260869565217,0.1592920353982301,0.2566371681415929,14.0,68.35714285714286,100.0,30.0,53.0,13,77.0,1,70.0,65.0,71.5,-5.0,P,1,2026-07-24
108,1,333,32,25,260,79,Course Page,98,66,151,9,0,10.40625,72.84375,0.2372372372372372,0.7807807807807807,14.0,58.46428571428572,85.0,0.0,57.0,12,76.0,2,70.0,38.75,65.75,-31.25,P,1,2026-07-24
109,1,205,30,19,103,6,Course Page,40,46,110,0,0,6.833333333333333,47.833333333333336,0.0292682926829268,0.5024390243902439,11.0,68.95454545454545,90.0,43.5,66.0,10,85.0,1,67.5,82.5,70.0,15.0,C,1,2026-07-24
110,1,251,30,30,194,56,Assignment,34,104,104,2,0,8.366666666666667,58.56666666666667,0.2231075697211155,0.7729083665338645,10.0,51.2,70.0,27.0,22.0,6,58.5,4,56.66666666666666,50.0,53.75,-6.666666666666664,N,1,2026-07-24
111,1,257,25,34,153,18,Assignment,9,147,92,1,0,10.28,71.96,0.0700389105058365,0.5953307392996109,13.0,81.69999999999999,100.0,63.3,45.0,13,63.3,0,99.0,76.66666666666667,66.15,-22.33333333333333,S,1,2026-07-24
112,1,189,26,24,79,31,Assignment,15,80,77,2,0,7.269230769230769,50.88461538461538,0.164021164021164,0.4179894179894179,14.0,67.51428571428572,100.0,30.0,52.0,12,52.85,2,53.75,82.0,64.425,28.25,P,1,2026-07-24
113,1,502,67,30,198,77,Course Page,50,120,293,1,0,7.492537313432836,52.44776119402985,0.1533864541832669,0.3944223107569721,15.0,31.466666666666665,75.0,0.0,24.0,5,62.0,10,17.0,19.0,68.5,2.0,N,1,2026-07-24
114,1,157,22,22,85,4,Assignment,15,92,46,0,0,7.136363636363637,49.95454545454545,0.0254777070063694,0.5414012738853503,15.0,80.2,100.0,60.0,68.0,15,86.0,0,83.0,81.0,75.25,-2.0,C,1,2026-07-24
115,1,455,47,27,73,70,Course Page,100,151,195,2,0,9.680851063829786,67.76595744680851,0.1538461538461538,0.1604395604395604,14.0,73.57142857142857,100.0,50.0,58.0,14,65.0,0,84.0,70.0,65.0,-14.0,P,1,2026-07-24
116,1,127,18,13,91,43,Course Page,11,45,62,8,0,7.055555555555555,49.388888888888886,0.3385826771653543,0.7165354330708661,6.0,50.48333333333333,78.0,0.0,23.0,4,73.45,2,0.0,0.0,75.725,0.0,N,1,2026-07-24
117,1,105,20,22,8,9,Assignment,24,53,23,2,0,5.25,36.75,0.0857142857142857,0.0761904761904762,15.0,92.2,100.0,50.0,82.0,15,91.5,0,100.0,100.0,70.75,0.0,HD,1,2026-07-24
118,1,803,74,32,219,117,Assignment,127,351,295,7,0,10.85135135135135,75.95945945945947,0.1457036114570361,0.2727272727272727,15.0,79.42,100.0,30.0,64.0,14,94.65,1,72.0,80.0,88.825,8.0,C,1,2026-07-24
119,1,165,29,22,66,9,Course Page,39,59,66,0,0,5.689655172413793,39.82758620689655,0.0545454545454545,0.4,15.0,69.7,100.0,10.0,50.0,11,77.5,4,80.0,67.0,59.25,-13.0,P,1,2026-07-24
120,1,191,37,15,42,34,Course Page,61,35,90,3,0,5.162162162162162,36.13513513513514,0.1780104712041884,0.2198952879581152,14.0,88.57857142857142,100.0,64.0,61.0,14,83.05,0,100.0,92.0,73.525,-8.0,C,1,2026-07-24
121,1,230,27,33,108,45,Course Page,71,40,100,2,0,8.518518518518519,59.629629629629626,0.1956521739130435,0.4695652173913043,8.0,48.625,80.0,18.5,25.0,5,31.75,3,65.0,55.0,46.375,-10.0,N,1,2026-07-24
122,1,171,22,24,12,4,Assignment,40,66,59,0,0,7.772727272727272,54.409090909090914,0.023391812865497,0.0701754385964912,14.0,92.64,100.0,78.73,64.0,14,78.73,0,100.0,96.25,80.86500000000001,-3.75,C,1,2026-07-24
123,1,134,21,26,64,13,Course Page,44,38,44,4,0,6.380952380952381,44.66666666666666,0.0970149253731343,0.4776119402985074,10.0,34.05,63.0,0.0,18.0,4,63.0,6,36.25,25.0,42.0,-11.25,N,1,2026-07-24
124,1,599,89,29,211,134,Course Page,190,65,320,22,0,6.730337078651686,47.1123595505618,0.2237061769616026,0.352253756260434,15.0,80.41333333333334,95.0,69.0,72.0,15,72.1,0,83.0,85.0,70.55,2.0,D,1,2026-07-24
125,1,669,89,33,185,153,Course Page,194,107,351,8,0,7.51685393258427,52.61797752808989,0.2286995515695067,0.2765321375186846,15.0,85.4,100.0,70.0,75.0,15,73.5,0,88.0,92.0,72.75,4.0,D,1,2026-07-24
126,1,205,29,20,22,83,Assignment,32,88,78,2,0,7.068965517241379,49.48275862068965,0.4048780487804878,0.1073170731707317,15.0,65.63333333333334,100.0,0.0,53.0,12,54.0,3,72.0,55.0,71.5,-17.0,P,1,2026-07-24
127,1,169,28,19,91,35,Course Page,32,50,83,0,0,6.035714285714286,42.25,0.2071005917159763,0.5384615384615384,11.0,38.95454545454545,85.0,0.0,23.0,6,0.0,5,42.0,85.0,26.0,43.0,N,1,2026-07-24
128,1,230,44,23,71,45,Course Page,18,97,104,5,0,5.227272727272728,36.59090909090909,0.1956521739130435,0.308695652173913,12.0,67.86666666666666,85.0,51.0,30.0,12,68.7,0,66.25,81.66666666666667,63.35,15.416666666666671,N,1,2026-07-24
129,1,662,60,34,264,156,Course Page,147,162,309,1,0,11.033333333333331,77.23333333333333,0.2356495468277945,0.3987915407854985,12.0,55.0,100.0,20.0,24.0,8,30.0,4,58.0,55.0,55.0,-3.0,N,1,2026-07-24
130,1,183,31,15,70,30,Assignment,35,76,72,0,0,5.903225806451613,41.32258064516129,0.1639344262295081,0.3825136612021858,8.0,64.725,100.0,23.0,25.0,6,57.4,2,76.66666666666667,0.0,66.2,0.0,N,1,2026-07-24
131,1,261,35,29,76,37,Course Page,67,72,102,8,0,7.457142857142857,52.2,0.1417624521072797,0.2911877394636015,15.0,87.54666666666667,100.0,76.35,82.0,15,76.35,0,91.0,84.0,87.675,-7.0,HD,1,2026-07-24
132,1,341,42,28,97,27,Course Page,27,127,169,10,0,8.119047619047619,56.833333333333336,0.0791788856304985,0.2844574780058651,14.0,79.64999999999999,100.0,50.0,63.0,14,95.55,0,78.0,72.5,91.775,-5.5,C,1,2026-07-24
133,1,157,18,18,49,16,Course Page,23,54,70,0,0,8.722222222222221,61.05555555555555,0.1019108280254777,0.3121019108280254,7.0,24.685714285714287,50.0,0.0,10.0,1,28.9,6,50.0,0.0,29.45,-50.0,N,1,2026-07-24
134,1,418,37,31,214,88,Course Page,120,75,201,15,0,11.297297297297296,79.08108108108108,0.2105263157894736,0.5119617224880383,12.0,54.333333333333336,95.0,20.0,27.0,7,62.0,5,36.66666666666666,72.5,53.0,35.833333333333336,N,1,2026-07-24
135,1,237,30,37,175,32,Assignment,20,140,70,1,0,7.9,55.3,0.1350210970464135,0.7383966244725738,14.0,78.47857142857143,100.0,37.0,38.0,12,50.35,2,96.0,90.0,43.675,-6.0,N,1,2026-07-24
136,1,359,51,22,145,87,Course Page,29,159,161,2,0,7.03921568627451,49.27450980392157,0.2423398328690807,0.403899721448468,14.0,73.15714285714286,83.85,65.0,56.0,14,83.85,0,75.0,71.0,75.925,-4.0,P,1,2026-07-24
137,1,307,28,42,114,29,Assignment,26,188,90,0,0,10.964285714285714,76.75,0.0944625407166123,0.3713355048859935,15.0,78.88000000000001,100.0,50.35,37.0,15,50.35,0,89.0,88.0,52.425,-1.0,N,1,2026-07-24
138,1,214,24,20,92,61,Assignment,17,99,93,1,0,8.916666666666666,62.41666666666667,0.2850467289719626,0.4299065420560747,13.0,74.6923076923077,100.0,30.0,42.0,11,88.5,2,71.25,78.75,77.75,7.5,SA,1,2026-07-24
139,1,135,22,15,72,40,Course Page,14,54,64,0,0,6.136363636363637,42.95454545454545,0.2962962962962963,0.5333333333333333,13.0,45.61538461538461,80.0,0.0,33.0,8,65.0,5,46.0,26.666666666666668,63.0,-19.33333333333333,N,1,2026-07-24
140,1,7,5,3,1,2,Course Page,0,2,4,1,0,1.4,9.8,0.2857142857142857,0.1428571428571428,4.0,5.5,20.0,0.0,0.0,0,0.0,4,20.0,0.0,0.0,0.0,N,1,2026-07-24
141,1,374,51,28,119,53,Course Page,58,100,201,9,0,7.333333333333333,51.333333333333336,0.141711229946524,0.3181818181818182,14.0,55.29,100.0,30.0,48.0,8,43.78,6,61.0,40.0,65.64,-21.0,S,1,2026-07-24
142,1,277,47,24,39,44,Course Page,55,57,125,6,0,5.893617021276596,41.25531914893617,0.1588447653429603,0.1407942238267148,14.0,89.41428571428571,100.0,75.0,71.0,14,95.9,0,92.5,90.0,87.45,-2.5,D,1,2026-07-24
143,1,501,38,26,232,64,Course Page,162,65,235,9,0,13.18421052631579,92.28947368421052,0.1277445109780439,0.4630738522954092,7.0,45.142857142857146,90.0,0.0,13.0,3,0.0,4,55.0,30.0,54.0,-25.0,N,1,2026-07-24
144,1,105,12,17,90,27,Course Page,3,33,66,0,0,8.75,61.25,0.2571428571428571,0.8571428571428571,10.0,62.5,95.0,0.0,58.0,7,87.0,3,60.0,72.5,58.0,12.5,P,1,2026-07-24
145,1,112,10,16,82,2,Lecture Material,48,26,35,3,0,11.2,78.39999999999999,0.0178571428571428,0.7321428571428571,8.0,58.875,100.0,0.0,17.0,5,0.0,3,77.5,0.0,43.333333333333336,0.0,N,1,2026-07-24
146,1,176,34,18,87,41,Course Page,58,39,63,2,0,5.176470588235294,36.235294117647065,0.2329545454545454,0.4943181818181818,7.0,60.07142857142857,75.0,14.5,22.0,6,55.5,1,72.5,0.0,65.25,0.0,N,1,2026-07-24
147,1,265,37,26,83,78,Course Page,59,81,115,8,0,7.162162162162162,50.13513513513514,0.2943396226415094,0.3132075471698113,10.0,65.25,100.0,12.75,25.0,6,12.75,4,92.5,40.0,50.375,-52.5,N,1,2026-07-24
148,1,101,21,18,44,17,Assignment,26,38,34,3,0,4.809523809523809,33.666666666666664,0.1683168316831683,0.4356435643564356,9.0,58.28888888888889,100.0,30.0,24.0,5,55.8,4,93.33333333333331,30.0,45.9,-63.33333333333333,N,1,2026-07-24
149,1,166,22,35,63,9,Assignment,14,126,26,0,0,7.545454545454546,52.81818181818182,0.0542168674698795,0.3795180722891566,14.0,87.92857142857143,100.0,62.75,60.0,14,62.75,0,99.0,97.5,64.375,-1.5,C,1,2026-07-24
150,1,94,25,14,25,20,Course Page,18,27,40,0,0,3.76,26.32,0.2127659574468085,0.2659574468085106,14.0,90.15,100.0,49.0,69.0,12,95.3,2,97.0,100.0,72.15,3.0,C,1,2026-07-24
151,1,54,13,13,27,10,Course Page,14,10,28,0,0,4.153846153846154,29.07692307692308,0.1851851851851851,0.5,10.0,53.9,100.0,0.0,10.0,6,0.0,4,45.0,80.0,0.0,35.0,N,1,2026-07-24
152,1,203,24,18,118,43,Course Page,31,76,87,1,0,8.458333333333334,59.208333333333336,0.2118226600985221,0.5812807881773399,8.0,19.5,38.0,0.0,11.0,0,38.0,8,5.0,10.0,33.5,5.0,N,1,2026-07-24
153,1,92,22,13,66,15,Assignment,23,60,8,0,0,4.181818181818182,29.27272727272728,0.1630434782608695,0.717391304347826,13.0,52.29230769230769,65.0,10.0,26.0,10,60.4,3,51.0,45.0,62.7,-6.0,N,1,2026-07-24
154,1,220,28,34,152,39,Course Page,42,42,115,2,0,7.857142857142857,55.0,0.1772727272727272,0.6909090909090909,5.0,11.4,50.0,0.0,1.0,1,0.0,4,0.0,50.0,0.6666666666666666,0.0,N,1,2026-07-24
155,1,8,3,4,6,0,Course Page,1,2,4,0,0,2.6666666666666665,18.666666666666668,0.0,0.75,6.0,0.0,0.0,0.0,0.0,0,0.0,6,0.0,0.0,0.0,0.0,N,1,2026-07-24
156,1,75,18,14,9,6,Course Page,15,26,30,2,0,4.166666666666667,29.166666666666664,0.08,0.12,15.0,84.06,100.0,50.0,42.0,15,82.7,0,82.0,83.0,88.35,1.0,SA,1,2026-07-24
157,1,96,15,20,45,10,Course Page,24,15,50,0,0,6.4,44.8,0.1041666666666666,0.46875,10.0,19.15,80.0,0.0,5.0,2,0.0,8,29.0,0.0,10.666666666666666,-29.0,N,1,2026-07-24
158,1,48,9,8,11,2,Course Page,4,14,29,0,0,5.333333333333333,37.33333333333333,0.0416666666666666,0.2291666666666666,8.0,8.25,33.0,0.0,3.0,0,0.0,8,0.0,0.0,22.0,0.0,N,1,2026-07-24
159,1,47,6,9,5,0,Assignment,7,23,17,0,0,7.833333333333333,54.833333333333336,0.0,0.1063829787234042,6.0,34.5,90.0,0.0,5.0,2,0.0,4,75.0,0.0,14.0,0.0,N,1,2026-07-24
160,1,101,14,11,6,21,Course Page,14,36,46,0,0,7.214285714285714,50.5,0.2079207920792079,0.0594059405940594,8.0,12.5,50.0,0.0,5.0,2,0.0,6,0.0,0.0,25.0,0.0,N,1,2026-07-24
161,1,134,17,14,58,40,Course Page,20,40,70,4,0,7.882352941176471,55.1764705882353,0.2985074626865671,0.4328358208955223,6.0,20.166666666666668,50.0,0.0,3.0,1,0.0,5,36.66666666666666,0.0,0.0,0.0,N,1,2026-07-24
162,1,71,12,17,35,14,Course Page,11,25,30,1,0,5.916666666666667,41.41666666666667,0.1971830985915492,0.4929577464788732,12.0,29.791666666666668,80.0,0.0,7.0,5,0.0,7,49.0,40.0,0.0,-9.0,N,1,2026-07-24
163,1,170,21,27,118,58,Assignment,18,120,27,0,0,8.095238095238095,56.66666666666666,0.3411764705882353,0.6941176470588235,9.0,67.22222222222223,100.0,0.0,11.0,7,0.0,2,90.0,100.0,0.0,10.0,N,1,2026-07-24
164,1,16,7,4,15,8,Course Page,0,2,13,0,0,2.2857142857142856,16.0,0.5,0.9375,3.0,0.0,0.0,0.0,0.0,0,0.0,3,0.0,0.0,0.0,0.0,N,1,2026-07-24
165,1,38,9,10,5,12,Course Page,11,9,16,0,0,4.222222222222222,29.55555555555556,0.3157894736842105,0.131578947368421,5.0,33.0,80.0,0.0,3.0,2,0.0,3,75.0,0.0,0.0,0.0,N,1,2026-07-24
166,1,12,7,2,7,7,Assignment,0,7,5,0,0,1.7142857142857142,12.0,0.5833333333333334,0.5833333333333334,4.0,5.5,20.0,0.0,0.0,0,0.0,4,20.0,0.0,0.0,0.0,N,1,2026-07-24
167,1,14,5,6,12,3,Course Page,2,2,8,1,0,2.8,19.6,0.2142857142857142,0.8571428571428571,5.0,0.0,0.0,0.0,0.0,0,0.0,5,0.0,0.0,0.0,0.0,N,1,2026-07-24
168,1,103,6,13,6,32,Course Page,29,21,45,0,0,17.166666666666668,120.16666666666669,0.3106796116504854,0.058252427184466,4.0,23.375,85.0,0.0,2.0,1,0.0,3,85.0,0.0,0.0,0.0,N,1,2026-07-24
169,1,2,1,2,0,0,Course Page,0,0,1,1,0,2.0,14.0,0.0,0.0,6.0,0.0,0.0,0.0,0.0,0,0.0,6,0.0,0.0,0.0,0.0,N,1,2026-07-24
170,1,0,0,0,0,0,No Activity,0,0,0,0,0,0.0,0.0,0.0,0.0,4.0,0.0,0.0,0.0,0.0,0,0.0,4,0.0,0.0,0.0,0.0,N,1,2026-07-24
171,1,0,0,0,0,0,No Activity,0,0,0,0,0,0.0,0.0,0.0,0.0,7.0,0.0,0.0,0.0,0.0,0,0.0,7,0.0,0.0,0.0,0.0,N,1,2026-07-24
172,2,21,5,8,3,1,Other,1,0,0,3,0,4.2,29.4,0.0476190476190476,0.1428571428571428,0.0,0.0,0.0,0.0,0.0,0,0.0,0,0.0,0.0,0.0,0.0,No Result,2,2026-07-24
173,3,31,4,13,13,0,Other,2,2,0,2,12,7.75,54.25,0.0,0.4193548387096774,1.0,0.0,0.0,0.0,0.0,0,0.0,1,0.0,0.0,0.0,0.0,No Result,2,2026-07-24
174,3,18,2,8,0,16,Quiz,0,0,0,0,10,9.0,63.0,0.8888888888888888,0.0,1.0,100.0,100.0,100.0,100.0,1,100.0,0,0.0,0.0,0.0,0.0,No Result,2,2026-07-24
1,1,1086,97,27,291,126,Assignment,5,939,142,0,0,11.195876288659791,78.37113402061856,0.1160220994475138,0.2679558011049723,0.0,0.0,0.0,0.0,0.0,0,0.0,0,0.0,0.0,0.0,0.0,No Result,1,2026-07-25
2,1,549,53,39,256,114,Course Page,137,184,192,15,0,10.358490566037736,72.50943396226415,0.2076502732240437,0.4663023679417122,15.0,70.53999999999999,100.0,0.0,41.0,10,44.8,5,95.0,72.0,34.9,-23.0,SA,1,2026-07-25
3,1,236,30,20,91,33,Course Page,50,92,93,1,0,7.866666666666666,55.06666666666667,0.1398305084745762,0.3855932203389831,12.0,58.083333333333336,100.0,0.0,0.0,9,0.0,3,66.0,63.333333333333336,41.66666666666666,-2.6666666666666643,DX,1,2026-07-25
4,1,183,33,22,72,20,Course Page,48,45,68,6,0,5.545454545454546,38.81818181818182,0.1092896174863388,0.3934426229508196,15.0,83.28666666666666,100.0,60.0,49.0,15,61.9,0,79.0,98.0,68.95,19.0,S,1,2026-07-25
5,1,356,55,25,169,50,Course Page,61,130,165,0,0,6.472727272727273,45.30909090909091,0.1404494382022472,0.4747191011235955,15.0,86.00666666666666,100.0,10.0,86.0,14,93.05,1,71.0,97.0,91.525,26.0,HD,1,2026-07-25
6,1,852,92,60,469,168,Course Page,69,300,428,10,0,9.26086956521739,64.82608695652173,0.1971830985915492,0.5504694835680751,15.0,81.62666666666668,100.0,54.0,0.0,15,60.45,0,87.0,94.0,57.225,7.0,DX,1,2026-07-25
7,1,1292,123,34,121,405,Course Page,373,194,695,16,0,10.504065040650406,73.52845528455283,0.3134674922600619,0.0936532507739938,15.0,53.53333333333333,80.0,31.0,46.0,9,68.0,6,51.0,59.0,49.5,8.0,S,1,2026-07-25
8,1,301,48,20,244,87,Course Page,59,72,151,0,0,6.270833333333333,43.895833333333336,0.2890365448504983,0.8106312292358804,15.0,57.940000000000005,94.0,0.0,46.0,11,71.05,4,46.0,52.0,82.525,6.0,S,1,2026-07-25
9,1,365,47,23,125,25,Assignment,54,160,144,1,0,7.76595744680851,54.361702127659576,0.0684931506849315,0.3424657534246575,15.0,67.83733333333333,100.0,0.0,75.0,12,52.28,3,94.0,40.0,70.14,-54.0,D,1,2026-07-25
10,1,158,23,15,87,24,Course Page,15,48,90,3,0,6.869565217391305,48.08695652173913,0.1518987341772152,0.5506329113924051,11.0,60.08181818181818,95.0,10.0,32.0,6,84.7,5,56.25,70.0,64.85,13.75,N,1,2026-07-25
11,1,229,35,18,92,55,Course Page,10,68,146,2,0,6.542857142857143,45.8,0.2401746724890829,0.4017467248908297,14.0,77.07142857142857,100.0,0.0,33.0,12,0.0,2,88.0,78.0,55.333333333333336,-10.0,N,1,2026-07-25
12,1,1221,84,42,307,252,Course Page,249,268,630,30,0,14.535714285714286,101.75,0.2063882063882063,0.2514332514332514,15.0,79.43333333333334,100.0,40.0,75.0,14,87.0,1,86.0,79.0,71.0,-7.0,D,1,2026-07-25
13,1,187,38,22,80,27,Course Page,35,41,67,36,0,4.921052631578948,34.44736842105263,0.1443850267379679,0.427807486631016,15.0,98.49333333333334,100.0,88.7,76.0,15,88.7,0,100.0,100.0,94.35,0.0,D,1,2026-07-25
14,1,141,28,19,20,16,Assignment,32,39,39,27,0,5.035714285714286,35.25,0.1134751773049645,0.1418439716312056,14.0,82.82142857142857,100.0,0.0,50.0,13,0.0,1,90.0,91.0,54.66666666666666,1.0,P,1,2026-07-25
15,1,1194,97,48,851,231,Assignment,38,658,477,12,0,12.309278350515465,86.16494845360825,0.1934673366834171,0.7127303182579564,15.0,88.74666666666667,100.0,70.0,59.0,15,81.1,0,92.0,94.0,77.05,2.0,P,1,2026-07-25
16,1,733,68,27,439,250,Course Page,184,137,384,1,0,10.779411764705882,75.45588235294119,0.3410641200545702,0.5989085948158254,15.0,68.83333333333333,100.0,0.0,51.0,12,20.25,3,86.0,66.0,49.125,-20.0,P,1,2026-07-25
17,1,43,8,9,15,13,Course Page,7,17,19,0,0,5.375,37.625,0.3023255813953488,0.3488372093023256,7.0,35.857142857142854,100.0,0.0,5.0,3,0.0,4,73.33333333333333,0.0,3.0,0.0,N,1,2026-07-25
18,1,49,5,9,2,48,Course Page,0,8,41,0,0,9.8,68.6,0.979591836734694,0.0408163265306122,6.0,0.0,0.0,0.0,0.0,0,0.0,6,0.0,0.0,0.0,0.0,N,1,2026-07-25
19,1,535,71,33,216,111,Course Page,130,76,247,20,0,7.535211267605634,52.74647887323944,0.2074766355140186,0.4037383177570093,15.0,93.65333333333334,100.0,70.0,83.0,15,93.15,0,90.0,97.0,94.075,7.0,HD,1,2026-07-25
20,1,161,22,32,67,57,Course Page,49,40,55,1,0,7.318181818181818,51.22727272727273,0.3540372670807453,0.4161490683229814,8.0,53.875,100.0,20.0,34.0,4,65.0,4,100.0,20.0,47.25,-80.0,N,1,2026-07-25
21,1,268,41,40,101,55,Assignment,67,87,85,9,0,6.536585365853658,45.75609756097561,0.2052238805970149,0.376865671641791,8.0,67.8875,100.0,26.5,50.0,7,62.3,1,97.5,70.0,62.9,-27.5,P,1,2026-07-25
22,1,1203,111,36,221,239,Course Page,115,292,765,7,0,10.83783783783784,75.86486486486486,0.198669991687448,0.1837073981712385,15.0,96.584,100.0,88.13,83.0,15,88.13,0,98.0,97.0,94.065,-1.0,HD,1,2026-07-25
23,1,402,58,26,119,59,Course Page,158,50,165,11,0,6.931034482758621,48.51724137931034,0.1467661691542288,0.2960199004975124,15.0,85.1,100.0,55.5,83.0,15,74.0,0,94.0,91.0,64.75,-3.0,HD,1,2026-07-25
24,1,248,30,18,85,9,Course Page,56,41,129,21,0,8.266666666666667,57.86666666666667,0.0362903225806451,0.3427419354838709,9.0,83.38888888888889,100.0,38.5,40.0,8,75.5,1,96.25,0.0,81.75,0.0,SA,1,2026-07-25
25,1,382,49,30,148,43,Course Page,90,101,182,2,0,7.795918367346939,54.57142857142857,0.112565445026178,0.387434554973822,15.0,77.36,100.0,46.2,40.0,13,46.2,2,81.0,83.0,64.6,2.0,SA,1,2026-07-25
26,1,415,47,37,205,80,Course Page,119,81,131,38,0,8.829787234042554,61.80851063829787,0.1927710843373494,0.4939759036144578,12.0,38.083333333333336,70.0,0.0,18.0,4,0.0,8,56.66666666666666,36.0,24.0,-20.666666666666664,N,1,2026-07-25
27,1,266,37,17,58,37,Course Page,71,62,128,0,0,7.1891891891891895,50.32432432432432,0.1390977443609022,0.2180451127819548,13.0,51.68461538461538,80.0,30.0,24.0,6,46.45,7,60.0,50.0,44.225,-10.0,N,1,2026-07-25
28,1,7,3,4,3,0,Course Page,0,3,4,0,0,2.333333333333333,16.333333333333336,0.0,0.4285714285714285,4.0,26.125,95.0,0.0,2.0,1,0.0,3,0.0,95.0,0.0,0.0,N,1,2026-07-25
29,1,379,49,37,83,71,Course Page,39,131,147,19,0,7.73469387755102,54.142857142857146,0.1873350923482849,0.2189973614775725,14.0,75.61428571428571,100.0,56.05,59.0,14,56.05,0,83.0,85.0,57.025,2.0,P,1,2026-07-25
30,1,111,26,18,40,35,Course Page,14,41,49,3,0,4.269230769230769,29.884615384615383,0.3153153153153153,0.3603603603603603,9.0,41.66666666666666,95.0,5.5,17.0,4,5.5,5,52.5,0.0,36.0,0.0,N,1,2026-07-25
31,1,362,46,37,114,38,Course Page,79,117,130,11,0,7.869565217391305,55.08695652173913,0.1049723756906077,0.3149171270718232,15.0,90.15333333333334,100.0,65.8,72.0,15,65.8,0,97.4,90.0,80.4,-7.400000000000006,D,1,2026-07-25
32,1,450,59,50,32,54,Assignment,41,226,161,15,0,7.627118644067797,53.389830508474574,0.12,0.0711111111111111,14.0,84.09285714285714,100.0,59.0,75.0,14,59.4,0,91.25,98.0,59.2,6.75,D,1,2026-07-25
33,1,317,43,31,69,101,Course Page,42,72,166,17,0,7.372093023255814,51.604651162790695,0.3186119873817035,0.2176656151419558,15.0,88.39666666666668,100.0,60.0,49.0,15,91.3,0,78.0,100.0,86.7375,22.0,S,1,2026-07-25
34,1,501,58,28,365,130,Course Page,82,166,230,13,0,8.637931034482758,60.4655172413793,0.2594810379241516,0.7285429141716567,13.0,76.96153846153847,100.0,20.0,44.0,11,83.0,2,81.0,73.33333333333333,78.25,-7.666666666666671,SA,1,2026-07-25
35,1,338,51,34,46,17,Course Page,80,113,123,6,0,6.627450980392157,46.3921568627451,0.0502958579881656,0.136094674556213,15.0,84.97333333333333,100.0,70.35,48.0,15,70.35,0,87.8,90.0,74.175,2.200000000000003,S,1,2026-07-25
36,1,402,48,30,141,60,Course Page,87,87,188,0,0,8.375,58.625,0.1492537313432835,0.3507462686567164,15.0,67.6,90.0,35.0,56.0,13,64.5,2,67.0,63.0,74.75,-4.0,P,1,2026-07-25
37,1,212,36,15,16,4,Course Page,32,60,115,3,0,5.888888888888889,41.22222222222222,0.0188679245283018,0.0754716981132075,14.0,77.27142857142857,95.0,55.0,54.0,14,81.4,0,79.0,73.75,80.7,-5.25,P,1,2026-07-25
38,1,846,84,39,256,166,Course Page,130,242,403,20,0,10.071428571428571,70.5,0.1962174940898345,0.3026004728132387,15.0,67.25333333333333,92.0,35.0,45.0,12,79.65,3,62.0,59.0,85.825,-3.0,S,1,2026-07-25
39,1,211,50,37,41,40,Lecture Material,70,58,59,6,0,4.22,29.54,0.1895734597156398,0.1943127962085308,15.0,81.94266666666667,100.0,61.57,70.0,15,61.57,0,94.0,82.0,65.285,-12.0,D,1,2026-07-25
40,1,321,40,22,154,30,Assignment,31,178,111,1,0,8.025,56.175,0.0934579439252336,0.4797507788161994,14.0,62.392857142857146,100.0,19.0,34.0,12,19.0,2,75.0,72.5,35.5,-2.5,N,1,2026-07-25
41,1,409,43,27,225,101,Course Page,78,122,196,10,0,9.511627906976743,66.5813953488372,0.2469437652811736,0.5501222493887531,10.0,38.9,60.0,0.0,15.0,5,46.0,5,40.0,55.0,30.666666666666668,15.0,N,1,2026-07-25
42,1,266,42,20,128,22,Assignment,24,130,101,1,0,6.333333333333333,44.333333333333336,0.0827067669172932,0.4812030075187969,13.0,84.34615384615384,100.0,60.0,62.0,13,60.0,0,91.0,93.33333333333331,72.0,2.3333333333333286,C,1,2026-07-25
43,1,611,63,36,334,99,Course Page,106,77,402,1,0,9.698412698412698,67.88888888888889,0.1620294599018003,0.546644844517185,14.0,82.27857142857144,100.0,45.0,43.0,13,85.95,1,85.0,88.0,73.475,3.0,SA,1,2026-07-25
44,1,367,38,26,107,75,Course Page,85,96,174,7,0,9.657894736842104,67.60526315789474,0.2043596730245231,0.2915531335149863,13.0,83.9076923076923,100.0,67.9,60.0,13,67.9,0,93.0,88.33333333333333,71.95,-4.666666666666671,C,1,2026-07-25
45,1,478,62,56,257,73,Assignment,67,193,193,8,0,7.709677419354839,53.967741935483865,0.1527196652719665,0.5376569037656904,15.0,89.08666666666666,100.0,65.0,71.0,15,79.15,0,88.0,92.0,86.575,4.0,D,1,2026-07-25
46,1,265,40,22,79,64,Course Page,66,59,118,13,0,6.625,46.375,0.2415094339622641,0.2981132075471698,15.0,72.78666666666666,90.0,40.0,46.0,14,69.65,1,69.0,82.0,65.325,13.0,S,1,2026-07-25
47,1,330,53,26,156,115,Course Page,17,138,163,6,0,6.226415094339623,43.58490566037736,0.3484848484848485,0.4727272727272727,15.0,83.44666666666667,100.0,60.0,43.0,15,75.85,0,81.0,87.0,81.925,6.0,SA,1,2026-07-25
48,1,384,48,32,109,98,Course Page,115,96,160,1,0,8.0,56.0,0.2552083333333333,0.2838541666666667,15.0,72.25733333333332,100.0,25.0,48.0,12,51.43,3,86.0,56.0,75.715,-30.0,S,1,2026-07-25
49,1,439,34,30,366,158,Course Page,133,56,192,32,0,12.911764705882351,90.38235294117648,0.3599088838268792,0.8337129840546698,9.0,63.333333333333336,100.0,29.0,26.0,8,64.5,1,65.0,80.0,62.75,15.0,N,1,2026-07-25
50,1,254,35,41,64,8,Lecture Material,80,37,75,36,0,7.257142857142857,50.8,0.0314960629921259,0.2519685039370078,13.0,46.2,84.0,20.0,60.0,6,51.3,7,40.0,33.333333333333336,67.65,-6.666666666666664,C,1,2026-07-25
51,1,270,57,27,125,41,Course Page,44,94,106,12,0,4.7368421052631575,33.15789473684211,0.1518518518518518,0.4629629629629629,14.0,87.73571428571428,100.0,50.0,82.0,14,97.9,0,89.0,82.5,93.95,-6.5,HD,1,2026-07-25
52,1,244,32,23,120,39,Course Page,70,36,94,10,0,7.625,53.375,0.1598360655737705,0.4918032786885246,15.0,71.03333333333333,100.0,50.0,62.0,15,68.0,0,82.0,67.0,61.5,-15.0,C,1,2026-07-25
53,1,267,42,21,60,79,Course Page,75,66,121,4,0,6.357142857142857,44.5,0.2958801498127341,0.2247191011235955,12.0,57.03333333333333,100.0,19.7,37.0,7,19.7,5,72.0,50.0,44.6,-22.0,N,1,2026-07-25
54,1,748,69,41,322,144,Course Page,86,227,378,1,0,10.840579710144928,75.88405797101449,0.1925133689839572,0.4304812834224599,13.0,74.99230769230769,100.0,30.0,41.0,10,76.45,3,67.5,97.5,62.225,30.0,SA,1,2026-07-25
55,1,711,68,25,147,179,Course Page,39,94,552,6,0,10.455882352941176,73.19117647058825,0.2517580872011252,0.2067510548523206,11.0,45.13636363636363,75.0,0.0,22.0,4,44.0,7,48.75,20.0,59.5,-28.75,N,1,2026-07-25
56,1,261,40,25,71,64,Course Page,31,99,113,8,0,6.525,45.675,0.2452107279693486,0.2720306513409962,15.0,78.56666666666666,100.0,0.0,60.0,14,84.0,1,92.0,59.0,87.0,-33.0,C,1,2026-07-25
57,1,176,38,16,78,22,Course Page,11,45,119,0,0,4.631578947368421,32.421052631578945,0.125,0.4431818181818182,6.0,57.333333333333336,100.0,10.0,47.0,5,62.0,1,100.0,0.0,58.5,0.0,S,1,2026-07-25
58,1,387,46,28,135,68,Course Page,93,46,223,11,0,8.41304347826087,58.891304347826086,0.1757105943152454,0.3488372093023256,12.0,26.375,55.0,0.0,20.0,4,53.75,8,17.5,6.666666666666667,54.375,-10.833333333333332,N,1,2026-07-25
59,1,221,28,16,77,28,Course Page,50,48,123,0,0,7.892857142857143,55.25,0.1266968325791855,0.3484162895927601,9.0,55.67777777777778,85.0,29.0,19.0,6,36.05,3,78.33333333333333,55.0,45.525,-23.33333333333333,N,1,2026-07-25
60,1,455,69,27,180,125,Course Page,40,177,214,15,0,6.594202898550725,46.15942028985507,0.2747252747252747,0.3956043956043956,15.0,90.91333333333334,100.0,80.0,65.0,15,84.15,0,91.8,91.0,89.575,-0.7999999999999972,C,1,2026-07-25
61,1,280,49,34,118,59,Course Page,84,64,88,14,0,5.714285714285714,40.0,0.2107142857142857,0.4214285714285714,15.0,91.0,100.0,60.0,83.0,15,80.0,0,98.0,88.0,85.5,-10.0,HD,1,2026-07-25
62,1,220,37,28,98,71,Course Page,47,58,105,4,0,5.945945945945946,41.62162162162162,0.3227272727272727,0.4454545454545454,15.0,74.58,95.0,50.0,48.0,15,88.35,0,79.0,69.0,76.175,-10.0,S,1,2026-07-25
63,1,347,53,31,118,41,Course Page,40,77,204,5,0,6.547169811320755,45.83018867924528,0.1181556195965417,0.3400576368876081,14.0,79.5,100.0,40.0,46.0,13,65.5,1,88.0,75.0,74.75,-13.0,S,1,2026-07-25
64,1,551,30,28,345,60,Course Page,64,49,410,9,0,18.366666666666667,128.56666666666666,0.1088929219600726,0.6261343012704175,10.0,48.73,80.0,10.0,23.0,7,65.65,3,40.0,50.0,61.325,10.0,N,1,2026-07-25
65,1,408,50,34,165,38,Course Page,43,137,180,15,0,8.16,57.12,0.0931372549019607,0.4044117647058823,15.0,83.24666666666667,95.0,58.0,58.0,15,88.4,0,83.8,90.0,73.2,6.200000000000003,P,1,2026-07-25
66,1,213,44,24,39,47,Course Page,71,59,74,3,0,4.840909090909091,33.88636363636364,0.2206572769953051,0.1830985915492957,15.0,74.21333333333334,100.0,30.0,46.0,14,72.35,1,66.0,77.0,81.675,11.0,S,1,2026-07-25
67,1,193,18,42,172,40,Assignment,38,110,34,7,0,10.72222222222222,75.05555555555554,0.2072538860103626,0.8911917098445595,15.0,87.22666666666667,100.0,67.7,70.0,15,67.7,0,96.0,86.0,76.85,-10.0,D,1,2026-07-25
68,1,503,74,31,73,85,Course Page,71,69,342,2,0,6.797297297297297,47.58108108108108,0.1689860834990059,0.1451292246520874,15.0,75.48666666666666,100.0,30.0,44.0,12,41.65,3,72.0,90.0,60.325,18.0,SA,1,2026-07-25
69,1,151,33,22,57,12,Course Page,26,46,78,0,0,4.575757575757576,32.03030303030303,0.0794701986754966,0.3774834437086092,15.0,71.59466666666667,100.0,47.21,58.0,13,47.21,2,74.0,75.0,63.605,1.0,P,1,2026-07-25
70,1,463,46,24,105,76,Course Page,85,89,268,8,0,10.065217391304348,70.45652173913044,0.1641468682505399,0.2267818574514039,15.0,95.83733333333332,100.0,88.28,85.0,15,88.28,0,98.0,96.0,92.64,-2.0,HD,1,2026-07-25
71,1,91,20,14,38,25,Assignment,2,58,24,5,0,4.55,31.85,0.2747252747252747,0.4175824175824176,14.0,54.642857142857146,80.0,0.0,30.0,10,66.0,4,55.0,42.0,73.0,-13.0,N,1,2026-07-25
72,1,452,50,31,192,33,Course Page,75,149,207,8,0,9.04,63.28,0.0730088495575221,0.4247787610619469,15.0,75.97333333333333,100.0,40.0,66.0,14,96.3,1,80.0,62.0,89.65,-18.0,C,1,2026-07-25
73,1,252,39,35,169,48,Assignment,21,106,99,16,0,6.461538461538462,45.23076923076923,0.1904761904761904,0.6706349206349206,10.0,53.4,100.0,0.0,11.0,5,0.0,5,80.0,75.0,9.333333333333334,-5.0,N,1,2026-07-25
74,1,327,60,18,149,59,Course Page,52,60,209,0,0,5.45,38.15,0.1804281345565749,0.45565749235474,15.0,76.5,95.0,30.0,54.0,14,50.0,1,76.0,81.0,71.0,5.0,P,1,2026-07-25
75,1,494,65,24,261,106,Course Page,19,232,240,0,0,7.6,53.2,0.2145748987854251,0.52834008097166,14.0,73.39285714285714,100.0,40.0,55.0,11,41.0,3,70.0,93.75,57.5,23.75,P,1,2026-07-25
76,1,187,29,28,42,24,Assignment,25,78,78,1,0,6.448275862068965,45.137931034482754,0.1283422459893048,0.2245989304812834,15.0,64.23333333333333,100.0,20.0,53.0,11,45.0,4,76.0,61.0,52.5,-15.0,P,1,2026-07-25
77,1,220,35,24,90,28,Course Page,68,45,85,15,0,6.285714285714286,44.0,0.1272727272727272,0.4090909090909091,10.0,70.47,100.0,38.0,50.0,9,89.35,1,70.0,100.0,71.675,30.0,P,1,2026-07-25
78,1,445,66,27,247,87,Course Page,52,56,321,5,0,6.742424242424242,47.196969696969695,0.195505617977528,0.5550561797752809,14.0,76.72142857142856,100.0,50.0,39.0,14,73.3,0,71.25,78.0,82.9,6.75,N,1,2026-07-25
79,1,375,47,29,104,82,Course Page,96,103,145,3,0,7.978723404255319,55.85106382978724,0.2186666666666666,0.2773333333333333,14.0,70.85714285714286,100.0,40.0,63.0,13,63.0,1,86.0,65.0,58.25,-21.0,C,1,2026-07-25
80,1,333,56,21,151,116,Course Page,51,86,193,2,0,5.946428571428571,41.625,0.3483483483483483,0.4534534534534534,15.0,81.77333333333333,100.0,65.0,67.0,15,79.3,0,86.0,78.0,81.15,-8.0,C,1,2026-07-25
81,1,511,76,38,129,125,Lecture Material,159,149,152,22,0,6.723684210526316,47.065789473684205,0.2446183953033268,0.2524461839530332,15.0,35.906666666666666,75.0,10.0,25.0,4,48.8,11,15.0,55.0,38.4,40.0,N,1,2026-07-25
82,1,657,66,29,253,82,Course Page,102,236,299,7,0,9.954545454545457,69.68181818181819,0.1248097412480974,0.3850837138508371,15.0,92.12666666666668,100.0,70.0,73.0,15,88.7,0,90.0,93.0,93.85,3.0,D,1,2026-07-25
83,1,325,50,23,92,61,Course Page,36,69,212,7,0,6.5,45.5,0.1876923076923076,0.283076923076923,15.0,68.04,100.0,40.0,30.0,12,45.3,3,69.0,79.0,51.65,10.0,N,1,2026-07-25
84,1,353,46,24,160,45,Course Page,52,58,227,3,0,7.673913043478261,53.71739130434783,0.1274787535410765,0.4532577903682719,15.0,83.09333333333333,100.0,69.0,52.0,15,70.2,0,84.0,92.0,69.6,8.0,P,1,2026-07-25
85,1,191,35,19,87,43,Course Page,11,72,103,1,0,5.457142857142857,38.2,0.225130890052356,0.4554973821989528,15.0,69.76666666666667,100.0,0.0,21.0,10,0.0,5,79.0,100.0,15.5,21.0,N,1,2026-07-25
86,1,343,47,32,174,43,Course Page,75,66,165,16,0,7.297872340425532,51.08510638297872,0.1253644314868804,0.5072886297376094,12.0,57.76666666666667,100.0,20.0,30.0,8,68.1,4,65.0,43.333333333333336,66.05,-21.666666666666664,N,1,2026-07-25
87,1,120,14,16,27,13,Assignment,13,60,45,1,0,8.571428571428571,60.0,0.1083333333333333,0.225,14.0,59.17857142857143,100.0,0.0,41.0,9,56.0,5,55.0,75.0,49.0,20.0,SA,1,2026-07-25
88,1,109,19,12,27,28,Course Page,14,37,55,0,0,5.7368421052631575,40.1578947368421,0.2568807339449541,0.2477064220183486,9.0,74.33333333333333,100.0,0.0,62.0,7,86.5,2,75.0,0.0,84.75,0.0,C,1,2026-07-25
89,1,284,62,20,165,64,Assignment,20,144,100,4,0,4.580645161290323,32.064516129032256,0.2253521126760563,0.5809859154929577,8.0,14.0,38.0,0.0,9.0,0,38.0,8,0.0,0.0,28.0,0.0,N,1,2026-07-25
90,1,502,51,32,95,64,Course Page,78,171,227,15,0,9.84313725490196,68.90196078431373,0.1274900398406374,0.1892430278884462,15.0,87.90666666666667,100.0,79.0,73.0,15,82.55,0,92.0,89.0,80.775,-3.0,D,1,2026-07-25
91,1,311,51,28,149,41,Course Page,40,78,152,13,0,6.098039215686274,42.68627450980392,0.1318327974276527,0.4790996784565916,15.0,84.86,100.0,50.0,72.0,15,84.95,0,74.0,92.0,89.975,18.0,D,1,2026-07-25
92,1,488,51,41,75,94,Course Page,94,146,180,28,0,9.568627450980392,66.98039215686275,0.1926229508196721,0.1536885245901639,10.0,78.85,100.0,43.5,40.0,9,72.5,1,78.33333333333333,100.0,77.5,21.66666666666667,SA,1,2026-07-25
93,1,188,31,24,45,7,Course Page,39,53,63,7,0,6.064516129032258,42.4516129032258,0.0372340425531914,0.2393617021276596,13.0,32.19230769230769,60.0,0.0,33.0,3,23.0,10,41.0,26.666666666666668,26.25,-14.333333333333332,N,1,2026-07-25
94,1,417,35,26,164,46,Course Page,117,107,160,0,0,11.914285714285716,83.4,0.1103117505995203,0.3932853717026379,14.0,53.785714285714285,90.0,17.0,51.0,8,17.0,6,75.0,56.25,23.25,-18.75,P,1,2026-07-25
95,1,244,31,34,137,72,Course Page,35,96,97,1,0,7.870967741935484,55.096774193548384,0.2950819672131147,0.5614754098360656,12.0,41.833333333333336,86.0,0.0,0.0,4,0.0,8,55.0,26.666666666666668,43.0,-28.33333333333333,DX,1,2026-07-25
96,1,780,74,46,653,188,Assignment,73,351,337,12,0,10.54054054054054,73.78378378378379,0.241025641025641,0.8371794871794872,15.0,68.36,100.0,1.2,25.0,11,1.2,4,82.0,88.0,22.6,6.0,N,1,2026-07-25
97,1,157,35,15,39,54,Course Page,49,45,56,5,0,4.485714285714286,31.4,0.3439490445859872,0.2484076433121019,12.0,76.825,100.0,55.5,44.0,12,55.7,0,88.33333333333333,72.5,77.85,-15.833333333333329,SA,1,2026-07-25
98,1,145,23,16,67,31,Course Page,47,29,66,0,0,6.304347826086956,44.130434782608695,0.2137931034482758,0.4620689655172413,8.0,51.275,100.0,0.0,28.0,5,73.1,3,40.0,0.0,69.55,0.0,N,1,2026-07-25
99,1,417,49,36,77,31,Course Page,114,78,183,12,0,8.510204081632653,59.57142857142857,0.0743405275779376,0.184652278177458,14.0,74.25,100.0,0.0,60.0,13,79.0,1,90.0,53.75,77.0,-36.25,C,1,2026-07-25
100,1,57,20,5,8,6,Course Page,1,2,53,1,0,2.85,19.95,0.1052631578947368,0.1403508771929824,10.0,41.15,75.0,0.0,10.0,5,0.0,5,61.25,50.0,21.75,-11.25,N,1,2026-07-25
101,1,733,50,30,296,161,Course Page,162,118,423,0,0,14.66,102.62,0.2196452933151432,0.4038199181446112,15.0,71.86666666666666,90.0,43.0,38.0,13,67.0,2,74.0,82.0,55.0,8.0,N,1,2026-07-25
102,1,121,15,11,53,24,Course Page,17,43,57,0,0,8.066666666666666,56.46666666666667,0.1983471074380165,0.4380165289256198,8.0,10.375,25.0,0.0,2.0,0,0.0,8,16.666666666666668,20.0,2.0,3.333333333333332,N,1,2026-07-25
103,1,444,81,45,215,128,Course Page,35,160,234,5,0,5.481481481481482,38.37037037037037,0.2882882882882883,0.4842342342342342,15.0,89.96666666666667,100.0,40.0,74.0,13,93.0,2,97.0,100.0,66.5,3.0,D,1,2026-07-25
104,1,421,72,28,140,80,Assignment,94,143,101,36,0,5.847222222222222,40.93055555555555,0.1900237529691211,0.332541567695962,15.0,91.53333333333332,100.0,75.0,72.0,15,94.0,0,96.0,86.0,93.0,-10.0,D,1,2026-07-25
105,1,211,40,22,90,30,Course Page,28,74,95,5,0,5.275,36.925,0.1421800947867298,0.4265402843601896,12.0,65.48333333333333,90.0,25.0,36.0,10,65.65,2,76.0,57.5,60.325,-18.5,N,1,2026-07-25
106,1,638,68,43,395,140,Course Page,65,188,345,7,0,9.382352941176473,65.6764705882353,0.219435736677116,0.6191222570532915,14.0,48.75714285714286,100.0,0.0,33.0,8,32.8,6,46.0,60.0,41.4,14.0,N,1,2026-07-25
107,1,678,69,46,174,108,Course Page,149,180,300,2,0,9.826086956521738,68.78260869565217,0.1592920353982301,0.2566371681415929,14.0,68.35714285714286,100.0,30.0,53.0,13,77.0,1,70.0,65.0,71.5,-5.0,P,1,2026-07-25
108,1,333,32,25,260,79,Course Page,98,66,151,9,0,10.40625,72.84375,0.2372372372372372,0.7807807807807807,14.0,58.46428571428572,85.0,0.0,57.0,12,76.0,2,70.0,38.75,65.75,-31.25,P,1,2026-07-25
109,1,205,30,19,103,6,Course Page,40,46,110,0,0,6.833333333333333,47.833333333333336,0.0292682926829268,0.5024390243902439,11.0,68.95454545454545,90.0,43.5,66.0,10,85.0,1,67.5,82.5,70.0,15.0,C,1,2026-07-25
110,1,251,30,30,194,56,Assignment,34,104,104,2,0,8.366666666666667,58.56666666666667,0.2231075697211155,0.7729083665338645,10.0,51.2,70.0,27.0,22.0,6,58.5,4,56.66666666666666,50.0,53.75,-6.666666666666664,N,1,2026-07-25
111,1,257,25,34,153,18,Assignment,9,147,92,1,0,10.28,71.96,0.0700389105058365,0.5953307392996109,13.0,81.69999999999999,100.0,63.3,45.0,13,63.3,0,99.0,76.66666666666667,66.15,-22.33333333333333,S,1,2026-07-25
112,1,189,26,24,79,31,Assignment,15,80,77,2,0,7.269230769230769,50.88461538461538,0.164021164021164,0.4179894179894179,14.0,67.51428571428572,100.0,30.0,52.0,12,52.85,2,53.75,82.0,64.425,28.25,P,1,2026-07-25
113,1,502,67,30,198,77,Course Page,50,120,293,1,0,7.492537313432836,52.44776119402985,0.1533864541832669,0.3944223107569721,15.0,31.466666666666665,75.0,0.0,24.0,5,62.0,10,17.0,19.0,68.5,2.0,N,1,2026-07-25
114,1,157,22,22,85,4,Assignment,15,92,46,0,0,7.136363636363637,49.95454545454545,0.0254777070063694,0.5414012738853503,15.0,80.2,100.0,60.0,68.0,15,86.0,0,83.0,81.0,75.25,-2.0,C,1,2026-07-25
115,1,455,47,27,73,70,Course Page,100,151,195,2,0,9.680851063829786,67.76595744680851,0.1538461538461538,0.1604395604395604,14.0,73.57142857142857,100.0,50.0,58.0,14,65.0,0,84.0,70.0,65.0,-14.0,P,1,2026-07-25
116,1,127,18,13,91,43,Course Page,11,45,62,8,0,7.055555555555555,49.388888888888886,0.3385826771653543,0.7165354330708661,6.0,50.48333333333333,78.0,0.0,23.0,4,73.45,2,0.0,0.0,75.725,0.0,N,1,2026-07-25
117,1,105,20,22,8,9,Assignment,24,53,23,2,0,5.25,36.75,0.0857142857142857,0.0761904761904762,15.0,92.2,100.0,50.0,82.0,15,91.5,0,100.0,100.0,70.75,0.0,HD,1,2026-07-25
118,1,803,74,32,219,117,Assignment,127,351,295,7,0,10.85135135135135,75.95945945945947,0.1457036114570361,0.2727272727272727,15.0,79.42,100.0,30.0,64.0,14,94.65,1,72.0,80.0,88.825,8.0,C,1,2026-07-25
119,1,165,29,22,66,9,Course Page,39,59,66,0,0,5.689655172413793,39.82758620689655,0.0545454545454545,0.4,15.0,69.7,100.0,10.0,50.0,11,77.5,4,80.0,67.0,59.25,-13.0,P,1,2026-07-25
120,1,191,37,15,42,34,Course Page,61,35,90,3,0,5.162162162162162,36.13513513513514,0.1780104712041884,0.2198952879581152,14.0,88.57857142857142,100.0,64.0,61.0,14,83.05,0,100.0,92.0,73.525,-8.0,C,1,2026-07-25
121,1,230,27,33,108,45,Course Page,71,40,100,2,0,8.518518518518519,59.629629629629626,0.1956521739130435,0.4695652173913043,8.0,48.625,80.0,18.5,25.0,5,31.75,3,65.0,55.0,46.375,-10.0,N,1,2026-07-25
122,1,171,22,24,12,4,Assignment,40,66,59,0,0,7.772727272727272,54.409090909090914,0.023391812865497,0.0701754385964912,14.0,92.64,100.0,78.73,64.0,14,78.73,0,100.0,96.25,80.86500000000001,-3.75,C,1,2026-07-25
123,1,134,21,26,64,13,Course Page,44,38,44,4,0,6.380952380952381,44.66666666666666,0.0970149253731343,0.4776119402985074,10.0,34.05,63.0,0.0,18.0,4,63.0,6,36.25,25.0,42.0,-11.25,N,1,2026-07-25
124,1,599,89,29,211,134,Course Page,190,65,320,22,0,6.730337078651686,47.1123595505618,0.2237061769616026,0.352253756260434,15.0,80.41333333333334,95.0,69.0,72.0,15,72.1,0,83.0,85.0,70.55,2.0,D,1,2026-07-25
125,1,669,89,33,185,153,Course Page,194,107,351,8,0,7.51685393258427,52.61797752808989,0.2286995515695067,0.2765321375186846,15.0,85.4,100.0,70.0,75.0,15,73.5,0,88.0,92.0,72.75,4.0,D,1,2026-07-25
126,1,205,29,20,22,83,Assignment,32,88,78,2,0,7.068965517241379,49.48275862068965,0.4048780487804878,0.1073170731707317,15.0,65.63333333333334,100.0,0.0,53.0,12,54.0,3,72.0,55.0,71.5,-17.0,P,1,2026-07-25
127,1,169,28,19,91,35,Course Page,32,50,83,0,0,6.035714285714286,42.25,0.2071005917159763,0.5384615384615384,11.0,38.95454545454545,85.0,0.0,23.0,6,0.0,5,42.0,85.0,26.0,43.0,N,1,2026-07-25
128,1,230,44,23,71,45,Course Page,18,97,104,5,0,5.227272727272728,36.59090909090909,0.1956521739130435,0.308695652173913,12.0,67.86666666666666,85.0,51.0,30.0,12,68.7,0,66.25,81.66666666666667,63.35,15.416666666666671,N,1,2026-07-25
129,1,662,60,34,264,156,Course Page,147,162,309,1,0,11.033333333333331,77.23333333333333,0.2356495468277945,0.3987915407854985,12.0,55.0,100.0,20.0,24.0,8,30.0,4,58.0,55.0,55.0,-3.0,N,1,2026-07-25
130,1,183,31,15,70,30,Assignment,35,76,72,0,0,5.903225806451613,41.32258064516129,0.1639344262295081,0.3825136612021858,8.0,64.725,100.0,23.0,25.0,6,57.4,2,76.66666666666667,0.0,66.2,0.0,N,1,2026-07-25
131,1,261,35,29,76,37,Course Page,67,72,102,8,0,7.457142857142857,52.2,0.1417624521072797,0.2911877394636015,15.0,87.54666666666667,100.0,76.35,82.0,15,76.35,0,91.0,84.0,87.675,-7.0,HD,1,2026-07-25
132,1,341,42,28,97,27,Course Page,27,127,169,10,0,8.119047619047619,56.833333333333336,0.0791788856304985,0.2844574780058651,14.0,79.64999999999999,100.0,50.0,63.0,14,95.55,0,78.0,72.5,91.775,-5.5,C,1,2026-07-25
133,1,157,18,18,49,16,Course Page,23,54,70,0,0,8.722222222222221,61.05555555555555,0.1019108280254777,0.3121019108280254,7.0,24.685714285714287,50.0,0.0,10.0,1,28.9,6,50.0,0.0,29.45,-50.0,N,1,2026-07-25
134,1,418,37,31,214,88,Course Page,120,75,201,15,0,11.297297297297296,79.08108108108108,0.2105263157894736,0.5119617224880383,12.0,54.333333333333336,95.0,20.0,27.0,7,62.0,5,36.66666666666666,72.5,53.0,35.833333333333336,N,1,2026-07-25
135,1,237,30,37,175,32,Assignment,20,140,70,1,0,7.9,55.3,0.1350210970464135,0.7383966244725738,14.0,78.47857142857143,100.0,37.0,38.0,12,50.35,2,96.0,90.0,43.675,-6.0,N,1,2026-07-25
136,1,359,51,22,145,87,Course Page,29,159,161,2,0,7.03921568627451,49.27450980392157,0.2423398328690807,0.403899721448468,14.0,73.15714285714286,83.85,65.0,56.0,14,83.85,0,75.0,71.0,75.925,-4.0,P,1,2026-07-25
137,1,307,28,42,114,29,Assignment,26,188,90,0,0,10.964285714285714,76.75,0.0944625407166123,0.3713355048859935,15.0,78.88000000000001,100.0,50.35,37.0,15,50.35,0,89.0,88.0,52.425,-1.0,N,1,2026-07-25
138,1,214,24,20,92,61,Assignment,17,99,93,1,0,8.916666666666666,62.41666666666667,0.2850467289719626,0.4299065420560747,13.0,74.6923076923077,100.0,30.0,42.0,11,88.5,2,71.25,78.75,77.75,7.5,SA,1,2026-07-25
139,1,135,22,15,72,40,Course Page,14,54,64,0,0,6.136363636363637,42.95454545454545,0.2962962962962963,0.5333333333333333,13.0,45.61538461538461,80.0,0.0,33.0,8,65.0,5,46.0,26.666666666666668,63.0,-19.33333333333333,N,1,2026-07-25
140,1,7,5,3,1,2,Course Page,0,2,4,1,0,1.4,9.8,0.2857142857142857,0.1428571428571428,4.0,5.5,20.0,0.0,0.0,0,0.0,4,20.0,0.0,0.0,0.0,N,1,2026-07-25
141,1,374,51,28,119,53,Course Page,58,100,201,9,0,7.333333333333333,51.333333333333336,0.141711229946524,0.3181818181818182,14.0,55.29,100.0,30.0,48.0,8,43.78,6,61.0,40.0,65.64,-21.0,S,1,2026-07-25
142,1,277,47,24,39,44,Course Page,55,57,125,6,0,5.893617021276596,41.25531914893617,0.1588447653429603,0.1407942238267148,14.0,89.41428571428571,100.0,75.0,71.0,14,95.9,0,92.5,90.0,87.45,-2.5,D,1,2026-07-25
143,1,501,38,26,232,64,Course Page,162,65,235,9,0,13.18421052631579,92.28947368421052,0.1277445109780439,0.4630738522954092,7.0,45.142857142857146,90.0,0.0,13.0,3,0.0,4,55.0,30.0,54.0,-25.0,N,1,2026-07-25
144,1,105,12,17,90,27,Course Page,3,33,66,0,0,8.75,61.25,0.2571428571428571,0.8571428571428571,10.0,62.5,95.0,0.0,58.0,7,87.0,3,60.0,72.5,58.0,12.5,P,1,2026-07-25
145,1,112,10,16,82,2,Lecture Material,48,26,35,3,0,11.2,78.39999999999999,0.0178571428571428,0.7321428571428571,8.0,58.875,100.0,0.0,17.0,5,0.0,3,77.5,0.0,43.333333333333336,0.0,N,1,2026-07-25
146,1,176,34,18,87,41,Course Page,58,39,63,2,0,5.176470588235294,36.235294117647065,0.2329545454545454,0.4943181818181818,7.0,60.07142857142857,75.0,14.5,22.0,6,55.5,1,72.5,0.0,65.25,0.0,N,1,2026-07-25
147,1,265,37,26,83,78,Course Page,59,81,115,8,0,7.162162162162162,50.13513513513514,0.2943396226415094,0.3132075471698113,10.0,65.25,100.0,12.75,25.0,6,12.75,4,92.5,40.0,50.375,-52.5,N,1,2026-07-25
148,1,101,21,18,44,17,Assignment,26,38,34,3,0,4.809523809523809,33.666666666666664,0.1683168316831683,0.4356435643564356,9.0,58.28888888888889,100.0,30.0,24.0,5,55.8,4,93.33333333333331,30.0,45.9,-63.33333333333333,N,1,2026-07-25
149,1,166,22,35,63,9,Assignment,14,126,26,0,0,7.545454545454546,52.81818181818182,0.0542168674698795,0.3795180722891566,14.0,87.92857142857143,100.0,62.75,60.0,14,62.75,0,99.0,97.5,64.375,-1.5,C,1,2026-07-25
150,1,94,25,14,25,20,Course Page,18,27,40,0,0,3.76,26.32,0.2127659574468085,0.2659574468085106,14.0,90.15,100.0,49.0,69.0,12,95.3,2,97.0,100.0,72.15,3.0,C,1,2026-07-25
151,1,54,13,13,27,10,Course Page,14,10,28,0,0,4.153846153846154,29.07692307692308,0.1851851851851851,0.5,10.0,53.9,100.0,0.0,10.0,6,0.0,4,45.0,80.0,0.0,35.0,N,1,2026-07-25
152,1,203,24,18,118,43,Course Page,31,76,87,1,0,8.458333333333334,59.208333333333336,0.2118226600985221,0.5812807881773399,8.0,19.5,38.0,0.0,11.0,0,38.0,8,5.0,10.0,33.5,5.0,N,1,2026-07-25
153,1,92,22,13,66,15,Assignment,23,60,8,0,0,4.181818181818182,29.27272727272728,0.1630434782608695,0.717391304347826,13.0,52.29230769230769,65.0,10.0,26.0,10,60.4,3,51.0,45.0,62.7,-6.0,N,1,2026-07-25
154,1,220,28,34,152,39,Course Page,42,42,115,2,0,7.857142857142857,55.0,0.1772727272727272,0.6909090909090909,5.0,11.4,50.0,0.0,1.0,1,0.0,4,0.0,50.0,0.6666666666666666,0.0,N,1,2026-07-25
155,1,8,3,4,6,0,Course Page,1,2,4,0,0,2.6666666666666665,18.666666666666668,0.0,0.75,6.0,0.0,0.0,0.0,0.0,0,0.0,6,0.0,0.0,0.0,0.0,N,1,2026-07-25
156,1,75,18,14,9,6,Course Page,15,26,30,2,0,4.166666666666667,29.166666666666664,0.08,0.12,15.0,84.06,100.0,50.0,42.0,15,82.7,0,82.0,83.0,88.35,1.0,SA,1,2026-07-25
157,1,96,15,20,45,10,Course Page,24,15,50,0,0,6.4,44.8,0.1041666666666666,0.46875,10.0,19.15,80.0,0.0,5.0,2,0.0,8,29.0,0.0,10.666666666666666,-29.0,N,1,2026-07-25
158,1,48,9,8,11,2,Course Page,4,14,29,0,0,5.333333333333333,37.33333333333333,0.0416666666666666,0.2291666666666666,8.0,8.25,33.0,0.0,3.0,0,0.0,8,0.0,0.0,22.0,0.0,N,1,2026-07-25
159,1,47,6,9,5,0,Assignment,7,23,17,0,0,7.833333333333333,54.833333333333336,0.0,0.1063829787234042,6.0,34.5,90.0,0.0,5.0,2,0.0,4,75.0,0.0,14.0,0.0,N,1,2026-07-25
160,1,101,14,11,6,21,Course Page,14,36,46,0,0,7.214285714285714,50.5,0.2079207920792079,0.0594059405940594,8.0,12.5,50.0,0.0,5.0,2,0.0,6,0.0,0.0,25.0,0.0,N,1,2026-07-25
161,1,134,17,14,58,40,Course Page,20,40,70,4,0,7.882352941176471,55.1764705882353,0.2985074626865671,0.4328358208955223,6.0,20.166666666666668,50.0,0.0,3.0,1,0.0,5,36.66666666666666,0.0,0.0,0.0,N,1,2026-07-25
162,1,71,12,17,35,14,Course Page,11,25,30,1,0,5.916666666666667,41.41666666666667,0.1971830985915492,0.4929577464788732,12.0,29.791666666666668,80.0,0.0,7.0,5,0.0,7,49.0,40.0,0.0,-9.0,N,1,2026-07-25
163,1,170,21,27,118,58,Assignment,18,120,27,0,0,8.095238095238095,56.66666666666666,0.3411764705882353,0.6941176470588235,9.0,67.22222222222223,100.0,0.0,11.0,7,0.0,2,90.0,100.0,0.0,10.0,N,1,2026-07-25
164,1,16,7,4,15,8,Course Page,0,2,13,0,0,2.2857142857142856,16.0,0.5,0.9375,3.0,0.0,0.0,0.0,0.0,0,0.0,3,0.0,0.0,0.0,0.0,N,1,2026-07-25
165,1,38,9,10,5,12,Course Page,11,9,16,0,0,4.222222222222222,29.55555555555556,0.3157894736842105,0.131578947368421,5.0,33.0,80.0,0.0,3.0,2,0.0,3,75.0,0.0,0.0,0.0,N,1,2026-07-25
166,1,12,7,2,7,7,Assignment,0,7,5,0,0,1.7142857142857142,12.0,0.5833333333333334,0.5833333333333334,4.0,5.5,20.0,0.0,0.0,0,0.0,4,20.0,0.0,0.0,0.0,N,1,2026-07-25
167,1,14,5,6,12,3,Course Page,2,2,8,1,0,2.8,19.6,0.2142857142857142,0.8571428571428571,5.0,0.0,0.0,0.0,0.0,0,0.0,5,0.0,0.0,0.0,0.0,N,1,2026-07-25
168,1,103,6,13,6,32,Course Page,29,21,45,0,0,17.166666666666668,120.16666666666669,0.3106796116504854,0.058252427184466,4.0,23.375,85.0,0.0,2.0,1,0.0,3,85.0,0.0,0.0,0.0,N,1,2026-07-25
169,1,2,1,2,0,0,Course Page,0,0,1,1,0,2.0,14.0,0.0,0.0,6.0,0.0,0.0,0.0,0.0,0,0.0,6,0.0,0.0,0.0,0.0,N,1,2026-07-25
170,1,0,0,0,0,0,No Activity,0,0,0,0,0,0.0,0.0,0.0,0.0,4.0,0.0,0.0,0.0,0.0,0,0.0,4,0.0,0.0,0.0,0.0,N,1,2026-07-25
171,1,0,0,0,0,0,No Activity,0,0,0,0,0,0.0,0.0,0.0,0.0,7.0,0.0,0.0,0.0,0.0,0,0.0,7,0.0,0.0,0.0,0.0,N,1,2026-07-25
172,2,21,5,8,3,1,Other,1,0,0,3,0,4.2,29.4,0.0476190476190476,0.1428571428571428,0.0,0.0,0.0,0.0,0.0,0,0.0,0,0.0,0.0,0.0,0.0,No Result,2,2026-07-25
173,3,31,4,13,13,0,Other,2,2,0,2,12,7.75,54.25,0.0,0.4193548387096774,1.0,0.0,0.0,0.0,0.0,0,0.0,1,0.0,0.0,0.0,0.0,No Result,2,2026-07-25
174,3,18,2,8,0,16,Quiz,0,0,0,0,10,9.0,63.0,0.8888888888888888,0.0,1.0,100.0,100.0,100.0,100.0,1,100.0,0,0.0,0.0,0.0,0.0,No Result,2,2026-07-25
1,1,1086,97,27,291,126,Assignment,5,939,142,0,0,11.195876288659791,78.37113402061856,0.1160220994475138,0.2679558011049723,0.0,0.0,0.0,0.0,0.0,0,0.0,0,0.0,0.0,0.0,0.0,No Result,1,2026-07-26
2,1,549,53,39,256,114,Course Page,137,184,192,15,0,10.358490566037736,72.50943396226415,0.2076502732240437,0.4663023679417122,15.0,70.53999999999999,100.0,0.0,41.0,10,44.8,5,95.0,72.0,34.9,-23.0,SA,1,2026-07-26
3,1,236,30,20,91,33,Course Page,50,92,93,1,0,7.866666666666666,55.06666666666667,0.1398305084745762,0.3855932203389831,12.0,58.083333333333336,100.0,0.0,0.0,9,0.0,3,66.0,63.333333333333336,41.66666666666666,-2.6666666666666643,DX,1,2026-07-26
4,1,183,33,22,72,20,Course Page,48,45,68,6,0,5.545454545454546,38.81818181818182,0.1092896174863388,0.3934426229508196,15.0,83.28666666666666,100.0,60.0,49.0,15,61.9,0,79.0,98.0,68.95,19.0,S,1,2026-07-26
5,1,356,55,25,169,50,Course Page,61,130,165,0,0,6.472727272727273,45.30909090909091,0.1404494382022472,0.4747191011235955,15.0,86.00666666666666,100.0,10.0,86.0,14,93.05,1,71.0,97.0,91.525,26.0,HD,1,2026-07-26
6,1,852,92,60,469,168,Course Page,69,300,428,10,0,9.26086956521739,64.82608695652173,0.1971830985915492,0.5504694835680751,15.0,81.62666666666668,100.0,54.0,0.0,15,60.45,0,87.0,94.0,57.225,7.0,DX,1,2026-07-26
7,1,1292,123,34,121,405,Course Page,373,194,695,16,0,10.504065040650406,73.52845528455283,0.3134674922600619,0.0936532507739938,15.0,53.53333333333333,80.0,31.0,46.0,9,68.0,6,51.0,59.0,49.5,8.0,S,1,2026-07-26
8,1,301,48,20,244,87,Course Page,59,72,151,0,0,6.270833333333333,43.895833333333336,0.2890365448504983,0.8106312292358804,15.0,57.940000000000005,94.0,0.0,46.0,11,71.05,4,46.0,52.0,82.525,6.0,S,1,2026-07-26
9,1,365,47,23,125,25,Assignment,54,160,144,1,0,7.76595744680851,54.361702127659576,0.0684931506849315,0.3424657534246575,15.0,67.83733333333333,100.0,0.0,75.0,12,52.28,3,94.0,40.0,70.14,-54.0,D,1,2026-07-26
10,1,158,23,15,87,24,Course Page,15,48,90,3,0,6.869565217391305,48.08695652173913,0.1518987341772152,0.5506329113924051,11.0,60.08181818181818,95.0,10.0,32.0,6,84.7,5,56.25,70.0,64.85,13.75,N,1,2026-07-26
11,1,229,35,18,92,55,Course Page,10,68,146,2,0,6.542857142857143,45.8,0.2401746724890829,0.4017467248908297,14.0,77.07142857142857,100.0,0.0,33.0,12,0.0,2,88.0,78.0,55.333333333333336,-10.0,N,1,2026-07-26
12,1,1221,84,42,307,252,Course Page,249,268,630,30,0,14.535714285714286,101.75,0.2063882063882063,0.2514332514332514,15.0,79.43333333333334,100.0,40.0,75.0,14,87.0,1,86.0,79.0,71.0,-7.0,D,1,2026-07-26
13,1,187,38,22,80,27,Course Page,35,41,67,36,0,4.921052631578948,34.44736842105263,0.1443850267379679,0.427807486631016,15.0,98.49333333333334,100.0,88.7,76.0,15,88.7,0,100.0,100.0,94.35,0.0,D,1,2026-07-26
14,1,141,28,19,20,16,Assignment,32,39,39,27,0,5.035714285714286,35.25,0.1134751773049645,0.1418439716312056,14.0,82.82142857142857,100.0,0.0,50.0,13,0.0,1,90.0,91.0,54.66666666666666,1.0,P,1,2026-07-26
15,1,1194,97,48,851,231,Assignment,38,658,477,12,0,12.309278350515465,86.16494845360825,0.1934673366834171,0.7127303182579564,15.0,88.74666666666667,100.0,70.0,59.0,15,81.1,0,92.0,94.0,77.05,2.0,P,1,2026-07-26
16,1,733,68,27,439,250,Course Page,184,137,384,1,0,10.779411764705882,75.45588235294119,0.3410641200545702,0.5989085948158254,15.0,68.83333333333333,100.0,0.0,51.0,12,20.25,3,86.0,66.0,49.125,-20.0,P,1,2026-07-26
17,1,43,8,9,15,13,Course Page,7,17,19,0,0,5.375,37.625,0.3023255813953488,0.3488372093023256,7.0,35.857142857142854,100.0,0.0,5.0,3,0.0,4,73.33333333333333,0.0,3.0,0.0,N,1,2026-07-26
18,1,49,5,9,2,48,Course Page,0,8,41,0,0,9.8,68.6,0.979591836734694,0.0408163265306122,6.0,0.0,0.0,0.0,0.0,0,0.0,6,0.0,0.0,0.0,0.0,N,1,2026-07-26
19,1,535,71,33,216,111,Course Page,130,76,247,20,0,7.535211267605634,52.74647887323944,0.2074766355140186,0.4037383177570093,15.0,93.65333333333334,100.0,70.0,83.0,15,93.15,0,90.0,97.0,94.075,7.0,HD,1,2026-07-26
20,1,161,22,32,67,57,Course Page,49,40,55,1,0,7.318181818181818,51.22727272727273,0.3540372670807453,0.4161490683229814,8.0,53.875,100.0,20.0,34.0,4,65.0,4,100.0,20.0,47.25,-80.0,N,1,2026-07-26
21,1,268,41,40,101,55,Assignment,67,87,85,9,0,6.536585365853658,45.75609756097561,0.2052238805970149,0.376865671641791,8.0,67.8875,100.0,26.5,50.0,7,62.3,1,97.5,70.0,62.9,-27.5,P,1,2026-07-26
22,1,1203,111,36,221,239,Course Page,115,292,765,7,0,10.83783783783784,75.86486486486486,0.198669991687448,0.1837073981712385,15.0,96.584,100.0,88.13,83.0,15,88.13,0,98.0,97.0,94.065,-1.0,HD,1,2026-07-26
23,1,402,58,26,119,59,Course Page,158,50,165,11,0,6.931034482758621,48.51724137931034,0.1467661691542288,0.2960199004975124,15.0,85.1,100.0,55.5,83.0,15,74.0,0,94.0,91.0,64.75,-3.0,HD,1,2026-07-26
24,1,248,30,18,85,9,Course Page,56,41,129,21,0,8.266666666666667,57.86666666666667,0.0362903225806451,0.3427419354838709,9.0,83.38888888888889,100.0,38.5,40.0,8,75.5,1,96.25,0.0,81.75,0.0,SA,1,2026-07-26
25,1,382,49,30,148,43,Course Page,90,101,182,2,0,7.795918367346939,54.57142857142857,0.112565445026178,0.387434554973822,15.0,77.36,100.0,46.2,40.0,13,46.2,2,81.0,83.0,64.6,2.0,SA,1,2026-07-26
26,1,415,47,37,205,80,Course Page,119,81,131,38,0,8.829787234042554,61.80851063829787,0.1927710843373494,0.4939759036144578,12.0,38.083333333333336,70.0,0.0,18.0,4,0.0,8,56.66666666666666,36.0,24.0,-20.666666666666664,N,1,2026-07-26
27,1,266,37,17,58,37,Course Page,71,62,128,0,0,7.1891891891891895,50.32432432432432,0.1390977443609022,0.2180451127819548,13.0,51.68461538461538,80.0,30.0,24.0,6,46.45,7,60.0,50.0,44.225,-10.0,N,1,2026-07-26
28,1,7,3,4,3,0,Course Page,0,3,4,0,0,2.333333333333333,16.333333333333336,0.0,0.4285714285714285,4.0,26.125,95.0,0.0,2.0,1,0.0,3,0.0,95.0,0.0,0.0,N,1,2026-07-26
29,1,379,49,37,83,71,Course Page,39,131,147,19,0,7.73469387755102,54.142857142857146,0.1873350923482849,0.2189973614775725,14.0,75.61428571428571,100.0,56.05,59.0,14,56.05,0,83.0,85.0,57.025,2.0,P,1,2026-07-26
30,1,111,26,18,40,35,Course Page,14,41,49,3,0,4.269230769230769,29.884615384615383,0.3153153153153153,0.3603603603603603,9.0,41.66666666666666,95.0,5.5,17.0,4,5.5,5,52.5,0.0,36.0,0.0,N,1,2026-07-26
31,1,362,46,37,114,38,Course Page,79,117,130,11,0,7.869565217391305,55.08695652173913,0.1049723756906077,0.3149171270718232,15.0,90.15333333333334,100.0,65.8,72.0,15,65.8,0,97.4,90.0,80.4,-7.400000000000006,D,1,2026-07-26
32,1,450,59,50,32,54,Assignment,41,226,161,15,0,7.627118644067797,53.389830508474574,0.12,0.0711111111111111,14.0,84.09285714285714,100.0,59.0,75.0,14,59.4,0,91.25,98.0,59.2,6.75,D,1,2026-07-26
33,1,317,43,31,69,101,Course Page,42,72,166,17,0,7.372093023255814,51.604651162790695,0.3186119873817035,0.2176656151419558,15.0,88.39666666666668,100.0,60.0,49.0,15,91.3,0,78.0,100.0,86.7375,22.0,S,1,2026-07-26
34,1,501,58,28,365,130,Course Page,82,166,230,13,0,8.637931034482758,60.4655172413793,0.2594810379241516,0.7285429141716567,13.0,76.96153846153847,100.0,20.0,44.0,11,83.0,2,81.0,73.33333333333333,78.25,-7.666666666666671,SA,1,2026-07-26
35,1,338,51,34,46,17,Course Page,80,113,123,6,0,6.627450980392157,46.3921568627451,0.0502958579881656,0.136094674556213,15.0,84.97333333333333,100.0,70.35,48.0,15,70.35,0,87.8,90.0,74.175,2.200000000000003,S,1,2026-07-26
36,1,402,48,30,141,60,Course Page,87,87,188,0,0,8.375,58.625,0.1492537313432835,0.3507462686567164,15.0,67.6,90.0,35.0,56.0,13,64.5,2,67.0,63.0,74.75,-4.0,P,1,2026-07-26
37,1,212,36,15,16,4,Course Page,32,60,115,3,0,5.888888888888889,41.22222222222222,0.0188679245283018,0.0754716981132075,14.0,77.27142857142857,95.0,55.0,54.0,14,81.4,0,79.0,73.75,80.7,-5.25,P,1,2026-07-26
38,1,846,84,39,256,166,Course Page,130,242,403,20,0,10.071428571428571,70.5,0.1962174940898345,0.3026004728132387,15.0,67.25333333333333,92.0,35.0,45.0,12,79.65,3,62.0,59.0,85.825,-3.0,S,1,2026-07-26
39,1,211,50,37,41,40,Lecture Material,70,58,59,6,0,4.22,29.54,0.1895734597156398,0.1943127962085308,15.0,81.94266666666667,100.0,61.57,70.0,15,61.57,0,94.0,82.0,65.285,-12.0,D,1,2026-07-26
40,1,321,40,22,154,30,Assignment,31,178,111,1,0,8.025,56.175,0.0934579439252336,0.4797507788161994,14.0,62.392857142857146,100.0,19.0,34.0,12,19.0,2,75.0,72.5,35.5,-2.5,N,1,2026-07-26
41,1,409,43,27,225,101,Course Page,78,122,196,10,0,9.511627906976743,66.5813953488372,0.2469437652811736,0.5501222493887531,10.0,38.9,60.0,0.0,15.0,5,46.0,5,40.0,55.0,30.666666666666668,15.0,N,1,2026-07-26
42,1,266,42,20,128,22,Assignment,24,130,101,1,0,6.333333333333333,44.333333333333336,0.0827067669172932,0.4812030075187969,13.0,84.34615384615384,100.0,60.0,62.0,13,60.0,0,91.0,93.33333333333331,72.0,2.3333333333333286,C,1,2026-07-26
43,1,611,63,36,334,99,Course Page,106,77,402,1,0,9.698412698412698,67.88888888888889,0.1620294599018003,0.546644844517185,14.0,82.27857142857144,100.0,45.0,43.0,13,85.95,1,85.0,88.0,73.475,3.0,SA,1,2026-07-26
44,1,367,38,26,107,75,Course Page,85,96,174,7,0,9.657894736842104,67.60526315789474,0.2043596730245231,0.2915531335149863,13.0,83.9076923076923,100.0,67.9,60.0,13,67.9,0,93.0,88.33333333333333,71.95,-4.666666666666671,C,1,2026-07-26
45,1,478,62,56,257,73,Assignment,67,193,193,8,0,7.709677419354839,53.967741935483865,0.1527196652719665,0.5376569037656904,15.0,89.08666666666666,100.0,65.0,71.0,15,79.15,0,88.0,92.0,86.575,4.0,D,1,2026-07-26
46,1,265,40,22,79,64,Course Page,66,59,118,13,0,6.625,46.375,0.2415094339622641,0.2981132075471698,15.0,72.78666666666666,90.0,40.0,46.0,14,69.65,1,69.0,82.0,65.325,13.0,S,1,2026-07-26
47,1,330,53,26,156,115,Course Page,17,138,163,6,0,6.226415094339623,43.58490566037736,0.3484848484848485,0.4727272727272727,15.0,83.44666666666667,100.0,60.0,43.0,15,75.85,0,81.0,87.0,81.925,6.0,SA,1,2026-07-26
48,1,384,48,32,109,98,Course Page,115,96,160,1,0,8.0,56.0,0.2552083333333333,0.2838541666666667,15.0,72.25733333333332,100.0,25.0,48.0,12,51.43,3,86.0,56.0,75.715,-30.0,S,1,2026-07-26
49,1,439,34,30,366,158,Course Page,133,56,192,32,0,12.911764705882351,90.38235294117648,0.3599088838268792,0.8337129840546698,9.0,63.333333333333336,100.0,29.0,26.0,8,64.5,1,65.0,80.0,62.75,15.0,N,1,2026-07-26
50,1,254,35,41,64,8,Lecture Material,80,37,75,36,0,7.257142857142857,50.8,0.0314960629921259,0.2519685039370078,13.0,46.2,84.0,20.0,60.0,6,51.3,7,40.0,33.333333333333336,67.65,-6.666666666666664,C,1,2026-07-26
51,1,270,57,27,125,41,Course Page,44,94,106,12,0,4.7368421052631575,33.15789473684211,0.1518518518518518,0.4629629629629629,14.0,87.73571428571428,100.0,50.0,82.0,14,97.9,0,89.0,82.5,93.95,-6.5,HD,1,2026-07-26
52,1,244,32,23,120,39,Course Page,70,36,94,10,0,7.625,53.375,0.1598360655737705,0.4918032786885246,15.0,71.03333333333333,100.0,50.0,62.0,15,68.0,0,82.0,67.0,61.5,-15.0,C,1,2026-07-26
53,1,267,42,21,60,79,Course Page,75,66,121,4,0,6.357142857142857,44.5,0.2958801498127341,0.2247191011235955,12.0,57.03333333333333,100.0,19.7,37.0,7,19.7,5,72.0,50.0,44.6,-22.0,N,1,2026-07-26
54,1,748,69,41,322,144,Course Page,86,227,378,1,0,10.840579710144928,75.88405797101449,0.1925133689839572,0.4304812834224599,13.0,74.99230769230769,100.0,30.0,41.0,10,76.45,3,67.5,97.5,62.225,30.0,SA,1,2026-07-26
55,1,711,68,25,147,179,Course Page,39,94,552,6,0,10.455882352941176,73.19117647058825,0.2517580872011252,0.2067510548523206,11.0,45.13636363636363,75.0,0.0,22.0,4,44.0,7,48.75,20.0,59.5,-28.75,N,1,2026-07-26
56,1,261,40,25,71,64,Course Page,31,99,113,8,0,6.525,45.675,0.2452107279693486,0.2720306513409962,15.0,78.56666666666666,100.0,0.0,60.0,14,84.0,1,92.0,59.0,87.0,-33.0,C,1,2026-07-26
57,1,176,38,16,78,22,Course Page,11,45,119,0,0,4.631578947368421,32.421052631578945,0.125,0.4431818181818182,6.0,57.333333333333336,100.0,10.0,47.0,5,62.0,1,100.0,0.0,58.5,0.0,S,1,2026-07-26
58,1,387,46,28,135,68,Course Page,93,46,223,11,0,8.41304347826087,58.891304347826086,0.1757105943152454,0.3488372093023256,12.0,26.375,55.0,0.0,20.0,4,53.75,8,17.5,6.666666666666667,54.375,-10.833333333333332,N,1,2026-07-26
59,1,221,28,16,77,28,Course Page,50,48,123,0,0,7.892857142857143,55.25,0.1266968325791855,0.3484162895927601,9.0,55.67777777777778,85.0,29.0,19.0,6,36.05,3,78.33333333333333,55.0,45.525,-23.33333333333333,N,1,2026-07-26
60,1,455,69,27,180,125,Course Page,40,177,214,15,0,6.594202898550725,46.15942028985507,0.2747252747252747,0.3956043956043956,15.0,90.91333333333334,100.0,80.0,65.0,15,84.15,0,91.8,91.0,89.575,-0.7999999999999972,C,1,2026-07-26
61,1,280,49,34,118,59,Course Page,84,64,88,14,0,5.714285714285714,40.0,0.2107142857142857,0.4214285714285714,15.0,91.0,100.0,60.0,83.0,15,80.0,0,98.0,88.0,85.5,-10.0,HD,1,2026-07-26
62,1,220,37,28,98,71,Course Page,47,58,105,4,0,5.945945945945946,41.62162162162162,0.3227272727272727,0.4454545454545454,15.0,74.58,95.0,50.0,48.0,15,88.35,0,79.0,69.0,76.175,-10.0,S,1,2026-07-26
63,1,347,53,31,118,41,Course Page,40,77,204,5,0,6.547169811320755,45.83018867924528,0.1181556195965417,0.3400576368876081,14.0,79.5,100.0,40.0,46.0,13,65.5,1,88.0,75.0,74.75,-13.0,S,1,2026-07-26
64,1,551,30,28,345,60,Course Page,64,49,410,9,0,18.366666666666667,128.56666666666666,0.1088929219600726,0.6261343012704175,10.0,48.73,80.0,10.0,23.0,7,65.65,3,40.0,50.0,61.325,10.0,N,1,2026-07-26
65,1,408,50,34,165,38,Course Page,43,137,180,15,0,8.16,57.12,0.0931372549019607,0.4044117647058823,15.0,83.24666666666667,95.0,58.0,58.0,15,88.4,0,83.8,90.0,73.2,6.200000000000003,P,1,2026-07-26
66,1,213,44,24,39,47,Course Page,71,59,74,3,0,4.840909090909091,33.88636363636364,0.2206572769953051,0.1830985915492957,15.0,74.21333333333334,100.0,30.0,46.0,14,72.35,1,66.0,77.0,81.675,11.0,S,1,2026-07-26
67,1,193,18,42,172,40,Assignment,38,110,34,7,0,10.72222222222222,75.05555555555554,0.2072538860103626,0.8911917098445595,15.0,87.22666666666667,100.0,67.7,70.0,15,67.7,0,96.0,86.0,76.85,-10.0,D,1,2026-07-26
68,1,503,74,31,73,85,Course Page,71,69,342,2,0,6.797297297297297,47.58108108108108,0.1689860834990059,0.1451292246520874,15.0,75.48666666666666,100.0,30.0,44.0,12,41.65,3,72.0,90.0,60.325,18.0,SA,1,2026-07-26
69,1,151,33,22,57,12,Course Page,26,46,78,0,0,4.575757575757576,32.03030303030303,0.0794701986754966,0.3774834437086092,15.0,71.59466666666667,100.0,47.21,58.0,13,47.21,2,74.0,75.0,63.605,1.0,P,1,2026-07-26
70,1,463,46,24,105,76,Course Page,85,89,268,8,0,10.065217391304348,70.45652173913044,0.1641468682505399,0.2267818574514039,15.0,95.83733333333332,100.0,88.28,85.0,15,88.28,0,98.0,96.0,92.64,-2.0,HD,1,2026-07-26
71,1,91,20,14,38,25,Assignment,2,58,24,5,0,4.55,31.85,0.2747252747252747,0.4175824175824176,14.0,54.642857142857146,80.0,0.0,30.0,10,66.0,4,55.0,42.0,73.0,-13.0,N,1,2026-07-26
72,1,452,50,31,192,33,Course Page,75,149,207,8,0,9.04,63.28,0.0730088495575221,0.4247787610619469,15.0,75.97333333333333,100.0,40.0,66.0,14,96.3,1,80.0,62.0,89.65,-18.0,C,1,2026-07-26
73,1,252,39,35,169,48,Assignment,21,106,99,16,0,6.461538461538462,45.23076923076923,0.1904761904761904,0.6706349206349206,10.0,53.4,100.0,0.0,11.0,5,0.0,5,80.0,75.0,9.333333333333334,-5.0,N,1,2026-07-26
74,1,327,60,18,149,59,Course Page,52,60,209,0,0,5.45,38.15,0.1804281345565749,0.45565749235474,15.0,76.5,95.0,30.0,54.0,14,50.0,1,76.0,81.0,71.0,5.0,P,1,2026-07-26
75,1,494,65,24,261,106,Course Page,19,232,240,0,0,7.6,53.2,0.2145748987854251,0.52834008097166,14.0,73.39285714285714,100.0,40.0,55.0,11,41.0,3,70.0,93.75,57.5,23.75,P,1,2026-07-26
76,1,187,29,28,42,24,Assignment,25,78,78,1,0,6.448275862068965,45.137931034482754,0.1283422459893048,0.2245989304812834,15.0,64.23333333333333,100.0,20.0,53.0,11,45.0,4,76.0,61.0,52.5,-15.0,P,1,2026-07-26
77,1,220,35,24,90,28,Course Page,68,45,85,15,0,6.285714285714286,44.0,0.1272727272727272,0.4090909090909091,10.0,70.47,100.0,38.0,50.0,9,89.35,1,70.0,100.0,71.675,30.0,P,1,2026-07-26
78,1,445,66,27,247,87,Course Page,52,56,321,5,0,6.742424242424242,47.196969696969695,0.195505617977528,0.5550561797752809,14.0,76.72142857142856,100.0,50.0,39.0,14,73.3,0,71.25,78.0,82.9,6.75,N,1,2026-07-26
79,1,375,47,29,104,82,Course Page,96,103,145,3,0,7.978723404255319,55.85106382978724,0.2186666666666666,0.2773333333333333,14.0,70.85714285714286,100.0,40.0,63.0,13,63.0,1,86.0,65.0,58.25,-21.0,C,1,2026-07-26
80,1,333,56,21,151,116,Course Page,51,86,193,2,0,5.946428571428571,41.625,0.3483483483483483,0.4534534534534534,15.0,81.77333333333333,100.0,65.0,67.0,15,79.3,0,86.0,78.0,81.15,-8.0,C,1,2026-07-26
81,1,511,76,38,129,125,Lecture Material,159,149,152,22,0,6.723684210526316,47.065789473684205,0.2446183953033268,0.2524461839530332,15.0,35.906666666666666,75.0,10.0,25.0,4,48.8,11,15.0,55.0,38.4,40.0,N,1,2026-07-26
82,1,657,66,29,253,82,Course Page,102,236,299,7,0,9.954545454545457,69.68181818181819,0.1248097412480974,0.3850837138508371,15.0,92.12666666666668,100.0,70.0,73.0,15,88.7,0,90.0,93.0,93.85,3.0,D,1,2026-07-26
83,1,325,50,23,92,61,Course Page,36,69,212,7,0,6.5,45.5,0.1876923076923076,0.283076923076923,15.0,68.04,100.0,40.0,30.0,12,45.3,3,69.0,79.0,51.65,10.0,N,1,2026-07-26
84,1,353,46,24,160,45,Course Page,52,58,227,3,0,7.673913043478261,53.71739130434783,0.1274787535410765,0.4532577903682719,15.0,83.09333333333333,100.0,69.0,52.0,15,70.2,0,84.0,92.0,69.6,8.0,P,1,2026-07-26
85,1,191,35,19,87,43,Course Page,11,72,103,1,0,5.457142857142857,38.2,0.225130890052356,0.4554973821989528,15.0,69.76666666666667,100.0,0.0,21.0,10,0.0,5,79.0,100.0,15.5,21.0,N,1,2026-07-26
86,1,343,47,32,174,43,Course Page,75,66,165,16,0,7.297872340425532,51.08510638297872,0.1253644314868804,0.5072886297376094,12.0,57.76666666666667,100.0,20.0,30.0,8,68.1,4,65.0,43.333333333333336,66.05,-21.666666666666664,N,1,2026-07-26
87,1,120,14,16,27,13,Assignment,13,60,45,1,0,8.571428571428571,60.0,0.1083333333333333,0.225,14.0,59.17857142857143,100.0,0.0,41.0,9,56.0,5,55.0,75.0,49.0,20.0,SA,1,2026-07-26
88,1,109,19,12,27,28,Course Page,14,37,55,0,0,5.7368421052631575,40.1578947368421,0.2568807339449541,0.2477064220183486,9.0,74.33333333333333,100.0,0.0,62.0,7,86.5,2,75.0,0.0,84.75,0.0,C,1,2026-07-26
89,1,284,62,20,165,64,Assignment,20,144,100,4,0,4.580645161290323,32.064516129032256,0.2253521126760563,0.5809859154929577,8.0,14.0,38.0,0.0,9.0,0,38.0,8,0.0,0.0,28.0,0.0,N,1,2026-07-26
90,1,502,51,32,95,64,Course Page,78,171,227,15,0,9.84313725490196,68.90196078431373,0.1274900398406374,0.1892430278884462,15.0,87.90666666666667,100.0,79.0,73.0,15,82.55,0,92.0,89.0,80.775,-3.0,D,1,2026-07-26
91,1,311,51,28,149,41,Course Page,40,78,152,13,0,6.098039215686274,42.68627450980392,0.1318327974276527,0.4790996784565916,15.0,84.86,100.0,50.0,72.0,15,84.95,0,74.0,92.0,89.975,18.0,D,1,2026-07-26
92,1,488,51,41,75,94,Course Page,94,146,180,28,0,9.568627450980392,66.98039215686275,0.1926229508196721,0.1536885245901639,10.0,78.85,100.0,43.5,40.0,9,72.5,1,78.33333333333333,100.0,77.5,21.66666666666667,SA,1,2026-07-26
93,1,188,31,24,45,7,Course Page,39,53,63,7,0,6.064516129032258,42.4516129032258,0.0372340425531914,0.2393617021276596,13.0,32.19230769230769,60.0,0.0,33.0,3,23.0,10,41.0,26.666666666666668,26.25,-14.333333333333332,N,1,2026-07-26
94,1,417,35,26,164,46,Course Page,117,107,160,0,0,11.914285714285716,83.4,0.1103117505995203,0.3932853717026379,14.0,53.785714285714285,90.0,17.0,51.0,8,17.0,6,75.0,56.25,23.25,-18.75,P,1,2026-07-26
95,1,244,31,34,137,72,Course Page,35,96,97,1,0,7.870967741935484,55.096774193548384,0.2950819672131147,0.5614754098360656,12.0,41.833333333333336,86.0,0.0,0.0,4,0.0,8,55.0,26.666666666666668,43.0,-28.33333333333333,DX,1,2026-07-26
96,1,780,74,46,653,188,Assignment,73,351,337,12,0,10.54054054054054,73.78378378378379,0.241025641025641,0.8371794871794872,15.0,68.36,100.0,1.2,25.0,11,1.2,4,82.0,88.0,22.6,6.0,N,1,2026-07-26
97,1,157,35,15,39,54,Course Page,49,45,56,5,0,4.485714285714286,31.4,0.3439490445859872,0.2484076433121019,12.0,76.825,100.0,55.5,44.0,12,55.7,0,88.33333333333333,72.5,77.85,-15.833333333333329,SA,1,2026-07-26
98,1,145,23,16,67,31,Course Page,47,29,66,0,0,6.304347826086956,44.130434782608695,0.2137931034482758,0.4620689655172413,8.0,51.275,100.0,0.0,28.0,5,73.1,3,40.0,0.0,69.55,0.0,N,1,2026-07-26
99,1,417,49,36,77,31,Course Page,114,78,183,12,0,8.510204081632653,59.57142857142857,0.0743405275779376,0.184652278177458,14.0,74.25,100.0,0.0,60.0,13,79.0,1,90.0,53.75,77.0,-36.25,C,1,2026-07-26
100,1,57,20,5,8,6,Course Page,1,2,53,1,0,2.85,19.95,0.1052631578947368,0.1403508771929824,10.0,41.15,75.0,0.0,10.0,5,0.0,5,61.25,50.0,21.75,-11.25,N,1,2026-07-26
101,1,733,50,30,296,161,Course Page,162,118,423,0,0,14.66,102.62,0.2196452933151432,0.4038199181446112,15.0,71.86666666666666,90.0,43.0,38.0,13,67.0,2,74.0,82.0,55.0,8.0,N,1,2026-07-26
102,1,121,15,11,53,24,Course Page,17,43,57,0,0,8.066666666666666,56.46666666666667,0.1983471074380165,0.4380165289256198,8.0,10.375,25.0,0.0,2.0,0,0.0,8,16.666666666666668,20.0,2.0,3.333333333333332,N,1,2026-07-26
103,1,444,81,45,215,128,Course Page,35,160,234,5,0,5.481481481481482,38.37037037037037,0.2882882882882883,0.4842342342342342,15.0,89.96666666666667,100.0,40.0,74.0,13,93.0,2,97.0,100.0,66.5,3.0,D,1,2026-07-26
104,1,421,72,28,140,80,Assignment,94,143,101,36,0,5.847222222222222,40.93055555555555,0.1900237529691211,0.332541567695962,15.0,91.53333333333332,100.0,75.0,72.0,15,94.0,0,96.0,86.0,93.0,-10.0,D,1,2026-07-26
105,1,211,40,22,90,30,Course Page,28,74,95,5,0,5.275,36.925,0.1421800947867298,0.4265402843601896,12.0,65.48333333333333,90.0,25.0,36.0,10,65.65,2,76.0,57.5,60.325,-18.5,N,1,2026-07-26
106,1,638,68,43,395,140,Course Page,65,188,345,7,0,9.382352941176473,65.6764705882353,0.219435736677116,0.6191222570532915,14.0,48.75714285714286,100.0,0.0,33.0,8,32.8,6,46.0,60.0,41.4,14.0,N,1,2026-07-26
107,1,678,69,46,174,108,Course Page,149,180,300,2,0,9.826086956521738,68.78260869565217,0.1592920353982301,0.2566371681415929,14.0,68.35714285714286,100.0,30.0,53.0,13,77.0,1,70.0,65.0,71.5,-5.0,P,1,2026-07-26
108,1,333,32,25,260,79,Course Page,98,66,151,9,0,10.40625,72.84375,0.2372372372372372,0.7807807807807807,14.0,58.46428571428572,85.0,0.0,57.0,12,76.0,2,70.0,38.75,65.75,-31.25,P,1,2026-07-26
109,1,205,30,19,103,6,Course Page,40,46,110,0,0,6.833333333333333,47.833333333333336,0.0292682926829268,0.5024390243902439,11.0,68.95454545454545,90.0,43.5,66.0,10,85.0,1,67.5,82.5,70.0,15.0,C,1,2026-07-26
110,1,251,30,30,194,56,Assignment,34,104,104,2,0,8.366666666666667,58.56666666666667,0.2231075697211155,0.7729083665338645,10.0,51.2,70.0,27.0,22.0,6,58.5,4,56.66666666666666,50.0,53.75,-6.666666666666664,N,1,2026-07-26
111,1,257,25,34,153,18,Assignment,9,147,92,1,0,10.28,71.96,0.0700389105058365,0.5953307392996109,13.0,81.69999999999999,100.0,63.3,45.0,13,63.3,0,99.0,76.66666666666667,66.15,-22.33333333333333,S,1,2026-07-26
112,1,189,26,24,79,31,Assignment,15,80,77,2,0,7.269230769230769,50.88461538461538,0.164021164021164,0.4179894179894179,14.0,67.51428571428572,100.0,30.0,52.0,12,52.85,2,53.75,82.0,64.425,28.25,P,1,2026-07-26
113,1,502,67,30,198,77,Course Page,50,120,293,1,0,7.492537313432836,52.44776119402985,0.1533864541832669,0.3944223107569721,15.0,31.466666666666665,75.0,0.0,24.0,5,62.0,10,17.0,19.0,68.5,2.0,N,1,2026-07-26
114,1,157,22,22,85,4,Assignment,15,92,46,0,0,7.136363636363637,49.95454545454545,0.0254777070063694,0.5414012738853503,15.0,80.2,100.0,60.0,68.0,15,86.0,0,83.0,81.0,75.25,-2.0,C,1,2026-07-26
115,1,455,47,27,73,70,Course Page,100,151,195,2,0,9.680851063829786,67.76595744680851,0.1538461538461538,0.1604395604395604,14.0,73.57142857142857,100.0,50.0,58.0,14,65.0,0,84.0,70.0,65.0,-14.0,P,1,2026-07-26
116,1,127,18,13,91,43,Course Page,11,45,62,8,0,7.055555555555555,49.388888888888886,0.3385826771653543,0.7165354330708661,6.0,50.48333333333333,78.0,0.0,23.0,4,73.45,2,0.0,0.0,75.725,0.0,N,1,2026-07-26
117,1,105,20,22,8,9,Assignment,24,53,23,2,0,5.25,36.75,0.0857142857142857,0.0761904761904762,15.0,92.2,100.0,50.0,82.0,15,91.5,0,100.0,100.0,70.75,0.0,HD,1,2026-07-26
118,1,803,74,32,219,117,Assignment,127,351,295,7,0,10.85135135135135,75.95945945945947,0.1457036114570361,0.2727272727272727,15.0,79.42,100.0,30.0,64.0,14,94.65,1,72.0,80.0,88.825,8.0,C,1,2026-07-26
119,1,165,29,22,66,9,Course Page,39,59,66,0,0,5.689655172413793,39.82758620689655,0.0545454545454545,0.4,15.0,69.7,100.0,10.0,50.0,11,77.5,4,80.0,67.0,59.25,-13.0,P,1,2026-07-26
120,1,191,37,15,42,34,Course Page,61,35,90,3,0,5.162162162162162,36.13513513513514,0.1780104712041884,0.2198952879581152,14.0,88.57857142857142,100.0,64.0,61.0,14,83.05,0,100.0,92.0,73.525,-8.0,C,1,2026-07-26
121,1,230,27,33,108,45,Course Page,71,40,100,2,0,8.518518518518519,59.629629629629626,0.1956521739130435,0.4695652173913043,8.0,48.625,80.0,18.5,25.0,5,31.75,3,65.0,55.0,46.375,-10.0,N,1,2026-07-26
122,1,171,22,24,12,4,Assignment,40,66,59,0,0,7.772727272727272,54.409090909090914,0.023391812865497,0.0701754385964912,14.0,92.64,100.0,78.73,64.0,14,78.73,0,100.0,96.25,80.86500000000001,-3.75,C,1,2026-07-26
123,1,134,21,26,64,13,Course Page,44,38,44,4,0,6.380952380952381,44.66666666666666,0.0970149253731343,0.4776119402985074,10.0,34.05,63.0,0.0,18.0,4,63.0,6,36.25,25.0,42.0,-11.25,N,1,2026-07-26
124,1,599,89,29,211,134,Course Page,190,65,320,22,0,6.730337078651686,47.1123595505618,0.2237061769616026,0.352253756260434,15.0,80.41333333333334,95.0,69.0,72.0,15,72.1,0,83.0,85.0,70.55,2.0,D,1,2026-07-26
125,1,669,89,33,185,153,Course Page,194,107,351,8,0,7.51685393258427,52.61797752808989,0.2286995515695067,0.2765321375186846,15.0,85.4,100.0,70.0,75.0,15,73.5,0,88.0,92.0,72.75,4.0,D,1,2026-07-26
126,1,205,29,20,22,83,Assignment,32,88,78,2,0,7.068965517241379,49.48275862068965,0.4048780487804878,0.1073170731707317,15.0,65.63333333333334,100.0,0.0,53.0,12,54.0,3,72.0,55.0,71.5,-17.0,P,1,2026-07-26
127,1,169,28,19,91,35,Course Page,32,50,83,0,0,6.035714285714286,42.25,0.2071005917159763,0.5384615384615384,11.0,38.95454545454545,85.0,0.0,23.0,6,0.0,5,42.0,85.0,26.0,43.0,N,1,2026-07-26
128,1,230,44,23,71,45,Course Page,18,97,104,5,0,5.227272727272728,36.59090909090909,0.1956521739130435,0.308695652173913,12.0,67.86666666666666,85.0,51.0,30.0,12,68.7,0,66.25,81.66666666666667,63.35,15.416666666666671,N,1,2026-07-26
129,1,662,60,34,264,156,Course Page,147,162,309,1,0,11.033333333333331,77.23333333333333,0.2356495468277945,0.3987915407854985,12.0,55.0,100.0,20.0,24.0,8,30.0,4,58.0,55.0,55.0,-3.0,N,1,2026-07-26
130,1,183,31,15,70,30,Assignment,35,76,72,0,0,5.903225806451613,41.32258064516129,0.1639344262295081,0.3825136612021858,8.0,64.725,100.0,23.0,25.0,6,57.4,2,76.66666666666667,0.0,66.2,0.0,N,1,2026-07-26
131,1,261,35,29,76,37,Course Page,67,72,102,8,0,7.457142857142857,52.2,0.1417624521072797,0.2911877394636015,15.0,87.54666666666667,100.0,76.35,82.0,15,76.35,0,91.0,84.0,87.675,-7.0,HD,1,2026-07-26
132,1,341,42,28,97,27,Course Page,27,127,169,10,0,8.119047619047619,56.833333333333336,0.0791788856304985,0.2844574780058651,14.0,79.64999999999999,100.0,50.0,63.0,14,95.55,0,78.0,72.5,91.775,-5.5,C,1,2026-07-26
133,1,157,18,18,49,16,Course Page,23,54,70,0,0,8.722222222222221,61.05555555555555,0.1019108280254777,0.3121019108280254,7.0,24.685714285714287,50.0,0.0,10.0,1,28.9,6,50.0,0.0,29.45,-50.0,N,1,2026-07-26
134,1,418,37,31,214,88,Course Page,120,75,201,15,0,11.297297297297296,79.08108108108108,0.2105263157894736,0.5119617224880383,12.0,54.333333333333336,95.0,20.0,27.0,7,62.0,5,36.66666666666666,72.5,53.0,35.833333333333336,N,1,2026-07-26
135,1,237,30,37,175,32,Assignment,20,140,70,1,0,7.9,55.3,0.1350210970464135,0.7383966244725738,14.0,78.47857142857143,100.0,37.0,38.0,12,50.35,2,96.0,90.0,43.675,-6.0,N,1,2026-07-26
136,1,359,51,22,145,87,Course Page,29,159,161,2,0,7.03921568627451,49.27450980392157,0.2423398328690807,0.403899721448468,14.0,73.15714285714286,83.85,65.0,56.0,14,83.85,0,75.0,71.0,75.925,-4.0,P,1,2026-07-26
137,1,307,28,42,114,29,Assignment,26,188,90,0,0,10.964285714285714,76.75,0.0944625407166123,0.3713355048859935,15.0,78.88000000000001,100.0,50.35,37.0,15,50.35,0,89.0,88.0,52.425,-1.0,N,1,2026-07-26
138,1,214,24,20,92,61,Assignment,17,99,93,1,0,8.916666666666666,62.41666666666667,0.2850467289719626,0.4299065420560747,13.0,74.6923076923077,100.0,30.0,42.0,11,88.5,2,71.25,78.75,77.75,7.5,SA,1,2026-07-26
139,1,135,22,15,72,40,Course Page,14,54,64,0,0,6.136363636363637,42.95454545454545,0.2962962962962963,0.5333333333333333,13.0,45.61538461538461,80.0,0.0,33.0,8,65.0,5,46.0,26.666666666666668,63.0,-19.33333333333333,N,1,2026-07-26
140,1,7,5,3,1,2,Course Page,0,2,4,1,0,1.4,9.8,0.2857142857142857,0.1428571428571428,4.0,5.5,20.0,0.0,0.0,0,0.0,4,20.0,0.0,0.0,0.0,N,1,2026-07-26
141,1,374,51,28,119,53,Course Page,58,100,201,9,0,7.333333333333333,51.333333333333336,0.141711229946524,0.3181818181818182,14.0,55.29,100.0,30.0,48.0,8,43.78,6,61.0,40.0,65.64,-21.0,S,1,2026-07-26
142,1,277,47,24,39,44,Course Page,55,57,125,6,0,5.893617021276596,41.25531914893617,0.1588447653429603,0.1407942238267148,14.0,89.41428571428571,100.0,75.0,71.0,14,95.9,0,92.5,90.0,87.45,-2.5,D,1,2026-07-26
143,1,501,38,26,232,64,Course Page,162,65,235,9,0,13.18421052631579,92.28947368421052,0.1277445109780439,0.4630738522954092,7.0,45.142857142857146,90.0,0.0,13.0,3,0.0,4,55.0,30.0,54.0,-25.0,N,1,2026-07-26
144,1,105,12,17,90,27,Course Page,3,33,66,0,0,8.75,61.25,0.2571428571428571,0.8571428571428571,10.0,62.5,95.0,0.0,58.0,7,87.0,3,60.0,72.5,58.0,12.5,P,1,2026-07-26
145,1,112,10,16,82,2,Lecture Material,48,26,35,3,0,11.2,78.39999999999999,0.0178571428571428,0.7321428571428571,8.0,58.875,100.0,0.0,17.0,5,0.0,3,77.5,0.0,43.333333333333336,0.0,N,1,2026-07-26
146,1,176,34,18,87,41,Course Page,58,39,63,2,0,5.176470588235294,36.235294117647065,0.2329545454545454,0.4943181818181818,7.0,60.07142857142857,75.0,14.5,22.0,6,55.5,1,72.5,0.0,65.25,0.0,N,1,2026-07-26
147,1,265,37,26,83,78,Course Page,59,81,115,8,0,7.162162162162162,50.13513513513514,0.2943396226415094,0.3132075471698113,10.0,65.25,100.0,12.75,25.0,6,12.75,4,92.5,40.0,50.375,-52.5,N,1,2026-07-26
148,1,101,21,18,44,17,Assignment,26,38,34,3,0,4.809523809523809,33.666666666666664,0.1683168316831683,0.4356435643564356,9.0,58.28888888888889,100.0,30.0,24.0,5,55.8,4,93.33333333333331,30.0,45.9,-63.33333333333333,N,1,2026-07-26
149,1,166,22,35,63,9,Assignment,14,126,26,0,0,7.545454545454546,52.81818181818182,0.0542168674698795,0.3795180722891566,14.0,87.92857142857143,100.0,62.75,60.0,14,62.75,0,99.0,97.5,64.375,-1.5,C,1,2026-07-26
150,1,94,25,14,25,20,Course Page,18,27,40,0,0,3.76,26.32,0.2127659574468085,0.2659574468085106,14.0,90.15,100.0,49.0,69.0,12,95.3,2,97.0,100.0,72.15,3.0,C,1,2026-07-26
151,1,54,13,13,27,10,Course Page,14,10,28,0,0,4.153846153846154,29.07692307692308,0.1851851851851851,0.5,10.0,53.9,100.0,0.0,10.0,6,0.0,4,45.0,80.0,0.0,35.0,N,1,2026-07-26
152,1,203,24,18,118,43,Course Page,31,76,87,1,0,8.458333333333334,59.208333333333336,0.2118226600985221,0.5812807881773399,8.0,19.5,38.0,0.0,11.0,0,38.0,8,5.0,10.0,33.5,5.0,N,1,2026-07-26
153,1,92,22,13,66,15,Assignment,23,60,8,0,0,4.181818181818182,29.27272727272728,0.1630434782608695,0.717391304347826,13.0,52.29230769230769,65.0,10.0,26.0,10,60.4,3,51.0,45.0,62.7,-6.0,N,1,2026-07-26
154,1,220,28,34,152,39,Course Page,42,42,115,2,0,7.857142857142857,55.0,0.1772727272727272,0.6909090909090909,5.0,11.4,50.0,0.0,1.0,1,0.0,4,0.0,50.0,0.6666666666666666,0.0,N,1,2026-07-26
155,1,8,3,4,6,0,Course Page,1,2,4,0,0,2.6666666666666665,18.666666666666668,0.0,0.75,6.0,0.0,0.0,0.0,0.0,0,0.0,6,0.0,0.0,0.0,0.0,N,1,2026-07-26
156,1,75,18,14,9,6,Course Page,15,26,30,2,0,4.166666666666667,29.166666666666664,0.08,0.12,15.0,84.06,100.0,50.0,42.0,15,82.7,0,82.0,83.0,88.35,1.0,SA,1,2026-07-26
157,1,96,15,20,45,10,Course Page,24,15,50,0,0,6.4,44.8,0.1041666666666666,0.46875,10.0,19.15,80.0,0.0,5.0,2,0.0,8,29.0,0.0,10.666666666666666,-29.0,N,1,2026-07-26
158,1,48,9,8,11,2,Course Page,4,14,29,0,0,5.333333333333333,37.33333333333333,0.0416666666666666,0.2291666666666666,8.0,8.25,33.0,0.0,3.0,0,0.0,8,0.0,0.0,22.0,0.0,N,1,2026-07-26
159,1,47,6,9,5,0,Assignment,7,23,17,0,0,7.833333333333333,54.833333333333336,0.0,0.1063829787234042,6.0,34.5,90.0,0.0,5.0,2,0.0,4,75.0,0.0,14.0,0.0,N,1,2026-07-26
160,1,101,14,11,6,21,Course Page,14,36,46,0,0,7.214285714285714,50.5,0.2079207920792079,0.0594059405940594,8.0,12.5,50.0,0.0,5.0,2,0.0,6,0.0,0.0,25.0,0.0,N,1,2026-07-26
161,1,134,17,14,58,40,Course Page,20,40,70,4,0,7.882352941176471,55.1764705882353,0.2985074626865671,0.4328358208955223,6.0,20.166666666666668,50.0,0.0,3.0,1,0.0,5,36.66666666666666,0.0,0.0,0.0,N,1,2026-07-26
162,1,71,12,17,35,14,Course Page,11,25,30,1,0,5.916666666666667,41.41666666666667,0.1971830985915492,0.4929577464788732,12.0,29.791666666666668,80.0,0.0,7.0,5,0.0,7,49.0,40.0,0.0,-9.0,N,1,2026-07-26
163,1,170,21,27,118,58,Assignment,18,120,27,0,0,8.095238095238095,56.66666666666666,0.3411764705882353,0.6941176470588235,9.0,67.22222222222223,100.0,0.0,11.0,7,0.0,2,90.0,100.0,0.0,10.0,N,1,2026-07-26
164,1,16,7,4,15,8,Course Page,0,2,13,0,0,2.2857142857142856,16.0,0.5,0.9375,3.0,0.0,0.0,0.0,0.0,0,0.0,3,0.0,0.0,0.0,0.0,N,1,2026-07-26
165,1,38,9,10,5,12,Course Page,11,9,16,0,0,4.222222222222222,29.55555555555556,0.3157894736842105,0.131578947368421,5.0,33.0,80.0,0.0,3.0,2,0.0,3,75.0,0.0,0.0,0.0,N,1,2026-07-26
166,1,12,7,2,7,7,Assignment,0,7,5,0,0,1.7142857142857142,12.0,0.5833333333333334,0.5833333333333334,4.0,5.5,20.0,0.0,0.0,0,0.0,4,20.0,0.0,0.0,0.0,N,1,2026-07-26
167,1,14,5,6,12,3,Course Page,2,2,8,1,0,2.8,19.6,0.2142857142857142,0.8571428571428571,5.0,0.0,0.0,0.0,0.0,0,0.0,5,0.0,0.0,0.0,0.0,N,1,2026-07-26
168,1,103,6,13,6,32,Course Page,29,21,45,0,0,17.166666666666668,120.16666666666669,0.3106796116504854,0.058252427184466,4.0,23.375,85.0,0.0,2.0,1,0.0,3,85.0,0.0,0.0,0.0,N,1,2026-07-26
169,1,2,1,2,0,0,Course Page,0,0,1,1,0,2.0,14.0,0.0,0.0,6.0,0.0,0.0,0.0,0.0,0,0.0,6,0.0,0.0,0.0,0.0,N,1,2026-07-26
170,1,0,0,0,0,0,No Activity,0,0,0,0,0,0.0,0.0,0.0,0.0,4.0,0.0,0.0,0.0,0.0,0,0.0,4,0.0,0.0,0.0,0.0,N,1,2026-07-26
171,1,0,0,0,0,0,No Activity,0,0,0,0,0,0.0,0.0,0.0,0.0,7.0,0.0,0.0,0.0,0.0,0,0.0,7,0.0,0.0,0.0,0.0,N,1,2026-07-26
172,2,21,5,8,3,1,Other,1,0,0,3,0,4.2,29.4,0.0476190476190476,0.1428571428571428,0.0,0.0,0.0,0.0,0.0,0,0.0,0,0.0,0.0,0.0,0.0,No Result,2,2026-07-26
173,3,31,4,13,13,0,Other,2,2,0,2,12,7.75,54.25,0.0,0.4193548387096774,1.0,0.0,0.0,0.0,0.0,0,0.0,1,0.0,0.0,0.0,0.0,No Result,2,2026-07-26
174,3,18,2,8,0,16,Quiz,0,0,0,0,10,9.0,63.0,0.8888888888888888,0.0,1.0,100.0,100.0,100.0,100.0,1,100.0,0,0.0,0.0,0.0,0.0,No Result,2,2026-07-26
1,1,1086,97,27,291,126,Assignment,5,939,142,0,0,11.195876288659791,78.37113402061856,0.1160220994475138,0.2679558011049723,0.0,0.0,0.0,0.0,0.0,0,0.0,0,0.0,0.0,0.0,0.0,No Result,1,2026-07-27
2,1,549,53,39,256,114,Course Page,137,184,192,15,0,10.358490566037736,72.50943396226415,0.2076502732240437,0.4663023679417122,15.0,70.53999999999999,100.0,0.0,41.0,10,44.8,5,95.0,72.0,34.9,-23.0,SA,1,2026-07-27
3,1,236,30,20,91,33,Course Page,50,92,93,1,0,7.866666666666666,55.06666666666667,0.1398305084745762,0.3855932203389831,12.0,58.083333333333336,100.0,0.0,0.0,9,0.0,3,66.0,63.333333333333336,41.66666666666666,-2.6666666666666643,DX,1,2026-07-27
4,1,183,33,22,72,20,Course Page,48,45,68,6,0,5.545454545454546,38.81818181818182,0.1092896174863388,0.3934426229508196,15.0,83.28666666666666,100.0,60.0,49.0,15,61.9,0,79.0,98.0,68.95,19.0,S,1,2026-07-27
5,1,356,55,25,169,50,Course Page,61,130,165,0,0,6.472727272727273,45.30909090909091,0.1404494382022472,0.4747191011235955,15.0,86.00666666666666,100.0,10.0,86.0,14,93.05,1,71.0,97.0,91.525,26.0,HD,1,2026-07-27
6,1,852,92,60,469,168,Course Page,69,300,428,10,0,9.26086956521739,64.82608695652173,0.1971830985915492,0.5504694835680751,15.0,81.62666666666668,100.0,54.0,0.0,15,60.45,0,87.0,94.0,57.225,7.0,DX,1,2026-07-27
7,1,1292,123,34,121,405,Course Page,373,194,695,16,0,10.504065040650406,73.52845528455283,0.3134674922600619,0.0936532507739938,15.0,53.53333333333333,80.0,31.0,46.0,9,68.0,6,51.0,59.0,49.5,8.0,S,1,2026-07-27
8,1,301,48,20,244,87,Course Page,59,72,151,0,0,6.270833333333333,43.895833333333336,0.2890365448504983,0.8106312292358804,15.0,57.940000000000005,94.0,0.0,46.0,11,71.05,4,46.0,52.0,82.525,6.0,S,1,2026-07-27
9,1,365,47,23,125,25,Assignment,54,160,144,1,0,7.76595744680851,54.361702127659576,0.0684931506849315,0.3424657534246575,15.0,67.83733333333333,100.0,0.0,75.0,12,52.28,3,94.0,40.0,70.14,-54.0,D,1,2026-07-27
10,1,158,23,15,87,24,Course Page,15,48,90,3,0,6.869565217391305,48.08695652173913,0.1518987341772152,0.5506329113924051,11.0,60.08181818181818,95.0,10.0,32.0,6,84.7,5,56.25,70.0,64.85,13.75,N,1,2026-07-27
11,1,229,35,18,92,55,Course Page,10,68,146,2,0,6.542857142857143,45.8,0.2401746724890829,0.4017467248908297,14.0,77.07142857142857,100.0,0.0,33.0,12,0.0,2,88.0,78.0,55.333333333333336,-10.0,N,1,2026-07-27
12,1,1221,84,42,307,252,Course Page,249,268,630,30,0,14.535714285714286,101.75,0.2063882063882063,0.2514332514332514,15.0,79.43333333333334,100.0,40.0,75.0,14,87.0,1,86.0,79.0,71.0,-7.0,D,1,2026-07-27
13,1,187,38,22,80,27,Course Page,35,41,67,36,0,4.921052631578948,34.44736842105263,0.1443850267379679,0.427807486631016,15.0,98.49333333333334,100.0,88.7,76.0,15,88.7,0,100.0,100.0,94.35,0.0,D,1,2026-07-27
14,1,141,28,19,20,16,Assignment,32,39,39,27,0,5.035714285714286,35.25,0.1134751773049645,0.1418439716312056,14.0,82.82142857142857,100.0,0.0,50.0,13,0.0,1,90.0,91.0,54.66666666666666,1.0,P,1,2026-07-27
15,1,1194,97,48,851,231,Assignment,38,658,477,12,0,12.309278350515465,86.16494845360825,0.1934673366834171,0.7127303182579564,15.0,88.74666666666667,100.0,70.0,59.0,15,81.1,0,92.0,94.0,77.05,2.0,P,1,2026-07-27
16,1,733,68,27,439,250,Course Page,184,137,384,1,0,10.779411764705882,75.45588235294119,0.3410641200545702,0.5989085948158254,15.0,68.83333333333333,100.0,0.0,51.0,12,20.25,3,86.0,66.0,49.125,-20.0,P,1,2026-07-27
17,1,43,8,9,15,13,Course Page,7,17,19,0,0,5.375,37.625,0.3023255813953488,0.3488372093023256,7.0,35.857142857142854,100.0,0.0,5.0,3,0.0,4,73.33333333333333,0.0,3.0,0.0,N,1,2026-07-27
18,1,49,5,9,2,48,Course Page,0,8,41,0,0,9.8,68.6,0.979591836734694,0.0408163265306122,6.0,0.0,0.0,0.0,0.0,0,0.0,6,0.0,0.0,0.0,0.0,N,1,2026-07-27
19,1,535,71,33,216,111,Course Page,130,76,247,20,0,7.535211267605634,52.74647887323944,0.2074766355140186,0.4037383177570093,15.0,93.65333333333334,100.0,70.0,83.0,15,93.15,0,90.0,97.0,94.075,7.0,HD,1,2026-07-27
20,1,161,22,32,67,57,Course Page,49,40,55,1,0,7.318181818181818,51.22727272727273,0.3540372670807453,0.4161490683229814,8.0,53.875,100.0,20.0,34.0,4,65.0,4,100.0,20.0,47.25,-80.0,N,1,2026-07-27
21,1,268,41,40,101,55,Assignment,67,87,85,9,0,6.536585365853658,45.75609756097561,0.2052238805970149,0.376865671641791,8.0,67.8875,100.0,26.5,50.0,7,62.3,1,97.5,70.0,62.9,-27.5,P,1,2026-07-27
22,1,1203,111,36,221,239,Course Page,115,292,765,7,0,10.83783783783784,75.86486486486486,0.198669991687448,0.1837073981712385,15.0,96.584,100.0,88.13,83.0,15,88.13,0,98.0,97.0,94.065,-1.0,HD,1,2026-07-27
23,1,402,58,26,119,59,Course Page,158,50,165,11,0,6.931034482758621,48.51724137931034,0.1467661691542288,0.2960199004975124,15.0,85.1,100.0,55.5,83.0,15,74.0,0,94.0,91.0,64.75,-3.0,HD,1,2026-07-27
24,1,248,30,18,85,9,Course Page,56,41,129,21,0,8.266666666666667,57.86666666666667,0.0362903225806451,0.3427419354838709,9.0,83.38888888888889,100.0,38.5,40.0,8,75.5,1,96.25,0.0,81.75,0.0,SA,1,2026-07-27
25,1,382,49,30,148,43,Course Page,90,101,182,2,0,7.795918367346939,54.57142857142857,0.112565445026178,0.387434554973822,15.0,77.36,100.0,46.2,40.0,13,46.2,2,81.0,83.0,64.6,2.0,SA,1,2026-07-27
26,1,415,47,37,205,80,Course Page,119,81,131,38,0,8.829787234042554,61.80851063829787,0.1927710843373494,0.4939759036144578,12.0,38.083333333333336,70.0,0.0,18.0,4,0.0,8,56.66666666666666,36.0,24.0,-20.666666666666664,N,1,2026-07-27
27,1,266,37,17,58,37,Course Page,71,62,128,0,0,7.1891891891891895,50.32432432432432,0.1390977443609022,0.2180451127819548,13.0,51.68461538461538,80.0,30.0,24.0,6,46.45,7,60.0,50.0,44.225,-10.0,N,1,2026-07-27
28,1,7,3,4,3,0,Course Page,0,3,4,0,0,2.333333333333333,16.333333333333336,0.0,0.4285714285714285,4.0,26.125,95.0,0.0,2.0,1,0.0,3,0.0,95.0,0.0,0.0,N,1,2026-07-27
29,1,379,49,37,83,71,Course Page,39,131,147,19,0,7.73469387755102,54.142857142857146,0.1873350923482849,0.2189973614775725,14.0,75.61428571428571,100.0,56.05,59.0,14,56.05,0,83.0,85.0,57.025,2.0,P,1,2026-07-27
30,1,111,26,18,40,35,Course Page,14,41,49,3,0,4.269230769230769,29.884615384615383,0.3153153153153153,0.3603603603603603,9.0,41.66666666666666,95.0,5.5,17.0,4,5.5,5,52.5,0.0,36.0,0.0,N,1,2026-07-27
31,1,362,46,37,114,38,Course Page,79,117,130,11,0,7.869565217391305,55.08695652173913,0.1049723756906077,0.3149171270718232,15.0,90.15333333333334,100.0,65.8,72.0,15,65.8,0,97.4,90.0,80.4,-7.400000000000006,D,1,2026-07-27
32,1,450,59,50,32,54,Assignment,41,226,161,15,0,7.627118644067797,53.389830508474574,0.12,0.0711111111111111,14.0,84.09285714285714,100.0,59.0,75.0,14,59.4,0,91.25,98.0,59.2,6.75,D,1,2026-07-27
33,1,317,43,31,69,101,Course Page,42,72,166,17,0,7.372093023255814,51.604651162790695,0.3186119873817035,0.2176656151419558,15.0,88.39666666666668,100.0,60.0,49.0,15,91.3,0,78.0,100.0,86.7375,22.0,S,1,2026-07-27
34,1,501,58,28,365,130,Course Page,82,166,230,13,0,8.637931034482758,60.4655172413793,0.2594810379241516,0.7285429141716567,13.0,76.96153846153847,100.0,20.0,44.0,11,83.0,2,81.0,73.33333333333333,78.25,-7.666666666666671,SA,1,2026-07-27
35,1,338,51,34,46,17,Course Page,80,113,123,6,0,6.627450980392157,46.3921568627451,0.0502958579881656,0.136094674556213,15.0,84.97333333333333,100.0,70.35,48.0,15,70.35,0,87.8,90.0,74.175,2.200000000000003,S,1,2026-07-27
36,1,402,48,30,141,60,Course Page,87,87,188,0,0,8.375,58.625,0.1492537313432835,0.3507462686567164,15.0,67.6,90.0,35.0,56.0,13,64.5,2,67.0,63.0,74.75,-4.0,P,1,2026-07-27
37,1,212,36,15,16,4,Course Page,32,60,115,3,0,5.888888888888889,41.22222222222222,0.0188679245283018,0.0754716981132075,14.0,77.27142857142857,95.0,55.0,54.0,14,81.4,0,79.0,73.75,80.7,-5.25,P,1,2026-07-27
38,1,846,84,39,256,166,Course Page,130,242,403,20,0,10.071428571428571,70.5,0.1962174940898345,0.3026004728132387,15.0,67.25333333333333,92.0,35.0,45.0,12,79.65,3,62.0,59.0,85.825,-3.0,S,1,2026-07-27
39,1,211,50,37,41,40,Lecture Material,70,58,59,6,0,4.22,29.54,0.1895734597156398,0.1943127962085308,15.0,81.94266666666667,100.0,61.57,70.0,15,61.57,0,94.0,82.0,65.285,-12.0,D,1,2026-07-27
40,1,321,40,22,154,30,Assignment,31,178,111,1,0,8.025,56.175,0.0934579439252336,0.4797507788161994,14.0,62.392857142857146,100.0,19.0,34.0,12,19.0,2,75.0,72.5,35.5,-2.5,N,1,2026-07-27
41,1,409,43,27,225,101,Course Page,78,122,196,10,0,9.511627906976743,66.5813953488372,0.2469437652811736,0.5501222493887531,10.0,38.9,60.0,0.0,15.0,5,46.0,5,40.0,55.0,30.666666666666668,15.0,N,1,2026-07-27
42,1,266,42,20,128,22,Assignment,24,130,101,1,0,6.333333333333333,44.333333333333336,0.0827067669172932,0.4812030075187969,13.0,84.34615384615384,100.0,60.0,62.0,13,60.0,0,91.0,93.33333333333331,72.0,2.3333333333333286,C,1,2026-07-27
43,1,611,63,36,334,99,Course Page,106,77,402,1,0,9.698412698412698,67.88888888888889,0.1620294599018003,0.546644844517185,14.0,82.27857142857144,100.0,45.0,43.0,13,85.95,1,85.0,88.0,73.475,3.0,SA,1,2026-07-27
44,1,367,38,26,107,75,Course Page,85,96,174,7,0,9.657894736842104,67.60526315789474,0.2043596730245231,0.2915531335149863,13.0,83.9076923076923,100.0,67.9,60.0,13,67.9,0,93.0,88.33333333333333,71.95,-4.666666666666671,C,1,2026-07-27
45,1,478,62,56,257,73,Assignment,67,193,193,8,0,7.709677419354839,53.967741935483865,0.1527196652719665,0.5376569037656904,15.0,89.08666666666666,100.0,65.0,71.0,15,79.15,0,88.0,92.0,86.575,4.0,D,1,2026-07-27
46,1,265,40,22,79,64,Course Page,66,59,118,13,0,6.625,46.375,0.2415094339622641,0.2981132075471698,15.0,72.78666666666666,90.0,40.0,46.0,14,69.65,1,69.0,82.0,65.325,13.0,S,1,2026-07-27
47,1,330,53,26,156,115,Course Page,17,138,163,6,0,6.226415094339623,43.58490566037736,0.3484848484848485,0.4727272727272727,15.0,83.44666666666667,100.0,60.0,43.0,15,75.85,0,81.0,87.0,81.925,6.0,SA,1,2026-07-27
48,1,384,48,32,109,98,Course Page,115,96,160,1,0,8.0,56.0,0.2552083333333333,0.2838541666666667,15.0,72.25733333333332,100.0,25.0,48.0,12,51.43,3,86.0,56.0,75.715,-30.0,S,1,2026-07-27
49,1,439,34,30,366,158,Course Page,133,56,192,32,0,12.911764705882351,90.38235294117648,0.3599088838268792,0.8337129840546698,9.0,63.333333333333336,100.0,29.0,26.0,8,64.5,1,65.0,80.0,62.75,15.0,N,1,2026-07-27
50,1,254,35,41,64,8,Lecture Material,80,37,75,36,0,7.257142857142857,50.8,0.0314960629921259,0.2519685039370078,13.0,46.2,84.0,20.0,60.0,6,51.3,7,40.0,33.333333333333336,67.65,-6.666666666666664,C,1,2026-07-27
51,1,270,57,27,125,41,Course Page,44,94,106,12,0,4.7368421052631575,33.15789473684211,0.1518518518518518,0.4629629629629629,14.0,87.73571428571428,100.0,50.0,82.0,14,97.9,0,89.0,82.5,93.95,-6.5,HD,1,2026-07-27
52,1,244,32,23,120,39,Course Page,70,36,94,10,0,7.625,53.375,0.1598360655737705,0.4918032786885246,15.0,71.03333333333333,100.0,50.0,62.0,15,68.0,0,82.0,67.0,61.5,-15.0,C,1,2026-07-27
53,1,267,42,21,60,79,Course Page,75,66,121,4,0,6.357142857142857,44.5,0.2958801498127341,0.2247191011235955,12.0,57.03333333333333,100.0,19.7,37.0,7,19.7,5,72.0,50.0,44.6,-22.0,N,1,2026-07-27
54,1,748,69,41,322,144,Course Page,86,227,378,1,0,10.840579710144928,75.88405797101449,0.1925133689839572,0.4304812834224599,13.0,74.99230769230769,100.0,30.0,41.0,10,76.45,3,67.5,97.5,62.225,30.0,SA,1,2026-07-27
55,1,711,68,25,147,179,Course Page,39,94,552,6,0,10.455882352941176,73.19117647058825,0.2517580872011252,0.2067510548523206,11.0,45.13636363636363,75.0,0.0,22.0,4,44.0,7,48.75,20.0,59.5,-28.75,N,1,2026-07-27
56,1,261,40,25,71,64,Course Page,31,99,113,8,0,6.525,45.675,0.2452107279693486,0.2720306513409962,15.0,78.56666666666666,100.0,0.0,60.0,14,84.0,1,92.0,59.0,87.0,-33.0,C,1,2026-07-27
57,1,176,38,16,78,22,Course Page,11,45,119,0,0,4.631578947368421,32.421052631578945,0.125,0.4431818181818182,6.0,57.333333333333336,100.0,10.0,47.0,5,62.0,1,100.0,0.0,58.5,0.0,S,1,2026-07-27
58,1,387,46,28,135,68,Course Page,93,46,223,11,0,8.41304347826087,58.891304347826086,0.1757105943152454,0.3488372093023256,12.0,26.375,55.0,0.0,20.0,4,53.75,8,17.5,6.666666666666667,54.375,-10.833333333333332,N,1,2026-07-27
59,1,221,28,16,77,28,Course Page,50,48,123,0,0,7.892857142857143,55.25,0.1266968325791855,0.3484162895927601,9.0,55.67777777777778,85.0,29.0,19.0,6,36.05,3,78.33333333333333,55.0,45.525,-23.33333333333333,N,1,2026-07-27
60,1,455,69,27,180,125,Course Page,40,177,214,15,0,6.594202898550725,46.15942028985507,0.2747252747252747,0.3956043956043956,15.0,90.91333333333334,100.0,80.0,65.0,15,84.15,0,91.8,91.0,89.575,-0.7999999999999972,C,1,2026-07-27
61,1,280,49,34,118,59,Course Page,84,64,88,14,0,5.714285714285714,40.0,0.2107142857142857,0.4214285714285714,15.0,91.0,100.0,60.0,83.0,15,80.0,0,98.0,88.0,85.5,-10.0,HD,1,2026-07-27
62,1,220,37,28,98,71,Course Page,47,58,105,4,0,5.945945945945946,41.62162162162162,0.3227272727272727,0.4454545454545454,15.0,74.58,95.0,50.0,48.0,15,88.35,0,79.0,69.0,76.175,-10.0,S,1,2026-07-27
63,1,347,53,31,118,41,Course Page,40,77,204,5,0,6.547169811320755,45.83018867924528,0.1181556195965417,0.3400576368876081,14.0,79.5,100.0,40.0,46.0,13,65.5,1,88.0,75.0,74.75,-13.0,S,1,2026-07-27
64,1,551,30,28,345,60,Course Page,64,49,410,9,0,18.366666666666667,128.56666666666666,0.1088929219600726,0.6261343012704175,10.0,48.73,80.0,10.0,23.0,7,65.65,3,40.0,50.0,61.325,10.0,N,1,2026-07-27
65,1,408,50,34,165,38,Course Page,43,137,180,15,0,8.16,57.12,0.0931372549019607,0.4044117647058823,15.0,83.24666666666667,95.0,58.0,58.0,15,88.4,0,83.8,90.0,73.2,6.200000000000003,P,1,2026-07-27
66,1,213,44,24,39,47,Course Page,71,59,74,3,0,4.840909090909091,33.88636363636364,0.2206572769953051,0.1830985915492957,15.0,74.21333333333334,100.0,30.0,46.0,14,72.35,1,66.0,77.0,81.675,11.0,S,1,2026-07-27
67,1,193,18,42,172,40,Assignment,38,110,34,7,0,10.72222222222222,75.05555555555554,0.2072538860103626,0.8911917098445595,15.0,87.22666666666667,100.0,67.7,70.0,15,67.7,0,96.0,86.0,76.85,-10.0,D,1,2026-07-27
68,1,503,74,31,73,85,Course Page,71,69,342,2,0,6.797297297297297,47.58108108108108,0.1689860834990059,0.1451292246520874,15.0,75.48666666666666,100.0,30.0,44.0,12,41.65,3,72.0,90.0,60.325,18.0,SA,1,2026-07-27
69,1,151,33,22,57,12,Course Page,26,46,78,0,0,4.575757575757576,32.03030303030303,0.0794701986754966,0.3774834437086092,15.0,71.59466666666667,100.0,47.21,58.0,13,47.21,2,74.0,75.0,63.605,1.0,P,1,2026-07-27
70,1,463,46,24,105,76,Course Page,85,89,268,8,0,10.065217391304348,70.45652173913044,0.1641468682505399,0.2267818574514039,15.0,95.83733333333332,100.0,88.28,85.0,15,88.28,0,98.0,96.0,92.64,-2.0,HD,1,2026-07-27
71,1,91,20,14,38,25,Assignment,2,58,24,5,0,4.55,31.85,0.2747252747252747,0.4175824175824176,14.0,54.642857142857146,80.0,0.0,30.0,10,66.0,4,55.0,42.0,73.0,-13.0,N,1,2026-07-27
72,1,452,50,31,192,33,Course Page,75,149,207,8,0,9.04,63.28,0.0730088495575221,0.4247787610619469,15.0,75.97333333333333,100.0,40.0,66.0,14,96.3,1,80.0,62.0,89.65,-18.0,C,1,2026-07-27
73,1,252,39,35,169,48,Assignment,21,106,99,16,0,6.461538461538462,45.23076923076923,0.1904761904761904,0.6706349206349206,10.0,53.4,100.0,0.0,11.0,5,0.0,5,80.0,75.0,9.333333333333334,-5.0,N,1,2026-07-27
74,1,327,60,18,149,59,Course Page,52,60,209,0,0,5.45,38.15,0.1804281345565749,0.45565749235474,15.0,76.5,95.0,30.0,54.0,14,50.0,1,76.0,81.0,71.0,5.0,P,1,2026-07-27
75,1,494,65,24,261,106,Course Page,19,232,240,0,0,7.6,53.2,0.2145748987854251,0.52834008097166,14.0,73.39285714285714,100.0,40.0,55.0,11,41.0,3,70.0,93.75,57.5,23.75,P,1,2026-07-27
76,1,187,29,28,42,24,Assignment,25,78,78,1,0,6.448275862068965,45.137931034482754,0.1283422459893048,0.2245989304812834,15.0,64.23333333333333,100.0,20.0,53.0,11,45.0,4,76.0,61.0,52.5,-15.0,P,1,2026-07-27
77,1,220,35,24,90,28,Course Page,68,45,85,15,0,6.285714285714286,44.0,0.1272727272727272,0.4090909090909091,10.0,70.47,100.0,38.0,50.0,9,89.35,1,70.0,100.0,71.675,30.0,P,1,2026-07-27
78,1,445,66,27,247,87,Course Page,52,56,321,5,0,6.742424242424242,47.196969696969695,0.195505617977528,0.5550561797752809,14.0,76.72142857142856,100.0,50.0,39.0,14,73.3,0,71.25,78.0,82.9,6.75,N,1,2026-07-27
79,1,375,47,29,104,82,Course Page,96,103,145,3,0,7.978723404255319,55.85106382978724,0.2186666666666666,0.2773333333333333,14.0,70.85714285714286,100.0,40.0,63.0,13,63.0,1,86.0,65.0,58.25,-21.0,C,1,2026-07-27
80,1,333,56,21,151,116,Course Page,51,86,193,2,0,5.946428571428571,41.625,0.3483483483483483,0.4534534534534534,15.0,81.77333333333333,100.0,65.0,67.0,15,79.3,0,86.0,78.0,81.15,-8.0,C,1,2026-07-27
81,1,511,76,38,129,125,Lecture Material,159,149,152,22,0,6.723684210526316,47.065789473684205,0.2446183953033268,0.2524461839530332,15.0,35.906666666666666,75.0,10.0,25.0,4,48.8,11,15.0,55.0,38.4,40.0,N,1,2026-07-27
82,1,657,66,29,253,82,Course Page,102,236,299,7,0,9.954545454545457,69.68181818181819,0.1248097412480974,0.3850837138508371,15.0,92.12666666666668,100.0,70.0,73.0,15,88.7,0,90.0,93.0,93.85,3.0,D,1,2026-07-27
83,1,325,50,23,92,61,Course Page,36,69,212,7,0,6.5,45.5,0.1876923076923076,0.283076923076923,15.0,68.04,100.0,40.0,30.0,12,45.3,3,69.0,79.0,51.65,10.0,N,1,2026-07-27
84,1,353,46,24,160,45,Course Page,52,58,227,3,0,7.673913043478261,53.71739130434783,0.1274787535410765,0.4532577903682719,15.0,83.09333333333333,100.0,69.0,52.0,15,70.2,0,84.0,92.0,69.6,8.0,P,1,2026-07-27
85,1,191,35,19,87,43,Course Page,11,72,103,1,0,5.457142857142857,38.2,0.225130890052356,0.4554973821989528,15.0,69.76666666666667,100.0,0.0,21.0,10,0.0,5,79.0,100.0,15.5,21.0,N,1,2026-07-27
86,1,343,47,32,174,43,Course Page,75,66,165,16,0,7.297872340425532,51.08510638297872,0.1253644314868804,0.5072886297376094,12.0,57.76666666666667,100.0,20.0,30.0,8,68.1,4,65.0,43.333333333333336,66.05,-21.666666666666664,N,1,2026-07-27
87,1,120,14,16,27,13,Assignment,13,60,45,1,0,8.571428571428571,60.0,0.1083333333333333,0.225,14.0,59.17857142857143,100.0,0.0,41.0,9,56.0,5,55.0,75.0,49.0,20.0,SA,1,2026-07-27
88,1,109,19,12,27,28,Course Page,14,37,55,0,0,5.7368421052631575,40.1578947368421,0.2568807339449541,0.2477064220183486,9.0,74.33333333333333,100.0,0.0,62.0,7,86.5,2,75.0,0.0,84.75,0.0,C,1,2026-07-27
89,1,284,62,20,165,64,Assignment,20,144,100,4,0,4.580645161290323,32.064516129032256,0.2253521126760563,0.5809859154929577,8.0,14.0,38.0,0.0,9.0,0,38.0,8,0.0,0.0,28.0,0.0,N,1,2026-07-27
90,1,502,51,32,95,64,Course Page,78,171,227,15,0,9.84313725490196,68.90196078431373,0.1274900398406374,0.1892430278884462,15.0,87.90666666666667,100.0,79.0,73.0,15,82.55,0,92.0,89.0,80.775,-3.0,D,1,2026-07-27
91,1,311,51,28,149,41,Course Page,40,78,152,13,0,6.098039215686274,42.68627450980392,0.1318327974276527,0.4790996784565916,15.0,84.86,100.0,50.0,72.0,15,84.95,0,74.0,92.0,89.975,18.0,D,1,2026-07-27
92,1,488,51,41,75,94,Course Page,94,146,180,28,0,9.568627450980392,66.98039215686275,0.1926229508196721,0.1536885245901639,10.0,78.85,100.0,43.5,40.0,9,72.5,1,78.33333333333333,100.0,77.5,21.66666666666667,SA,1,2026-07-27
93,1,188,31,24,45,7,Course Page,39,53,63,7,0,6.064516129032258,42.4516129032258,0.0372340425531914,0.2393617021276596,13.0,32.19230769230769,60.0,0.0,33.0,3,23.0,10,41.0,26.666666666666668,26.25,-14.333333333333332,N,1,2026-07-27
94,1,417,35,26,164,46,Course Page,117,107,160,0,0,11.914285714285716,83.4,0.1103117505995203,0.3932853717026379,14.0,53.785714285714285,90.0,17.0,51.0,8,17.0,6,75.0,56.25,23.25,-18.75,P,1,2026-07-27
95,1,244,31,34,137,72,Course Page,35,96,97,1,0,7.870967741935484,55.096774193548384,0.2950819672131147,0.5614754098360656,12.0,41.833333333333336,86.0,0.0,0.0,4,0.0,8,55.0,26.666666666666668,43.0,-28.33333333333333,DX,1,2026-07-27
96,1,780,74,46,653,188,Assignment,73,351,337,12,0,10.54054054054054,73.78378378378379,0.241025641025641,0.8371794871794872,15.0,68.36,100.0,1.2,25.0,11,1.2,4,82.0,88.0,22.6,6.0,N,1,2026-07-27
97,1,157,35,15,39,54,Course Page,49,45,56,5,0,4.485714285714286,31.4,0.3439490445859872,0.2484076433121019,12.0,76.825,100.0,55.5,44.0,12,55.7,0,88.33333333333333,72.5,77.85,-15.833333333333329,SA,1,2026-07-27
98,1,145,23,16,67,31,Course Page,47,29,66,0,0,6.304347826086956,44.130434782608695,0.2137931034482758,0.4620689655172413,8.0,51.275,100.0,0.0,28.0,5,73.1,3,40.0,0.0,69.55,0.0,N,1,2026-07-27
99,1,417,49,36,77,31,Course Page,114,78,183,12,0,8.510204081632653,59.57142857142857,0.0743405275779376,0.184652278177458,14.0,74.25,100.0,0.0,60.0,13,79.0,1,90.0,53.75,77.0,-36.25,C,1,2026-07-27
100,1,57,20,5,8,6,Course Page,1,2,53,1,0,2.85,19.95,0.1052631578947368,0.1403508771929824,10.0,41.15,75.0,0.0,10.0,5,0.0,5,61.25,50.0,21.75,-11.25,N,1,2026-07-27
101,1,733,50,30,296,161,Course Page,162,118,423,0,0,14.66,102.62,0.2196452933151432,0.4038199181446112,15.0,71.86666666666666,90.0,43.0,38.0,13,67.0,2,74.0,82.0,55.0,8.0,N,1,2026-07-27
102,1,121,15,11,53,24,Course Page,17,43,57,0,0,8.066666666666666,56.46666666666667,0.1983471074380165,0.4380165289256198,8.0,10.375,25.0,0.0,2.0,0,0.0,8,16.666666666666668,20.0,2.0,3.333333333333332,N,1,2026-07-27
103,1,444,81,45,215,128,Course Page,35,160,234,5,0,5.481481481481482,38.37037037037037,0.2882882882882883,0.4842342342342342,15.0,89.96666666666667,100.0,40.0,74.0,13,93.0,2,97.0,100.0,66.5,3.0,D,1,2026-07-27
104,1,421,72,28,140,80,Assignment,94,143,101,36,0,5.847222222222222,40.93055555555555,0.1900237529691211,0.332541567695962,15.0,91.53333333333332,100.0,75.0,72.0,15,94.0,0,96.0,86.0,93.0,-10.0,D,1,2026-07-27
105,1,211,40,22,90,30,Course Page,28,74,95,5,0,5.275,36.925,0.1421800947867298,0.4265402843601896,12.0,65.48333333333333,90.0,25.0,36.0,10,65.65,2,76.0,57.5,60.325,-18.5,N,1,2026-07-27
106,1,638,68,43,395,140,Course Page,65,188,345,7,0,9.382352941176473,65.6764705882353,0.219435736677116,0.6191222570532915,14.0,48.75714285714286,100.0,0.0,33.0,8,32.8,6,46.0,60.0,41.4,14.0,N,1,2026-07-27
107,1,678,69,46,174,108,Course Page,149,180,300,2,0,9.826086956521738,68.78260869565217,0.1592920353982301,0.2566371681415929,14.0,68.35714285714286,100.0,30.0,53.0,13,77.0,1,70.0,65.0,71.5,-5.0,P,1,2026-07-27
108,1,333,32,25,260,79,Course Page,98,66,151,9,0,10.40625,72.84375,0.2372372372372372,0.7807807807807807,14.0,58.46428571428572,85.0,0.0,57.0,12,76.0,2,70.0,38.75,65.75,-31.25,P,1,2026-07-27
109,1,205,30,19,103,6,Course Page,40,46,110,0,0,6.833333333333333,47.833333333333336,0.0292682926829268,0.5024390243902439,11.0,68.95454545454545,90.0,43.5,66.0,10,85.0,1,67.5,82.5,70.0,15.0,C,1,2026-07-27
110,1,251,30,30,194,56,Assignment,34,104,104,2,0,8.366666666666667,58.56666666666667,0.2231075697211155,0.7729083665338645,10.0,51.2,70.0,27.0,22.0,6,58.5,4,56.66666666666666,50.0,53.75,-6.666666666666664,N,1,2026-07-27
111,1,257,25,34,153,18,Assignment,9,147,92,1,0,10.28,71.96,0.0700389105058365,0.5953307392996109,13.0,81.69999999999999,100.0,63.3,45.0,13,63.3,0,99.0,76.66666666666667,66.15,-22.33333333333333,S,1,2026-07-27
112,1,189,26,24,79,31,Assignment,15,80,77,2,0,7.269230769230769,50.88461538461538,0.164021164021164,0.4179894179894179,14.0,67.51428571428572,100.0,30.0,52.0,12,52.85,2,53.75,82.0,64.425,28.25,P,1,2026-07-27
113,1,502,67,30,198,77,Course Page,50,120,293,1,0,7.492537313432836,52.44776119402985,0.1533864541832669,0.3944223107569721,15.0,31.466666666666665,75.0,0.0,24.0,5,62.0,10,17.0,19.0,68.5,2.0,N,1,2026-07-27
114,1,157,22,22,85,4,Assignment,15,92,46,0,0,7.136363636363637,49.95454545454545,0.0254777070063694,0.5414012738853503,15.0,80.2,100.0,60.0,68.0,15,86.0,0,83.0,81.0,75.25,-2.0,C,1,2026-07-27
115,1,455,47,27,73,70,Course Page,100,151,195,2,0,9.680851063829786,67.76595744680851,0.1538461538461538,0.1604395604395604,14.0,73.57142857142857,100.0,50.0,58.0,14,65.0,0,84.0,70.0,65.0,-14.0,P,1,2026-07-27
116,1,127,18,13,91,43,Course Page,11,45,62,8,0,7.055555555555555,49.388888888888886,0.3385826771653543,0.7165354330708661,6.0,50.48333333333333,78.0,0.0,23.0,4,73.45,2,0.0,0.0,75.725,0.0,N,1,2026-07-27
117,1,105,20,22,8,9,Assignment,24,53,23,2,0,5.25,36.75,0.0857142857142857,0.0761904761904762,15.0,92.2,100.0,50.0,82.0,15,91.5,0,100.0,100.0,70.75,0.0,HD,1,2026-07-27
118,1,803,74,32,219,117,Assignment,127,351,295,7,0,10.85135135135135,75.95945945945947,0.1457036114570361,0.2727272727272727,15.0,79.42,100.0,30.0,64.0,14,94.65,1,72.0,80.0,88.825,8.0,C,1,2026-07-27
119,1,165,29,22,66,9,Course Page,39,59,66,0,0,5.689655172413793,39.82758620689655,0.0545454545454545,0.4,15.0,69.7,100.0,10.0,50.0,11,77.5,4,80.0,67.0,59.25,-13.0,P,1,2026-07-27
120,1,191,37,15,42,34,Course Page,61,35,90,3,0,5.162162162162162,36.13513513513514,0.1780104712041884,0.2198952879581152,14.0,88.57857142857142,100.0,64.0,61.0,14,83.05,0,100.0,92.0,73.525,-8.0,C,1,2026-07-27
121,1,230,27,33,108,45,Course Page,71,40,100,2,0,8.518518518518519,59.629629629629626,0.1956521739130435,0.4695652173913043,8.0,48.625,80.0,18.5,25.0,5,31.75,3,65.0,55.0,46.375,-10.0,N,1,2026-07-27
122,1,171,22,24,12,4,Assignment,40,66,59,0,0,7.772727272727272,54.409090909090914,0.023391812865497,0.0701754385964912,14.0,92.64,100.0,78.73,64.0,14,78.73,0,100.0,96.25,80.86500000000001,-3.75,C,1,2026-07-27
123,1,134,21,26,64,13,Course Page,44,38,44,4,0,6.380952380952381,44.66666666666666,0.0970149253731343,0.4776119402985074,10.0,34.05,63.0,0.0,18.0,4,63.0,6,36.25,25.0,42.0,-11.25,N,1,2026-07-27
124,1,599,89,29,211,134,Course Page,190,65,320,22,0,6.730337078651686,47.1123595505618,0.2237061769616026,0.352253756260434,15.0,80.41333333333334,95.0,69.0,72.0,15,72.1,0,83.0,85.0,70.55,2.0,D,1,2026-07-27
125,1,669,89,33,185,153,Course Page,194,107,351,8,0,7.51685393258427,52.61797752808989,0.2286995515695067,0.2765321375186846,15.0,85.4,100.0,70.0,75.0,15,73.5,0,88.0,92.0,72.75,4.0,D,1,2026-07-27
126,1,205,29,20,22,83,Assignment,32,88,78,2,0,7.068965517241379,49.48275862068965,0.4048780487804878,0.1073170731707317,15.0,65.63333333333334,100.0,0.0,53.0,12,54.0,3,72.0,55.0,71.5,-17.0,P,1,2026-07-27
127,1,169,28,19,91,35,Course Page,32,50,83,0,0,6.035714285714286,42.25,0.2071005917159763,0.5384615384615384,11.0,38.95454545454545,85.0,0.0,23.0,6,0.0,5,42.0,85.0,26.0,43.0,N,1,2026-07-27
128,1,230,44,23,71,45,Course Page,18,97,104,5,0,5.227272727272728,36.59090909090909,0.1956521739130435,0.308695652173913,12.0,67.86666666666666,85.0,51.0,30.0,12,68.7,0,66.25,81.66666666666667,63.35,15.416666666666671,N,1,2026-07-27
129,1,662,60,34,264,156,Course Page,147,162,309,1,0,11.033333333333331,77.23333333333333,0.2356495468277945,0.3987915407854985,12.0,55.0,100.0,20.0,24.0,8,30.0,4,58.0,55.0,55.0,-3.0,N,1,2026-07-27
130,1,183,31,15,70,30,Assignment,35,76,72,0,0,5.903225806451613,41.32258064516129,0.1639344262295081,0.3825136612021858,8.0,64.725,100.0,23.0,25.0,6,57.4,2,76.66666666666667,0.0,66.2,0.0,N,1,2026-07-27
131,1,261,35,29,76,37,Course Page,67,72,102,8,0,7.457142857142857,52.2,0.1417624521072797,0.2911877394636015,15.0,87.54666666666667,100.0,76.35,82.0,15,76.35,0,91.0,84.0,87.675,-7.0,HD,1,2026-07-27
132,1,341,42,28,97,27,Course Page,27,127,169,10,0,8.119047619047619,56.833333333333336,0.0791788856304985,0.2844574780058651,14.0,79.64999999999999,100.0,50.0,63.0,14,95.55,0,78.0,72.5,91.775,-5.5,C,1,2026-07-27
133,1,157,18,18,49,16,Course Page,23,54,70,0,0,8.722222222222221,61.05555555555555,0.1019108280254777,0.3121019108280254,7.0,24.685714285714287,50.0,0.0,10.0,1,28.9,6,50.0,0.0,29.45,-50.0,N,1,2026-07-27
134,1,418,37,31,214,88,Course Page,120,75,201,15,0,11.297297297297296,79.08108108108108,0.2105263157894736,0.5119617224880383,12.0,54.333333333333336,95.0,20.0,27.0,7,62.0,5,36.66666666666666,72.5,53.0,35.833333333333336,N,1,2026-07-27
135,1,237,30,37,175,32,Assignment,20,140,70,1,0,7.9,55.3,0.1350210970464135,0.7383966244725738,14.0,78.47857142857143,100.0,37.0,38.0,12,50.35,2,96.0,90.0,43.675,-6.0,N,1,2026-07-27
136,1,359,51,22,145,87,Course Page,29,159,161,2,0,7.03921568627451,49.27450980392157,0.2423398328690807,0.403899721448468,14.0,73.15714285714286,83.85,65.0,56.0,14,83.85,0,75.0,71.0,75.925,-4.0,P,1,2026-07-27
137,1,307,28,42,114,29,Assignment,26,188,90,0,0,10.964285714285714,76.75,0.0944625407166123,0.3713355048859935,15.0,78.88000000000001,100.0,50.35,37.0,15,50.35,0,89.0,88.0,52.425,-1.0,N,1,2026-07-27
138,1,214,24,20,92,61,Assignment,17,99,93,1,0,8.916666666666666,62.41666666666667,0.2850467289719626,0.4299065420560747,13.0,74.6923076923077,100.0,30.0,42.0,11,88.5,2,71.25,78.75,77.75,7.5,SA,1,2026-07-27
139,1,135,22,15,72,40,Course Page,14,54,64,0,0,6.136363636363637,42.95454545454545,0.2962962962962963,0.5333333333333333,13.0,45.61538461538461,80.0,0.0,33.0,8,65.0,5,46.0,26.666666666666668,63.0,-19.33333333333333,N,1,2026-07-27
140,1,7,5,3,1,2,Course Page,0,2,4,1,0,1.4,9.8,0.2857142857142857,0.1428571428571428,4.0,5.5,20.0,0.0,0.0,0,0.0,4,20.0,0.0,0.0,0.0,N,1,2026-07-27
141,1,374,51,28,119,53,Course Page,58,100,201,9,0,7.333333333333333,51.333333333333336,0.141711229946524,0.3181818181818182,14.0,55.29,100.0,30.0,48.0,8,43.78,6,61.0,40.0,65.64,-21.0,S,1,2026-07-27
142,1,277,47,24,39,44,Course Page,55,57,125,6,0,5.893617021276596,41.25531914893617,0.1588447653429603,0.1407942238267148,14.0,89.41428571428571,100.0,75.0,71.0,14,95.9,0,92.5,90.0,87.45,-2.5,D,1,2026-07-27
143,1,501,38,26,232,64,Course Page,162,65,235,9,0,13.18421052631579,92.28947368421052,0.1277445109780439,0.4630738522954092,7.0,45.142857142857146,90.0,0.0,13.0,3,0.0,4,55.0,30.0,54.0,-25.0,N,1,2026-07-27
144,1,105,12,17,90,27,Course Page,3,33,66,0,0,8.75,61.25,0.2571428571428571,0.8571428571428571,10.0,62.5,95.0,0.0,58.0,7,87.0,3,60.0,72.5,58.0,12.5,P,1,2026-07-27
145,1,112,10,16,82,2,Lecture Material,48,26,35,3,0,11.2,78.39999999999999,0.0178571428571428,0.7321428571428571,8.0,58.875,100.0,0.0,17.0,5,0.0,3,77.5,0.0,43.333333333333336,0.0,N,1,2026-07-27
146,1,176,34,18,87,41,Course Page,58,39,63,2,0,5.176470588235294,36.235294117647065,0.2329545454545454,0.4943181818181818,7.0,60.07142857142857,75.0,14.5,22.0,6,55.5,1,72.5,0.0,65.25,0.0,N,1,2026-07-27
147,1,265,37,26,83,78,Course Page,59,81,115,8,0,7.162162162162162,50.13513513513514,0.2943396226415094,0.3132075471698113,10.0,65.25,100.0,12.75,25.0,6,12.75,4,92.5,40.0,50.375,-52.5,N,1,2026-07-27
148,1,101,21,18,44,17,Assignment,26,38,34,3,0,4.809523809523809,33.666666666666664,0.1683168316831683,0.4356435643564356,9.0,58.28888888888889,100.0,30.0,24.0,5,55.8,4,93.33333333333331,30.0,45.9,-63.33333333333333,N,1,2026-07-27
149,1,166,22,35,63,9,Assignment,14,126,26,0,0,7.545454545454546,52.81818181818182,0.0542168674698795,0.3795180722891566,14.0,87.92857142857143,100.0,62.75,60.0,14,62.75,0,99.0,97.5,64.375,-1.5,C,1,2026-07-27
150,1,94,25,14,25,20,Course Page,18,27,40,0,0,3.76,26.32,0.2127659574468085,0.2659574468085106,14.0,90.15,100.0,49.0,69.0,12,95.3,2,97.0,100.0,72.15,3.0,C,1,2026-07-27
151,1,54,13,13,27,10,Course Page,14,10,28,0,0,4.153846153846154,29.07692307692308,0.1851851851851851,0.5,10.0,53.9,100.0,0.0,10.0,6,0.0,4,45.0,80.0,0.0,35.0,N,1,2026-07-27
152,1,203,24,18,118,43,Course Page,31,76,87,1,0,8.458333333333334,59.208333333333336,0.2118226600985221,0.5812807881773399,8.0,19.5,38.0,0.0,11.0,0,38.0,8,5.0,10.0,33.5,5.0,N,1,2026-07-27
153,1,92,22,13,66,15,Assignment,23,60,8,0,0,4.181818181818182,29.27272727272728,0.1630434782608695,0.717391304347826,13.0,52.29230769230769,65.0,10.0,26.0,10,60.4,3,51.0,45.0,62.7,-6.0,N,1,2026-07-27
154,1,220,28,34,152,39,Course Page,42,42,115,2,0,7.857142857142857,55.0,0.1772727272727272,0.6909090909090909,5.0,11.4,50.0,0.0,1.0,1,0.0,4,0.0,50.0,0.6666666666666666,0.0,N,1,2026-07-27
155,1,8,3,4,6,0,Course Page,1,2,4,0,0,2.6666666666666665,18.666666666666668,0.0,0.75,6.0,0.0,0.0,0.0,0.0,0,0.0,6,0.0,0.0,0.0,0.0,N,1,2026-07-27
156,1,75,18,14,9,6,Course Page,15,26,30,2,0,4.166666666666667,29.166666666666664,0.08,0.12,15.0,84.06,100.0,50.0,42.0,15,82.7,0,82.0,83.0,88.35,1.0,SA,1,2026-07-27
157,1,96,15,20,45,10,Course Page,24,15,50,0,0,6.4,44.8,0.1041666666666666,0.46875,10.0,19.15,80.0,0.0,5.0,2,0.0,8,29.0,0.0,10.666666666666666,-29.0,N,1,2026-07-27
158,1,48,9,8,11,2,Course Page,4,14,29,0,0,5.333333333333333,37.33333333333333,0.0416666666666666,0.2291666666666666,8.0,8.25,33.0,0.0,3.0,0,0.0,8,0.0,0.0,22.0,0.0,N,1,2026-07-27
159,1,47,6,9,5,0,Assignment,7,23,17,0,0,7.833333333333333,54.833333333333336,0.0,0.1063829787234042,6.0,34.5,90.0,0.0,5.0,2,0.0,4,75.0,0.0,14.0,0.0,N,1,2026-07-27
160,1,101,14,11,6,21,Course Page,14,36,46,0,0,7.214285714285714,50.5,0.2079207920792079,0.0594059405940594,8.0,12.5,50.0,0.0,5.0,2,0.0,6,0.0,0.0,25.0,0.0,N,1,2026-07-27
161,1,134,17,14,58,40,Course Page,20,40,70,4,0,7.882352941176471,55.1764705882353,0.2985074626865671,0.4328358208955223,6.0,20.166666666666668,50.0,0.0,3.0,1,0.0,5,36.66666666666666,0.0,0.0,0.0,N,1,2026-07-27
162,1,71,12,17,35,14,Course Page,11,25,30,1,0,5.916666666666667,41.41666666666667,0.1971830985915492,0.4929577464788732,12.0,29.791666666666668,80.0,0.0,7.0,5,0.0,7,49.0,40.0,0.0,-9.0,N,1,2026-07-27
163,1,170,21,27,118,58,Assignment,18,120,27,0,0,8.095238095238095,56.66666666666666,0.3411764705882353,0.6941176470588235,9.0,67.22222222222223,100.0,0.0,11.0,7,0.0,2,90.0,100.0,0.0,10.0,N,1,2026-07-27
164,1,16,7,4,15,8,Course Page,0,2,13,0,0,2.2857142857142856,16.0,0.5,0.9375,3.0,0.0,0.0,0.0,0.0,0,0.0,3,0.0,0.0,0.0,0.0,N,1,2026-07-27
165,1,38,9,10,5,12,Course Page,11,9,16,0,0,4.222222222222222,29.55555555555556,0.3157894736842105,0.131578947368421,5.0,33.0,80.0,0.0,3.0,2,0.0,3,75.0,0.0,0.0,0.0,N,1,2026-07-27
166,1,12,7,2,7,7,Assignment,0,7,5,0,0,1.7142857142857142,12.0,0.5833333333333334,0.5833333333333334,4.0,5.5,20.0,0.0,0.0,0,0.0,4,20.0,0.0,0.0,0.0,N,1,2026-07-27
167,1,14,5,6,12,3,Course Page,2,2,8,1,0,2.8,19.6,0.2142857142857142,0.8571428571428571,5.0,0.0,0.0,0.0,0.0,0,0.0,5,0.0,0.0,0.0,0.0,N,1,2026-07-27
168,1,103,6,13,6,32,Course Page,29,21,45,0,0,17.166666666666668,120.16666666666669,0.3106796116504854,0.058252427184466,4.0,23.375,85.0,0.0,2.0,1,0.0,3,85.0,0.0,0.0,0.0,N,1,2026-07-27
169,1,2,1,2,0,0,Course Page,0,0,1,1,0,2.0,14.0,0.0,0.0,6.0,0.0,0.0,0.0,0.0,0,0.0,6,0.0,0.0,0.0,0.0,N,1,2026-07-27
170,1,0,0,0,0,0,No Activity,0,0,0,0,0,0.0,0.0,0.0,0.0,4.0,0.0,0.0,0.0,0.0,0,0.0,4,0.0,0.0,0.0,0.0,N,1,2026-07-27
171,1,0,0,0,0,0,No Activity,0,0,0,0,0,0.0,0.0,0.0,0.0,7.0,0.0,0.0,0.0,0.0,0,0.0,7,0.0,0.0,0.0,0.0,N,1,2026-07-27
172,2,21,5,8,3,1,Other,1,0,0,3,0,4.2,29.4,0.0476190476190476,0.1428571428571428,0.0,0.0,0.0,0.0,0.0,0,0.0,0,0.0,0.0,0.0,0.0,No Result,2,2026-07-27
173,3,31,4,13,13,0,Other,2,2,0,2,12,7.75,54.25,0.0,0.4193548387096774,1.0,0.0,0.0,0.0,0.0,0,0.0,1,0.0,0.0,0.0,0.0,No Result,2,2026-07-27
174,3,18,2,8,0,16,Quiz,0,0,0,0,10,9.0,63.0,0.8888888888888888,0.0,1.0,100.0,100.0,100.0,100.0,1,100.0,0,0.0,0.0,0.0,0.0,No Result,2,2026-07-27
1,1,1086,97,27,291,126,Assignment,5,939,142,0,0,11.195876288659791,78.37113402061856,0.1160220994475138,0.2679558011049723,0.0,0.0,0.0,0.0,0.0,0,0.0,0,0.0,0.0,0.0,0.0,No Result,1,2026-07-28
2,1,549,53,39,256,114,Course Page,137,184,192,15,0,10.358490566037736,72.50943396226415,0.2076502732240437,0.4663023679417122,15.0,70.53999999999999,100.0,0.0,41.0,10,44.8,5,95.0,72.0,34.9,-23.0,SA,1,2026-07-28
3,1,236,30,20,91,33,Course Page,50,92,93,1,0,7.866666666666666,55.06666666666667,0.1398305084745762,0.3855932203389831,12.0,58.083333333333336,100.0,0.0,0.0,9,0.0,3,66.0,63.333333333333336,41.66666666666666,-2.6666666666666643,DX,1,2026-07-28
4,1,183,33,22,72,20,Course Page,48,45,68,6,0,5.545454545454546,38.81818181818182,0.1092896174863388,0.3934426229508196,15.0,83.28666666666666,100.0,60.0,49.0,15,61.9,0,79.0,98.0,68.95,19.0,S,1,2026-07-28
5,1,356,55,25,169,50,Course Page,61,130,165,0,0,6.472727272727273,45.30909090909091,0.1404494382022472,0.4747191011235955,15.0,86.00666666666666,100.0,10.0,86.0,14,93.05,1,71.0,97.0,91.525,26.0,HD,1,2026-07-28
6,1,852,92,60,469,168,Course Page,69,300,428,10,0,9.26086956521739,64.82608695652173,0.1971830985915492,0.5504694835680751,15.0,81.62666666666668,100.0,54.0,0.0,15,60.45,0,87.0,94.0,57.225,7.0,DX,1,2026-07-28
7,1,1292,123,34,121,405,Course Page,373,194,695,16,0,10.504065040650406,73.52845528455283,0.3134674922600619,0.0936532507739938,15.0,53.53333333333333,80.0,31.0,46.0,9,68.0,6,51.0,59.0,49.5,8.0,S,1,2026-07-28
8,1,301,48,20,244,87,Course Page,59,72,151,0,0,6.270833333333333,43.895833333333336,0.2890365448504983,0.8106312292358804,15.0,57.940000000000005,94.0,0.0,46.0,11,71.05,4,46.0,52.0,82.525,6.0,S,1,2026-07-28
9,1,365,47,23,125,25,Assignment,54,160,144,1,0,7.76595744680851,54.361702127659576,0.0684931506849315,0.3424657534246575,15.0,67.83733333333333,100.0,0.0,75.0,12,52.28,3,94.0,40.0,70.14,-54.0,D,1,2026-07-28
10,1,158,23,15,87,24,Course Page,15,48,90,3,0,6.869565217391305,48.08695652173913,0.1518987341772152,0.5506329113924051,11.0,60.08181818181818,95.0,10.0,32.0,6,84.7,5,56.25,70.0,64.85,13.75,N,1,2026-07-28
11,1,229,35,18,92,55,Course Page,10,68,146,2,0,6.542857142857143,45.8,0.2401746724890829,0.4017467248908297,14.0,77.07142857142857,100.0,0.0,33.0,12,0.0,2,88.0,78.0,55.333333333333336,-10.0,N,1,2026-07-28
12,1,1221,84,42,307,252,Course Page,249,268,630,30,0,14.535714285714286,101.75,0.2063882063882063,0.2514332514332514,15.0,79.43333333333334,100.0,40.0,75.0,14,87.0,1,86.0,79.0,71.0,-7.0,D,1,2026-07-28
13,1,187,38,22,80,27,Course Page,35,41,67,36,0,4.921052631578948,34.44736842105263,0.1443850267379679,0.427807486631016,15.0,98.49333333333334,100.0,88.7,76.0,15,88.7,0,100.0,100.0,94.35,0.0,D,1,2026-07-28
14,1,141,28,19,20,16,Assignment,32,39,39,27,0,5.035714285714286,35.25,0.1134751773049645,0.1418439716312056,14.0,82.82142857142857,100.0,0.0,50.0,13,0.0,1,90.0,91.0,54.66666666666666,1.0,P,1,2026-07-28
15,1,1194,97,48,851,231,Assignment,38,658,477,12,0,12.309278350515465,86.16494845360825,0.1934673366834171,0.7127303182579564,15.0,88.74666666666667,100.0,70.0,59.0,15,81.1,0,92.0,94.0,77.05,2.0,P,1,2026-07-28
16,1,733,68,27,439,250,Course Page,184,137,384,1,0,10.779411764705882,75.45588235294119,0.3410641200545702,0.5989085948158254,15.0,68.83333333333333,100.0,0.0,51.0,12,20.25,3,86.0,66.0,49.125,-20.0,P,1,2026-07-28
17,1,43,8,9,15,13,Course Page,7,17,19,0,0,5.375,37.625,0.3023255813953488,0.3488372093023256,7.0,35.857142857142854,100.0,0.0,5.0,3,0.0,4,73.33333333333333,0.0,3.0,0.0,N,1,2026-07-28
18,1,49,5,9,2,48,Course Page,0,8,41,0,0,9.8,68.6,0.979591836734694,0.0408163265306122,6.0,0.0,0.0,0.0,0.0,0,0.0,6,0.0,0.0,0.0,0.0,N,1,2026-07-28
19,1,535,71,33,216,111,Course Page,130,76,247,20,0,7.535211267605634,52.74647887323944,0.2074766355140186,0.4037383177570093,15.0,93.65333333333334,100.0,70.0,83.0,15,93.15,0,90.0,97.0,94.075,7.0,HD,1,2026-07-28
20,1,161,22,32,67,57,Course Page,49,40,55,1,0,7.318181818181818,51.22727272727273,0.3540372670807453,0.4161490683229814,8.0,53.875,100.0,20.0,34.0,4,65.0,4,100.0,20.0,47.25,-80.0,N,1,2026-07-28
21,1,268,41,40,101,55,Assignment,67,87,85,9,0,6.536585365853658,45.75609756097561,0.2052238805970149,0.376865671641791,8.0,67.8875,100.0,26.5,50.0,7,62.3,1,97.5,70.0,62.9,-27.5,P,1,2026-07-28
22,1,1203,111,36,221,239,Course Page,115,292,765,7,0,10.83783783783784,75.86486486486486,0.198669991687448,0.1837073981712385,15.0,96.584,100.0,88.13,83.0,15,88.13,0,98.0,97.0,94.065,-1.0,HD,1,2026-07-28
23,1,402,58,26,119,59,Course Page,158,50,165,11,0,6.931034482758621,48.51724137931034,0.1467661691542288,0.2960199004975124,15.0,85.1,100.0,55.5,83.0,15,74.0,0,94.0,91.0,64.75,-3.0,HD,1,2026-07-28
24,1,248,30,18,85,9,Course Page,56,41,129,21,0,8.266666666666667,57.86666666666667,0.0362903225806451,0.3427419354838709,9.0,83.38888888888889,100.0,38.5,40.0,8,75.5,1,96.25,0.0,81.75,0.0,SA,1,2026-07-28
25,1,382,49,30,148,43,Course Page,90,101,182,2,0,7.795918367346939,54.57142857142857,0.112565445026178,0.387434554973822,15.0,77.36,100.0,46.2,40.0,13,46.2,2,81.0,83.0,64.6,2.0,SA,1,2026-07-28
26,1,415,47,37,205,80,Course Page,119,81,131,38,0,8.829787234042554,61.80851063829787,0.1927710843373494,0.4939759036144578,12.0,38.083333333333336,70.0,0.0,18.0,4,0.0,8,56.66666666666666,36.0,24.0,-20.666666666666664,N,1,2026-07-28
27,1,266,37,17,58,37,Course Page,71,62,128,0,0,7.1891891891891895,50.32432432432432,0.1390977443609022,0.2180451127819548,13.0,51.68461538461538,80.0,30.0,24.0,6,46.45,7,60.0,50.0,44.225,-10.0,N,1,2026-07-28
28,1,7,3,4,3,0,Course Page,0,3,4,0,0,2.333333333333333,16.333333333333336,0.0,0.4285714285714285,4.0,26.125,95.0,0.0,2.0,1,0.0,3,0.0,95.0,0.0,0.0,N,1,2026-07-28
29,1,379,49,37,83,71,Course Page,39,131,147,19,0,7.73469387755102,54.142857142857146,0.1873350923482849,0.2189973614775725,14.0,75.61428571428571,100.0,56.05,59.0,14,56.05,0,83.0,85.0,57.025,2.0,P,1,2026-07-28
30,1,111,26,18,40,35,Course Page,14,41,49,3,0,4.269230769230769,29.884615384615383,0.3153153153153153,0.3603603603603603,9.0,41.66666666666666,95.0,5.5,17.0,4,5.5,5,52.5,0.0,36.0,0.0,N,1,2026-07-28
31,1,362,46,37,114,38,Course Page,79,117,130,11,0,7.869565217391305,55.08695652173913,0.1049723756906077,0.3149171270718232,15.0,90.15333333333334,100.0,65.8,72.0,15,65.8,0,97.4,90.0,80.4,-7.400000000000006,D,1,2026-07-28
32,1,450,59,50,32,54,Assignment,41,226,161,15,0,7.627118644067797,53.389830508474574,0.12,0.0711111111111111,14.0,84.09285714285714,100.0,59.0,75.0,14,59.4,0,91.25,98.0,59.2,6.75,D,1,2026-07-28
33,1,317,43,31,69,101,Course Page,42,72,166,17,0,7.372093023255814,51.604651162790695,0.3186119873817035,0.2176656151419558,15.0,88.39666666666668,100.0,60.0,49.0,15,91.3,0,78.0,100.0,86.7375,22.0,S,1,2026-07-28
34,1,501,58,28,365,130,Course Page,82,166,230,13,0,8.637931034482758,60.4655172413793,0.2594810379241516,0.7285429141716567,13.0,76.96153846153847,100.0,20.0,44.0,11,83.0,2,81.0,73.33333333333333,78.25,-7.666666666666671,SA,1,2026-07-28
35,1,338,51,34,46,17,Course Page,80,113,123,6,0,6.627450980392157,46.3921568627451,0.0502958579881656,0.136094674556213,15.0,84.97333333333333,100.0,70.35,48.0,15,70.35,0,87.8,90.0,74.175,2.200000000000003,S,1,2026-07-28
36,1,402,48,30,141,60,Course Page,87,87,188,0,0,8.375,58.625,0.1492537313432835,0.3507462686567164,15.0,67.6,90.0,35.0,56.0,13,64.5,2,67.0,63.0,74.75,-4.0,P,1,2026-07-28
37,1,212,36,15,16,4,Course Page,32,60,115,3,0,5.888888888888889,41.22222222222222,0.0188679245283018,0.0754716981132075,14.0,77.27142857142857,95.0,55.0,54.0,14,81.4,0,79.0,73.75,80.7,-5.25,P,1,2026-07-28
38,1,846,84,39,256,166,Course Page,130,242,403,20,0,10.071428571428571,70.5,0.1962174940898345,0.3026004728132387,15.0,67.25333333333333,92.0,35.0,45.0,12,79.65,3,62.0,59.0,85.825,-3.0,S,1,2026-07-28
39,1,211,50,37,41,40,Lecture Material,70,58,59,6,0,4.22,29.54,0.1895734597156398,0.1943127962085308,15.0,81.94266666666667,100.0,61.57,70.0,15,61.57,0,94.0,82.0,65.285,-12.0,D,1,2026-07-28
40,1,321,40,22,154,30,Assignment,31,178,111,1,0,8.025,56.175,0.0934579439252336,0.4797507788161994,14.0,62.392857142857146,100.0,19.0,34.0,12,19.0,2,75.0,72.5,35.5,-2.5,N,1,2026-07-28
41,1,409,43,27,225,101,Course Page,78,122,196,10,0,9.511627906976743,66.5813953488372,0.2469437652811736,0.5501222493887531,10.0,38.9,60.0,0.0,15.0,5,46.0,5,40.0,55.0,30.666666666666668,15.0,N,1,2026-07-28
42,1,266,42,20,128,22,Assignment,24,130,101,1,0,6.333333333333333,44.333333333333336,0.0827067669172932,0.4812030075187969,13.0,84.34615384615384,100.0,60.0,62.0,13,60.0,0,91.0,93.33333333333331,72.0,2.3333333333333286,C,1,2026-07-28
43,1,611,63,36,334,99,Course Page,106,77,402,1,0,9.698412698412698,67.88888888888889,0.1620294599018003,0.546644844517185,14.0,82.27857142857144,100.0,45.0,43.0,13,85.95,1,85.0,88.0,73.475,3.0,SA,1,2026-07-28
44,1,367,38,26,107,75,Course Page,85,96,174,7,0,9.657894736842104,67.60526315789474,0.2043596730245231,0.2915531335149863,13.0,83.9076923076923,100.0,67.9,60.0,13,67.9,0,93.0,88.33333333333333,71.95,-4.666666666666671,C,1,2026-07-28
45,1,478,62,56,257,73,Assignment,67,193,193,8,0,7.709677419354839,53.967741935483865,0.1527196652719665,0.5376569037656904,15.0,89.08666666666666,100.0,65.0,71.0,15,79.15,0,88.0,92.0,86.575,4.0,D,1,2026-07-28
46,1,265,40,22,79,64,Course Page,66,59,118,13,0,6.625,46.375,0.2415094339622641,0.2981132075471698,15.0,72.78666666666666,90.0,40.0,46.0,14,69.65,1,69.0,82.0,65.325,13.0,S,1,2026-07-28
47,1,330,53,26,156,115,Course Page,17,138,163,6,0,6.226415094339623,43.58490566037736,0.3484848484848485,0.4727272727272727,15.0,83.44666666666667,100.0,60.0,43.0,15,75.85,0,81.0,87.0,81.925,6.0,SA,1,2026-07-28
48,1,384,48,32,109,98,Course Page,115,96,160,1,0,8.0,56.0,0.2552083333333333,0.2838541666666667,15.0,72.25733333333332,100.0,25.0,48.0,12,51.43,3,86.0,56.0,75.715,-30.0,S,1,2026-07-28
49,1,439,34,30,366,158,Course Page,133,56,192,32,0,12.911764705882351,90.38235294117648,0.3599088838268792,0.8337129840546698,9.0,63.333333333333336,100.0,29.0,26.0,8,64.5,1,65.0,80.0,62.75,15.0,N,1,2026-07-28
50,1,254,35,41,64,8,Lecture Material,80,37,75,36,0,7.257142857142857,50.8,0.0314960629921259,0.2519685039370078,13.0,46.2,84.0,20.0,60.0,6,51.3,7,40.0,33.333333333333336,67.65,-6.666666666666664,C,1,2026-07-28
51,1,270,57,27,125,41,Course Page,44,94,106,12,0,4.7368421052631575,33.15789473684211,0.1518518518518518,0.4629629629629629,14.0,87.73571428571428,100.0,50.0,82.0,14,97.9,0,89.0,82.5,93.95,-6.5,HD,1,2026-07-28
52,1,244,32,23,120,39,Course Page,70,36,94,10,0,7.625,53.375,0.1598360655737705,0.4918032786885246,15.0,71.03333333333333,100.0,50.0,62.0,15,68.0,0,82.0,67.0,61.5,-15.0,C,1,2026-07-28
53,1,267,42,21,60,79,Course Page,75,66,121,4,0,6.357142857142857,44.5,0.2958801498127341,0.2247191011235955,12.0,57.03333333333333,100.0,19.7,37.0,7,19.7,5,72.0,50.0,44.6,-22.0,N,1,2026-07-28
54,1,748,69,41,322,144,Course Page,86,227,378,1,0,10.840579710144928,75.88405797101449,0.1925133689839572,0.4304812834224599,13.0,74.99230769230769,100.0,30.0,41.0,10,76.45,3,67.5,97.5,62.225,30.0,SA,1,2026-07-28
55,1,711,68,25,147,179,Course Page,39,94,552,6,0,10.455882352941176,73.19117647058825,0.2517580872011252,0.2067510548523206,11.0,45.13636363636363,75.0,0.0,22.0,4,44.0,7,48.75,20.0,59.5,-28.75,N,1,2026-07-28
56,1,261,40,25,71,64,Course Page,31,99,113,8,0,6.525,45.675,0.2452107279693486,0.2720306513409962,15.0,78.56666666666666,100.0,0.0,60.0,14,84.0,1,92.0,59.0,87.0,-33.0,C,1,2026-07-28
57,1,176,38,16,78,22,Course Page,11,45,119,0,0,4.631578947368421,32.421052631578945,0.125,0.4431818181818182,6.0,57.333333333333336,100.0,10.0,47.0,5,62.0,1,100.0,0.0,58.5,0.0,S,1,2026-07-28
58,1,387,46,28,135,68,Course Page,93,46,223,11,0,8.41304347826087,58.891304347826086,0.1757105943152454,0.3488372093023256,12.0,26.375,55.0,0.0,20.0,4,53.75,8,17.5,6.666666666666667,54.375,-10.833333333333332,N,1,2026-07-28
59,1,221,28,16,77,28,Course Page,50,48,123,0,0,7.892857142857143,55.25,0.1266968325791855,0.3484162895927601,9.0,55.67777777777778,85.0,29.0,19.0,6,36.05,3,78.33333333333333,55.0,45.525,-23.33333333333333,N,1,2026-07-28
60,1,455,69,27,180,125,Course Page,40,177,214,15,0,6.594202898550725,46.15942028985507,0.2747252747252747,0.3956043956043956,15.0,90.91333333333334,100.0,80.0,65.0,15,84.15,0,91.8,91.0,89.575,-0.7999999999999972,C,1,2026-07-28
61,1,280,49,34,118,59,Course Page,84,64,88,14,0,5.714285714285714,40.0,0.2107142857142857,0.4214285714285714,15.0,91.0,100.0,60.0,83.0,15,80.0,0,98.0,88.0,85.5,-10.0,HD,1,2026-07-28
62,1,220,37,28,98,71,Course Page,47,58,105,4,0,5.945945945945946,41.62162162162162,0.3227272727272727,0.4454545454545454,15.0,74.58,95.0,50.0,48.0,15,88.35,0,79.0,69.0,76.175,-10.0,S,1,2026-07-28
63,1,347,53,31,118,41,Course Page,40,77,204,5,0,6.547169811320755,45.83018867924528,0.1181556195965417,0.3400576368876081,14.0,79.5,100.0,40.0,46.0,13,65.5,1,88.0,75.0,74.75,-13.0,S,1,2026-07-28
64,1,551,30,28,345,60,Course Page,64,49,410,9,0,18.366666666666667,128.56666666666666,0.1088929219600726,0.6261343012704175,10.0,48.73,80.0,10.0,23.0,7,65.65,3,40.0,50.0,61.325,10.0,N,1,2026-07-28
65,1,408,50,34,165,38,Course Page,43,137,180,15,0,8.16,57.12,0.0931372549019607,0.4044117647058823,15.0,83.24666666666667,95.0,58.0,58.0,15,88.4,0,83.8,90.0,73.2,6.200000000000003,P,1,2026-07-28
66,1,213,44,24,39,47,Course Page,71,59,74,3,0,4.840909090909091,33.88636363636364,0.2206572769953051,0.1830985915492957,15.0,74.21333333333334,100.0,30.0,46.0,14,72.35,1,66.0,77.0,81.675,11.0,S,1,2026-07-28
67,1,193,18,42,172,40,Assignment,38,110,34,7,0,10.72222222222222,75.05555555555554,0.2072538860103626,0.8911917098445595,15.0,87.22666666666667,100.0,67.7,70.0,15,67.7,0,96.0,86.0,76.85,-10.0,D,1,2026-07-28
68,1,503,74,31,73,85,Course Page,71,69,342,2,0,6.797297297297297,47.58108108108108,0.1689860834990059,0.1451292246520874,15.0,75.48666666666666,100.0,30.0,44.0,12,41.65,3,72.0,90.0,60.325,18.0,SA,1,2026-07-28
69,1,151,33,22,57,12,Course Page,26,46,78,0,0,4.575757575757576,32.03030303030303,0.0794701986754966,0.3774834437086092,15.0,71.59466666666667,100.0,47.21,58.0,13,47.21,2,74.0,75.0,63.605,1.0,P,1,2026-07-28
70,1,463,46,24,105,76,Course Page,85,89,268,8,0,10.065217391304348,70.45652173913044,0.1641468682505399,0.2267818574514039,15.0,95.83733333333332,100.0,88.28,85.0,15,88.28,0,98.0,96.0,92.64,-2.0,HD,1,2026-07-28
71,1,91,20,14,38,25,Assignment,2,58,24,5,0,4.55,31.85,0.2747252747252747,0.4175824175824176,14.0,54.642857142857146,80.0,0.0,30.0,10,66.0,4,55.0,42.0,73.0,-13.0,N,1,2026-07-28
72,1,452,50,31,192,33,Course Page,75,149,207,8,0,9.04,63.28,0.0730088495575221,0.4247787610619469,15.0,75.97333333333333,100.0,40.0,66.0,14,96.3,1,80.0,62.0,89.65,-18.0,C,1,2026-07-28
73,1,252,39,35,169,48,Assignment,21,106,99,16,0,6.461538461538462,45.23076923076923,0.1904761904761904,0.6706349206349206,10.0,53.4,100.0,0.0,11.0,5,0.0,5,80.0,75.0,9.333333333333334,-5.0,N,1,2026-07-28
74,1,327,60,18,149,59,Course Page,52,60,209,0,0,5.45,38.15,0.1804281345565749,0.45565749235474,15.0,76.5,95.0,30.0,54.0,14,50.0,1,76.0,81.0,71.0,5.0,P,1,2026-07-28
75,1,494,65,24,261,106,Course Page,19,232,240,0,0,7.6,53.2,0.2145748987854251,0.52834008097166,14.0,73.39285714285714,100.0,40.0,55.0,11,41.0,3,70.0,93.75,57.5,23.75,P,1,2026-07-28
76,1,187,29,28,42,24,Assignment,25,78,78,1,0,6.448275862068965,45.137931034482754,0.1283422459893048,0.2245989304812834,15.0,64.23333333333333,100.0,20.0,53.0,11,45.0,4,76.0,61.0,52.5,-15.0,P,1,2026-07-28
77,1,220,35,24,90,28,Course Page,68,45,85,15,0,6.285714285714286,44.0,0.1272727272727272,0.4090909090909091,10.0,70.47,100.0,38.0,50.0,9,89.35,1,70.0,100.0,71.675,30.0,P,1,2026-07-28
78,1,445,66,27,247,87,Course Page,52,56,321,5,0,6.742424242424242,47.196969696969695,0.195505617977528,0.5550561797752809,14.0,76.72142857142856,100.0,50.0,39.0,14,73.3,0,71.25,78.0,82.9,6.75,N,1,2026-07-28
79,1,375,47,29,104,82,Course Page,96,103,145,3,0,7.978723404255319,55.85106382978724,0.2186666666666666,0.2773333333333333,14.0,70.85714285714286,100.0,40.0,63.0,13,63.0,1,86.0,65.0,58.25,-21.0,C,1,2026-07-28
80,1,333,56,21,151,116,Course Page,51,86,193,2,0,5.946428571428571,41.625,0.3483483483483483,0.4534534534534534,15.0,81.77333333333333,100.0,65.0,67.0,15,79.3,0,86.0,78.0,81.15,-8.0,C,1,2026-07-28
81,1,511,76,38,129,125,Lecture Material,159,149,152,22,0,6.723684210526316,47.065789473684205,0.2446183953033268,0.2524461839530332,15.0,35.906666666666666,75.0,10.0,25.0,4,48.8,11,15.0,55.0,38.4,40.0,N,1,2026-07-28
82,1,657,66,29,253,82,Course Page,102,236,299,7,0,9.954545454545457,69.68181818181819,0.1248097412480974,0.3850837138508371,15.0,92.12666666666668,100.0,70.0,73.0,15,88.7,0,90.0,93.0,93.85,3.0,D,1,2026-07-28
83,1,325,50,23,92,61,Course Page,36,69,212,7,0,6.5,45.5,0.1876923076923076,0.283076923076923,15.0,68.04,100.0,40.0,30.0,12,45.3,3,69.0,79.0,51.65,10.0,N,1,2026-07-28
84,1,353,46,24,160,45,Course Page,52,58,227,3,0,7.673913043478261,53.71739130434783,0.1274787535410765,0.4532577903682719,15.0,83.09333333333333,100.0,69.0,52.0,15,70.2,0,84.0,92.0,69.6,8.0,P,1,2026-07-28
85,1,191,35,19,87,43,Course Page,11,72,103,1,0,5.457142857142857,38.2,0.225130890052356,0.4554973821989528,15.0,69.76666666666667,100.0,0.0,21.0,10,0.0,5,79.0,100.0,15.5,21.0,N,1,2026-07-28
86,1,343,47,32,174,43,Course Page,75,66,165,16,0,7.297872340425532,51.08510638297872,0.1253644314868804,0.5072886297376094,12.0,57.76666666666667,100.0,20.0,30.0,8,68.1,4,65.0,43.333333333333336,66.05,-21.666666666666664,N,1,2026-07-28
87,1,120,14,16,27,13,Assignment,13,60,45,1,0,8.571428571428571,60.0,0.1083333333333333,0.225,14.0,59.17857142857143,100.0,0.0,41.0,9,56.0,5,55.0,75.0,49.0,20.0,SA,1,2026-07-28
88,1,109,19,12,27,28,Course Page,14,37,55,0,0,5.7368421052631575,40.1578947368421,0.2568807339449541,0.2477064220183486,9.0,74.33333333333333,100.0,0.0,62.0,7,86.5,2,75.0,0.0,84.75,0.0,C,1,2026-07-28
89,1,284,62,20,165,64,Assignment,20,144,100,4,0,4.580645161290323,32.064516129032256,0.2253521126760563,0.5809859154929577,8.0,14.0,38.0,0.0,9.0,0,38.0,8,0.0,0.0,28.0,0.0,N,1,2026-07-28
90,1,502,51,32,95,64,Course Page,78,171,227,15,0,9.84313725490196,68.90196078431373,0.1274900398406374,0.1892430278884462,15.0,87.90666666666667,100.0,79.0,73.0,15,82.55,0,92.0,89.0,80.775,-3.0,D,1,2026-07-28
91,1,311,51,28,149,41,Course Page,40,78,152,13,0,6.098039215686274,42.68627450980392,0.1318327974276527,0.4790996784565916,15.0,84.86,100.0,50.0,72.0,15,84.95,0,74.0,92.0,89.975,18.0,D,1,2026-07-28
92,1,488,51,41,75,94,Course Page,94,146,180,28,0,9.568627450980392,66.98039215686275,0.1926229508196721,0.1536885245901639,10.0,78.85,100.0,43.5,40.0,9,72.5,1,78.33333333333333,100.0,77.5,21.66666666666667,SA,1,2026-07-28
93,1,188,31,24,45,7,Course Page,39,53,63,7,0,6.064516129032258,42.4516129032258,0.0372340425531914,0.2393617021276596,13.0,32.19230769230769,60.0,0.0,33.0,3,23.0,10,41.0,26.666666666666668,26.25,-14.333333333333332,N,1,2026-07-28
94,1,417,35,26,164,46,Course Page,117,107,160,0,0,11.914285714285716,83.4,0.1103117505995203,0.3932853717026379,14.0,53.785714285714285,90.0,17.0,51.0,8,17.0,6,75.0,56.25,23.25,-18.75,P,1,2026-07-28
95,1,244,31,34,137,72,Course Page,35,96,97,1,0,7.870967741935484,55.096774193548384,0.2950819672131147,0.5614754098360656,12.0,41.833333333333336,86.0,0.0,0.0,4,0.0,8,55.0,26.666666666666668,43.0,-28.33333333333333,DX,1,2026-07-28
96,1,780,74,46,653,188,Assignment,73,351,337,12,0,10.54054054054054,73.78378378378379,0.241025641025641,0.8371794871794872,15.0,68.36,100.0,1.2,25.0,11,1.2,4,82.0,88.0,22.6,6.0,N,1,2026-07-28
97,1,157,35,15,39,54,Course Page,49,45,56,5,0,4.485714285714286,31.4,0.3439490445859872,0.2484076433121019,12.0,76.825,100.0,55.5,44.0,12,55.7,0,88.33333333333333,72.5,77.85,-15.833333333333329,SA,1,2026-07-28
98,1,145,23,16,67,31,Course Page,47,29,66,0,0,6.304347826086956,44.130434782608695,0.2137931034482758,0.4620689655172413,8.0,51.275,100.0,0.0,28.0,5,73.1,3,40.0,0.0,69.55,0.0,N,1,2026-07-28
99,1,417,49,36,77,31,Course Page,114,78,183,12,0,8.510204081632653,59.57142857142857,0.0743405275779376,0.184652278177458,14.0,74.25,100.0,0.0,60.0,13,79.0,1,90.0,53.75,77.0,-36.25,C,1,2026-07-28
100,1,57,20,5,8,6,Course Page,1,2,53,1,0,2.85,19.95,0.1052631578947368,0.1403508771929824,10.0,41.15,75.0,0.0,10.0,5,0.0,5,61.25,50.0,21.75,-11.25,N,1,2026-07-28
101,1,733,50,30,296,161,Course Page,162,118,423,0,0,14.66,102.62,0.2196452933151432,0.4038199181446112,15.0,71.86666666666666,90.0,43.0,38.0,13,67.0,2,74.0,82.0,55.0,8.0,N,1,2026-07-28
102,1,121,15,11,53,24,Course Page,17,43,57,0,0,8.066666666666666,56.46666666666667,0.1983471074380165,0.4380165289256198,8.0,10.375,25.0,0.0,2.0,0,0.0,8,16.666666666666668,20.0,2.0,3.333333333333332,N,1,2026-07-28
103,1,444,81,45,215,128,Course Page,35,160,234,5,0,5.481481481481482,38.37037037037037,0.2882882882882883,0.4842342342342342,15.0,89.96666666666667,100.0,40.0,74.0,13,93.0,2,97.0,100.0,66.5,3.0,D,1,2026-07-28
104,1,421,72,28,140,80,Assignment,94,143,101,36,0,5.847222222222222,40.93055555555555,0.1900237529691211,0.332541567695962,15.0,91.53333333333332,100.0,75.0,72.0,15,94.0,0,96.0,86.0,93.0,-10.0,D,1,2026-07-28
105,1,211,40,22,90,30,Course Page,28,74,95,5,0,5.275,36.925,0.1421800947867298,0.4265402843601896,12.0,65.48333333333333,90.0,25.0,36.0,10,65.65,2,76.0,57.5,60.325,-18.5,N,1,2026-07-28
106,1,638,68,43,395,140,Course Page,65,188,345,7,0,9.382352941176473,65.6764705882353,0.219435736677116,0.6191222570532915,14.0,48.75714285714286,100.0,0.0,33.0,8,32.8,6,46.0,60.0,41.4,14.0,N,1,2026-07-28
107,1,678,69,46,174,108,Course Page,149,180,300,2,0,9.826086956521738,68.78260869565217,0.1592920353982301,0.2566371681415929,14.0,68.35714285714286,100.0,30.0,53.0,13,77.0,1,70.0,65.0,71.5,-5.0,P,1,2026-07-28
108,1,333,32,25,260,79,Course Page,98,66,151,9,0,10.40625,72.84375,0.2372372372372372,0.7807807807807807,14.0,58.46428571428572,85.0,0.0,57.0,12,76.0,2,70.0,38.75,65.75,-31.25,P,1,2026-07-28
109,1,205,30,19,103,6,Course Page,40,46,110,0,0,6.833333333333333,47.833333333333336,0.0292682926829268,0.5024390243902439,11.0,68.95454545454545,90.0,43.5,66.0,10,85.0,1,67.5,82.5,70.0,15.0,C,1,2026-07-28
110,1,251,30,30,194,56,Assignment,34,104,104,2,0,8.366666666666667,58.56666666666667,0.2231075697211155,0.7729083665338645,10.0,51.2,70.0,27.0,22.0,6,58.5,4,56.66666666666666,50.0,53.75,-6.666666666666664,N,1,2026-07-28
111,1,257,25,34,153,18,Assignment,9,147,92,1,0,10.28,71.96,0.0700389105058365,0.5953307392996109,13.0,81.69999999999999,100.0,63.3,45.0,13,63.3,0,99.0,76.66666666666667,66.15,-22.33333333333333,S,1,2026-07-28
112,1,189,26,24,79,31,Assignment,15,80,77,2,0,7.269230769230769,50.88461538461538,0.164021164021164,0.4179894179894179,14.0,67.51428571428572,100.0,30.0,52.0,12,52.85,2,53.75,82.0,64.425,28.25,P,1,2026-07-28
113,1,502,67,30,198,77,Course Page,50,120,293,1,0,7.492537313432836,52.44776119402985,0.1533864541832669,0.3944223107569721,15.0,31.466666666666665,75.0,0.0,24.0,5,62.0,10,17.0,19.0,68.5,2.0,N,1,2026-07-28
114,1,157,22,22,85,4,Assignment,15,92,46,0,0,7.136363636363637,49.95454545454545,0.0254777070063694,0.5414012738853503,15.0,80.2,100.0,60.0,68.0,15,86.0,0,83.0,81.0,75.25,-2.0,C,1,2026-07-28
115,1,455,47,27,73,70,Course Page,100,151,195,2,0,9.680851063829786,67.76595744680851,0.1538461538461538,0.1604395604395604,14.0,73.57142857142857,100.0,50.0,58.0,14,65.0,0,84.0,70.0,65.0,-14.0,P,1,2026-07-28
116,1,127,18,13,91,43,Course Page,11,45,62,8,0,7.055555555555555,49.388888888888886,0.3385826771653543,0.7165354330708661,6.0,50.48333333333333,78.0,0.0,23.0,4,73.45,2,0.0,0.0,75.725,0.0,N,1,2026-07-28
117,1,105,20,22,8,9,Assignment,24,53,23,2,0,5.25,36.75,0.0857142857142857,0.0761904761904762,15.0,92.2,100.0,50.0,82.0,15,91.5,0,100.0,100.0,70.75,0.0,HD,1,2026-07-28
118,1,803,74,32,219,117,Assignment,127,351,295,7,0,10.85135135135135,75.95945945945947,0.1457036114570361,0.2727272727272727,15.0,79.42,100.0,30.0,64.0,14,94.65,1,72.0,80.0,88.825,8.0,C,1,2026-07-28
119,1,165,29,22,66,9,Course Page,39,59,66,0,0,5.689655172413793,39.82758620689655,0.0545454545454545,0.4,15.0,69.7,100.0,10.0,50.0,11,77.5,4,80.0,67.0,59.25,-13.0,P,1,2026-07-28
120,1,191,37,15,42,34,Course Page,61,35,90,3,0,5.162162162162162,36.13513513513514,0.1780104712041884,0.2198952879581152,14.0,88.57857142857142,100.0,64.0,61.0,14,83.05,0,100.0,92.0,73.525,-8.0,C,1,2026-07-28
121,1,230,27,33,108,45,Course Page,71,40,100,2,0,8.518518518518519,59.629629629629626,0.1956521739130435,0.4695652173913043,8.0,48.625,80.0,18.5,25.0,5,31.75,3,65.0,55.0,46.375,-10.0,N,1,2026-07-28
122,1,171,22,24,12,4,Assignment,40,66,59,0,0,7.772727272727272,54.409090909090914,0.023391812865497,0.0701754385964912,14.0,92.64,100.0,78.73,64.0,14,78.73,0,100.0,96.25,80.86500000000001,-3.75,C,1,2026-07-28
123,1,134,21,26,64,13,Course Page,44,38,44,4,0,6.380952380952381,44.66666666666666,0.0970149253731343,0.4776119402985074,10.0,34.05,63.0,0.0,18.0,4,63.0,6,36.25,25.0,42.0,-11.25,N,1,2026-07-28
124,1,599,89,29,211,134,Course Page,190,65,320,22,0,6.730337078651686,47.1123595505618,0.2237061769616026,0.352253756260434,15.0,80.41333333333334,95.0,69.0,72.0,15,72.1,0,83.0,85.0,70.55,2.0,D,1,2026-07-28
125,1,669,89,33,185,153,Course Page,194,107,351,8,0,7.51685393258427,52.61797752808989,0.2286995515695067,0.2765321375186846,15.0,85.4,100.0,70.0,75.0,15,73.5,0,88.0,92.0,72.75,4.0,D,1,2026-07-28
126,1,205,29,20,22,83,Assignment,32,88,78,2,0,7.068965517241379,49.48275862068965,0.4048780487804878,0.1073170731707317,15.0,65.63333333333334,100.0,0.0,53.0,12,54.0,3,72.0,55.0,71.5,-17.0,P,1,2026-07-28
127,1,169,28,19,91,35,Course Page,32,50,83,0,0,6.035714285714286,42.25,0.2071005917159763,0.5384615384615384,11.0,38.95454545454545,85.0,0.0,23.0,6,0.0,5,42.0,85.0,26.0,43.0,N,1,2026-07-28
128,1,230,44,23,71,45,Course Page,18,97,104,5,0,5.227272727272728,36.59090909090909,0.1956521739130435,0.308695652173913,12.0,67.86666666666666,85.0,51.0,30.0,12,68.7,0,66.25,81.66666666666667,63.35,15.416666666666671,N,1,2026-07-28
129,1,662,60,34,264,156,Course Page,147,162,309,1,0,11.033333333333331,77.23333333333333,0.2356495468277945,0.3987915407854985,12.0,55.0,100.0,20.0,24.0,8,30.0,4,58.0,55.0,55.0,-3.0,N,1,2026-07-28
130,1,183,31,15,70,30,Assignment,35,76,72,0,0,5.903225806451613,41.32258064516129,0.1639344262295081,0.3825136612021858,8.0,64.725,100.0,23.0,25.0,6,57.4,2,76.66666666666667,0.0,66.2,0.0,N,1,2026-07-28
131,1,261,35,29,76,37,Course Page,67,72,102,8,0,7.457142857142857,52.2,0.1417624521072797,0.2911877394636015,15.0,87.54666666666667,100.0,76.35,82.0,15,76.35,0,91.0,84.0,87.675,-7.0,HD,1,2026-07-28
132,1,341,42,28,97,27,Course Page,27,127,169,10,0,8.119047619047619,56.833333333333336,0.0791788856304985,0.2844574780058651,14.0,79.64999999999999,100.0,50.0,63.0,14,95.55,0,78.0,72.5,91.775,-5.5,C,1,2026-07-28
133,1,157,18,18,49,16,Course Page,23,54,70,0,0,8.722222222222221,61.05555555555555,0.1019108280254777,0.3121019108280254,7.0,24.685714285714287,50.0,0.0,10.0,1,28.9,6,50.0,0.0,29.45,-50.0,N,1,2026-07-28
134,1,418,37,31,214,88,Course Page,120,75,201,15,0,11.297297297297296,79.08108108108108,0.2105263157894736,0.5119617224880383,12.0,54.333333333333336,95.0,20.0,27.0,7,62.0,5,36.66666666666666,72.5,53.0,35.833333333333336,N,1,2026-07-28
135,1,237,30,37,175,32,Assignment,20,140,70,1,0,7.9,55.3,0.1350210970464135,0.7383966244725738,14.0,78.47857142857143,100.0,37.0,38.0,12,50.35,2,96.0,90.0,43.675,-6.0,N,1,2026-07-28
136,1,359,51,22,145,87,Course Page,29,159,161,2,0,7.03921568627451,49.27450980392157,0.2423398328690807,0.403899721448468,14.0,73.15714285714286,83.85,65.0,56.0,14,83.85,0,75.0,71.0,75.925,-4.0,P,1,2026-07-28
137,1,307,28,42,114,29,Assignment,26,188,90,0,0,10.964285714285714,76.75,0.0944625407166123,0.3713355048859935,15.0,78.88000000000001,100.0,50.35,37.0,15,50.35,0,89.0,88.0,52.425,-1.0,N,1,2026-07-28
138,1,214,24,20,92,61,Assignment,17,99,93,1,0,8.916666666666666,62.41666666666667,0.2850467289719626,0.4299065420560747,13.0,74.6923076923077,100.0,30.0,42.0,11,88.5,2,71.25,78.75,77.75,7.5,SA,1,2026-07-28
139,1,135,22,15,72,40,Course Page,14,54,64,0,0,6.136363636363637,42.95454545454545,0.2962962962962963,0.5333333333333333,13.0,45.61538461538461,80.0,0.0,33.0,8,65.0,5,46.0,26.666666666666668,63.0,-19.33333333333333,N,1,2026-07-28
140,1,7,5,3,1,2,Course Page,0,2,4,1,0,1.4,9.8,0.2857142857142857,0.1428571428571428,4.0,5.5,20.0,0.0,0.0,0,0.0,4,20.0,0.0,0.0,0.0,N,1,2026-07-28
141,1,374,51,28,119,53,Course Page,58,100,201,9,0,7.333333333333333,51.333333333333336,0.141711229946524,0.3181818181818182,14.0,55.29,100.0,30.0,48.0,8,43.78,6,61.0,40.0,65.64,-21.0,S,1,2026-07-28
142,1,277,47,24,39,44,Course Page,55,57,125,6,0,5.893617021276596,41.25531914893617,0.1588447653429603,0.1407942238267148,14.0,89.41428571428571,100.0,75.0,71.0,14,95.9,0,92.5,90.0,87.45,-2.5,D,1,2026-07-28
143,1,501,38,26,232,64,Course Page,162,65,235,9,0,13.18421052631579,92.28947368421052,0.1277445109780439,0.4630738522954092,7.0,45.142857142857146,90.0,0.0,13.0,3,0.0,4,55.0,30.0,54.0,-25.0,N,1,2026-07-28
144,1,105,12,17,90,27,Course Page,3,33,66,0,0,8.75,61.25,0.2571428571428571,0.8571428571428571,10.0,62.5,95.0,0.0,58.0,7,87.0,3,60.0,72.5,58.0,12.5,P,1,2026-07-28
145,1,112,10,16,82,2,Lecture Material,48,26,35,3,0,11.2,78.39999999999999,0.0178571428571428,0.7321428571428571,8.0,58.875,100.0,0.0,17.0,5,0.0,3,77.5,0.0,43.333333333333336,0.0,N,1,2026-07-28
146,1,176,34,18,87,41,Course Page,58,39,63,2,0,5.176470588235294,36.235294117647065,0.2329545454545454,0.4943181818181818,7.0,60.07142857142857,75.0,14.5,22.0,6,55.5,1,72.5,0.0,65.25,0.0,N,1,2026-07-28
147,1,265,37,26,83,78,Course Page,59,81,115,8,0,7.162162162162162,50.13513513513514,0.2943396226415094,0.3132075471698113,10.0,65.25,100.0,12.75,25.0,6,12.75,4,92.5,40.0,50.375,-52.5,N,1,2026-07-28
148,1,101,21,18,44,17,Assignment,26,38,34,3,0,4.809523809523809,33.666666666666664,0.1683168316831683,0.4356435643564356,9.0,58.28888888888889,100.0,30.0,24.0,5,55.8,4,93.33333333333331,30.0,45.9,-63.33333333333333,N,1,2026-07-28
149,1,166,22,35,63,9,Assignment,14,126,26,0,0,7.545454545454546,52.81818181818182,0.0542168674698795,0.3795180722891566,14.0,87.92857142857143,100.0,62.75,60.0,14,62.75,0,99.0,97.5,64.375,-1.5,C,1,2026-07-28
150,1,94,25,14,25,20,Course Page,18,27,40,0,0,3.76,26.32,0.2127659574468085,0.2659574468085106,14.0,90.15,100.0,49.0,69.0,12,95.3,2,97.0,100.0,72.15,3.0,C,1,2026-07-28
151,1,54,13,13,27,10,Course Page,14,10,28,0,0,4.153846153846154,29.07692307692308,0.1851851851851851,0.5,10.0,53.9,100.0,0.0,10.0,6,0.0,4,45.0,80.0,0.0,35.0,N,1,2026-07-28
152,1,203,24,18,118,43,Course Page,31,76,87,1,0,8.458333333333334,59.208333333333336,0.2118226600985221,0.5812807881773399,8.0,19.5,38.0,0.0,11.0,0,38.0,8,5.0,10.0,33.5,5.0,N,1,2026-07-28
153,1,92,22,13,66,15,Assignment,23,60,8,0,0,4.181818181818182,29.27272727272728,0.1630434782608695,0.717391304347826,13.0,52.29230769230769,65.0,10.0,26.0,10,60.4,3,51.0,45.0,62.7,-6.0,N,1,2026-07-28
154,1,220,28,34,152,39,Course Page,42,42,115,2,0,7.857142857142857,55.0,0.1772727272727272,0.6909090909090909,5.0,11.4,50.0,0.0,1.0,1,0.0,4,0.0,50.0,0.6666666666666666,0.0,N,1,2026-07-28
155,1,8,3,4,6,0,Course Page,1,2,4,0,0,2.6666666666666665,18.666666666666668,0.0,0.75,6.0,0.0,0.0,0.0,0.0,0,0.0,6,0.0,0.0,0.0,0.0,N,1,2026-07-28
156,1,75,18,14,9,6,Course Page,15,26,30,2,0,4.166666666666667,29.166666666666664,0.08,0.12,15.0,84.06,100.0,50.0,42.0,15,82.7,0,82.0,83.0,88.35,1.0,SA,1,2026-07-28
157,1,96,15,20,45,10,Course Page,24,15,50,0,0,6.4,44.8,0.1041666666666666,0.46875,10.0,19.15,80.0,0.0,5.0,2,0.0,8,29.0,0.0,10.666666666666666,-29.0,N,1,2026-07-28
158,1,48,9,8,11,2,Course Page,4,14,29,0,0,5.333333333333333,37.33333333333333,0.0416666666666666,0.2291666666666666,8.0,8.25,33.0,0.0,3.0,0,0.0,8,0.0,0.0,22.0,0.0,N,1,2026-07-28
159,1,47,6,9,5,0,Assignment,7,23,17,0,0,7.833333333333333,54.833333333333336,0.0,0.1063829787234042,6.0,34.5,90.0,0.0,5.0,2,0.0,4,75.0,0.0,14.0,0.0,N,1,2026-07-28
160,1,101,14,11,6,21,Course Page,14,36,46,0,0,7.214285714285714,50.5,0.2079207920792079,0.0594059405940594,8.0,12.5,50.0,0.0,5.0,2,0.0,6,0.0,0.0,25.0,0.0,N,1,2026-07-28
161,1,134,17,14,58,40,Course Page,20,40,70,4,0,7.882352941176471,55.1764705882353,0.2985074626865671,0.4328358208955223,6.0,20.166666666666668,50.0,0.0,3.0,1,0.0,5,36.66666666666666,0.0,0.0,0.0,N,1,2026-07-28
162,1,71,12,17,35,14,Course Page,11,25,30,1,0,5.916666666666667,41.41666666666667,0.1971830985915492,0.4929577464788732,12.0,29.791666666666668,80.0,0.0,7.0,5,0.0,7,49.0,40.0,0.0,-9.0,N,1,2026-07-28
163,1,170,21,27,118,58,Assignment,18,120,27,0,0,8.095238095238095,56.66666666666666,0.3411764705882353,0.6941176470588235,9.0,67.22222222222223,100.0,0.0,11.0,7,0.0,2,90.0,100.0,0.0,10.0,N,1,2026-07-28
164,1,16,7,4,15,8,Course Page,0,2,13,0,0,2.2857142857142856,16.0,0.5,0.9375,3.0,0.0,0.0,0.0,0.0,0,0.0,3,0.0,0.0,0.0,0.0,N,1,2026-07-28
165,1,38,9,10,5,12,Course Page,11,9,16,0,0,4.222222222222222,29.55555555555556,0.3157894736842105,0.131578947368421,5.0,33.0,80.0,0.0,3.0,2,0.0,3,75.0,0.0,0.0,0.0,N,1,2026-07-28
166,1,12,7,2,7,7,Assignment,0,7,5,0,0,1.7142857142857142,12.0,0.5833333333333334,0.5833333333333334,4.0,5.5,20.0,0.0,0.0,0,0.0,4,20.0,0.0,0.0,0.0,N,1,2026-07-28
167,1,14,5,6,12,3,Course Page,2,2,8,1,0,2.8,19.6,0.2142857142857142,0.8571428571428571,5.0,0.0,0.0,0.0,0.0,0,0.0,5,0.0,0.0,0.0,0.0,N,1,2026-07-28
168,1,103,6,13,6,32,Course Page,29,21,45,0,0,17.166666666666668,120.16666666666669,0.3106796116504854,0.058252427184466,4.0,23.375,85.0,0.0,2.0,1,0.0,3,85.0,0.0,0.0,0.0,N,1,2026-07-28
169,1,2,1,2,0,0,Course Page,0,0,1,1,0,2.0,14.0,0.0,0.0,6.0,0.0,0.0,0.0,0.0,0,0.0,6,0.0,0.0,0.0,0.0,N,1,2026-07-28
170,1,0,0,0,0,0,No Activity,0,0,0,0,0,0.0,0.0,0.0,0.0,4.0,0.0,0.0,0.0,0.0,0,0.0,4,0.0,0.0,0.0,0.0,N,1,2026-07-28
171,1,0,0,0,0,0,No Activity,0,0,0,0,0,0.0,0.0,0.0,0.0,7.0,0.0,0.0,0.0,0.0,0,0.0,7,0.0,0.0,0.0,0.0,N,1,2026-07-28
172,2,21,5,8,3,1,Other,1,0,0,3,0,4.2,29.4,0.0476190476190476,0.1428571428571428,0.0,0.0,0.0,0.0,0.0,0,0.0,0,0.0,0.0,0.0,0.0,No Result,2,2026-07-28
173,3,31,4,13,13,0,Other,2,2,0,2,12,7.75,54.25,0.0,0.4193548387096774,1.0,0.0,0.0,0.0,0.0,0,0.0,1,0.0,0.0,0.0,0.0,No Result,2,2026-07-28
174,3,18,2,8,0,16,Quiz,0,0,0,0,10,9.0,63.0,0.8888888888888888,0.0,1.0,100.0,100.0,100.0,100.0,1,100.0,0,0.0,0.0,0.0,0.0,No Result,2,2026-07-28
1,1,1086,97,27,291,126,Assignment,5,939,142,0,0,11.195876288659791,78.37113402061856,0.1160220994475138,0.2679558011049723,0.0,0.0,0.0,0.0,0.0,0,0.0,0,0.0,0.0,0.0,0.0,No Result,1,2026-07-29
2,1,549,53,39,256,114,Course Page,137,184,192,15,0,10.358490566037736,72.50943396226415,0.2076502732240437,0.4663023679417122,15.0,70.53999999999999,100.0,0.0,41.0,10,44.8,5,95.0,72.0,34.9,-23.0,SA,1,2026-07-29
3,1,236,30,20,91,33,Course Page,50,92,93,1,0,7.866666666666666,55.06666666666667,0.1398305084745762,0.3855932203389831,12.0,58.083333333333336,100.0,0.0,0.0,9,0.0,3,66.0,63.333333333333336,41.66666666666666,-2.6666666666666643,DX,1,2026-07-29
4,1,183,33,22,72,20,Course Page,48,45,68,6,0,5.545454545454546,38.81818181818182,0.1092896174863388,0.3934426229508196,15.0,83.28666666666666,100.0,60.0,49.0,15,61.9,0,79.0,98.0,68.95,19.0,S,1,2026-07-29
5,1,356,55,25,169,50,Course Page,61,130,165,0,0,6.472727272727273,45.30909090909091,0.1404494382022472,0.4747191011235955,15.0,86.00666666666666,100.0,10.0,86.0,14,93.05,1,71.0,97.0,91.525,26.0,HD,1,2026-07-29
6,1,852,92,60,469,168,Course Page,69,300,428,10,0,9.26086956521739,64.82608695652173,0.1971830985915492,0.5504694835680751,15.0,81.62666666666668,100.0,54.0,0.0,15,60.45,0,87.0,94.0,57.225,7.0,DX,1,2026-07-29
7,1,1292,123,34,121,405,Course Page,373,194,695,16,0,10.504065040650406,73.52845528455283,0.3134674922600619,0.0936532507739938,15.0,53.53333333333333,80.0,31.0,46.0,9,68.0,6,51.0,59.0,49.5,8.0,S,1,2026-07-29
8,1,301,48,20,244,87,Course Page,59,72,151,0,0,6.270833333333333,43.895833333333336,0.2890365448504983,0.8106312292358804,15.0,57.940000000000005,94.0,0.0,46.0,11,71.05,4,46.0,52.0,82.525,6.0,S,1,2026-07-29
9,1,365,47,23,125,25,Assignment,54,160,144,1,0,7.76595744680851,54.361702127659576,0.0684931506849315,0.3424657534246575,15.0,67.83733333333333,100.0,0.0,75.0,12,52.28,3,94.0,40.0,70.14,-54.0,D,1,2026-07-29
10,1,158,23,15,87,24,Course Page,15,48,90,3,0,6.869565217391305,48.08695652173913,0.1518987341772152,0.5506329113924051,11.0,60.08181818181818,95.0,10.0,32.0,6,84.7,5,56.25,70.0,64.85,13.75,N,1,2026-07-29
11,1,229,35,18,92,55,Course Page,10,68,146,2,0,6.542857142857143,45.8,0.2401746724890829,0.4017467248908297,14.0,77.07142857142857,100.0,0.0,33.0,12,0.0,2,88.0,78.0,55.333333333333336,-10.0,N,1,2026-07-29
12,1,1221,84,42,307,252,Course Page,249,268,630,30,0,14.535714285714286,101.75,0.2063882063882063,0.2514332514332514,15.0,79.43333333333334,100.0,40.0,75.0,14,87.0,1,86.0,79.0,71.0,-7.0,D,1,2026-07-29
13,1,187,38,22,80,27,Course Page,35,41,67,36,0,4.921052631578948,34.44736842105263,0.1443850267379679,0.427807486631016,15.0,98.49333333333334,100.0,88.7,76.0,15,88.7,0,100.0,100.0,94.35,0.0,D,1,2026-07-29
14,1,141,28,19,20,16,Assignment,32,39,39,27,0,5.035714285714286,35.25,0.1134751773049645,0.1418439716312056,14.0,82.82142857142857,100.0,0.0,50.0,13,0.0,1,90.0,91.0,54.66666666666666,1.0,P,1,2026-07-29
15,1,1194,97,48,851,231,Assignment,38,658,477,12,0,12.309278350515465,86.16494845360825,0.1934673366834171,0.7127303182579564,15.0,88.74666666666667,100.0,70.0,59.0,15,81.1,0,92.0,94.0,77.05,2.0,P,1,2026-07-29
16,1,733,68,27,439,250,Course Page,184,137,384,1,0,10.779411764705882,75.45588235294119,0.3410641200545702,0.5989085948158254,15.0,68.83333333333333,100.0,0.0,51.0,12,20.25,3,86.0,66.0,49.125,-20.0,P,1,2026-07-29
17,1,43,8,9,15,13,Course Page,7,17,19,0,0,5.375,37.625,0.3023255813953488,0.3488372093023256,7.0,35.857142857142854,100.0,0.0,5.0,3,0.0,4,73.33333333333333,0.0,3.0,0.0,N,1,2026-07-29
18,1,49,5,9,2,48,Course Page,0,8,41,0,0,9.8,68.6,0.979591836734694,0.0408163265306122,6.0,0.0,0.0,0.0,0.0,0,0.0,6,0.0,0.0,0.0,0.0,N,1,2026-07-29
19,1,535,71,33,216,111,Course Page,130,76,247,20,0,7.535211267605634,52.74647887323944,0.2074766355140186,0.4037383177570093,15.0,93.65333333333334,100.0,70.0,83.0,15,93.15,0,90.0,97.0,94.075,7.0,HD,1,2026-07-29
20,1,161,22,32,67,57,Course Page,49,40,55,1,0,7.318181818181818,51.22727272727273,0.3540372670807453,0.4161490683229814,8.0,53.875,100.0,20.0,34.0,4,65.0,4,100.0,20.0,47.25,-80.0,N,1,2026-07-29
21,1,268,41,40,101,55,Assignment,67,87,85,9,0,6.536585365853658,45.75609756097561,0.2052238805970149,0.376865671641791,8.0,67.8875,100.0,26.5,50.0,7,62.3,1,97.5,70.0,62.9,-27.5,P,1,2026-07-29
22,1,1203,111,36,221,239,Course Page,115,292,765,7,0,10.83783783783784,75.86486486486486,0.198669991687448,0.1837073981712385,15.0,96.584,100.0,88.13,83.0,15,88.13,0,98.0,97.0,94.065,-1.0,HD,1,2026-07-29
23,1,402,58,26,119,59,Course Page,158,50,165,11,0,6.931034482758621,48.51724137931034,0.1467661691542288,0.2960199004975124,15.0,85.1,100.0,55.5,83.0,15,74.0,0,94.0,91.0,64.75,-3.0,HD,1,2026-07-29
24,1,248,30,18,85,9,Course Page,56,41,129,21,0,8.266666666666667,57.86666666666667,0.0362903225806451,0.3427419354838709,9.0,83.38888888888889,100.0,38.5,40.0,8,75.5,1,96.25,0.0,81.75,0.0,SA,1,2026-07-29
25,1,382,49,30,148,43,Course Page,90,101,182,2,0,7.795918367346939,54.57142857142857,0.112565445026178,0.387434554973822,15.0,77.36,100.0,46.2,40.0,13,46.2,2,81.0,83.0,64.6,2.0,SA,1,2026-07-29
26,1,415,47,37,205,80,Course Page,119,81,131,38,0,8.829787234042554,61.80851063829787,0.1927710843373494,0.4939759036144578,12.0,38.083333333333336,70.0,0.0,18.0,4,0.0,8,56.66666666666666,36.0,24.0,-20.666666666666664,N,1,2026-07-29
27,1,266,37,17,58,37,Course Page,71,62,128,0,0,7.1891891891891895,50.32432432432432,0.1390977443609022,0.2180451127819548,13.0,51.68461538461538,80.0,30.0,24.0,6,46.45,7,60.0,50.0,44.225,-10.0,N,1,2026-07-29
28,1,7,3,4,3,0,Course Page,0,3,4,0,0,2.333333333333333,16.333333333333336,0.0,0.4285714285714285,4.0,26.125,95.0,0.0,2.0,1,0.0,3,0.0,95.0,0.0,0.0,N,1,2026-07-29
29,1,379,49,37,83,71,Course Page,39,131,147,19,0,7.73469387755102,54.142857142857146,0.1873350923482849,0.2189973614775725,14.0,75.61428571428571,100.0,56.05,59.0,14,56.05,0,83.0,85.0,57.025,2.0,P,1,2026-07-29
30,1,111,26,18,40,35,Course Page,14,41,49,3,0,4.269230769230769,29.884615384615383,0.3153153153153153,0.3603603603603603,9.0,41.66666666666666,95.0,5.5,17.0,4,5.5,5,52.5,0.0,36.0,0.0,N,1,2026-07-29
31,1,362,46,37,114,38,Course Page,79,117,130,11,0,7.869565217391305,55.08695652173913,0.1049723756906077,0.3149171270718232,15.0,90.15333333333334,100.0,65.8,72.0,15,65.8,0,97.4,90.0,80.4,-7.400000000000006,D,1,2026-07-29
32,1,450,59,50,32,54,Assignment,41,226,161,15,0,7.627118644067797,53.389830508474574,0.12,0.0711111111111111,14.0,84.09285714285714,100.0,59.0,75.0,14,59.4,0,91.25,98.0,59.2,6.75,D,1,2026-07-29
33,1,317,43,31,69,101,Course Page,42,72,166,17,0,7.372093023255814,51.604651162790695,0.3186119873817035,0.2176656151419558,15.0,88.39666666666668,100.0,60.0,49.0,15,91.3,0,78.0,100.0,86.7375,22.0,S,1,2026-07-29
34,1,501,58,28,365,130,Course Page,82,166,230,13,0,8.637931034482758,60.4655172413793,0.2594810379241516,0.7285429141716567,13.0,76.96153846153847,100.0,20.0,44.0,11,83.0,2,81.0,73.33333333333333,78.25,-7.666666666666671,SA,1,2026-07-29
35,1,338,51,34,46,17,Course Page,80,113,123,6,0,6.627450980392157,46.3921568627451,0.0502958579881656,0.136094674556213,15.0,84.97333333333333,100.0,70.35,48.0,15,70.35,0,87.8,90.0,74.175,2.200000000000003,S,1,2026-07-29
36,1,402,48,30,141,60,Course Page,87,87,188,0,0,8.375,58.625,0.1492537313432835,0.3507462686567164,15.0,67.6,90.0,35.0,56.0,13,64.5,2,67.0,63.0,74.75,-4.0,P,1,2026-07-29
37,1,212,36,15,16,4,Course Page,32,60,115,3,0,5.888888888888889,41.22222222222222,0.0188679245283018,0.0754716981132075,14.0,77.27142857142857,95.0,55.0,54.0,14,81.4,0,79.0,73.75,80.7,-5.25,P,1,2026-07-29
38,1,846,84,39,256,166,Course Page,130,242,403,20,0,10.071428571428571,70.5,0.1962174940898345,0.3026004728132387,15.0,67.25333333333333,92.0,35.0,45.0,12,79.65,3,62.0,59.0,85.825,-3.0,S,1,2026-07-29
39,1,211,50,37,41,40,Lecture Material,70,58,59,6,0,4.22,29.54,0.1895734597156398,0.1943127962085308,15.0,81.94266666666667,100.0,61.57,70.0,15,61.57,0,94.0,82.0,65.285,-12.0,D,1,2026-07-29
40,1,321,40,22,154,30,Assignment,31,178,111,1,0,8.025,56.175,0.0934579439252336,0.4797507788161994,14.0,62.392857142857146,100.0,19.0,34.0,12,19.0,2,75.0,72.5,35.5,-2.5,N,1,2026-07-29
41,1,409,43,27,225,101,Course Page,78,122,196,10,0,9.511627906976743,66.5813953488372,0.2469437652811736,0.5501222493887531,10.0,38.9,60.0,0.0,15.0,5,46.0,5,40.0,55.0,30.666666666666668,15.0,N,1,2026-07-29
42,1,266,42,20,128,22,Assignment,24,130,101,1,0,6.333333333333333,44.333333333333336,0.0827067669172932,0.4812030075187969,13.0,84.34615384615384,100.0,60.0,62.0,13,60.0,0,91.0,93.33333333333331,72.0,2.3333333333333286,C,1,2026-07-29
43,1,611,63,36,334,99,Course Page,106,77,402,1,0,9.698412698412698,67.88888888888889,0.1620294599018003,0.546644844517185,14.0,82.27857142857144,100.0,45.0,43.0,13,85.95,1,85.0,88.0,73.475,3.0,SA,1,2026-07-29
44,1,367,38,26,107,75,Course Page,85,96,174,7,0,9.657894736842104,67.60526315789474,0.2043596730245231,0.2915531335149863,13.0,83.9076923076923,100.0,67.9,60.0,13,67.9,0,93.0,88.33333333333333,71.95,-4.666666666666671,C,1,2026-07-29
45,1,478,62,56,257,73,Assignment,67,193,193,8,0,7.709677419354839,53.967741935483865,0.1527196652719665,0.5376569037656904,15.0,89.08666666666666,100.0,65.0,71.0,15,79.15,0,88.0,92.0,86.575,4.0,D,1,2026-07-29
46,1,265,40,22,79,64,Course Page,66,59,118,13,0,6.625,46.375,0.2415094339622641,0.2981132075471698,15.0,72.78666666666666,90.0,40.0,46.0,14,69.65,1,69.0,82.0,65.325,13.0,S,1,2026-07-29
47,1,330,53,26,156,115,Course Page,17,138,163,6,0,6.226415094339623,43.58490566037736,0.3484848484848485,0.4727272727272727,15.0,83.44666666666667,100.0,60.0,43.0,15,75.85,0,81.0,87.0,81.925,6.0,SA,1,2026-07-29
48,1,384,48,32,109,98,Course Page,115,96,160,1,0,8.0,56.0,0.2552083333333333,0.2838541666666667,15.0,72.25733333333332,100.0,25.0,48.0,12,51.43,3,86.0,56.0,75.715,-30.0,S,1,2026-07-29
49,1,439,34,30,366,158,Course Page,133,56,192,32,0,12.911764705882351,90.38235294117648,0.3599088838268792,0.8337129840546698,9.0,63.333333333333336,100.0,29.0,26.0,8,64.5,1,65.0,80.0,62.75,15.0,N,1,2026-07-29
50,1,254,35,41,64,8,Lecture Material,80,37,75,36,0,7.257142857142857,50.8,0.0314960629921259,0.2519685039370078,13.0,46.2,84.0,20.0,60.0,6,51.3,7,40.0,33.333333333333336,67.65,-6.666666666666664,C,1,2026-07-29
51,1,270,57,27,125,41,Course Page,44,94,106,12,0,4.7368421052631575,33.15789473684211,0.1518518518518518,0.4629629629629629,14.0,87.73571428571428,100.0,50.0,82.0,14,97.9,0,89.0,82.5,93.95,-6.5,HD,1,2026-07-29
52,1,244,32,23,120,39,Course Page,70,36,94,10,0,7.625,53.375,0.1598360655737705,0.4918032786885246,15.0,71.03333333333333,100.0,50.0,62.0,15,68.0,0,82.0,67.0,61.5,-15.0,C,1,2026-07-29
53,1,267,42,21,60,79,Course Page,75,66,121,4,0,6.357142857142857,44.5,0.2958801498127341,0.2247191011235955,12.0,57.03333333333333,100.0,19.7,37.0,7,19.7,5,72.0,50.0,44.6,-22.0,N,1,2026-07-29
54,1,748,69,41,322,144,Course Page,86,227,378,1,0,10.840579710144928,75.88405797101449,0.1925133689839572,0.4304812834224599,13.0,74.99230769230769,100.0,30.0,41.0,10,76.45,3,67.5,97.5,62.225,30.0,SA,1,2026-07-29
55,1,711,68,25,147,179,Course Page,39,94,552,6,0,10.455882352941176,73.19117647058825,0.2517580872011252,0.2067510548523206,11.0,45.13636363636363,75.0,0.0,22.0,4,44.0,7,48.75,20.0,59.5,-28.75,N,1,2026-07-29
56,1,261,40,25,71,64,Course Page,31,99,113,8,0,6.525,45.675,0.2452107279693486,0.2720306513409962,15.0,78.56666666666666,100.0,0.0,60.0,14,84.0,1,92.0,59.0,87.0,-33.0,C,1,2026-07-29
57,1,176,38,16,78,22,Course Page,11,45,119,0,0,4.631578947368421,32.421052631578945,0.125,0.4431818181818182,6.0,57.333333333333336,100.0,10.0,47.0,5,62.0,1,100.0,0.0,58.5,0.0,S,1,2026-07-29
58,1,387,46,28,135,68,Course Page,93,46,223,11,0,8.41304347826087,58.891304347826086,0.1757105943152454,0.3488372093023256,12.0,26.375,55.0,0.0,20.0,4,53.75,8,17.5,6.666666666666667,54.375,-10.833333333333332,N,1,2026-07-29
59,1,221,28,16,77,28,Course Page,50,48,123,0,0,7.892857142857143,55.25,0.1266968325791855,0.3484162895927601,9.0,55.67777777777778,85.0,29.0,19.0,6,36.05,3,78.33333333333333,55.0,45.525,-23.33333333333333,N,1,2026-07-29
60,1,455,69,27,180,125,Course Page,40,177,214,15,0,6.594202898550725,46.15942028985507,0.2747252747252747,0.3956043956043956,15.0,90.91333333333334,100.0,80.0,65.0,15,84.15,0,91.8,91.0,89.575,-0.7999999999999972,C,1,2026-07-29
61,1,280,49,34,118,59,Course Page,84,64,88,14,0,5.714285714285714,40.0,0.2107142857142857,0.4214285714285714,15.0,91.0,100.0,60.0,83.0,15,80.0,0,98.0,88.0,85.5,-10.0,HD,1,2026-07-29
62,1,220,37,28,98,71,Course Page,47,58,105,4,0,5.945945945945946,41.62162162162162,0.3227272727272727,0.4454545454545454,15.0,74.58,95.0,50.0,48.0,15,88.35,0,79.0,69.0,76.175,-10.0,S,1,2026-07-29
63,1,347,53,31,118,41,Course Page,40,77,204,5,0,6.547169811320755,45.83018867924528,0.1181556195965417,0.3400576368876081,14.0,79.5,100.0,40.0,46.0,13,65.5,1,88.0,75.0,74.75,-13.0,S,1,2026-07-29
64,1,551,30,28,345,60,Course Page,64,49,410,9,0,18.366666666666667,128.56666666666666,0.1088929219600726,0.6261343012704175,10.0,48.73,80.0,10.0,23.0,7,65.65,3,40.0,50.0,61.325,10.0,N,1,2026-07-29
65,1,408,50,34,165,38,Course Page,43,137,180,15,0,8.16,57.12,0.0931372549019607,0.4044117647058823,15.0,83.24666666666667,95.0,58.0,58.0,15,88.4,0,83.8,90.0,73.2,6.200000000000003,P,1,2026-07-29
66,1,213,44,24,39,47,Course Page,71,59,74,3,0,4.840909090909091,33.88636363636364,0.2206572769953051,0.1830985915492957,15.0,74.21333333333334,100.0,30.0,46.0,14,72.35,1,66.0,77.0,81.675,11.0,S,1,2026-07-29
67,1,193,18,42,172,40,Assignment,38,110,34,7,0,10.72222222222222,75.05555555555554,0.2072538860103626,0.8911917098445595,15.0,87.22666666666667,100.0,67.7,70.0,15,67.7,0,96.0,86.0,76.85,-10.0,D,1,2026-07-29
68,1,503,74,31,73,85,Course Page,71,69,342,2,0,6.797297297297297,47.58108108108108,0.1689860834990059,0.1451292246520874,15.0,75.48666666666666,100.0,30.0,44.0,12,41.65,3,72.0,90.0,60.325,18.0,SA,1,2026-07-29
69,1,151,33,22,57,12,Course Page,26,46,78,0,0,4.575757575757576,32.03030303030303,0.0794701986754966,0.3774834437086092,15.0,71.59466666666667,100.0,47.21,58.0,13,47.21,2,74.0,75.0,63.605,1.0,P,1,2026-07-29
70,1,463,46,24,105,76,Course Page,85,89,268,8,0,10.065217391304348,70.45652173913044,0.1641468682505399,0.2267818574514039,15.0,95.83733333333332,100.0,88.28,85.0,15,88.28,0,98.0,96.0,92.64,-2.0,HD,1,2026-07-29
71,1,91,20,14,38,25,Assignment,2,58,24,5,0,4.55,31.85,0.2747252747252747,0.4175824175824176,14.0,54.642857142857146,80.0,0.0,30.0,10,66.0,4,55.0,42.0,73.0,-13.0,N,1,2026-07-29
72,1,452,50,31,192,33,Course Page,75,149,207,8,0,9.04,63.28,0.0730088495575221,0.4247787610619469,15.0,75.97333333333333,100.0,40.0,66.0,14,96.3,1,80.0,62.0,89.65,-18.0,C,1,2026-07-29
73,1,252,39,35,169,48,Assignment,21,106,99,16,0,6.461538461538462,45.23076923076923,0.1904761904761904,0.6706349206349206,10.0,53.4,100.0,0.0,11.0,5,0.0,5,80.0,75.0,9.333333333333334,-5.0,N,1,2026-07-29
74,1,327,60,18,149,59,Course Page,52,60,209,0,0,5.45,38.15,0.1804281345565749,0.45565749235474,15.0,76.5,95.0,30.0,54.0,14,50.0,1,76.0,81.0,71.0,5.0,P,1,2026-07-29
75,1,494,65,24,261,106,Course Page,19,232,240,0,0,7.6,53.2,0.2145748987854251,0.52834008097166,14.0,73.39285714285714,100.0,40.0,55.0,11,41.0,3,70.0,93.75,57.5,23.75,P,1,2026-07-29
76,1,187,29,28,42,24,Assignment,25,78,78,1,0,6.448275862068965,45.137931034482754,0.1283422459893048,0.2245989304812834,15.0,64.23333333333333,100.0,20.0,53.0,11,45.0,4,76.0,61.0,52.5,-15.0,P,1,2026-07-29
77,1,220,35,24,90,28,Course Page,68,45,85,15,0,6.285714285714286,44.0,0.1272727272727272,0.4090909090909091,10.0,70.47,100.0,38.0,50.0,9,89.35,1,70.0,100.0,71.675,30.0,P,1,2026-07-29
78,1,445,66,27,247,87,Course Page,52,56,321,5,0,6.742424242424242,47.196969696969695,0.195505617977528,0.5550561797752809,14.0,76.72142857142856,100.0,50.0,39.0,14,73.3,0,71.25,78.0,82.9,6.75,N,1,2026-07-29
79,1,375,47,29,104,82,Course Page,96,103,145,3,0,7.978723404255319,55.85106382978724,0.2186666666666666,0.2773333333333333,14.0,70.85714285714286,100.0,40.0,63.0,13,63.0,1,86.0,65.0,58.25,-21.0,C,1,2026-07-29
80,1,333,56,21,151,116,Course Page,51,86,193,2,0,5.946428571428571,41.625,0.3483483483483483,0.4534534534534534,15.0,81.77333333333333,100.0,65.0,67.0,15,79.3,0,86.0,78.0,81.15,-8.0,C,1,2026-07-29
81,1,511,76,38,129,125,Lecture Material,159,149,152,22,0,6.723684210526316,47.065789473684205,0.2446183953033268,0.2524461839530332,15.0,35.906666666666666,75.0,10.0,25.0,4,48.8,11,15.0,55.0,38.4,40.0,N,1,2026-07-29
82,1,657,66,29,253,82,Course Page,102,236,299,7,0,9.954545454545457,69.68181818181819,0.1248097412480974,0.3850837138508371,15.0,92.12666666666668,100.0,70.0,73.0,15,88.7,0,90.0,93.0,93.85,3.0,D,1,2026-07-29
83,1,325,50,23,92,61,Course Page,36,69,212,7,0,6.5,45.5,0.1876923076923076,0.283076923076923,15.0,68.04,100.0,40.0,30.0,12,45.3,3,69.0,79.0,51.65,10.0,N,1,2026-07-29
84,1,353,46,24,160,45,Course Page,52,58,227,3,0,7.673913043478261,53.71739130434783,0.1274787535410765,0.4532577903682719,15.0,83.09333333333333,100.0,69.0,52.0,15,70.2,0,84.0,92.0,69.6,8.0,P,1,2026-07-29
85,1,191,35,19,87,43,Course Page,11,72,103,1,0,5.457142857142857,38.2,0.225130890052356,0.4554973821989528,15.0,69.76666666666667,100.0,0.0,21.0,10,0.0,5,79.0,100.0,15.5,21.0,N,1,2026-07-29
86,1,343,47,32,174,43,Course Page,75,66,165,16,0,7.297872340425532,51.08510638297872,0.1253644314868804,0.5072886297376094,12.0,57.76666666666667,100.0,20.0,30.0,8,68.1,4,65.0,43.333333333333336,66.05,-21.666666666666664,N,1,2026-07-29
87,1,120,14,16,27,13,Assignment,13,60,45,1,0,8.571428571428571,60.0,0.1083333333333333,0.225,14.0,59.17857142857143,100.0,0.0,41.0,9,56.0,5,55.0,75.0,49.0,20.0,SA,1,2026-07-29
88,1,109,19,12,27,28,Course Page,14,37,55,0,0,5.7368421052631575,40.1578947368421,0.2568807339449541,0.2477064220183486,9.0,74.33333333333333,100.0,0.0,62.0,7,86.5,2,75.0,0.0,84.75,0.0,C,1,2026-07-29
89,1,284,62,20,165,64,Assignment,20,144,100,4,0,4.580645161290323,32.064516129032256,0.2253521126760563,0.5809859154929577,8.0,14.0,38.0,0.0,9.0,0,38.0,8,0.0,0.0,28.0,0.0,N,1,2026-07-29
90,1,502,51,32,95,64,Course Page,78,171,227,15,0,9.84313725490196,68.90196078431373,0.1274900398406374,0.1892430278884462,15.0,87.90666666666667,100.0,79.0,73.0,15,82.55,0,92.0,89.0,80.775,-3.0,D,1,2026-07-29
91,1,311,51,28,149,41,Course Page,40,78,152,13,0,6.098039215686274,42.68627450980392,0.1318327974276527,0.4790996784565916,15.0,84.86,100.0,50.0,72.0,15,84.95,0,74.0,92.0,89.975,18.0,D,1,2026-07-29
92,1,488,51,41,75,94,Course Page,94,146,180,28,0,9.568627450980392,66.98039215686275,0.1926229508196721,0.1536885245901639,10.0,78.85,100.0,43.5,40.0,9,72.5,1,78.33333333333333,100.0,77.5,21.66666666666667,SA,1,2026-07-29
93,1,188,31,24,45,7,Course Page,39,53,63,7,0,6.064516129032258,42.4516129032258,0.0372340425531914,0.2393617021276596,13.0,32.19230769230769,60.0,0.0,33.0,3,23.0,10,41.0,26.666666666666668,26.25,-14.333333333333332,N,1,2026-07-29
94,1,417,35,26,164,46,Course Page,117,107,160,0,0,11.914285714285716,83.4,0.1103117505995203,0.3932853717026379,14.0,53.785714285714285,90.0,17.0,51.0,8,17.0,6,75.0,56.25,23.25,-18.75,P,1,2026-07-29
95,1,244,31,34,137,72,Course Page,35,96,97,1,0,7.870967741935484,55.096774193548384,0.2950819672131147,0.5614754098360656,12.0,41.833333333333336,86.0,0.0,0.0,4,0.0,8,55.0,26.666666666666668,43.0,-28.33333333333333,DX,1,2026-07-29
96,1,780,74,46,653,188,Assignment,73,351,337,12,0,10.54054054054054,73.78378378378379,0.241025641025641,0.8371794871794872,15.0,68.36,100.0,1.2,25.0,11,1.2,4,82.0,88.0,22.6,6.0,N,1,2026-07-29
97,1,157,35,15,39,54,Course Page,49,45,56,5,0,4.485714285714286,31.4,0.3439490445859872,0.2484076433121019,12.0,76.825,100.0,55.5,44.0,12,55.7,0,88.33333333333333,72.5,77.85,-15.833333333333329,SA,1,2026-07-29
98,1,145,23,16,67,31,Course Page,47,29,66,0,0,6.304347826086956,44.130434782608695,0.2137931034482758,0.4620689655172413,8.0,51.275,100.0,0.0,28.0,5,73.1,3,40.0,0.0,69.55,0.0,N,1,2026-07-29
99,1,417,49,36,77,31,Course Page,114,78,183,12,0,8.510204081632653,59.57142857142857,0.0743405275779376,0.184652278177458,14.0,74.25,100.0,0.0,60.0,13,79.0,1,90.0,53.75,77.0,-36.25,C,1,2026-07-29
100,1,57,20,5,8,6,Course Page,1,2,53,1,0,2.85,19.95,0.1052631578947368,0.1403508771929824,10.0,41.15,75.0,0.0,10.0,5,0.0,5,61.25,50.0,21.75,-11.25,N,1,2026-07-29
101,1,733,50,30,296,161,Course Page,162,118,423,0,0,14.66,102.62,0.2196452933151432,0.4038199181446112,15.0,71.86666666666666,90.0,43.0,38.0,13,67.0,2,74.0,82.0,55.0,8.0,N,1,2026-07-29
102,1,121,15,11,53,24,Course Page,17,43,57,0,0,8.066666666666666,56.46666666666667,0.1983471074380165,0.4380165289256198,8.0,10.375,25.0,0.0,2.0,0,0.0,8,16.666666666666668,20.0,2.0,3.333333333333332,N,1,2026-07-29
103,1,444,81,45,215,128,Course Page,35,160,234,5,0,5.481481481481482,38.37037037037037,0.2882882882882883,0.4842342342342342,15.0,89.96666666666667,100.0,40.0,74.0,13,93.0,2,97.0,100.0,66.5,3.0,D,1,2026-07-29
104,1,421,72,28,140,80,Assignment,94,143,101,36,0,5.847222222222222,40.93055555555555,0.1900237529691211,0.332541567695962,15.0,91.53333333333332,100.0,75.0,72.0,15,94.0,0,96.0,86.0,93.0,-10.0,D,1,2026-07-29
105,1,211,40,22,90,30,Course Page,28,74,95,5,0,5.275,36.925,0.1421800947867298,0.4265402843601896,12.0,65.48333333333333,90.0,25.0,36.0,10,65.65,2,76.0,57.5,60.325,-18.5,N,1,2026-07-29
106,1,638,68,43,395,140,Course Page,65,188,345,7,0,9.382352941176473,65.6764705882353,0.219435736677116,0.6191222570532915,14.0,48.75714285714286,100.0,0.0,33.0,8,32.8,6,46.0,60.0,41.4,14.0,N,1,2026-07-29
107,1,678,69,46,174,108,Course Page,149,180,300,2,0,9.826086956521738,68.78260869565217,0.1592920353982301,0.2566371681415929,14.0,68.35714285714286,100.0,30.0,53.0,13,77.0,1,70.0,65.0,71.5,-5.0,P,1,2026-07-29
108,1,333,32,25,260,79,Course Page,98,66,151,9,0,10.40625,72.84375,0.2372372372372372,0.7807807807807807,14.0,58.46428571428572,85.0,0.0,57.0,12,76.0,2,70.0,38.75,65.75,-31.25,P,1,2026-07-29
109,1,205,30,19,103,6,Course Page,40,46,110,0,0,6.833333333333333,47.833333333333336,0.0292682926829268,0.5024390243902439,11.0,68.95454545454545,90.0,43.5,66.0,10,85.0,1,67.5,82.5,70.0,15.0,C,1,2026-07-29
110,1,251,30,30,194,56,Assignment,34,104,104,2,0,8.366666666666667,58.56666666666667,0.2231075697211155,0.7729083665338645,10.0,51.2,70.0,27.0,22.0,6,58.5,4,56.66666666666666,50.0,53.75,-6.666666666666664,N,1,2026-07-29
111,1,257,25,34,153,18,Assignment,9,147,92,1,0,10.28,71.96,0.0700389105058365,0.5953307392996109,13.0,81.69999999999999,100.0,63.3,45.0,13,63.3,0,99.0,76.66666666666667,66.15,-22.33333333333333,S,1,2026-07-29
112,1,189,26,24,79,31,Assignment,15,80,77,2,0,7.269230769230769,50.88461538461538,0.164021164021164,0.4179894179894179,14.0,67.51428571428572,100.0,30.0,52.0,12,52.85,2,53.75,82.0,64.425,28.25,P,1,2026-07-29
113,1,502,67,30,198,77,Course Page,50,120,293,1,0,7.492537313432836,52.44776119402985,0.1533864541832669,0.3944223107569721,15.0,31.466666666666665,75.0,0.0,24.0,5,62.0,10,17.0,19.0,68.5,2.0,N,1,2026-07-29
114,1,157,22,22,85,4,Assignment,15,92,46,0,0,7.136363636363637,49.95454545454545,0.0254777070063694,0.5414012738853503,15.0,80.2,100.0,60.0,68.0,15,86.0,0,83.0,81.0,75.25,-2.0,C,1,2026-07-29
115,1,455,47,27,73,70,Course Page,100,151,195,2,0,9.680851063829786,67.76595744680851,0.1538461538461538,0.1604395604395604,14.0,73.57142857142857,100.0,50.0,58.0,14,65.0,0,84.0,70.0,65.0,-14.0,P,1,2026-07-29
116,1,127,18,13,91,43,Course Page,11,45,62,8,0,7.055555555555555,49.388888888888886,0.3385826771653543,0.7165354330708661,6.0,50.48333333333333,78.0,0.0,23.0,4,73.45,2,0.0,0.0,75.725,0.0,N,1,2026-07-29
117,1,105,20,22,8,9,Assignment,24,53,23,2,0,5.25,36.75,0.0857142857142857,0.0761904761904762,15.0,92.2,100.0,50.0,82.0,15,91.5,0,100.0,100.0,70.75,0.0,HD,1,2026-07-29
118,1,803,74,32,219,117,Assignment,127,351,295,7,0,10.85135135135135,75.95945945945947,0.1457036114570361,0.2727272727272727,15.0,79.42,100.0,30.0,64.0,14,94.65,1,72.0,80.0,88.825,8.0,C,1,2026-07-29
119,1,165,29,22,66,9,Course Page,39,59,66,0,0,5.689655172413793,39.82758620689655,0.0545454545454545,0.4,15.0,69.7,100.0,10.0,50.0,11,77.5,4,80.0,67.0,59.25,-13.0,P,1,2026-07-29
120,1,191,37,15,42,34,Course Page,61,35,90,3,0,5.162162162162162,36.13513513513514,0.1780104712041884,0.2198952879581152,14.0,88.57857142857142,100.0,64.0,61.0,14,83.05,0,100.0,92.0,73.525,-8.0,C,1,2026-07-29
121,1,230,27,33,108,45,Course Page,71,40,100,2,0,8.518518518518519,59.629629629629626,0.1956521739130435,0.4695652173913043,8.0,48.625,80.0,18.5,25.0,5,31.75,3,65.0,55.0,46.375,-10.0,N,1,2026-07-29
122,1,171,22,24,12,4,Assignment,40,66,59,0,0,7.772727272727272,54.409090909090914,0.023391812865497,0.0701754385964912,14.0,92.64,100.0,78.73,64.0,14,78.73,0,100.0,96.25,80.86500000000001,-3.75,C,1,2026-07-29
123,1,134,21,26,64,13,Course Page,44,38,44,4,0,6.380952380952381,44.66666666666666,0.0970149253731343,0.4776119402985074,10.0,34.05,63.0,0.0,18.0,4,63.0,6,36.25,25.0,42.0,-11.25,N,1,2026-07-29
124,1,599,89,29,211,134,Course Page,190,65,320,22,0,6.730337078651686,47.1123595505618,0.2237061769616026,0.352253756260434,15.0,80.41333333333334,95.0,69.0,72.0,15,72.1,0,83.0,85.0,70.55,2.0,D,1,2026-07-29
125,1,669,89,33,185,153,Course Page,194,107,351,8,0,7.51685393258427,52.61797752808989,0.2286995515695067,0.2765321375186846,15.0,85.4,100.0,70.0,75.0,15,73.5,0,88.0,92.0,72.75,4.0,D,1,2026-07-29
126,1,205,29,20,22,83,Assignment,32,88,78,2,0,7.068965517241379,49.48275862068965,0.4048780487804878,0.1073170731707317,15.0,65.63333333333334,100.0,0.0,53.0,12,54.0,3,72.0,55.0,71.5,-17.0,P,1,2026-07-29
127,1,169,28,19,91,35,Course Page,32,50,83,0,0,6.035714285714286,42.25,0.2071005917159763,0.5384615384615384,11.0,38.95454545454545,85.0,0.0,23.0,6,0.0,5,42.0,85.0,26.0,43.0,N,1,2026-07-29
128,1,230,44,23,71,45,Course Page,18,97,104,5,0,5.227272727272728,36.59090909090909,0.1956521739130435,0.308695652173913,12.0,67.86666666666666,85.0,51.0,30.0,12,68.7,0,66.25,81.66666666666667,63.35,15.416666666666671,N,1,2026-07-29
129,1,662,60,34,264,156,Course Page,147,162,309,1,0,11.033333333333331,77.23333333333333,0.2356495468277945,0.3987915407854985,12.0,55.0,100.0,20.0,24.0,8,30.0,4,58.0,55.0,55.0,-3.0,N,1,2026-07-29
130,1,183,31,15,70,30,Assignment,35,76,72,0,0,5.903225806451613,41.32258064516129,0.1639344262295081,0.3825136612021858,8.0,64.725,100.0,23.0,25.0,6,57.4,2,76.66666666666667,0.0,66.2,0.0,N,1,2026-07-29
131,1,261,35,29,76,37,Course Page,67,72,102,8,0,7.457142857142857,52.2,0.1417624521072797,0.2911877394636015,15.0,87.54666666666667,100.0,76.35,82.0,15,76.35,0,91.0,84.0,87.675,-7.0,HD,1,2026-07-29
132,1,341,42,28,97,27,Course Page,27,127,169,10,0,8.119047619047619,56.833333333333336,0.0791788856304985,0.2844574780058651,14.0,79.64999999999999,100.0,50.0,63.0,14,95.55,0,78.0,72.5,91.775,-5.5,C,1,2026-07-29
133,1,157,18,18,49,16,Course Page,23,54,70,0,0,8.722222222222221,61.05555555555555,0.1019108280254777,0.3121019108280254,7.0,24.685714285714287,50.0,0.0,10.0,1,28.9,6,50.0,0.0,29.45,-50.0,N,1,2026-07-29
134,1,418,37,31,214,88,Course Page,120,75,201,15,0,11.297297297297296,79.08108108108108,0.2105263157894736,0.5119617224880383,12.0,54.333333333333336,95.0,20.0,27.0,7,62.0,5,36.66666666666666,72.5,53.0,35.833333333333336,N,1,2026-07-29
135,1,237,30,37,175,32,Assignment,20,140,70,1,0,7.9,55.3,0.1350210970464135,0.7383966244725738,14.0,78.47857142857143,100.0,37.0,38.0,12,50.35,2,96.0,90.0,43.675,-6.0,N,1,2026-07-29
136,1,359,51,22,145,87,Course Page,29,159,161,2,0,7.03921568627451,49.27450980392157,0.2423398328690807,0.403899721448468,14.0,73.15714285714286,83.85,65.0,56.0,14,83.85,0,75.0,71.0,75.925,-4.0,P,1,2026-07-29
137,1,307,28,42,114,29,Assignment,26,188,90,0,0,10.964285714285714,76.75,0.0944625407166123,0.3713355048859935,15.0,78.88000000000001,100.0,50.35,37.0,15,50.35,0,89.0,88.0,52.425,-1.0,N,1,2026-07-29
138,1,214,24,20,92,61,Assignment,17,99,93,1,0,8.916666666666666,62.41666666666667,0.2850467289719626,0.4299065420560747,13.0,74.6923076923077,100.0,30.0,42.0,11,88.5,2,71.25,78.75,77.75,7.5,SA,1,2026-07-29
139,1,135,22,15,72,40,Course Page,14,54,64,0,0,6.136363636363637,42.95454545454545,0.2962962962962963,0.5333333333333333,13.0,45.61538461538461,80.0,0.0,33.0,8,65.0,5,46.0,26.666666666666668,63.0,-19.33333333333333,N,1,2026-07-29
140,1,7,5,3,1,2,Course Page,0,2,4,1,0,1.4,9.8,0.2857142857142857,0.1428571428571428,4.0,5.5,20.0,0.0,0.0,0,0.0,4,20.0,0.0,0.0,0.0,N,1,2026-07-29
141,1,374,51,28,119,53,Course Page,58,100,201,9,0,7.333333333333333,51.333333333333336,0.141711229946524,0.3181818181818182,14.0,55.29,100.0,30.0,48.0,8,43.78,6,61.0,40.0,65.64,-21.0,S,1,2026-07-29
142,1,277,47,24,39,44,Course Page,55,57,125,6,0,5.893617021276596,41.25531914893617,0.1588447653429603,0.1407942238267148,14.0,89.41428571428571,100.0,75.0,71.0,14,95.9,0,92.5,90.0,87.45,-2.5,D,1,2026-07-29
143,1,501,38,26,232,64,Course Page,162,65,235,9,0,13.18421052631579,92.28947368421052,0.1277445109780439,0.4630738522954092,7.0,45.142857142857146,90.0,0.0,13.0,3,0.0,4,55.0,30.0,54.0,-25.0,N,1,2026-07-29
144,1,105,12,17,90,27,Course Page,3,33,66,0,0,8.75,61.25,0.2571428571428571,0.8571428571428571,10.0,62.5,95.0,0.0,58.0,7,87.0,3,60.0,72.5,58.0,12.5,P,1,2026-07-29
145,1,112,10,16,82,2,Lecture Material,48,26,35,3,0,11.2,78.39999999999999,0.0178571428571428,0.7321428571428571,8.0,58.875,100.0,0.0,17.0,5,0.0,3,77.5,0.0,43.333333333333336,0.0,N,1,2026-07-29
146,1,176,34,18,87,41,Course Page,58,39,63,2,0,5.176470588235294,36.235294117647065,0.2329545454545454,0.4943181818181818,7.0,60.07142857142857,75.0,14.5,22.0,6,55.5,1,72.5,0.0,65.25,0.0,N,1,2026-07-29
147,1,265,37,26,83,78,Course Page,59,81,115,8,0,7.162162162162162,50.13513513513514,0.2943396226415094,0.3132075471698113,10.0,65.25,100.0,12.75,25.0,6,12.75,4,92.5,40.0,50.375,-52.5,N,1,2026-07-29
148,1,101,21,18,44,17,Assignment,26,38,34,3,0,4.809523809523809,33.666666666666664,0.1683168316831683,0.4356435643564356,9.0,58.28888888888889,100.0,30.0,24.0,5,55.8,4,93.33333333333331,30.0,45.9,-63.33333333333333,N,1,2026-07-29
149,1,166,22,35,63,9,Assignment,14,126,26,0,0,7.545454545454546,52.81818181818182,0.0542168674698795,0.3795180722891566,14.0,87.92857142857143,100.0,62.75,60.0,14,62.75,0,99.0,97.5,64.375,-1.5,C,1,2026-07-29
150,1,94,25,14,25,20,Course Page,18,27,40,0,0,3.76,26.32,0.2127659574468085,0.2659574468085106,14.0,90.15,100.0,49.0,69.0,12,95.3,2,97.0,100.0,72.15,3.0,C,1,2026-07-29
151,1,54,13,13,27,10,Course Page,14,10,28,0,0,4.153846153846154,29.07692307692308,0.1851851851851851,0.5,10.0,53.9,100.0,0.0,10.0,6,0.0,4,45.0,80.0,0.0,35.0,N,1,2026-07-29
152,1,203,24,18,118,43,Course Page,31,76,87,1,0,8.458333333333334,59.208333333333336,0.2118226600985221,0.5812807881773399,8.0,19.5,38.0,0.0,11.0,0,38.0,8,5.0,10.0,33.5,5.0,N,1,2026-07-29
153,1,92,22,13,66,15,Assignment,23,60,8,0,0,4.181818181818182,29.27272727272728,0.1630434782608695,0.717391304347826,13.0,52.29230769230769,65.0,10.0,26.0,10,60.4,3,51.0,45.0,62.7,-6.0,N,1,2026-07-29
154,1,220,28,34,152,39,Course Page,42,42,115,2,0,7.857142857142857,55.0,0.1772727272727272,0.6909090909090909,5.0,11.4,50.0,0.0,1.0,1,0.0,4,0.0,50.0,0.6666666666666666,0.0,N,1,2026-07-29
155,1,8,3,4,6,0,Course Page,1,2,4,0,0,2.6666666666666665,18.666666666666668,0.0,0.75,6.0,0.0,0.0,0.0,0.0,0,0.0,6,0.0,0.0,0.0,0.0,N,1,2026-07-29
156,1,75,18,14,9,6,Course Page,15,26,30,2,0,4.166666666666667,29.166666666666664,0.08,0.12,15.0,84.06,100.0,50.0,42.0,15,82.7,0,82.0,83.0,88.35,1.0,SA,1,2026-07-29
157,1,96,15,20,45,10,Course Page,24,15,50,0,0,6.4,44.8,0.1041666666666666,0.46875,10.0,19.15,80.0,0.0,5.0,2,0.0,8,29.0,0.0,10.666666666666666,-29.0,N,1,2026-07-29
158,1,48,9,8,11,2,Course Page,4,14,29,0,0,5.333333333333333,37.33333333333333,0.0416666666666666,0.2291666666666666,8.0,8.25,33.0,0.0,3.0,0,0.0,8,0.0,0.0,22.0,0.0,N,1,2026-07-29
159,1,47,6,9,5,0,Assignment,7,23,17,0,0,7.833333333333333,54.833333333333336,0.0,0.1063829787234042,6.0,34.5,90.0,0.0,5.0,2,0.0,4,75.0,0.0,14.0,0.0,N,1,2026-07-29
160,1,101,14,11,6,21,Course Page,14,36,46,0,0,7.214285714285714,50.5,0.2079207920792079,0.0594059405940594,8.0,12.5,50.0,0.0,5.0,2,0.0,6,0.0,0.0,25.0,0.0,N,1,2026-07-29
161,1,134,17,14,58,40,Course Page,20,40,70,4,0,7.882352941176471,55.1764705882353,0.2985074626865671,0.4328358208955223,6.0,20.166666666666668,50.0,0.0,3.0,1,0.0,5,36.66666666666666,0.0,0.0,0.0,N,1,2026-07-29
162,1,71,12,17,35,14,Course Page,11,25,30,1,0,5.916666666666667,41.41666666666667,0.1971830985915492,0.4929577464788732,12.0,29.791666666666668,80.0,0.0,7.0,5,0.0,7,49.0,40.0,0.0,-9.0,N,1,2026-07-29
163,1,170,21,27,118,58,Assignment,18,120,27,0,0,8.095238095238095,56.66666666666666,0.3411764705882353,0.6941176470588235,9.0,67.22222222222223,100.0,0.0,11.0,7,0.0,2,90.0,100.0,0.0,10.0,N,1,2026-07-29
164,1,16,7,4,15,8,Course Page,0,2,13,0,0,2.2857142857142856,16.0,0.5,0.9375,3.0,0.0,0.0,0.0,0.0,0,0.0,3,0.0,0.0,0.0,0.0,N,1,2026-07-29
165,1,38,9,10,5,12,Course Page,11,9,16,0,0,4.222222222222222,29.55555555555556,0.3157894736842105,0.131578947368421,5.0,33.0,80.0,0.0,3.0,2,0.0,3,75.0,0.0,0.0,0.0,N,1,2026-07-29
166,1,12,7,2,7,7,Assignment,0,7,5,0,0,1.7142857142857142,12.0,0.5833333333333334,0.5833333333333334,4.0,5.5,20.0,0.0,0.0,0,0.0,4,20.0,0.0,0.0,0.0,N,1,2026-07-29
167,1,14,5,6,12,3,Course Page,2,2,8,1,0,2.8,19.6,0.2142857142857142,0.8571428571428571,5.0,0.0,0.0,0.0,0.0,0,0.0,5,0.0,0.0,0.0,0.0,N,1,2026-07-29
168,1,103,6,13,6,32,Course Page,29,21,45,0,0,17.166666666666668,120.16666666666669,0.3106796116504854,0.058252427184466,4.0,23.375,85.0,0.0,2.0,1,0.0,3,85.0,0.0,0.0,0.0,N,1,2026-07-29
169,1,2,1,2,0,0,Course Page,0,0,1,1,0,2.0,14.0,0.0,0.0,6.0,0.0,0.0,0.0,0.0,0,0.0,6,0.0,0.0,0.0,0.0,N,1,2026-07-29
170,1,0,0,0,0,0,No Activity,0,0,0,0,0,0.0,0.0,0.0,0.0,4.0,0.0,0.0,0.0,0.0,0,0.0,4,0.0,0.0,0.0,0.0,N,1,2026-07-29
171,1,0,0,0,0,0,No Activity,0,0,0,0,0,0.0,0.0,0.0,0.0,7.0,0.0,0.0,0.0,0.0,0,0.0,7,0.0,0.0,0.0,0.0,N,1,2026-07-29
172,2,21,5,8,3,1,Other,1,0,0,3,0,4.2,29.4,0.0476190476190476,0.1428571428571428,0.0,0.0,0.0,0.0,0.0,0,0.0,0,0.0,0.0,0.0,0.0,No Result,2,2026-07-29
173,3,31,4,13,13,0,Other,2,2,0,2,12,7.75,54.25,0.0,0.4193548387096774,1.0,0.0,0.0,0.0,0.0,0,0.0,1,0.0,0.0,0.0,0.0,No Result,2,2026-07-29
174,3,18,2,8,0,16,Quiz,0,0,0,0,10,9.0,63.0,0.8888888888888888,0.0,1.0,100.0,100.0,100.0,100.0,1,100.0,0,0.0,0.0,0.0,0.0,No Result,2,2026-07-29
1,1,1086,97,27,291,126,Assignment,5,939,142,0,0,11.195876288659791,78.37113402061856,0.1160220994475138,0.2679558011049723,0.0,0.0,0.0,0.0,0.0,0,0.0,0,0.0,0.0,0.0,0.0,No Result,1,2026-07-30
2,1,549,53,39,256,114,Course Page,137,184,192,15,0,10.358490566037736,72.50943396226415,0.2076502732240437,0.4663023679417122,15.0,70.53999999999999,100.0,0.0,41.0,10,44.8,5,95.0,72.0,34.9,-23.0,SA,1,2026-07-30
3,1,236,30,20,91,33,Course Page,50,92,93,1,0,7.866666666666666,55.06666666666667,0.1398305084745762,0.3855932203389831,12.0,58.083333333333336,100.0,0.0,0.0,9,0.0,3,66.0,63.333333333333336,41.66666666666666,-2.6666666666666643,DX,1,2026-07-30
4,1,183,33,22,72,20,Course Page,48,45,68,6,0,5.545454545454546,38.81818181818182,0.1092896174863388,0.3934426229508196,15.0,83.28666666666666,100.0,60.0,49.0,15,61.9,0,79.0,98.0,68.95,19.0,S,1,2026-07-30
5,1,356,55,25,169,50,Course Page,61,130,165,0,0,6.472727272727273,45.30909090909091,0.1404494382022472,0.4747191011235955,15.0,86.00666666666666,100.0,10.0,86.0,14,93.05,1,71.0,97.0,91.525,26.0,HD,1,2026-07-30
6,1,852,92,60,469,168,Course Page,69,300,428,10,0,9.26086956521739,64.82608695652173,0.1971830985915492,0.5504694835680751,15.0,81.62666666666668,100.0,54.0,0.0,15,60.45,0,87.0,94.0,57.225,7.0,DX,1,2026-07-30
7,1,1292,123,34,121,405,Course Page,373,194,695,16,0,10.504065040650406,73.52845528455283,0.3134674922600619,0.0936532507739938,15.0,53.53333333333333,80.0,31.0,46.0,9,68.0,6,51.0,59.0,49.5,8.0,S,1,2026-07-30
8,1,301,48,20,244,87,Course Page,59,72,151,0,0,6.270833333333333,43.895833333333336,0.2890365448504983,0.8106312292358804,15.0,57.940000000000005,94.0,0.0,46.0,11,71.05,4,46.0,52.0,82.525,6.0,S,1,2026-07-30
9,1,365,47,23,125,25,Assignment,54,160,144,1,0,7.76595744680851,54.361702127659576,0.0684931506849315,0.3424657534246575,15.0,67.83733333333333,100.0,0.0,75.0,12,52.28,3,94.0,40.0,70.14,-54.0,D,1,2026-07-30
10,1,158,23,15,87,24,Course Page,15,48,90,3,0,6.869565217391305,48.08695652173913,0.1518987341772152,0.5506329113924051,11.0,60.08181818181818,95.0,10.0,32.0,6,84.7,5,56.25,70.0,64.85,13.75,N,1,2026-07-30
11,1,229,35,18,92,55,Course Page,10,68,146,2,0,6.542857142857143,45.8,0.2401746724890829,0.4017467248908297,14.0,77.07142857142857,100.0,0.0,33.0,12,0.0,2,88.0,78.0,55.333333333333336,-10.0,N,1,2026-07-30
12,1,1221,84,42,307,252,Course Page,249,268,630,30,0,14.535714285714286,101.75,0.2063882063882063,0.2514332514332514,15.0,79.43333333333334,100.0,40.0,75.0,14,87.0,1,86.0,79.0,71.0,-7.0,D,1,2026-07-30
13,1,187,38,22,80,27,Course Page,35,41,67,36,0,4.921052631578948,34.44736842105263,0.1443850267379679,0.427807486631016,15.0,98.49333333333334,100.0,88.7,76.0,15,88.7,0,100.0,100.0,94.35,0.0,D,1,2026-07-30
14,1,141,28,19,20,16,Assignment,32,39,39,27,0,5.035714285714286,35.25,0.1134751773049645,0.1418439716312056,14.0,82.82142857142857,100.0,0.0,50.0,13,0.0,1,90.0,91.0,54.66666666666666,1.0,P,1,2026-07-30
15,1,1194,97,48,851,231,Assignment,38,658,477,12,0,12.309278350515465,86.16494845360825,0.1934673366834171,0.7127303182579564,15.0,88.74666666666667,100.0,70.0,59.0,15,81.1,0,92.0,94.0,77.05,2.0,P,1,2026-07-30
16,1,733,68,27,439,250,Course Page,184,137,384,1,0,10.779411764705882,75.45588235294119,0.3410641200545702,0.5989085948158254,15.0,68.83333333333333,100.0,0.0,51.0,12,20.25,3,86.0,66.0,49.125,-20.0,P,1,2026-07-30
17,1,43,8,9,15,13,Course Page,7,17,19,0,0,5.375,37.625,0.3023255813953488,0.3488372093023256,7.0,35.857142857142854,100.0,0.0,5.0,3,0.0,4,73.33333333333333,0.0,3.0,0.0,N,1,2026-07-30
18,1,49,5,9,2,48,Course Page,0,8,41,0,0,9.8,68.6,0.979591836734694,0.0408163265306122,6.0,0.0,0.0,0.0,0.0,0,0.0,6,0.0,0.0,0.0,0.0,N,1,2026-07-30
19,1,535,71,33,216,111,Course Page,130,76,247,20,0,7.535211267605634,52.74647887323944,0.2074766355140186,0.4037383177570093,15.0,93.65333333333334,100.0,70.0,83.0,15,93.15,0,90.0,97.0,94.075,7.0,HD,1,2026-07-30
20,1,161,22,32,67,57,Course Page,49,40,55,1,0,7.318181818181818,51.22727272727273,0.3540372670807453,0.4161490683229814,8.0,53.875,100.0,20.0,34.0,4,65.0,4,100.0,20.0,47.25,-80.0,N,1,2026-07-30
21,1,268,41,40,101,55,Assignment,67,87,85,9,0,6.536585365853658,45.75609756097561,0.2052238805970149,0.376865671641791,8.0,67.8875,100.0,26.5,50.0,7,62.3,1,97.5,70.0,62.9,-27.5,P,1,2026-07-30
22,1,1203,111,36,221,239,Course Page,115,292,765,7,0,10.83783783783784,75.86486486486486,0.198669991687448,0.1837073981712385,15.0,96.584,100.0,88.13,83.0,15,88.13,0,98.0,97.0,94.065,-1.0,HD,1,2026-07-30
23,1,402,58,26,119,59,Course Page,158,50,165,11,0,6.931034482758621,48.51724137931034,0.1467661691542288,0.2960199004975124,15.0,85.1,100.0,55.5,83.0,15,74.0,0,94.0,91.0,64.75,-3.0,HD,1,2026-07-30
24,1,248,30,18,85,9,Course Page,56,41,129,21,0,8.266666666666667,57.86666666666667,0.0362903225806451,0.3427419354838709,9.0,83.38888888888889,100.0,38.5,40.0,8,75.5,1,96.25,0.0,81.75,0.0,SA,1,2026-07-30
25,1,382,49,30,148,43,Course Page,90,101,182,2,0,7.795918367346939,54.57142857142857,0.112565445026178,0.387434554973822,15.0,77.36,100.0,46.2,40.0,13,46.2,2,81.0,83.0,64.6,2.0,SA,1,2026-07-30
26,1,415,47,37,205,80,Course Page,119,81,131,38,0,8.829787234042554,61.80851063829787,0.1927710843373494,0.4939759036144578,12.0,38.083333333333336,70.0,0.0,18.0,4,0.0,8,56.66666666666666,36.0,24.0,-20.666666666666664,N,1,2026-07-30
27,1,266,37,17,58,37,Course Page,71,62,128,0,0,7.1891891891891895,50.32432432432432,0.1390977443609022,0.2180451127819548,13.0,51.68461538461538,80.0,30.0,24.0,6,46.45,7,60.0,50.0,44.225,-10.0,N,1,2026-07-30
28,1,7,3,4,3,0,Course Page,0,3,4,0,0,2.333333333333333,16.333333333333336,0.0,0.4285714285714285,4.0,26.125,95.0,0.0,2.0,1,0.0,3,0.0,95.0,0.0,0.0,N,1,2026-07-30
29,1,379,49,37,83,71,Course Page,39,131,147,19,0,7.73469387755102,54.142857142857146,0.1873350923482849,0.2189973614775725,14.0,75.61428571428571,100.0,56.05,59.0,14,56.05,0,83.0,85.0,57.025,2.0,P,1,2026-07-30
30,1,111,26,18,40,35,Course Page,14,41,49,3,0,4.269230769230769,29.884615384615383,0.3153153153153153,0.3603603603603603,9.0,41.66666666666666,95.0,5.5,17.0,4,5.5,5,52.5,0.0,36.0,0.0,N,1,2026-07-30
31,1,362,46,37,114,38,Course Page,79,117,130,11,0,7.869565217391305,55.08695652173913,0.1049723756906077,0.3149171270718232,15.0,90.15333333333334,100.0,65.8,72.0,15,65.8,0,97.4,90.0,80.4,-7.400000000000006,D,1,2026-07-30
32,1,450,59,50,32,54,Assignment,41,226,161,15,0,7.627118644067797,53.389830508474574,0.12,0.0711111111111111,14.0,84.09285714285714,100.0,59.0,75.0,14,59.4,0,91.25,98.0,59.2,6.75,D,1,2026-07-30
33,1,317,43,31,69,101,Course Page,42,72,166,17,0,7.372093023255814,51.604651162790695,0.3186119873817035,0.2176656151419558,15.0,88.39666666666668,100.0,60.0,49.0,15,91.3,0,78.0,100.0,86.7375,22.0,S,1,2026-07-30
34,1,501,58,28,365,130,Course Page,82,166,230,13,0,8.637931034482758,60.4655172413793,0.2594810379241516,0.7285429141716567,13.0,76.96153846153847,100.0,20.0,44.0,11,83.0,2,81.0,73.33333333333333,78.25,-7.666666666666671,SA,1,2026-07-30
35,1,338,51,34,46,17,Course Page,80,113,123,6,0,6.627450980392157,46.3921568627451,0.0502958579881656,0.136094674556213,15.0,84.97333333333333,100.0,70.35,48.0,15,70.35,0,87.8,90.0,74.175,2.200000000000003,S,1,2026-07-30
36,1,402,48,30,141,60,Course Page,87,87,188,0,0,8.375,58.625,0.1492537313432835,0.3507462686567164,15.0,67.6,90.0,35.0,56.0,13,64.5,2,67.0,63.0,74.75,-4.0,P,1,2026-07-30
37,1,212,36,15,16,4,Course Page,32,60,115,3,0,5.888888888888889,41.22222222222222,0.0188679245283018,0.0754716981132075,14.0,77.27142857142857,95.0,55.0,54.0,14,81.4,0,79.0,73.75,80.7,-5.25,P,1,2026-07-30
38,1,846,84,39,256,166,Course Page,130,242,403,20,0,10.071428571428571,70.5,0.1962174940898345,0.3026004728132387,15.0,67.25333333333333,92.0,35.0,45.0,12,79.65,3,62.0,59.0,85.825,-3.0,S,1,2026-07-30
39,1,211,50,37,41,40,Lecture Material,70,58,59,6,0,4.22,29.54,0.1895734597156398,0.1943127962085308,15.0,81.94266666666667,100.0,61.57,70.0,15,61.57,0,94.0,82.0,65.285,-12.0,D,1,2026-07-30
40,1,321,40,22,154,30,Assignment,31,178,111,1,0,8.025,56.175,0.0934579439252336,0.4797507788161994,14.0,62.392857142857146,100.0,19.0,34.0,12,19.0,2,75.0,72.5,35.5,-2.5,N,1,2026-07-30
41,1,409,43,27,225,101,Course Page,78,122,196,10,0,9.511627906976743,66.5813953488372,0.2469437652811736,0.5501222493887531,10.0,38.9,60.0,0.0,15.0,5,46.0,5,40.0,55.0,30.666666666666668,15.0,N,1,2026-07-30
42,1,266,42,20,128,22,Assignment,24,130,101,1,0,6.333333333333333,44.333333333333336,0.0827067669172932,0.4812030075187969,13.0,84.34615384615384,100.0,60.0,62.0,13,60.0,0,91.0,93.33333333333331,72.0,2.3333333333333286,C,1,2026-07-30
43,1,611,63,36,334,99,Course Page,106,77,402,1,0,9.698412698412698,67.88888888888889,0.1620294599018003,0.546644844517185,14.0,82.27857142857144,100.0,45.0,43.0,13,85.95,1,85.0,88.0,73.475,3.0,SA,1,2026-07-30
44,1,367,38,26,107,75,Course Page,85,96,174,7,0,9.657894736842104,67.60526315789474,0.2043596730245231,0.2915531335149863,13.0,83.9076923076923,100.0,67.9,60.0,13,67.9,0,93.0,88.33333333333333,71.95,-4.666666666666671,C,1,2026-07-30
45,1,478,62,56,257,73,Assignment,67,193,193,8,0,7.709677419354839,53.967741935483865,0.1527196652719665,0.5376569037656904,15.0,89.08666666666666,100.0,65.0,71.0,15,79.15,0,88.0,92.0,86.575,4.0,D,1,2026-07-30
46,1,265,40,22,79,64,Course Page,66,59,118,13,0,6.625,46.375,0.2415094339622641,0.2981132075471698,15.0,72.78666666666666,90.0,40.0,46.0,14,69.65,1,69.0,82.0,65.325,13.0,S,1,2026-07-30
47,1,330,53,26,156,115,Course Page,17,138,163,6,0,6.226415094339623,43.58490566037736,0.3484848484848485,0.4727272727272727,15.0,83.44666666666667,100.0,60.0,43.0,15,75.85,0,81.0,87.0,81.925,6.0,SA,1,2026-07-30
48,1,384,48,32,109,98,Course Page,115,96,160,1,0,8.0,56.0,0.2552083333333333,0.2838541666666667,15.0,72.25733333333332,100.0,25.0,48.0,12,51.43,3,86.0,56.0,75.715,-30.0,S,1,2026-07-30
49,1,439,34,30,366,158,Course Page,133,56,192,32,0,12.911764705882351,90.38235294117648,0.3599088838268792,0.8337129840546698,9.0,63.333333333333336,100.0,29.0,26.0,8,64.5,1,65.0,80.0,62.75,15.0,N,1,2026-07-30
50,1,254,35,41,64,8,Lecture Material,80,37,75,36,0,7.257142857142857,50.8,0.0314960629921259,0.2519685039370078,13.0,46.2,84.0,20.0,60.0,6,51.3,7,40.0,33.333333333333336,67.65,-6.666666666666664,C,1,2026-07-30
51,1,270,57,27,125,41,Course Page,44,94,106,12,0,4.7368421052631575,33.15789473684211,0.1518518518518518,0.4629629629629629,14.0,87.73571428571428,100.0,50.0,82.0,14,97.9,0,89.0,82.5,93.95,-6.5,HD,1,2026-07-30
52,1,244,32,23,120,39,Course Page,70,36,94,10,0,7.625,53.375,0.1598360655737705,0.4918032786885246,15.0,71.03333333333333,100.0,50.0,62.0,15,68.0,0,82.0,67.0,61.5,-15.0,C,1,2026-07-30
53,1,267,42,21,60,79,Course Page,75,66,121,4,0,6.357142857142857,44.5,0.2958801498127341,0.2247191011235955,12.0,57.03333333333333,100.0,19.7,37.0,7,19.7,5,72.0,50.0,44.6,-22.0,N,1,2026-07-30
54,1,748,69,41,322,144,Course Page,86,227,378,1,0,10.840579710144928,75.88405797101449,0.1925133689839572,0.4304812834224599,13.0,74.99230769230769,100.0,30.0,41.0,10,76.45,3,67.5,97.5,62.225,30.0,SA,1,2026-07-30
55,1,711,68,25,147,179,Course Page,39,94,552,6,0,10.455882352941176,73.19117647058825,0.2517580872011252,0.2067510548523206,11.0,45.13636363636363,75.0,0.0,22.0,4,44.0,7,48.75,20.0,59.5,-28.75,N,1,2026-07-30
56,1,261,40,25,71,64,Course Page,31,99,113,8,0,6.525,45.675,0.2452107279693486,0.2720306513409962,15.0,78.56666666666666,100.0,0.0,60.0,14,84.0,1,92.0,59.0,87.0,-33.0,C,1,2026-07-30
57,1,176,38,16,78,22,Course Page,11,45,119,0,0,4.631578947368421,32.421052631578945,0.125,0.4431818181818182,6.0,57.333333333333336,100.0,10.0,47.0,5,62.0,1,100.0,0.0,58.5,0.0,S,1,2026-07-30
58,1,387,46,28,135,68,Course Page,93,46,223,11,0,8.41304347826087,58.891304347826086,0.1757105943152454,0.3488372093023256,12.0,26.375,55.0,0.0,20.0,4,53.75,8,17.5,6.666666666666667,54.375,-10.833333333333332,N,1,2026-07-30
59,1,221,28,16,77,28,Course Page,50,48,123,0,0,7.892857142857143,55.25,0.1266968325791855,0.3484162895927601,9.0,55.67777777777778,85.0,29.0,19.0,6,36.05,3,78.33333333333333,55.0,45.525,-23.33333333333333,N,1,2026-07-30
60,1,455,69,27,180,125,Course Page,40,177,214,15,0,6.594202898550725,46.15942028985507,0.2747252747252747,0.3956043956043956,15.0,90.91333333333334,100.0,80.0,65.0,15,84.15,0,91.8,91.0,89.575,-0.7999999999999972,C,1,2026-07-30
61,1,280,49,34,118,59,Course Page,84,64,88,14,0,5.714285714285714,40.0,0.2107142857142857,0.4214285714285714,15.0,91.0,100.0,60.0,83.0,15,80.0,0,98.0,88.0,85.5,-10.0,HD,1,2026-07-30
62,1,220,37,28,98,71,Course Page,47,58,105,4,0,5.945945945945946,41.62162162162162,0.3227272727272727,0.4454545454545454,15.0,74.58,95.0,50.0,48.0,15,88.35,0,79.0,69.0,76.175,-10.0,S,1,2026-07-30
63,1,347,53,31,118,41,Course Page,40,77,204,5,0,6.547169811320755,45.83018867924528,0.1181556195965417,0.3400576368876081,14.0,79.5,100.0,40.0,46.0,13,65.5,1,88.0,75.0,74.75,-13.0,S,1,2026-07-30
64,1,551,30,28,345,60,Course Page,64,49,410,9,0,18.366666666666667,128.56666666666666,0.1088929219600726,0.6261343012704175,10.0,48.73,80.0,10.0,23.0,7,65.65,3,40.0,50.0,61.325,10.0,N,1,2026-07-30
65,1,408,50,34,165,38,Course Page,43,137,180,15,0,8.16,57.12,0.0931372549019607,0.4044117647058823,15.0,83.24666666666667,95.0,58.0,58.0,15,88.4,0,83.8,90.0,73.2,6.200000000000003,P,1,2026-07-30
66,1,213,44,24,39,47,Course Page,71,59,74,3,0,4.840909090909091,33.88636363636364,0.2206572769953051,0.1830985915492957,15.0,74.21333333333334,100.0,30.0,46.0,14,72.35,1,66.0,77.0,81.675,11.0,S,1,2026-07-30
67,1,193,18,42,172,40,Assignment,38,110,34,7,0,10.72222222222222,75.05555555555554,0.2072538860103626,0.8911917098445595,15.0,87.22666666666667,100.0,67.7,70.0,15,67.7,0,96.0,86.0,76.85,-10.0,D,1,2026-07-30
68,1,503,74,31,73,85,Course Page,71,69,342,2,0,6.797297297297297,47.58108108108108,0.1689860834990059,0.1451292246520874,15.0,75.48666666666666,100.0,30.0,44.0,12,41.65,3,72.0,90.0,60.325,18.0,SA,1,2026-07-30
69,1,151,33,22,57,12,Course Page,26,46,78,0,0,4.575757575757576,32.03030303030303,0.0794701986754966,0.3774834437086092,15.0,71.59466666666667,100.0,47.21,58.0,13,47.21,2,74.0,75.0,63.605,1.0,P,1,2026-07-30
70,1,463,46,24,105,76,Course Page,85,89,268,8,0,10.065217391304348,70.45652173913044,0.1641468682505399,0.2267818574514039,15.0,95.83733333333332,100.0,88.28,85.0,15,88.28,0,98.0,96.0,92.64,-2.0,HD,1,2026-07-30
71,1,91,20,14,38,25,Assignment,2,58,24,5,0,4.55,31.85,0.2747252747252747,0.4175824175824176,14.0,54.642857142857146,80.0,0.0,30.0,10,66.0,4,55.0,42.0,73.0,-13.0,N,1,2026-07-30
72,1,452,50,31,192,33,Course Page,75,149,207,8,0,9.04,63.28,0.0730088495575221,0.4247787610619469,15.0,75.97333333333333,100.0,40.0,66.0,14,96.3,1,80.0,62.0,89.65,-18.0,C,1,2026-07-30
73,1,252,39,35,169,48,Assignment,21,106,99,16,0,6.461538461538462,45.23076923076923,0.1904761904761904,0.6706349206349206,10.0,53.4,100.0,0.0,11.0,5,0.0,5,80.0,75.0,9.333333333333334,-5.0,N,1,2026-07-30
74,1,327,60,18,149,59,Course Page,52,60,209,0,0,5.45,38.15,0.1804281345565749,0.45565749235474,15.0,76.5,95.0,30.0,54.0,14,50.0,1,76.0,81.0,71.0,5.0,P,1,2026-07-30
75,1,494,65,24,261,106,Course Page,19,232,240,0,0,7.6,53.2,0.2145748987854251,0.52834008097166,14.0,73.39285714285714,100.0,40.0,55.0,11,41.0,3,70.0,93.75,57.5,23.75,P,1,2026-07-30
76,1,187,29,28,42,24,Assignment,25,78,78,1,0,6.448275862068965,45.137931034482754,0.1283422459893048,0.2245989304812834,15.0,64.23333333333333,100.0,20.0,53.0,11,45.0,4,76.0,61.0,52.5,-15.0,P,1,2026-07-30
77,1,220,35,24,90,28,Course Page,68,45,85,15,0,6.285714285714286,44.0,0.1272727272727272,0.4090909090909091,10.0,70.47,100.0,38.0,50.0,9,89.35,1,70.0,100.0,71.675,30.0,P,1,2026-07-30
78,1,445,66,27,247,87,Course Page,52,56,321,5,0,6.742424242424242,47.196969696969695,0.195505617977528,0.5550561797752809,14.0,76.72142857142856,100.0,50.0,39.0,14,73.3,0,71.25,78.0,82.9,6.75,N,1,2026-07-30
79,1,375,47,29,104,82,Course Page,96,103,145,3,0,7.978723404255319,55.85106382978724,0.2186666666666666,0.2773333333333333,14.0,70.85714285714286,100.0,40.0,63.0,13,63.0,1,86.0,65.0,58.25,-21.0,C,1,2026-07-30
80,1,333,56,21,151,116,Course Page,51,86,193,2,0,5.946428571428571,41.625,0.3483483483483483,0.4534534534534534,15.0,81.77333333333333,100.0,65.0,67.0,15,79.3,0,86.0,78.0,81.15,-8.0,C,1,2026-07-30
81,1,511,76,38,129,125,Lecture Material,159,149,152,22,0,6.723684210526316,47.065789473684205,0.2446183953033268,0.2524461839530332,15.0,35.906666666666666,75.0,10.0,25.0,4,48.8,11,15.0,55.0,38.4,40.0,N,1,2026-07-30
82,1,657,66,29,253,82,Course Page,102,236,299,7,0,9.954545454545457,69.68181818181819,0.1248097412480974,0.3850837138508371,15.0,92.12666666666668,100.0,70.0,73.0,15,88.7,0,90.0,93.0,93.85,3.0,D,1,2026-07-30
83,1,325,50,23,92,61,Course Page,36,69,212,7,0,6.5,45.5,0.1876923076923076,0.283076923076923,15.0,68.04,100.0,40.0,30.0,12,45.3,3,69.0,79.0,51.65,10.0,N,1,2026-07-30
84,1,353,46,24,160,45,Course Page,52,58,227,3,0,7.673913043478261,53.71739130434783,0.1274787535410765,0.4532577903682719,15.0,83.09333333333333,100.0,69.0,52.0,15,70.2,0,84.0,92.0,69.6,8.0,P,1,2026-07-30
85,1,191,35,19,87,43,Course Page,11,72,103,1,0,5.457142857142857,38.2,0.225130890052356,0.4554973821989528,15.0,69.76666666666667,100.0,0.0,21.0,10,0.0,5,79.0,100.0,15.5,21.0,N,1,2026-07-30
86,1,343,47,32,174,43,Course Page,75,66,165,16,0,7.297872340425532,51.08510638297872,0.1253644314868804,0.5072886297376094,12.0,57.76666666666667,100.0,20.0,30.0,8,68.1,4,65.0,43.333333333333336,66.05,-21.666666666666664,N,1,2026-07-30
87,1,120,14,16,27,13,Assignment,13,60,45,1,0,8.571428571428571,60.0,0.1083333333333333,0.225,14.0,59.17857142857143,100.0,0.0,41.0,9,56.0,5,55.0,75.0,49.0,20.0,SA,1,2026-07-30
88,1,109,19,12,27,28,Course Page,14,37,55,0,0,5.7368421052631575,40.1578947368421,0.2568807339449541,0.2477064220183486,9.0,74.33333333333333,100.0,0.0,62.0,7,86.5,2,75.0,0.0,84.75,0.0,C,1,2026-07-30
89,1,284,62,20,165,64,Assignment,20,144,100,4,0,4.580645161290323,32.064516129032256,0.2253521126760563,0.5809859154929577,8.0,14.0,38.0,0.0,9.0,0,38.0,8,0.0,0.0,28.0,0.0,N,1,2026-07-30
90,1,502,51,32,95,64,Course Page,78,171,227,15,0,9.84313725490196,68.90196078431373,0.1274900398406374,0.1892430278884462,15.0,87.90666666666667,100.0,79.0,73.0,15,82.55,0,92.0,89.0,80.775,-3.0,D,1,2026-07-30
91,1,311,51,28,149,41,Course Page,40,78,152,13,0,6.098039215686274,42.68627450980392,0.1318327974276527,0.4790996784565916,15.0,84.86,100.0,50.0,72.0,15,84.95,0,74.0,92.0,89.975,18.0,D,1,2026-07-30
92,1,488,51,41,75,94,Course Page,94,146,180,28,0,9.568627450980392,66.98039215686275,0.1926229508196721,0.1536885245901639,10.0,78.85,100.0,43.5,40.0,9,72.5,1,78.33333333333333,100.0,77.5,21.66666666666667,SA,1,2026-07-30
93,1,188,31,24,45,7,Course Page,39,53,63,7,0,6.064516129032258,42.4516129032258,0.0372340425531914,0.2393617021276596,13.0,32.19230769230769,60.0,0.0,33.0,3,23.0,10,41.0,26.666666666666668,26.25,-14.333333333333332,N,1,2026-07-30
94,1,417,35,26,164,46,Course Page,117,107,160,0,0,11.914285714285716,83.4,0.1103117505995203,0.3932853717026379,14.0,53.785714285714285,90.0,17.0,51.0,8,17.0,6,75.0,56.25,23.25,-18.75,P,1,2026-07-30
95,1,244,31,34,137,72,Course Page,35,96,97,1,0,7.870967741935484,55.096774193548384,0.2950819672131147,0.5614754098360656,12.0,41.833333333333336,86.0,0.0,0.0,4,0.0,8,55.0,26.666666666666668,43.0,-28.33333333333333,DX,1,2026-07-30
96,1,780,74,46,653,188,Assignment,73,351,337,12,0,10.54054054054054,73.78378378378379,0.241025641025641,0.8371794871794872,15.0,68.36,100.0,1.2,25.0,11,1.2,4,82.0,88.0,22.6,6.0,N,1,2026-07-30
97,1,157,35,15,39,54,Course Page,49,45,56,5,0,4.485714285714286,31.4,0.3439490445859872,0.2484076433121019,12.0,76.825,100.0,55.5,44.0,12,55.7,0,88.33333333333333,72.5,77.85,-15.833333333333329,SA,1,2026-07-30
98,1,145,23,16,67,31,Course Page,47,29,66,0,0,6.304347826086956,44.130434782608695,0.2137931034482758,0.4620689655172413,8.0,51.275,100.0,0.0,28.0,5,73.1,3,40.0,0.0,69.55,0.0,N,1,2026-07-30
99,1,417,49,36,77,31,Course Page,114,78,183,12,0,8.510204081632653,59.57142857142857,0.0743405275779376,0.184652278177458,14.0,74.25,100.0,0.0,60.0,13,79.0,1,90.0,53.75,77.0,-36.25,C,1,2026-07-30
100,1,57,20,5,8,6,Course Page,1,2,53,1,0,2.85,19.95,0.1052631578947368,0.1403508771929824,10.0,41.15,75.0,0.0,10.0,5,0.0,5,61.25,50.0,21.75,-11.25,N,1,2026-07-30
101,1,733,50,30,296,161,Course Page,162,118,423,0,0,14.66,102.62,0.2196452933151432,0.4038199181446112,15.0,71.86666666666666,90.0,43.0,38.0,13,67.0,2,74.0,82.0,55.0,8.0,N,1,2026-07-30
102,1,121,15,11,53,24,Course Page,17,43,57,0,0,8.066666666666666,56.46666666666667,0.1983471074380165,0.4380165289256198,8.0,10.375,25.0,0.0,2.0,0,0.0,8,16.666666666666668,20.0,2.0,3.333333333333332,N,1,2026-07-30
103,1,444,81,45,215,128,Course Page,35,160,234,5,0,5.481481481481482,38.37037037037037,0.2882882882882883,0.4842342342342342,15.0,89.96666666666667,100.0,40.0,74.0,13,93.0,2,97.0,100.0,66.5,3.0,D,1,2026-07-30
104,1,421,72,28,140,80,Assignment,94,143,101,36,0,5.847222222222222,40.93055555555555,0.1900237529691211,0.332541567695962,15.0,91.53333333333332,100.0,75.0,72.0,15,94.0,0,96.0,86.0,93.0,-10.0,D,1,2026-07-30
105,1,211,40,22,90,30,Course Page,28,74,95,5,0,5.275,36.925,0.1421800947867298,0.4265402843601896,12.0,65.48333333333333,90.0,25.0,36.0,10,65.65,2,76.0,57.5,60.325,-18.5,N,1,2026-07-30
106,1,638,68,43,395,140,Course Page,65,188,345,7,0,9.382352941176473,65.6764705882353,0.219435736677116,0.6191222570532915,14.0,48.75714285714286,100.0,0.0,33.0,8,32.8,6,46.0,60.0,41.4,14.0,N,1,2026-07-30
107,1,678,69,46,174,108,Course Page,149,180,300,2,0,9.826086956521738,68.78260869565217,0.1592920353982301,0.2566371681415929,14.0,68.35714285714286,100.0,30.0,53.0,13,77.0,1,70.0,65.0,71.5,-5.0,P,1,2026-07-30
108,1,333,32,25,260,79,Course Page,98,66,151,9,0,10.40625,72.84375,0.2372372372372372,0.7807807807807807,14.0,58.46428571428572,85.0,0.0,57.0,12,76.0,2,70.0,38.75,65.75,-31.25,P,1,2026-07-30
109,1,205,30,19,103,6,Course Page,40,46,110,0,0,6.833333333333333,47.833333333333336,0.0292682926829268,0.5024390243902439,11.0,68.95454545454545,90.0,43.5,66.0,10,85.0,1,67.5,82.5,70.0,15.0,C,1,2026-07-30
110,1,251,30,30,194,56,Assignment,34,104,104,2,0,8.366666666666667,58.56666666666667,0.2231075697211155,0.7729083665338645,10.0,51.2,70.0,27.0,22.0,6,58.5,4,56.66666666666666,50.0,53.75,-6.666666666666664,N,1,2026-07-30
111,1,257,25,34,153,18,Assignment,9,147,92,1,0,10.28,71.96,0.0700389105058365,0.5953307392996109,13.0,81.69999999999999,100.0,63.3,45.0,13,63.3,0,99.0,76.66666666666667,66.15,-22.33333333333333,S,1,2026-07-30
112,1,189,26,24,79,31,Assignment,15,80,77,2,0,7.269230769230769,50.88461538461538,0.164021164021164,0.4179894179894179,14.0,67.51428571428572,100.0,30.0,52.0,12,52.85,2,53.75,82.0,64.425,28.25,P,1,2026-07-30
113,1,502,67,30,198,77,Course Page,50,120,293,1,0,7.492537313432836,52.44776119402985,0.1533864541832669,0.3944223107569721,15.0,31.466666666666665,75.0,0.0,24.0,5,62.0,10,17.0,19.0,68.5,2.0,N,1,2026-07-30
114,1,157,22,22,85,4,Assignment,15,92,46,0,0,7.136363636363637,49.95454545454545,0.0254777070063694,0.5414012738853503,15.0,80.2,100.0,60.0,68.0,15,86.0,0,83.0,81.0,75.25,-2.0,C,1,2026-07-30
115,1,455,47,27,73,70,Course Page,100,151,195,2,0,9.680851063829786,67.76595744680851,0.1538461538461538,0.1604395604395604,14.0,73.57142857142857,100.0,50.0,58.0,14,65.0,0,84.0,70.0,65.0,-14.0,P,1,2026-07-30
116,1,127,18,13,91,43,Course Page,11,45,62,8,0,7.055555555555555,49.388888888888886,0.3385826771653543,0.7165354330708661,6.0,50.48333333333333,78.0,0.0,23.0,4,73.45,2,0.0,0.0,75.725,0.0,N,1,2026-07-30
117,1,105,20,22,8,9,Assignment,24,53,23,2,0,5.25,36.75,0.0857142857142857,0.0761904761904762,15.0,92.2,100.0,50.0,82.0,15,91.5,0,100.0,100.0,70.75,0.0,HD,1,2026-07-30
118,1,803,74,32,219,117,Assignment,127,351,295,7,0,10.85135135135135,75.95945945945947,0.1457036114570361,0.2727272727272727,15.0,79.42,100.0,30.0,64.0,14,94.65,1,72.0,80.0,88.825,8.0,C,1,2026-07-30
119,1,165,29,22,66,9,Course Page,39,59,66,0,0,5.689655172413793,39.82758620689655,0.0545454545454545,0.4,15.0,69.7,100.0,10.0,50.0,11,77.5,4,80.0,67.0,59.25,-13.0,P,1,2026-07-30
120,1,191,37,15,42,34,Course Page,61,35,90,3,0,5.162162162162162,36.13513513513514,0.1780104712041884,0.2198952879581152,14.0,88.57857142857142,100.0,64.0,61.0,14,83.05,0,100.0,92.0,73.525,-8.0,C,1,2026-07-30
121,1,230,27,33,108,45,Course Page,71,40,100,2,0,8.518518518518519,59.629629629629626,0.1956521739130435,0.4695652173913043,8.0,48.625,80.0,18.5,25.0,5,31.75,3,65.0,55.0,46.375,-10.0,N,1,2026-07-30
122,1,171,22,24,12,4,Assignment,40,66,59,0,0,7.772727272727272,54.409090909090914,0.023391812865497,0.0701754385964912,14.0,92.64,100.0,78.73,64.0,14,78.73,0,100.0,96.25,80.86500000000001,-3.75,C,1,2026-07-30
123,1,134,21,26,64,13,Course Page,44,38,44,4,0,6.380952380952381,44.66666666666666,0.0970149253731343,0.4776119402985074,10.0,34.05,63.0,0.0,18.0,4,63.0,6,36.25,25.0,42.0,-11.25,N,1,2026-07-30
124,1,599,89,29,211,134,Course Page,190,65,320,22,0,6.730337078651686,47.1123595505618,0.2237061769616026,0.352253756260434,15.0,80.41333333333334,95.0,69.0,72.0,15,72.1,0,83.0,85.0,70.55,2.0,D,1,2026-07-30
125,1,669,89,33,185,153,Course Page,194,107,351,8,0,7.51685393258427,52.61797752808989,0.2286995515695067,0.2765321375186846,15.0,85.4,100.0,70.0,75.0,15,73.5,0,88.0,92.0,72.75,4.0,D,1,2026-07-30
126,1,205,29,20,22,83,Assignment,32,88,78,2,0,7.068965517241379,49.48275862068965,0.4048780487804878,0.1073170731707317,15.0,65.63333333333334,100.0,0.0,53.0,12,54.0,3,72.0,55.0,71.5,-17.0,P,1,2026-07-30
127,1,169,28,19,91,35,Course Page,32,50,83,0,0,6.035714285714286,42.25,0.2071005917159763,0.5384615384615384,11.0,38.95454545454545,85.0,0.0,23.0,6,0.0,5,42.0,85.0,26.0,43.0,N,1,2026-07-30
128,1,230,44,23,71,45,Course Page,18,97,104,5,0,5.227272727272728,36.59090909090909,0.1956521739130435,0.308695652173913,12.0,67.86666666666666,85.0,51.0,30.0,12,68.7,0,66.25,81.66666666666667,63.35,15.416666666666671,N,1,2026-07-30
129,1,662,60,34,264,156,Course Page,147,162,309,1,0,11.033333333333331,77.23333333333333,0.2356495468277945,0.3987915407854985,12.0,55.0,100.0,20.0,24.0,8,30.0,4,58.0,55.0,55.0,-3.0,N,1,2026-07-30
130,1,183,31,15,70,30,Assignment,35,76,72,0,0,5.903225806451613,41.32258064516129,0.1639344262295081,0.3825136612021858,8.0,64.725,100.0,23.0,25.0,6,57.4,2,76.66666666666667,0.0,66.2,0.0,N,1,2026-07-30
131,1,261,35,29,76,37,Course Page,67,72,102,8,0,7.457142857142857,52.2,0.1417624521072797,0.2911877394636015,15.0,87.54666666666667,100.0,76.35,82.0,15,76.35,0,91.0,84.0,87.675,-7.0,HD,1,2026-07-30
132,1,341,42,28,97,27,Course Page,27,127,169,10,0,8.119047619047619,56.833333333333336,0.0791788856304985,0.2844574780058651,14.0,79.64999999999999,100.0,50.0,63.0,14,95.55,0,78.0,72.5,91.775,-5.5,C,1,2026-07-30
133,1,157,18,18,49,16,Course Page,23,54,70,0,0,8.722222222222221,61.05555555555555,0.1019108280254777,0.3121019108280254,7.0,24.685714285714287,50.0,0.0,10.0,1,28.9,6,50.0,0.0,29.45,-50.0,N,1,2026-07-30
134,1,418,37,31,214,88,Course Page,120,75,201,15,0,11.297297297297296,79.08108108108108,0.2105263157894736,0.5119617224880383,12.0,54.333333333333336,95.0,20.0,27.0,7,62.0,5,36.66666666666666,72.5,53.0,35.833333333333336,N,1,2026-07-30
135,1,237,30,37,175,32,Assignment,20,140,70,1,0,7.9,55.3,0.1350210970464135,0.7383966244725738,14.0,78.47857142857143,100.0,37.0,38.0,12,50.35,2,96.0,90.0,43.675,-6.0,N,1,2026-07-30
136,1,359,51,22,145,87,Course Page,29,159,161,2,0,7.03921568627451,49.27450980392157,0.2423398328690807,0.403899721448468,14.0,73.15714285714286,83.85,65.0,56.0,14,83.85,0,75.0,71.0,75.925,-4.0,P,1,2026-07-30
137,1,307,28,42,114,29,Assignment,26,188,90,0,0,10.964285714285714,76.75,0.0944625407166123,0.3713355048859935,15.0,78.88000000000001,100.0,50.35,37.0,15,50.35,0,89.0,88.0,52.425,-1.0,N,1,2026-07-30
138,1,214,24,20,92,61,Assignment,17,99,93,1,0,8.916666666666666,62.41666666666667,0.2850467289719626,0.4299065420560747,13.0,74.6923076923077,100.0,30.0,42.0,11,88.5,2,71.25,78.75,77.75,7.5,SA,1,2026-07-30
139,1,135,22,15,72,40,Course Page,14,54,64,0,0,6.136363636363637,42.95454545454545,0.2962962962962963,0.5333333333333333,13.0,45.61538461538461,80.0,0.0,33.0,8,65.0,5,46.0,26.666666666666668,63.0,-19.33333333333333,N,1,2026-07-30
140,1,7,5,3,1,2,Course Page,0,2,4,1,0,1.4,9.8,0.2857142857142857,0.1428571428571428,4.0,5.5,20.0,0.0,0.0,0,0.0,4,20.0,0.0,0.0,0.0,N,1,2026-07-30
141,1,374,51,28,119,53,Course Page,58,100,201,9,0,7.333333333333333,51.333333333333336,0.141711229946524,0.3181818181818182,14.0,55.29,100.0,30.0,48.0,8,43.78,6,61.0,40.0,65.64,-21.0,S,1,2026-07-30
142,1,277,47,24,39,44,Course Page,55,57,125,6,0,5.893617021276596,41.25531914893617,0.1588447653429603,0.1407942238267148,14.0,89.41428571428571,100.0,75.0,71.0,14,95.9,0,92.5,90.0,87.45,-2.5,D,1,2026-07-30
143,1,501,38,26,232,64,Course Page,162,65,235,9,0,13.18421052631579,92.28947368421052,0.1277445109780439,0.4630738522954092,7.0,45.142857142857146,90.0,0.0,13.0,3,0.0,4,55.0,30.0,54.0,-25.0,N,1,2026-07-30
144,1,105,12,17,90,27,Course Page,3,33,66,0,0,8.75,61.25,0.2571428571428571,0.8571428571428571,10.0,62.5,95.0,0.0,58.0,7,87.0,3,60.0,72.5,58.0,12.5,P,1,2026-07-30
145,1,112,10,16,82,2,Lecture Material,48,26,35,3,0,11.2,78.39999999999999,0.0178571428571428,0.7321428571428571,8.0,58.875,100.0,0.0,17.0,5,0.0,3,77.5,0.0,43.333333333333336,0.0,N,1,2026-07-30
146,1,176,34,18,87,41,Course Page,58,39,63,2,0,5.176470588235294,36.235294117647065,0.2329545454545454,0.4943181818181818,7.0,60.07142857142857,75.0,14.5,22.0,6,55.5,1,72.5,0.0,65.25,0.0,N,1,2026-07-30
147,1,265,37,26,83,78,Course Page,59,81,115,8,0,7.162162162162162,50.13513513513514,0.2943396226415094,0.3132075471698113,10.0,65.25,100.0,12.75,25.0,6,12.75,4,92.5,40.0,50.375,-52.5,N,1,2026-07-30
148,1,101,21,18,44,17,Assignment,26,38,34,3,0,4.809523809523809,33.666666666666664,0.1683168316831683,0.4356435643564356,9.0,58.28888888888889,100.0,30.0,24.0,5,55.8,4,93.33333333333331,30.0,45.9,-63.33333333333333,N,1,2026-07-30
149,1,166,22,35,63,9,Assignment,14,126,26,0,0,7.545454545454546,52.81818181818182,0.0542168674698795,0.3795180722891566,14.0,87.92857142857143,100.0,62.75,60.0,14,62.75,0,99.0,97.5,64.375,-1.5,C,1,2026-07-30
150,1,94,25,14,25,20,Course Page,18,27,40,0,0,3.76,26.32,0.2127659574468085,0.2659574468085106,14.0,90.15,100.0,49.0,69.0,12,95.3,2,97.0,100.0,72.15,3.0,C,1,2026-07-30
151,1,54,13,13,27,10,Course Page,14,10,28,0,0,4.153846153846154,29.07692307692308,0.1851851851851851,0.5,10.0,53.9,100.0,0.0,10.0,6,0.0,4,45.0,80.0,0.0,35.0,N,1,2026-07-30
152,1,203,24,18,118,43,Course Page,31,76,87,1,0,8.458333333333334,59.208333333333336,0.2118226600985221,0.5812807881773399,8.0,19.5,38.0,0.0,11.0,0,38.0,8,5.0,10.0,33.5,5.0,N,1,2026-07-30
153,1,92,22,13,66,15,Assignment,23,60,8,0,0,4.181818181818182,29.272727272727277,0.1630434782608695,0.717391304347826,13.0,52.29230769230769,65.0,10.0,26.0,10,60.4,3,51.0,45.0,62.7,-6.0,N,1,2026-07-30
154,1,220,28,34,152,39,Course Page,42,42,115,2,0,7.857142857142857,55.0,0.1772727272727272,0.6909090909090909,5.0,11.4,50.0,0.0,1.0,1,0.0,4,0.0,50.0,0.6666666666666666,0.0,N,1,2026-07-30
155,1,8,3,4,6,0,Course Page,1,2,4,0,0,2.6666666666666665,18.666666666666668,0.0,0.75,6.0,0.0,0.0,0.0,0.0,0,0.0,6,0.0,0.0,0.0,0.0,N,1,2026-07-30
156,1,75,18,14,9,6,Course Page,15,26,30,2,0,4.166666666666667,29.166666666666664,0.08,0.12,15.0,84.06,100.0,50.0,42.0,15,82.7,0,82.0,83.0,88.35,1.0,SA,1,2026-07-30
157,1,96,15,20,45,10,Course Page,24,15,50,0,0,6.4,44.8,0.1041666666666666,0.46875,10.0,19.15,80.0,0.0,5.0,2,0.0,8,29.0,0.0,10.666666666666666,-29.0,N,1,2026-07-30
158,1,48,9,8,11,2,Course Page,4,14,29,0,0,5.333333333333333,37.33333333333333,0.0416666666666666,0.2291666666666666,8.0,8.25,33.0,0.0,3.0,0,0.0,8,0.0,0.0,22.0,0.0,N,1,2026-07-30
159,1,47,6,9,5,0,Assignment,7,23,17,0,0,7.833333333333333,54.833333333333336,0.0,0.1063829787234042,6.0,34.5,90.0,0.0,5.0,2,0.0,4,75.0,0.0,14.0,0.0,N,1,2026-07-30
160,1,101,14,11,6,21,Course Page,14,36,46,0,0,7.214285714285714,50.5,0.2079207920792079,0.0594059405940594,8.0,12.5,50.0,0.0,5.0,2,0.0,6,0.0,0.0,25.0,0.0,N,1,2026-07-30
161,1,134,17,14,58,40,Course Page,20,40,70,4,0,7.882352941176471,55.1764705882353,0.2985074626865671,0.4328358208955223,6.0,20.166666666666668,50.0,0.0,3.0,1,0.0,5,36.66666666666666,0.0,0.0,0.0,N,1,2026-07-30
162,1,71,12,17,35,14,Course Page,11,25,30,1,0,5.916666666666667,41.41666666666667,0.1971830985915492,0.4929577464788732,12.0,29.791666666666668,80.0,0.0,7.0,5,0.0,7,49.0,40.0,0.0,-9.0,N,1,2026-07-30
163,1,170,21,27,118,58,Assignment,18,120,27,0,0,8.095238095238095,56.66666666666666,0.3411764705882353,0.6941176470588235,9.0,67.22222222222223,100.0,0.0,11.0,7,0.0,2,90.0,100.0,0.0,10.0,N,1,2026-07-30
164,1,16,7,4,15,8,Course Page,0,2,13,0,0,2.2857142857142856,16.0,0.5,0.9375,3.0,0.0,0.0,0.0,0.0,0,0.0,3,0.0,0.0,0.0,0.0,N,1,2026-07-30
165,1,38,9,10,5,12,Course Page,11,9,16,0,0,4.222222222222222,29.555555555555557,0.3157894736842105,0.131578947368421,5.0,33.0,80.0,0.0,3.0,2,0.0,3,75.0,0.0,0.0,0.0,N,1,2026-07-30
166,1,12,7,2,7,7,Assignment,0,7,5,0,0,1.7142857142857142,12.0,0.5833333333333334,0.5833333333333334,4.0,5.5,20.0,0.0,0.0,0,0.0,4,20.0,0.0,0.0,0.0,N,1,2026-07-30
167,1,14,5,6,12,3,Course Page,2,2,8,1,0,2.8,19.6,0.2142857142857142,0.8571428571428571,5.0,0.0,0.0,0.0,0.0,0,0.0,5,0.0,0.0,0.0,0.0,N,1,2026-07-30
168,1,103,6,13,6,32,Course Page,29,21,45,0,0,17.166666666666668,120.16666666666669,0.3106796116504854,0.058252427184466,4.0,23.375,85.0,0.0,2.0,1,0.0,3,85.0,0.0,0.0,0.0,N,1,2026-07-30
169,1,2,1,2,0,0,Course Page,0,0,1,1,0,2.0,14.0,0.0,0.0,6.0,0.0,0.0,0.0,0.0,0,0.0,6,0.0,0.0,0.0,0.0,N,1,2026-07-30
170,1,0,0,0,0,0,No Activity,0,0,0,0,0,0.0,0.0,0.0,0.0,4.0,0.0,0.0,0.0,0.0,0,0.0,4,0.0,0.0,0.0,0.0,N,1,2026-07-30
171,1,0,0,0,0,0,No Activity,0,0,0,0,0,0.0,0.0,0.0,0.0,7.0,0.0,0.0,0.0,0.0,0,0.0,7,0.0,0.0,0.0,0.0,N,1,2026-07-30
172,2,21,5,8,3,1,Other,1,0,0,3,0,4.2,29.4,0.0476190476190476,0.1428571428571428,0.0,0.0,0.0,0.0,0.0,0,0.0,0,0.0,0.0,0.0,0.0,No Result,2,2026-07-30
173,3,31,4,13,13,0,Other,2,2,0,2,12,7.75,54.25,0.0,0.4193548387096774,2.0,0.0,0.0,0.0,0.0,0,0.0,2,0.0,0.0,0.0,0.0,No Result,2,2026-07-30
174,3,18,2,8,0,16,Quiz,0,0,0,0,10,9.0,63.0,0.8888888888888888,0.0,2.0,50.0,100.0,0.0,100.0,1,0.0,1,0.0,0.0,0.0,0.0,No Result,2,2026-07-30
1,1,1086,97,27,291,126,Assignment,5,939,142,0,0,11.195876288659793,78.37113402061856,0.11602209944751381,0.26795580110497236,0.0,0.0,0.0,0.0,0.0,0,0.0,0,0.0,0.0,0.0,0.0,No Result,1,2026-07-31
2,1,549,53,39,256,114,Course Page,137,184,192,15,0,10.358490566037736,72.50943396226415,0.20765027322404372,0.4663023679417122,15.0,70.53999999999999,100.0,0.0,41.0,10,44.8,5,95.0,72.0,34.9,-23.0,SA,1,2026-07-31
3,1,236,30,20,91,33,Course Page,50,92,93,1,0,7.866666666666666,55.06666666666667,0.13983050847457626,0.3855932203389831,12.0,58.083333333333336,100.0,0.0,0.0,9,0.0,3,66.0,63.333333333333336,41.666666666666664,-2.6666666666666643,DX,1,2026-07-31
4,1,183,33,22,72,20,Course Page,48,45,68,6,0,5.545454545454546,38.81818181818182,0.1092896174863388,0.39344262295081966,15.0,83.28666666666666,100.0,60.0,49.0,15,61.9,0,79.0,98.0,68.95,19.0,S,1,2026-07-31
5,1,356,55,25,169,50,Course Page,61,130,165,0,0,6.472727272727273,45.30909090909091,0.1404494382022472,0.4747191011235955,15.0,86.00666666666666,100.0,10.0,86.0,14,93.05,1,71.0,97.0,91.525,26.0,HD,1,2026-07-31
6,1,852,92,60,469,168,Course Page,69,300,428,10,0,9.26086956521739,64.82608695652173,0.19718309859154928,0.5504694835680751,15.0,81.62666666666668,100.0,54.0,0.0,15,60.45,0,87.0,94.0,57.225,7.0,DX,1,2026-07-31
7,1,1292,123,34,121,405,Course Page,373,194,695,16,0,10.504065040650406,73.52845528455283,0.31346749226006193,0.0936532507739938,15.0,53.53333333333333,80.0,31.0,46.0,9,68.0,6,51.0,59.0,49.5,8.0,S,1,2026-07-31
8,1,301,48,20,244,87,Course Page,59,72,151,0,0,6.270833333333333,43.895833333333336,0.28903654485049834,0.8106312292358804,15.0,57.940000000000005,94.0,0.0,46.0,11,71.05,4,46.0,52.0,82.525,6.0,S,1,2026-07-31
9,1,365,47,23,125,25,Assignment,54,160,144,1,0,7.76595744680851,54.361702127659576,0.0684931506849315,0.3424657534246575,15.0,67.83733333333333,100.0,0.0,75.0,12,52.28,3,94.0,40.0,70.14,-54.0,D,1,2026-07-31
10,1,158,23,15,87,24,Course Page,15,48,90,3,0,6.869565217391305,48.08695652173913,0.1518987341772152,0.5506329113924051,11.0,60.08181818181818,95.0,10.0,32.0,6,84.7,5,56.25,70.0,64.85,13.75,N,1,2026-07-31
11,1,229,35,18,92,55,Course Page,10,68,146,2,0,6.542857142857143,45.8,0.24017467248908297,0.4017467248908297,14.0,77.07142857142857,100.0,0.0,33.0,12,0.0,2,88.0,78.0,55.333333333333336,-10.0,N,1,2026-07-31
12,1,1221,84,42,307,252,Course Page,249,268,630,30,0,14.535714285714286,101.75,0.20638820638820637,0.25143325143325146,15.0,79.43333333333334,100.0,40.0,75.0,14,87.0,1,86.0,79.0,71.0,-7.0,D,1,2026-07-31
13,1,187,38,22,80,27,Course Page,35,41,67,36,0,4.921052631578948,34.44736842105263,0.1443850267379679,0.42780748663101603,15.0,98.49333333333334,100.0,88.7,76.0,15,88.7,0,100.0,100.0,94.35,0.0,D,1,2026-07-31
14,1,141,28,19,20,16,Assignment,32,39,39,27,0,5.035714285714286,35.25,0.11347517730496454,0.14184397163120568,14.0,82.82142857142857,100.0,0.0,50.0,13,0.0,1,90.0,91.0,54.666666666666664,1.0,P,1,2026-07-31
15,1,1194,97,48,851,231,Assignment,38,658,477,12,0,12.309278350515465,86.16494845360825,0.1934673366834171,0.7127303182579564,15.0,88.74666666666667,100.0,70.0,59.0,15,81.1,0,92.0,94.0,77.05,2.0,P,1,2026-07-31
16,1,733,68,27,439,250,Course Page,184,137,384,1,0,10.779411764705882,75.45588235294119,0.34106412005457026,0.5989085948158254,15.0,68.83333333333333,100.0,0.0,51.0,12,20.25,3,86.0,66.0,49.125,-20.0,P,1,2026-07-31
17,1,43,8,9,15,13,Course Page,7,17,19,0,0,5.375,37.625,0.3023255813953488,0.3488372093023256,7.0,35.857142857142854,100.0,0.0,5.0,3,0.0,4,73.33333333333333,0.0,3.0,0.0,N,1,2026-07-31
18,1,49,5,9,2,48,Course Page,0,8,41,0,0,9.8,68.6,0.9795918367346939,0.04081632653061224,6.0,0.0,0.0,0.0,0.0,0,0.0,6,0.0,0.0,0.0,0.0,N,1,2026-07-31
19,1,535,71,33,216,111,Course Page,130,76,247,20,0,7.535211267605634,52.74647887323944,0.20747663551401868,0.40373831775700936,15.0,93.65333333333334,100.0,70.0,83.0,15,93.15,0,90.0,97.0,94.075,7.0,HD,1,2026-07-31
20,1,161,22,32,67,57,Course Page,49,40,55,1,0,7.318181818181818,51.22727272727273,0.35403726708074534,0.4161490683229814,8.0,53.875,100.0,20.0,34.0,4,65.0,4,100.0,20.0,47.25,-80.0,N,1,2026-07-31
21,1,268,41,40,101,55,Assignment,67,87,85,9,0,6.536585365853658,45.75609756097561,0.20522388059701493,0.376865671641791,8.0,67.8875,100.0,26.5,50.0,7,62.3,1,97.5,70.0,62.9,-27.5,P,1,2026-07-31
22,1,1203,111,36,221,239,Course Page,115,292,765,7,0,10.837837837837839,75.86486486486486,0.19866999168744803,0.18370739817123857,15.0,96.584,100.0,88.13,83.0,15,88.13,0,98.0,97.0,94.065,-1.0,HD,1,2026-07-31
23,1,402,58,26,119,59,Course Page,158,50,165,11,0,6.931034482758621,48.51724137931034,0.14676616915422885,0.2960199004975124,15.0,85.1,100.0,55.5,83.0,15,74.0,0,94.0,91.0,64.75,-3.0,HD,1,2026-07-31
24,1,248,30,18,85,9,Course Page,56,41,129,21,0,8.266666666666667,57.86666666666667,0.036290322580645164,0.34274193548387094,9.0,83.38888888888889,100.0,38.5,40.0,8,75.5,1,96.25,0.0,81.75,0.0,SA,1,2026-07-31
25,1,382,49,30,148,43,Course Page,90,101,182,2,0,7.795918367346939,54.57142857142857,0.112565445026178,0.387434554973822,15.0,77.36,100.0,46.2,40.0,13,46.2,2,81.0,83.0,64.6,2.0,SA,1,2026-07-31
26,1,415,47,37,205,80,Course Page,119,81,131,38,0,8.829787234042554,61.80851063829787,0.1927710843373494,0.4939759036144578,12.0,38.083333333333336,70.0,0.0,18.0,4,0.0,8,56.666666666666664,36.0,24.0,-20.666666666666664,N,1,2026-07-31
27,1,266,37,17,58,37,Course Page,71,62,128,0,0,7.1891891891891895,50.32432432432432,0.13909774436090225,0.21804511278195488,13.0,51.684615384615384,80.0,30.0,24.0,6,46.45,7,60.0,50.0,44.225,-10.0,N,1,2026-07-31
28,1,7,3,4,3,0,Course Page,0,3,4,0,0,2.3333333333333335,16.333333333333336,0.0,0.42857142857142855,4.0,26.125,95.0,0.0,2.0,1,0.0,3,0.0,95.0,0.0,0.0,N,1,2026-07-31
29,1,379,49,37,83,71,Course Page,39,131,147,19,0,7.73469387755102,54.142857142857146,0.18733509234828497,0.21899736147757257,14.0,75.61428571428571,100.0,56.05,59.0,14,56.05,0,83.0,85.0,57.025,2.0,P,1,2026-07-31
30,1,111,26,18,40,35,Course Page,14,41,49,3,0,4.269230769230769,29.884615384615383,0.3153153153153153,0.36036036036036034,9.0,41.666666666666664,95.0,5.5,17.0,4,5.5,5,52.5,0.0,36.0,0.0,N,1,2026-07-31
31,1,362,46,37,114,38,Course Page,79,117,130,11,0,7.869565217391305,55.08695652173913,0.10497237569060773,0.3149171270718232,15.0,90.15333333333334,100.0,65.8,72.0,15,65.8,0,97.4,90.0,80.4,-7.400000000000006,D,1,2026-07-31
32,1,450,59,50,32,54,Assignment,41,226,161,15,0,7.627118644067797,53.389830508474574,0.12,0.07111111111111111,14.0,84.09285714285714,100.0,59.0,75.0,14,59.4,0,91.25,98.0,59.2,6.75,D,1,2026-07-31
33,1,317,43,31,69,101,Course Page,42,72,166,17,0,7.372093023255814,51.604651162790695,0.3186119873817035,0.21766561514195584,15.0,88.39666666666668,100.0,60.0,49.0,15,91.3,0,78.0,100.0,86.7375,22.0,S,1,2026-07-31
34,1,501,58,28,365,130,Course Page,82,166,230,13,0,8.637931034482758,60.4655172413793,0.25948103792415167,0.7285429141716567,13.0,76.96153846153847,100.0,20.0,44.0,11,83.0,2,81.0,73.33333333333333,78.25,-7.666666666666671,SA,1,2026-07-31
35,1,338,51,34,46,17,Course Page,80,113,123,6,0,6.627450980392157,46.3921568627451,0.05029585798816568,0.13609467455621302,15.0,84.97333333333333,100.0,70.35,48.0,15,70.35,0,87.8,90.0,74.175,2.200000000000003,S,1,2026-07-31
36,1,402,48,30,141,60,Course Page,87,87,188,0,0,8.375,58.625,0.14925373134328357,0.35074626865671643,15.0,67.6,90.0,35.0,56.0,13,64.5,2,67.0,63.0,74.75,-4.0,P,1,2026-07-31
37,1,212,36,15,16,4,Course Page,32,60,115,3,0,5.888888888888889,41.22222222222222,0.018867924528301886,0.07547169811320754,14.0,77.27142857142857,95.0,55.0,54.0,14,81.4,0,79.0,73.75,80.7,-5.25,P,1,2026-07-31
38,1,846,84,39,256,166,Course Page,130,242,403,20,0,10.071428571428571,70.5,0.19621749408983452,0.30260047281323876,15.0,67.25333333333333,92.0,35.0,45.0,12,79.65,3,62.0,59.0,85.825,-3.0,S,1,2026-07-31
39,1,211,50,37,41,40,Lecture Material,70,58,59,6,0,4.22,29.54,0.1895734597156398,0.1943127962085308,15.0,81.94266666666667,100.0,61.57,70.0,15,61.57,0,94.0,82.0,65.285,-12.0,D,1,2026-07-31
40,1,321,40,22,154,30,Assignment,31,178,111,1,0,8.025,56.175,0.09345794392523364,0.4797507788161994,14.0,62.392857142857146,100.0,19.0,34.0,12,19.0,2,75.0,72.5,35.5,-2.5,N,1,2026-07-31
41,1,409,43,27,225,101,Course Page,78,122,196,10,0,9.511627906976743,66.5813953488372,0.2469437652811736,0.5501222493887531,10.0,38.9,60.0,0.0,15.0,5,46.0,5,40.0,55.0,30.666666666666668,15.0,N,1,2026-07-31
42,1,266,42,20,128,22,Assignment,24,130,101,1,0,6.333333333333333,44.333333333333336,0.08270676691729323,0.48120300751879697,13.0,84.34615384615384,100.0,60.0,62.0,13,60.0,0,91.0,93.33333333333333,72.0,2.3333333333333286,C,1,2026-07-31
43,1,611,63,36,334,99,Course Page,106,77,402,1,0,9.698412698412698,67.88888888888889,0.16202945990180032,0.546644844517185,14.0,82.27857142857144,100.0,45.0,43.0,13,85.95,1,85.0,88.0,73.475,3.0,SA,1,2026-07-31
44,1,367,38,26,107,75,Course Page,85,96,174,7,0,9.657894736842104,67.60526315789474,0.20435967302452315,0.29155313351498635,13.0,83.9076923076923,100.0,67.9,60.0,13,67.9,0,93.0,88.33333333333333,71.95,-4.666666666666671,C,1,2026-07-31
45,1,478,62,56,257,73,Assignment,67,193,193,8,0,7.709677419354839,53.967741935483865,0.15271966527196654,0.5376569037656904,15.0,89.08666666666666,100.0,65.0,71.0,15,79.15,0,88.0,92.0,86.575,4.0,D,1,2026-07-31
46,1,265,40,22,79,64,Course Page,66,59,118,13,0,6.625,46.375,0.24150943396226415,0.2981132075471698,15.0,72.78666666666666,90.0,40.0,46.0,14,69.65,1,69.0,82.0,65.325,13.0,S,1,2026-07-31
47,1,330,53,26,156,115,Course Page,17,138,163,6,0,6.226415094339623,43.58490566037736,0.3484848484848485,0.4727272727272727,15.0,83.44666666666667,100.0,60.0,43.0,15,75.85,0,81.0,87.0,81.925,6.0,SA,1,2026-07-31
48,1,384,48,32,109,98,Course Page,115,96,160,1,0,8.0,56.0,0.2552083333333333,0.2838541666666667,15.0,72.25733333333332,100.0,25.0,48.0,12,51.43,3,86.0,56.0,75.715,-30.0,S,1,2026-07-31
49,1,439,34,30,366,158,Course Page,133,56,192,32,0,12.911764705882353,90.38235294117648,0.35990888382687924,0.8337129840546698,9.0,63.333333333333336,100.0,29.0,26.0,8,64.5,1,65.0,80.0,62.75,15.0,N,1,2026-07-31
50,1,254,35,41,64,8,Lecture Material,80,37,75,36,0,7.257142857142857,50.8,0.031496062992125984,0.25196850393700787,13.0,46.2,84.0,20.0,60.0,6,51.3,7,40.0,33.333333333333336,67.65,-6.666666666666664,C,1,2026-07-31
51,1,270,57,27,125,41,Course Page,44,94,106,12,0,4.7368421052631575,33.15789473684211,0.15185185185185185,0.46296296296296297,14.0,87.73571428571428,100.0,50.0,82.0,14,97.9,0,89.0,82.5,93.95,-6.5,HD,1,2026-07-31
52,1,244,32,23,120,39,Course Page,70,36,94,10,0,7.625,53.375,0.1598360655737705,0.4918032786885246,15.0,71.03333333333333,100.0,50.0,62.0,15,68.0,0,82.0,67.0,61.5,-15.0,C,1,2026-07-31
53,1,267,42,21,60,79,Course Page,75,66,121,4,0,6.357142857142857,44.5,0.2958801498127341,0.2247191011235955,12.0,57.03333333333333,100.0,19.7,37.0,7,19.7,5,72.0,50.0,44.6,-22.0,N,1,2026-07-31
54,1,748,69,41,322,144,Course Page,86,227,378,1,0,10.840579710144928,75.88405797101449,0.1925133689839572,0.4304812834224599,13.0,74.99230769230769,100.0,30.0,41.0,10,76.45,3,67.5,97.5,62.225,30.0,SA,1,2026-07-31
55,1,711,68,25,147,179,Course Page,39,94,552,6,0,10.455882352941176,73.19117647058825,0.2517580872011252,0.20675105485232068,11.0,45.13636363636363,75.0,0.0,22.0,4,44.0,7,48.75,20.0,59.5,-28.75,N,1,2026-07-31
56,1,261,40,25,71,64,Course Page,31,99,113,8,0,6.525,45.675,0.24521072796934865,0.2720306513409962,15.0,78.56666666666666,100.0,0.0,60.0,14,84.0,1,92.0,59.0,87.0,-33.0,C,1,2026-07-31
57,1,176,38,16,78,22,Course Page,11,45,119,0,0,4.631578947368421,32.421052631578945,0.125,0.4431818181818182,6.0,57.333333333333336,100.0,10.0,47.0,5,62.0,1,100.0,0.0,58.5,0.0,S,1,2026-07-31
58,1,387,46,28,135,68,Course Page,93,46,223,11,0,8.41304347826087,58.891304347826086,0.17571059431524547,0.3488372093023256,12.0,26.375,55.0,0.0,20.0,4,53.75,8,17.5,6.666666666666667,54.375,-10.833333333333332,N,1,2026-07-31
59,1,221,28,16,77,28,Course Page,50,48,123,0,0,7.892857142857143,55.25,0.12669683257918551,0.34841628959276016,9.0,55.67777777777778,85.0,29.0,19.0,6,36.05,3,78.33333333333333,55.0,45.525,-23.33333333333333,N,1,2026-07-31
60,1,455,69,27,180,125,Course Page,40,177,214,15,0,6.594202898550725,46.15942028985507,0.27472527472527475,0.3956043956043956,15.0,90.91333333333334,100.0,80.0,65.0,15,84.15,0,91.8,91.0,89.575,-0.7999999999999972,C,1,2026-07-31
61,1,280,49,34,118,59,Course Page,84,64,88,14,0,5.714285714285714,40.0,0.21071428571428572,0.42142857142857143,15.0,91.0,100.0,60.0,83.0,15,80.0,0,98.0,88.0,85.5,-10.0,HD,1,2026-07-31
62,1,220,37,28,98,71,Course Page,47,58,105,4,0,5.945945945945946,41.62162162162162,0.32272727272727275,0.44545454545454544,15.0,74.58,95.0,50.0,48.0,15,88.35,0,79.0,69.0,76.175,-10.0,S,1,2026-07-31
63,1,347,53,31,118,41,Course Page,40,77,204,5,0,6.547169811320755,45.83018867924528,0.11815561959654179,0.3400576368876081,14.0,79.5,100.0,40.0,46.0,13,65.5,1,88.0,75.0,74.75,-13.0,S,1,2026-07-31
64,1,551,30,28,345,60,Course Page,64,49,410,9,0,18.366666666666667,128.56666666666666,0.1088929219600726,0.6261343012704175,10.0,48.730000000000004,80.0,10.0,23.0,7,65.65,3,40.0,50.0,61.325,10.0,N,1,2026-07-31
65,1,408,50,34,165,38,Course Page,43,137,180,15,0,8.16,57.12,0.09313725490196079,0.40441176470588236,15.0,83.24666666666667,95.0,58.0,58.0,15,88.4,0,83.8,90.0,73.2,6.200000000000003,P,1,2026-07-31
66,1,213,44,24,39,47,Course Page,71,59,74,3,0,4.840909090909091,33.88636363636364,0.22065727699530516,0.18309859154929578,15.0,74.21333333333334,100.0,30.0,46.0,14,72.35,1,66.0,77.0,81.675,11.0,S,1,2026-07-31
67,1,193,18,42,172,40,Assignment,38,110,34,7,0,10.722222222222221,75.05555555555554,0.20725388601036268,0.8911917098445595,15.0,87.22666666666667,100.0,67.7,70.0,15,67.7,0,96.0,86.0,76.85,-10.0,D,1,2026-07-31
68,1,503,74,31,73,85,Course Page,71,69,342,2,0,6.797297297297297,47.58108108108108,0.16898608349900596,0.14512922465208747,15.0,75.48666666666666,100.0,30.0,44.0,12,41.65,3,72.0,90.0,60.325,18.0,SA,1,2026-07-31
69,1,151,33,22,57,12,Course Page,26,46,78,0,0,4.575757575757576,32.03030303030303,0.07947019867549669,0.37748344370860926,15.0,71.59466666666667,100.0,47.21,58.0,13,47.21,2,74.0,75.0,63.605000000000004,1.0,P,1,2026-07-31
70,1,463,46,24,105,76,Course Page,85,89,268,8,0,10.065217391304348,70.45652173913044,0.16414686825053995,0.2267818574514039,15.0,95.83733333333333,100.0,88.28,85.0,15,88.28,0,98.0,96.0,92.64,-2.0,HD,1,2026-07-31
71,1,91,20,14,38,25,Assignment,2,58,24,5,0,4.55,31.849999999999998,0.27472527472527475,0.4175824175824176,14.0,54.642857142857146,80.0,0.0,30.0,10,66.0,4,55.0,42.0,73.0,-13.0,N,1,2026-07-31
72,1,452,50,31,192,33,Course Page,75,149,207,8,0,9.04,63.279999999999994,0.07300884955752213,0.4247787610619469,15.0,75.97333333333333,100.0,40.0,66.0,14,96.3,1,80.0,62.0,89.65,-18.0,C,1,2026-07-31
73,1,252,39,35,169,48,Assignment,21,106,99,16,0,6.461538461538462,45.23076923076923,0.19047619047619047,0.6706349206349206,10.0,53.4,100.0,0.0,11.0,5,0.0,5,80.0,75.0,9.333333333333334,-5.0,N,1,2026-07-31
74,1,327,60,18,149,59,Course Page,52,60,209,0,0,5.45,38.15,0.18042813455657492,0.45565749235474007,15.0,76.5,95.0,30.0,54.0,14,50.0,1,76.0,81.0,71.0,5.0,P,1,2026-07-31
75,1,494,65,24,261,106,Course Page,19,232,240,0,0,7.6,53.199999999999996,0.2145748987854251,0.52834008097166,14.0,73.39285714285714,100.0,40.0,55.0,11,41.0,3,70.0,93.75,57.5,23.75,P,1,2026-07-31
76,1,187,29,28,42,24,Assignment,25,78,78,1,0,6.448275862068965,45.137931034482754,0.12834224598930483,0.22459893048128343,15.0,64.23333333333333,100.0,20.0,53.0,11,45.0,4,76.0,61.0,52.5,-15.0,P,1,2026-07-31
77,1,220,35,24,90,28,Course Page,68,45,85,15,0,6.285714285714286,44.0,0.12727272727272726,0.4090909090909091,10.0,70.47,100.0,38.0,50.0,9,89.35,1,70.0,100.0,71.675,30.0,P,1,2026-07-31
78,1,445,66,27,247,87,Course Page,52,56,321,5,0,6.742424242424242,47.196969696969695,0.19550561797752808,0.5550561797752809,14.0,76.72142857142856,100.0,50.0,39.0,14,73.3,0,71.25,78.0,82.9,6.75,N,1,2026-07-31
79,1,375,47,29,104,82,Course Page,96,103,145,3,0,7.9787234042553195,55.851063829787236,0.21866666666666668,0.2773333333333333,14.0,70.85714285714286,100.0,40.0,63.0,13,63.0,1,86.0,65.0,58.25,-21.0,C,1,2026-07-31
80,1,333,56,21,151,116,Course Page,51,86,193,2,0,5.946428571428571,41.625,0.3483483483483483,0.45345345345345345,15.0,81.77333333333333,100.0,65.0,67.0,15,79.3,0,86.0,78.0,81.15,-8.0,C,1,2026-07-31
81,1,511,76,38,129,125,Lecture Material,159,149,152,22,0,6.723684210526316,47.065789473684205,0.2446183953033268,0.25244618395303325,15.0,35.906666666666666,75.0,10.0,25.0,4,48.8,11,15.0,55.0,38.4,40.0,N,1,2026-07-31
82,1,657,66,29,253,82,Course Page,102,236,299,7,0,9.954545454545455,69.68181818181819,0.1248097412480974,0.3850837138508371,15.0,92.12666666666668,100.0,70.0,73.0,15,88.7,0,90.0,93.0,93.85,3.0,D,1,2026-07-31
83,1,325,50,23,92,61,Course Page,36,69,212,7,0,6.5,45.5,0.18769230769230769,0.28307692307692306,15.0,68.04,100.0,40.0,30.0,12,45.3,3,69.0,79.0,51.65,10.0,N,1,2026-07-31
84,1,353,46,24,160,45,Course Page,52,58,227,3,0,7.673913043478261,53.71739130434783,0.1274787535410765,0.45325779036827196,15.0,83.09333333333333,100.0,69.0,52.0,15,70.2,0,84.0,92.0,69.6,8.0,P,1,2026-07-31
85,1,191,35,19,87,43,Course Page,11,72,103,1,0,5.457142857142857,38.2,0.225130890052356,0.45549738219895286,15.0,69.76666666666667,100.0,0.0,21.0,10,0.0,5,79.0,100.0,15.5,21.0,N,1,2026-07-31
86,1,343,47,32,174,43,Course Page,75,66,165,16,0,7.297872340425532,51.08510638297872,0.12536443148688048,0.5072886297376094,12.0,57.76666666666667,100.0,20.0,30.0,8,68.1,4,65.0,43.333333333333336,66.05,-21.666666666666664,N,1,2026-07-31
87,1,120,14,16,27,13,Assignment,13,60,45,1,0,8.571428571428571,60.0,0.10833333333333334,0.225,14.0,59.17857142857143,100.0,0.0,41.0,9,56.0,5,55.0,75.0,49.0,20.0,SA,1,2026-07-31
88,1,109,19,12,27,28,Course Page,14,37,55,0,0,5.7368421052631575,40.1578947368421,0.25688073394495414,0.24770642201834864,9.0,74.33333333333333,100.0,0.0,62.0,7,86.5,2,75.0,0.0,84.75,0.0,C,1,2026-07-31
89,1,284,62,20,165,64,Assignment,20,144,100,4,0,4.580645161290323,32.064516129032256,0.22535211267605634,0.5809859154929577,8.0,14.0,38.0,0.0,9.0,0,38.0,8,0.0,0.0,28.0,0.0,N,1,2026-07-31
90,1,502,51,32,95,64,Course Page,78,171,227,15,0,9.843137254901961,68.90196078431373,0.12749003984063745,0.1892430278884462,15.0,87.90666666666667,100.0,79.0,73.0,15,82.55,0,92.0,89.0,80.775,-3.0,D,1,2026-07-31
91,1,311,51,28,149,41,Course Page,40,78,152,13,0,6.098039215686274,42.68627450980392,0.13183279742765272,0.4790996784565916,15.0,84.86,100.0,50.0,72.0,15,84.95,0,74.0,92.0,89.975,18.0,D,1,2026-07-31
92,1,488,51,41,75,94,Course Page,94,146,180,28,0,9.568627450980392,66.98039215686275,0.19262295081967212,0.15368852459016394,10.0,78.85,100.0,43.5,40.0,9,72.5,1,78.33333333333333,100.0,77.5,21.66666666666667,SA,1,2026-07-31
93,1,188,31,24,45,7,Course Page,39,53,63,7,0,6.064516129032258,42.4516129032258,0.03723404255319149,0.2393617021276596,13.0,32.19230769230769,60.0,0.0,33.0,3,23.0,10,41.0,26.666666666666668,26.25,-14.333333333333332,N,1,2026-07-31
94,1,417,35,26,164,46,Course Page,117,107,160,0,0,11.914285714285715,83.4,0.11031175059952038,0.3932853717026379,14.0,53.785714285714285,90.0,17.0,51.0,8,17.0,6,75.0,56.25,23.25,-18.75,P,1,2026-07-31
95,1,244,31,34,137,72,Course Page,35,96,97,1,0,7.870967741935484,55.096774193548384,0.29508196721311475,0.5614754098360656,12.0,41.833333333333336,86.0,0.0,0.0,4,0.0,8,55.0,26.666666666666668,43.0,-28.333333333333332,DX,1,2026-07-31
96,1,780,74,46,653,188,Assignment,73,351,337,12,0,10.54054054054054,73.78378378378379,0.24102564102564103,0.8371794871794872,15.0,68.36,100.0,1.2,25.0,11,1.2,4,82.0,88.0,22.6,6.0,N,1,2026-07-31
97,1,157,35,15,39,54,Course Page,49,45,56,5,0,4.485714285714286,31.4,0.34394904458598724,0.2484076433121019,12.0,76.825,100.0,55.5,44.0,12,55.7,0,88.33333333333333,72.5,77.85,-15.833333333333329,SA,1,2026-07-31
98,1,145,23,16,67,31,Course Page,47,29,66,0,0,6.304347826086956,44.130434782608695,0.21379310344827587,0.46206896551724136,8.0,51.275,100.0,0.0,28.0,5,73.1,3,40.0,0.0,69.55,0.0,N,1,2026-07-31
99,1,417,49,36,77,31,Course Page,114,78,183,12,0,8.510204081632653,59.57142857142857,0.07434052757793765,0.18465227817745802,14.0,74.25,100.0,0.0,60.0,13,79.0,1,90.0,53.75,77.0,-36.25,C,1,2026-07-31
100,1,57,20,5,8,6,Course Page,1,2,53,1,0,2.85,19.95,0.10526315789473684,0.14035087719298245,10.0,41.15,75.0,0.0,10.0,5,0.0,5,61.25,50.0,21.75,-11.25,N,1,2026-07-31
101,1,733,50,30,296,161,Course Page,162,118,423,0,0,14.66,102.61999999999999,0.21964529331514324,0.4038199181446112,15.0,71.86666666666666,90.0,43.0,38.0,13,67.0,2,74.0,82.0,55.0,8.0,N,1,2026-07-31
102,1,121,15,11,53,24,Course Page,17,43,57,0,0,8.066666666666666,56.46666666666667,0.19834710743801653,0.4380165289256198,8.0,10.375,25.0,0.0,2.0,0,0.0,8,16.666666666666668,20.0,2.0,3.333333333333332,N,1,2026-07-31
103,1,444,81,45,215,128,Course Page,35,160,234,5,0,5.481481481481482,38.370370370370374,0.2882882882882883,0.48423423423423423,15.0,89.96666666666667,100.0,40.0,74.0,13,93.0,2,97.0,100.0,66.5,3.0,D,1,2026-07-31
104,1,421,72,28,140,80,Assignment,94,143,101,36,0,5.847222222222222,40.93055555555555,0.19002375296912113,0.332541567695962,15.0,91.53333333333333,100.0,75.0,72.0,15,94.0,0,96.0,86.0,93.0,-10.0,D,1,2026-07-31
105,1,211,40,22,90,30,Course Page,28,74,95,5,0,5.275,36.925,0.14218009478672985,0.4265402843601896,12.0,65.48333333333333,90.0,25.0,36.0,10,65.65,2,76.0,57.5,60.325,-18.5,N,1,2026-07-31
106,1,638,68,43,395,140,Course Page,65,188,345,7,0,9.382352941176471,65.6764705882353,0.219435736677116,0.6191222570532915,14.0,48.75714285714286,100.0,0.0,33.0,8,32.8,6,46.0,60.0,41.4,14.0,N,1,2026-07-31
107,1,678,69,46,174,108,Course Page,149,180,300,2,0,9.826086956521738,68.78260869565217,0.1592920353982301,0.25663716814159293,14.0,68.35714285714286,100.0,30.0,53.0,13,77.0,1,70.0,65.0,71.5,-5.0,P,1,2026-07-31
108,1,333,32,25,260,79,Course Page,98,66,151,9,0,10.40625,72.84375,0.23723723723723725,0.7807807807807807,14.0,58.464285714285715,85.0,0.0,57.0,12,76.0,2,70.0,38.75,65.75,-31.25,P,1,2026-07-31
109,1,205,30,19,103,6,Course Page,40,46,110,0,0,6.833333333333333,47.833333333333336,0.02926829268292683,0.5024390243902439,11.0,68.95454545454545,90.0,43.5,66.0,10,85.0,1,67.5,82.5,70.0,15.0,C,1,2026-07-31
110,1,251,30,30,194,56,Assignment,34,104,104,2,0,8.366666666666667,58.56666666666667,0.22310756972111553,0.7729083665338645,10.0,51.2,70.0,27.0,22.0,6,58.5,4,56.666666666666664,50.0,53.75,-6.666666666666664,N,1,2026-07-31
111,1,257,25,34,153,18,Assignment,9,147,92,1,0,10.28,71.96,0.07003891050583658,0.5953307392996109,13.0,81.69999999999999,100.0,63.3,45.0,13,63.3,0,99.0,76.66666666666667,66.15,-22.33333333333333,S,1,2026-07-31
112,1,189,26,24,79,31,Assignment,15,80,77,2,0,7.269230769230769,50.88461538461538,0.164021164021164,0.41798941798941797,14.0,67.51428571428572,100.0,30.0,52.0,12,52.85,2,53.75,82.0,64.425,28.25,P,1,2026-07-31
113,1,502,67,30,198,77,Course Page,50,120,293,1,0,7.492537313432836,52.44776119402985,0.15338645418326693,0.3944223107569721,15.0,31.466666666666665,75.0,0.0,24.0,5,62.0,10,17.0,19.0,68.5,2.0,N,1,2026-07-31
114,1,157,22,22,85,4,Assignment,15,92,46,0,0,7.136363636363637,49.95454545454545,0.025477707006369428,0.5414012738853503,15.0,80.2,100.0,60.0,68.0,15,86.0,0,83.0,81.0,75.25,-2.0,C,1,2026-07-31
115,1,455,47,27,73,70,Course Page,100,151,195,2,0,9.680851063829786,67.76595744680851,0.15384615384615385,0.16043956043956045,14.0,73.57142857142857,100.0,50.0,58.0,14,65.0,0,84.0,70.0,65.0,-14.0,P,1,2026-07-31
116,1,127,18,13,91,43,Course Page,11,45,62,8,0,7.055555555555555,49.388888888888886,0.33858267716535434,0.7165354330708661,6.0,50.48333333333333,78.0,0.0,23.0,4,73.45,2,0.0,0.0,75.725,0.0,N,1,2026-07-31
117,1,105,20,22,8,9,Assignment,24,53,23,2,0,5.25,36.75,0.08571428571428572,0.0761904761904762,15.0,92.2,100.0,50.0,82.0,15,91.5,0,100.0,100.0,70.75,0.0,HD,1,2026-07-31
118,1,803,74,32,219,117,Assignment,127,351,295,7,0,10.85135135135135,75.95945945945947,0.14570361145703611,0.2727272727272727,15.0,79.42,100.0,30.0,64.0,14,94.65,1,72.0,80.0,88.825,8.0,C,1,2026-07-31
119,1,165,29,22,66,9,Course Page,39,59,66,0,0,5.689655172413793,39.82758620689655,0.05454545454545454,0.4,15.0,69.7,100.0,10.0,50.0,11,77.5,4,80.0,67.0,59.25,-13.0,P,1,2026-07-31
120,1,191,37,15,42,34,Course Page,61,35,90,3,0,5.162162162162162,36.13513513513514,0.17801047120418848,0.2198952879581152,14.0,88.57857142857142,100.0,64.0,61.0,14,83.05,0,100.0,92.0,73.525,-8.0,C,1,2026-07-31
121,1,230,27,33,108,45,Course Page,71,40,100,2,0,8.518518518518519,59.629629629629626,0.1956521739130435,0.46956521739130436,8.0,48.625,80.0,18.5,25.0,5,31.75,3,65.0,55.0,46.375,-10.0,N,1,2026-07-31
122,1,171,22,24,12,4,Assignment,40,66,59,0,0,7.7727272727272725,54.409090909090914,0.023391812865497075,0.07017543859649122,14.0,92.64,100.0,78.73,64.0,14,78.73,0,100.0,96.25,80.86500000000001,-3.75,C,1,2026-07-31
123,1,134,21,26,64,13,Course Page,44,38,44,4,0,6.380952380952381,44.666666666666664,0.09701492537313433,0.47761194029850745,10.0,34.05,63.0,0.0,18.0,4,63.0,6,36.25,25.0,42.0,-11.25,N,1,2026-07-31
124,1,599,89,29,211,134,Course Page,190,65,320,22,0,6.730337078651686,47.1123595505618,0.22370617696160267,0.35225375626043404,15.0,80.41333333333334,95.0,69.0,72.0,15,72.1,0,83.0,85.0,70.55,2.0,D,1,2026-07-31
125,1,669,89,33,185,153,Course Page,194,107,351,8,0,7.51685393258427,52.61797752808989,0.22869955156950672,0.2765321375186846,15.0,85.4,100.0,70.0,75.0,15,73.5,0,88.0,92.0,72.75,4.0,D,1,2026-07-31
126,1,205,29,20,22,83,Assignment,32,88,78,2,0,7.068965517241379,49.48275862068965,0.40487804878048783,0.1073170731707317,15.0,65.63333333333334,100.0,0.0,53.0,12,54.0,3,72.0,55.0,71.5,-17.0,P,1,2026-07-31
127,1,169,28,19,91,35,Course Page,32,50,83,0,0,6.035714285714286,42.25,0.20710059171597633,0.5384615384615384,11.0,38.95454545454545,85.0,0.0,23.0,6,0.0,5,42.0,85.0,26.0,43.0,N,1,2026-07-31
128,1,230,44,23,71,45,Course Page,18,97,104,5,0,5.2272727272727275,36.59090909090909,0.1956521739130435,0.30869565217391304,12.0,67.86666666666666,85.0,51.0,30.0,12,68.7,0,66.25,81.66666666666667,63.35,15.416666666666671,N,1,2026-07-31
129,1,662,60,34,264,156,Course Page,147,162,309,1,0,11.033333333333333,77.23333333333333,0.23564954682779457,0.3987915407854985,12.0,55.0,100.0,20.0,24.0,8,30.0,4,58.0,55.0,55.0,-3.0,N,1,2026-07-31
130,1,183,31,15,70,30,Assignment,35,76,72,0,0,5.903225806451613,41.32258064516129,0.16393442622950818,0.3825136612021858,8.0,64.725,100.0,23.0,25.0,6,57.4,2,76.66666666666667,0.0,66.2,0.0,N,1,2026-07-31
131,1,261,35,29,76,37,Course Page,67,72,102,8,0,7.457142857142857,52.2,0.1417624521072797,0.29118773946360155,15.0,87.54666666666667,100.0,76.35,82.0,15,76.35,0,91.0,84.0,87.675,-7.0,HD,1,2026-07-31
132,1,341,42,28,97,27,Course Page,27,127,169,10,0,8.119047619047619,56.833333333333336,0.07917888563049853,0.2844574780058651,14.0,79.64999999999999,100.0,50.0,63.0,14,95.55,0,78.0,72.5,91.775,-5.5,C,1,2026-07-31
133,1,157,18,18,49,16,Course Page,23,54,70,0,0,8.722222222222221,61.05555555555555,0.10191082802547771,0.31210191082802546,7.0,24.685714285714287,50.0,0.0,10.0,1,28.9,6,50.0,0.0,29.45,-50.0,N,1,2026-07-31
134,1,418,37,31,214,88,Course Page,120,75,201,15,0,11.297297297297296,79.08108108108108,0.21052631578947367,0.5119617224880383,12.0,54.333333333333336,95.0,20.0,27.0,7,62.0,5,36.666666666666664,72.5,53.0,35.833333333333336,N,1,2026-07-31
135,1,237,30,37,175,32,Assignment,20,140,70,1,0,7.9,55.300000000000004,0.1350210970464135,0.7383966244725738,14.0,78.47857142857143,100.0,37.0,38.0,12,50.35,2,96.0,90.0,43.675,-6.0,N,1,2026-07-31
136,1,359,51,22,145,87,Course Page,29,159,161,2,0,7.03921568627451,49.27450980392157,0.24233983286908078,0.403899721448468,14.0,73.15714285714286,83.85,65.0,56.0,14,83.85,0,75.0,71.0,75.925,-4.0,P,1,2026-07-31
137,1,307,28,42,114,29,Assignment,26,188,90,0,0,10.964285714285714,76.75,0.09446254071661238,0.3713355048859935,15.0,78.88000000000001,100.0,50.35,37.0,15,50.35,0,89.0,88.0,52.425,-1.0,N,1,2026-07-31
138,1,214,24,20,92,61,Assignment,17,99,93,1,0,8.916666666666666,62.41666666666667,0.2850467289719626,0.42990654205607476,13.0,74.6923076923077,100.0,30.0,42.0,11,88.5,2,71.25,78.75,77.75,7.5,SA,1,2026-07-31
139,1,135,22,15,72,40,Course Page,14,54,64,0,0,6.136363636363637,42.95454545454545,0.2962962962962963,0.5333333333333333,13.0,45.61538461538461,80.0,0.0,33.0,8,65.0,5,46.0,26.666666666666668,63.0,-19.333333333333332,N,1,2026-07-31
140,1,7,5,3,1,2,Course Page,0,2,4,1,0,1.4,9.799999999999999,0.2857142857142857,0.14285714285714285,4.0,5.5,20.0,0.0,0.0,0,0.0,4,20.0,0.0,0.0,0.0,N,1,2026-07-31
141,1,374,51,28,119,53,Course Page,58,100,201,9,0,7.333333333333333,51.333333333333336,0.14171122994652408,0.3181818181818182,14.0,55.29,100.0,30.0,48.0,8,43.78,6,61.0,40.0,65.64,-21.0,S,1,2026-07-31
142,1,277,47,24,39,44,Course Page,55,57,125,6,0,5.8936170212765955,41.25531914893617,0.1588447653429603,0.1407942238267148,14.0,89.41428571428571,100.0,75.0,71.0,14,95.9,0,92.5,90.0,87.45,-2.5,D,1,2026-07-31
143,1,501,38,26,232,64,Course Page,162,65,235,9,0,13.18421052631579,92.28947368421052,0.1277445109780439,0.4630738522954092,7.0,45.142857142857146,90.0,0.0,13.0,3,0.0,4,55.0,30.0,54.0,-25.0,N,1,2026-07-31
144,1,105,12,17,90,27,Course Page,3,33,66,0,0,8.75,61.25,0.2571428571428571,0.8571428571428571,10.0,62.5,95.0,0.0,58.0,7,87.0,3,60.0,72.5,58.0,12.5,P,1,2026-07-31
145,1,112,10,16,82,2,Lecture Material,48,26,35,3,0,11.2,78.39999999999999,0.017857142857142856,0.7321428571428571,8.0,58.875,100.0,0.0,17.0,5,0.0,3,77.5,0.0,43.333333333333336,0.0,N,1,2026-07-31
146,1,176,34,18,87,41,Course Page,58,39,63,2,0,5.176470588235294,36.235294117647065,0.23295454545454544,0.4943181818181818,7.0,60.07142857142857,75.0,14.5,22.0,6,55.5,1,72.5,0.0,65.25,0.0,N,1,2026-07-31
147,1,265,37,26,83,78,Course Page,59,81,115,8,0,7.162162162162162,50.13513513513514,0.2943396226415094,0.3132075471698113,10.0,65.25,100.0,12.75,25.0,6,12.75,4,92.5,40.0,50.375,-52.5,N,1,2026-07-31
148,1,101,21,18,44,17,Assignment,26,38,34,3,0,4.809523809523809,33.666666666666664,0.16831683168316833,0.43564356435643564,9.0,58.28888888888889,100.0,30.0,24.0,5,55.8,4,93.33333333333333,30.0,45.9,-63.33333333333333,N,1,2026-07-31
149,1,166,22,35,63,9,Assignment,14,126,26,0,0,7.545454545454546,52.81818181818182,0.05421686746987952,0.3795180722891566,14.0,87.92857142857143,100.0,62.75,60.0,14,62.75,0,99.0,97.5,64.375,-1.5,C,1,2026-07-31
150,1,94,25,14,25,20,Course Page,18,27,40,0,0,3.76,26.32,0.2127659574468085,0.26595744680851063,14.0,90.14999999999999,100.0,49.0,69.0,12,95.3,2,97.0,100.0,72.15,3.0,C,1,2026-07-31
151,1,54,13,13,27,10,Course Page,14,10,28,0,0,4.153846153846154,29.076923076923077,0.18518518518518517,0.5,10.0,53.9,100.0,0.0,10.0,6,0.0,4,45.0,80.0,0.0,35.0,N,1,2026-07-31
152,1,203,24,18,118,43,Course Page,31,76,87,1,0,8.458333333333334,59.208333333333336,0.21182266009852216,0.5812807881773399,8.0,19.5,38.0,0.0,11.0,0,38.0,8,5.0,10.0,33.5,5.0,N,1,2026-07-31
153,1,92,22,13,66,15,Assignment,23,60,8,0,0,4.181818181818182,29.272727272727273,0.16304347826086957,0.717391304347826,13.0,52.29230769230769,65.0,10.0,26.0,10,60.4,3,51.0,45.0,62.7,-6.0,N,1,2026-07-31
154,1,220,28,34,152,39,Course Page,42,42,115,2,0,7.857142857142857,55.0,0.17727272727272728,0.6909090909090909,5.0,11.4,50.0,0.0,1.0,1,0.0,4,0.0,50.0,0.6666666666666666,0.0,N,1,2026-07-31
155,1,8,3,4,6,0,Course Page,1,2,4,0,0,2.6666666666666665,18.666666666666668,0.0,0.75,6.0,0.0,0.0,0.0,0.0,0,0.0,6,0.0,0.0,0.0,0.0,N,1,2026-07-31
156,1,75,18,14,9,6,Course Page,15,26,30,2,0,4.166666666666667,29.166666666666664,0.08,0.12,15.0,84.06,100.0,50.0,42.0,15,82.7,0,82.0,83.0,88.35,1.0,SA,1,2026-07-31
157,1,96,15,20,45,10,Course Page,24,15,50,0,0,6.4,44.800000000000004,0.10416666666666667,0.46875,10.0,19.15,80.0,0.0,5.0,2,0.0,8,29.0,0.0,10.666666666666666,-29.0,N,1,2026-07-31
158,1,48,9,8,11,2,Course Page,4,14,29,0,0,5.333333333333333,37.33333333333333,0.041666666666666664,0.22916666666666666,8.0,8.25,33.0,0.0,3.0,0,0.0,8,0.0,0.0,22.0,0.0,N,1,2026-07-31
159,1,47,6,9,5,0,Assignment,7,23,17,0,0,7.833333333333333,54.833333333333336,0.0,0.10638297872340426,6.0,34.5,90.0,0.0,5.0,2,0.0,4,75.0,0.0,14.0,0.0,N,1,2026-07-31
160,1,101,14,11,6,21,Course Page,14,36,46,0,0,7.214285714285714,50.5,0.2079207920792079,0.0594059405940594,8.0,12.5,50.0,0.0,5.0,2,0.0,6,0.0,0.0,25.0,0.0,N,1,2026-07-31
161,1,134,17,14,58,40,Course Page,20,40,70,4,0,7.882352941176471,55.1764705882353,0.29850746268656714,0.43283582089552236,6.0,20.166666666666668,50.0,0.0,3.0,1,0.0,5,36.666666666666664,0.0,0.0,0.0,N,1,2026-07-31
162,1,71,12,17,35,14,Course Page,11,25,30,1,0,5.916666666666667,41.41666666666667,0.19718309859154928,0.49295774647887325,12.0,29.791666666666668,80.0,0.0,7.0,5,0.0,7,49.0,40.0,0.0,-9.0,N,1,2026-07-31
163,1,170,21,27,118,58,Assignment,18,120,27,0,0,8.095238095238095,56.666666666666664,0.3411764705882353,0.6941176470588235,9.0,67.22222222222223,100.0,0.0,11.0,7,0.0,2,90.0,100.0,0.0,10.0,N,1,2026-07-31
164,1,16,7,4,15,8,Course Page,0,2,13,0,0,2.2857142857142856,16.0,0.5,0.9375,3.0,0.0,0.0,0.0,0.0,0,0.0,3,0.0,0.0,0.0,0.0,N,1,2026-07-31
165,1,38,9,10,5,12,Course Page,11,9,16,0,0,4.222222222222222,29.555555555555554,0.3157894736842105,0.13157894736842105,5.0,33.0,80.0,0.0,3.0,2,0.0,3,75.0,0.0,0.0,0.0,N,1,2026-07-31
166,1,12,7,2,7,7,Assignment,0,7,5,0,0,1.7142857142857142,12.0,0.5833333333333334,0.5833333333333334,4.0,5.5,20.0,0.0,0.0,0,0.0,4,20.0,0.0,0.0,0.0,N,1,2026-07-31
167,1,14,5,6,12,3,Course Page,2,2,8,1,0,2.8,19.599999999999998,0.21428571428571427,0.8571428571428571,5.0,0.0,0.0,0.0,0.0,0,0.0,5,0.0,0.0,0.0,0.0,N,1,2026-07-31
168,1,103,6,13,6,32,Course Page,29,21,45,0,0,17.166666666666668,120.16666666666667,0.3106796116504854,0.05825242718446602,4.0,23.375,85.0,0.0,2.0,1,0.0,3,85.0,0.0,0.0,0.0,N,1,2026-07-31
169,1,2,1,2,0,0,Course Page,0,0,1,1,0,2.0,14.0,0.0,0.0,6.0,0.0,0.0,0.0,0.0,0,0.0,6,0.0,0.0,0.0,0.0,N,1,2026-07-31
170,1,0,0,0,0,0,No Activity,0,0,0,0,0,0.0,0.0,0.0,0.0,4.0,0.0,0.0,0.0,0.0,0,0.0,4,0.0,0.0,0.0,0.0,N,1,2026-07-31
171,1,0,0,0,0,0,No Activity,0,0,0,0,0,0.0,0.0,0.0,0.0,7.0,0.0,0.0,0.0,0.0,0,0.0,7,0.0,0.0,0.0,0.0,N,1,2026-07-31
172,2,21,5,8,3,1,Other,1,0,0,3,0,4.2,29.4,0.047619047619047616,0.14285714285714285,0.0,0.0,0.0,0.0,0.0,0,0.0,0,0.0,0.0,0.0,0.0,No Result,2,2026-07-31
173,3,31,4,13,13,0,Other,2,2,0,2,12,7.75,54.25,0.0,0.41935483870967744,2.0,0.0,0.0,0.0,0.0,0,0.0,2,0.0,0.0,0.0,0.0,No Result,2,2026-07-31
174,3,18,2,8,0,16,Quiz,0,0,0,0,10,9.0,63.0,0.8888888888888888,0.0,2.0,50.0,100.0,0.0,100.0,1,0.0,1,0.0,0.0,0.0,0.0,No Result,2,2026-07-31
