model_version,student_key,course_key,feature_name,feature_value,snapshot_date
behaviour_v1,2,1,academic_period_key,2,2026-07-06
behaviour_v1,4,1,academic_period_key,2,2026-07-06
behaviour_v1,5,1,academic_period_key,2,2026-07-06
behaviour_v1,7,1,academic_period_key,2,2026-07-06
behaviour_v1,8,1,academic_period_key,2,2026-07-06
behaviour_v1,9,1,academic_period_key,2,2026-07-06
behaviour_v1,10,1,academic_period_key,2,2026-07-06
behaviour_v1,11,1,academic_period_key,2,2026-07-06
behaviour_v1,12,1,academic_period_key,2,2026-07-06
behaviour_v1,13,1,academic_period_key,2,2026-07-06
behaviour_v1,14,1,academic_period_key,2,2026-07-06
behaviour_v1,15,1,academic_period_key,2,2026-07-06
behaviour_v1,16,1,academic_period_key,2,2026-07-06
behaviour_v1,17,1,academic_period_key,2,2026-07-06
behaviour_v1,18,1,academic_period_key,2,2026-07-06
behaviour_v1,19,1,academic_period_key,2,2026-07-06
behaviour_v1,20,1,academic_period_key,2,2026-07-06
behaviour_v1,21,1,academic_period_key,2,2026-07-06
behaviour_v1,22,1,academic_period_key,2,2026-07-06
behaviour_v1,23,1,academic_period_key,2,2026-07-06
behaviour_v1,24,1,academic_period_key,2,2026-07-06
behaviour_v1,25,1,academic_period_key,2,2026-07-06
behaviour_v1,26,1,academic_period_key,2,2026-07-06
behaviour_v1,27,1,academic_period_key,2,2026-07-06
behaviour_v1,28,1,academic_period_key,2,2026-07-06
behaviour_v1,29,1,academic_period_key,2,2026-07-06
behaviour_v1,30,1,academic_period_key,2,2026-07-06
behaviour_v1,31,1,academic_period_key,2,2026-07-06
behaviour_v1,32,1,academic_period_key,2,2026-07-06
behaviour_v1,33,1,academic_period_key,2,2026-07-06
behaviour_v1,34,1,academic_period_key,2,2026-07-06
behaviour_v1,35,1,academic_period_key,2,2026-07-06
behaviour_v1,36,1,academic_period_key,2,2026-07-06
behaviour_v1,37,1,academic_period_key,2,2026-07-06
behaviour_v1,38,1,academic_period_key,2,2026-07-06
behaviour_v1,39,1,academic_period_key,2,2026-07-06
behaviour_v1,40,1,academic_period_key,2,2026-07-06
behaviour_v1,41,1,academic_period_key,2,2026-07-06
behaviour_v1,42,1,academic_period_key,2,2026-07-06
behaviour_v1,43,1,academic_period_key,2,2026-07-06
behaviour_v1,44,1,academic_period_key,2,2026-07-06
behaviour_v1,45,1,academic_period_key,2,2026-07-06
behaviour_v1,46,1,academic_period_key,2,2026-07-06
behaviour_v1,47,1,academic_period_key,2,2026-07-06
behaviour_v1,48,1,academic_period_key,2,2026-07-06
behaviour_v1,49,1,academic_period_key,2,2026-07-06
behaviour_v1,50,1,academic_period_key,2,2026-07-06
behaviour_v1,51,1,academic_period_key,2,2026-07-06
behaviour_v1,52,1,academic_period_key,2,2026-07-06
behaviour_v1,53,1,academic_period_key,2,2026-07-06
behaviour_v1,54,1,academic_period_key,2,2026-07-06
behaviour_v1,55,1,academic_period_key,2,2026-07-06
behaviour_v1,56,1,academic_period_key,2,2026-07-06
behaviour_v1,57,1,academic_period_key,2,2026-07-06
behaviour_v1,58,1,academic_period_key,2,2026-07-06
behaviour_v1,59,1,academic_period_key,2,2026-07-06
behaviour_v1,60,1,academic_period_key,2,2026-07-06
behaviour_v1,61,1,academic_period_key,2,2026-07-06
behaviour_v1,62,1,academic_period_key,2,2026-07-06
behaviour_v1,63,1,academic_period_key,2,2026-07-06
behaviour_v1,64,1,academic_period_key,2,2026-07-06
behaviour_v1,65,1,academic_period_key,2,2026-07-06
behaviour_v1,66,1,academic_period_key,2,2026-07-06
behaviour_v1,67,1,academic_period_key,2,2026-07-06
behaviour_v1,68,1,academic_period_key,2,2026-07-06
behaviour_v1,69,1,academic_period_key,2,2026-07-06
behaviour_v1,70,1,academic_period_key,2,2026-07-06
behaviour_v1,71,1,academic_period_key,2,2026-07-06
behaviour_v1,72,1,academic_period_key,2,2026-07-06
behaviour_v1,73,1,academic_period_key,2,2026-07-06
behaviour_v1,74,1,academic_period_key,2,2026-07-06
behaviour_v1,75,1,academic_period_key,2,2026-07-06
behaviour_v1,76,1,academic_period_key,2,2026-07-06
behaviour_v1,77,1,academic_period_key,2,2026-07-06
behaviour_v1,78,1,academic_period_key,2,2026-07-06
behaviour_v1,79,1,academic_period_key,2,2026-07-06
behaviour_v1,80,1,academic_period_key,2,2026-07-06
behaviour_v1,81,1,academic_period_key,2,2026-07-06
behaviour_v1,82,1,academic_period_key,2,2026-07-06
behaviour_v1,83,1,academic_period_key,2,2026-07-06
behaviour_v1,84,1,academic_period_key,2,2026-07-06
behaviour_v1,85,1,academic_period_key,2,2026-07-06
behaviour_v1,86,1,academic_period_key,2,2026-07-06
behaviour_v1,87,1,academic_period_key,2,2026-07-06
behaviour_v1,88,1,academic_period_key,2,2026-07-06
behaviour_v1,89,1,academic_period_key,2,2026-07-06
behaviour_v1,90,1,academic_period_key,2,2026-07-06
behaviour_v1,91,1,academic_period_key,2,2026-07-06
behaviour_v1,92,1,academic_period_key,2,2026-07-06
behaviour_v1,93,1,academic_period_key,2,2026-07-06
behaviour_v1,94,1,academic_period_key,2,2026-07-06
behaviour_v1,96,1,academic_period_key,2,2026-07-06
behaviour_v1,97,1,academic_period_key,2,2026-07-06
behaviour_v1,98,1,academic_period_key,2,2026-07-06
behaviour_v1,99,1,academic_period_key,2,2026-07-06
behaviour_v1,100,1,academic_period_key,2,2026-07-06
behaviour_v1,101,1,academic_period_key,2,2026-07-06
behaviour_v1,102,1,academic_period_key,2,2026-07-06
behaviour_v1,103,1,academic_period_key,2,2026-07-06
behaviour_v1,104,1,academic_period_key,2,2026-07-06
behaviour_v1,105,1,academic_period_key,2,2026-07-06
behaviour_v1,106,1,academic_period_key,2,2026-07-06
behaviour_v1,107,1,academic_period_key,2,2026-07-06
behaviour_v1,108,1,academic_period_key,2,2026-07-06
behaviour_v1,109,1,academic_period_key,2,2026-07-06
behaviour_v1,110,1,academic_period_key,2,2026-07-06
behaviour_v1,111,1,academic_period_key,2,2026-07-06
behaviour_v1,112,1,academic_period_key,2,2026-07-06
behaviour_v1,113,1,academic_period_key,2,2026-07-06
behaviour_v1,114,1,academic_period_key,2,2026-07-06
behaviour_v1,115,1,academic_period_key,2,2026-07-06
behaviour_v1,116,1,academic_period_key,2,2026-07-06
behaviour_v1,117,1,academic_period_key,2,2026-07-06
behaviour_v1,118,1,academic_period_key,2,2026-07-06
behaviour_v1,119,1,academic_period_key,2,2026-07-06
behaviour_v1,120,1,academic_period_key,2,2026-07-06
behaviour_v1,121,1,academic_period_key,2,2026-07-06
behaviour_v1,122,1,academic_period_key,2,2026-07-06
behaviour_v1,123,1,academic_period_key,2,2026-07-06
behaviour_v1,124,1,academic_period_key,2,2026-07-06
behaviour_v1,125,1,academic_period_key,2,2026-07-06
behaviour_v1,126,1,academic_period_key,2,2026-07-06
behaviour_v1,127,1,academic_period_key,2,2026-07-06
behaviour_v1,128,1,academic_period_key,2,2026-07-06
behaviour_v1,129,1,academic_period_key,2,2026-07-06
behaviour_v1,130,1,academic_period_key,2,2026-07-06
behaviour_v1,131,1,academic_period_key,2,2026-07-06
behaviour_v1,132,1,academic_period_key,2,2026-07-06
behaviour_v1,133,1,academic_period_key,2,2026-07-06
behaviour_v1,134,1,academic_period_key,2,2026-07-06
behaviour_v1,135,1,academic_period_key,2,2026-07-06
behaviour_v1,136,1,academic_period_key,2,2026-07-06
behaviour_v1,137,1,academic_period_key,2,2026-07-06
behaviour_v1,138,1,academic_period_key,2,2026-07-06
behaviour_v1,139,1,academic_period_key,2,2026-07-06
behaviour_v1,140,1,academic_period_key,2,2026-07-06
behaviour_v1,141,1,academic_period_key,2,2026-07-06
behaviour_v1,142,1,academic_period_key,2,2026-07-06
behaviour_v1,143,1,academic_period_key,2,2026-07-06
behaviour_v1,144,1,academic_period_key,2,2026-07-06
behaviour_v1,145,1,academic_period_key,2,2026-07-06
behaviour_v1,146,1,academic_period_key,2,2026-07-06
behaviour_v1,147,1,academic_period_key,2,2026-07-06
behaviour_v1,148,1,academic_period_key,2,2026-07-06
behaviour_v1,149,1,academic_period_key,2,2026-07-06
behaviour_v1,150,1,academic_period_key,2,2026-07-06
behaviour_v1,151,1,academic_period_key,2,2026-07-06
behaviour_v1,152,1,academic_period_key,2,2026-07-06
behaviour_v1,153,1,academic_period_key,2,2026-07-06
behaviour_v1,154,1,academic_period_key,2,2026-07-06
behaviour_v1,155,1,academic_period_key,2,2026-07-06
behaviour_v1,156,1,academic_period_key,2,2026-07-06
behaviour_v1,157,1,academic_period_key,2,2026-07-06
behaviour_v1,158,1,academic_period_key,2,2026-07-06
behaviour_v1,159,1,academic_period_key,2,2026-07-06
behaviour_v1,160,1,academic_period_key,2,2026-07-06
behaviour_v1,161,1,academic_period_key,2,2026-07-06
behaviour_v1,162,1,academic_period_key,2,2026-07-06
behaviour_v1,163,1,academic_period_key,2,2026-07-06
behaviour_v1,164,1,academic_period_key,2,2026-07-06
behaviour_v1,165,1,academic_period_key,2,2026-07-06
behaviour_v1,166,1,academic_period_key,2,2026-07-06
behaviour_v1,167,1,academic_period_key,2,2026-07-06
behaviour_v1,168,1,academic_period_key,2,2026-07-06
behaviour_v1,169,1,academic_period_key,2,2026-07-06
behaviour_v1,170,1,academic_period_key,2,2026-07-06
behaviour_v1,171,1,academic_period_key,2,2026-07-06
behaviour_v1,2,1,total_events,549,2026-07-06
behaviour_v1,4,1,total_events,183,2026-07-06
behaviour_v1,5,1,total_events,356,2026-07-06
behaviour_v1,7,1,total_events,1292,2026-07-06
behaviour_v1,8,1,total_events,301,2026-07-06
behaviour_v1,9,1,total_events,365,2026-07-06
behaviour_v1,10,1,total_events,158,2026-07-06
behaviour_v1,11,1,total_events,229,2026-07-06
behaviour_v1,12,1,total_events,1221,2026-07-06
behaviour_v1,13,1,total_events,187,2026-07-06
behaviour_v1,14,1,total_events,141,2026-07-06
behaviour_v1,15,1,total_events,1194,2026-07-06
behaviour_v1,16,1,total_events,733,2026-07-06
behaviour_v1,17,1,total_events,43,2026-07-06
behaviour_v1,18,1,total_events,49,2026-07-06
behaviour_v1,19,1,total_events,535,2026-07-06
behaviour_v1,20,1,total_events,161,2026-07-06
behaviour_v1,21,1,total_events,268,2026-07-06
behaviour_v1,22,1,total_events,1203,2026-07-06
behaviour_v1,23,1,total_events,402,2026-07-06
behaviour_v1,24,1,total_events,248,2026-07-06
behaviour_v1,25,1,total_events,382,2026-07-06
behaviour_v1,26,1,total_events,415,2026-07-06
behaviour_v1,27,1,total_events,266,2026-07-06
behaviour_v1,28,1,total_events,7,2026-07-06
behaviour_v1,29,1,total_events,379,2026-07-06
behaviour_v1,30,1,total_events,111,2026-07-06
behaviour_v1,31,1,total_events,362,2026-07-06
behaviour_v1,32,1,total_events,450,2026-07-06
behaviour_v1,33,1,total_events,317,2026-07-06
behaviour_v1,34,1,total_events,501,2026-07-06
behaviour_v1,35,1,total_events,338,2026-07-06
behaviour_v1,36,1,total_events,402,2026-07-06
behaviour_v1,37,1,total_events,212,2026-07-06
behaviour_v1,38,1,total_events,846,2026-07-06
behaviour_v1,39,1,total_events,211,2026-07-06
behaviour_v1,40,1,total_events,321,2026-07-06
behaviour_v1,41,1,total_events,409,2026-07-06
behaviour_v1,42,1,total_events,266,2026-07-06
behaviour_v1,43,1,total_events,611,2026-07-06
behaviour_v1,44,1,total_events,367,2026-07-06
behaviour_v1,45,1,total_events,478,2026-07-06
behaviour_v1,46,1,total_events,265,2026-07-06
behaviour_v1,47,1,total_events,330,2026-07-06
behaviour_v1,48,1,total_events,384,2026-07-06
behaviour_v1,49,1,total_events,439,2026-07-06
behaviour_v1,50,1,total_events,254,2026-07-06
behaviour_v1,51,1,total_events,270,2026-07-06
behaviour_v1,52,1,total_events,244,2026-07-06
behaviour_v1,53,1,total_events,267,2026-07-06
behaviour_v1,54,1,total_events,748,2026-07-06
behaviour_v1,55,1,total_events,711,2026-07-06
behaviour_v1,56,1,total_events,261,2026-07-06
behaviour_v1,57,1,total_events,176,2026-07-06
behaviour_v1,58,1,total_events,387,2026-07-06
behaviour_v1,59,1,total_events,221,2026-07-06
behaviour_v1,60,1,total_events,455,2026-07-06
behaviour_v1,61,1,total_events,280,2026-07-06
behaviour_v1,62,1,total_events,220,2026-07-06
behaviour_v1,63,1,total_events,347,2026-07-06
behaviour_v1,64,1,total_events,551,2026-07-06
behaviour_v1,65,1,total_events,408,2026-07-06
behaviour_v1,66,1,total_events,213,2026-07-06
behaviour_v1,67,1,total_events,193,2026-07-06
behaviour_v1,68,1,total_events,503,2026-07-06
behaviour_v1,69,1,total_events,151,2026-07-06
behaviour_v1,70,1,total_events,463,2026-07-06
behaviour_v1,71,1,total_events,91,2026-07-06
behaviour_v1,72,1,total_events,452,2026-07-06
behaviour_v1,73,1,total_events,252,2026-07-06
behaviour_v1,74,1,total_events,327,2026-07-06
behaviour_v1,75,1,total_events,494,2026-07-06
behaviour_v1,76,1,total_events,187,2026-07-06
behaviour_v1,77,1,total_events,220,2026-07-06
behaviour_v1,78,1,total_events,445,2026-07-06
behaviour_v1,79,1,total_events,375,2026-07-06
behaviour_v1,80,1,total_events,333,2026-07-06
behaviour_v1,81,1,total_events,511,2026-07-06
behaviour_v1,82,1,total_events,657,2026-07-06
behaviour_v1,83,1,total_events,325,2026-07-06
behaviour_v1,84,1,total_events,353,2026-07-06
behaviour_v1,85,1,total_events,191,2026-07-06
behaviour_v1,86,1,total_events,343,2026-07-06
behaviour_v1,87,1,total_events,120,2026-07-06
behaviour_v1,88,1,total_events,109,2026-07-06
behaviour_v1,89,1,total_events,284,2026-07-06
behaviour_v1,90,1,total_events,502,2026-07-06
behaviour_v1,91,1,total_events,311,2026-07-06
behaviour_v1,92,1,total_events,488,2026-07-06
behaviour_v1,93,1,total_events,188,2026-07-06
behaviour_v1,94,1,total_events,417,2026-07-06
behaviour_v1,96,1,total_events,780,2026-07-06
behaviour_v1,97,1,total_events,157,2026-07-06
behaviour_v1,98,1,total_events,145,2026-07-06
behaviour_v1,99,1,total_events,417,2026-07-06
behaviour_v1,100,1,total_events,57,2026-07-06
behaviour_v1,101,1,total_events,733,2026-07-06
behaviour_v1,102,1,total_events,121,2026-07-06
behaviour_v1,103,1,total_events,444,2026-07-06
behaviour_v1,104,1,total_events,421,2026-07-06
behaviour_v1,105,1,total_events,211,2026-07-06
behaviour_v1,106,1,total_events,638,2026-07-06
behaviour_v1,107,1,total_events,678,2026-07-06
behaviour_v1,108,1,total_events,333,2026-07-06
behaviour_v1,109,1,total_events,205,2026-07-06
behaviour_v1,110,1,total_events,251,2026-07-06
behaviour_v1,111,1,total_events,257,2026-07-06
behaviour_v1,112,1,total_events,189,2026-07-06
behaviour_v1,113,1,total_events,502,2026-07-06
behaviour_v1,114,1,total_events,157,2026-07-06
behaviour_v1,115,1,total_events,455,2026-07-06
behaviour_v1,116,1,total_events,127,2026-07-06
behaviour_v1,117,1,total_events,105,2026-07-06
behaviour_v1,118,1,total_events,803,2026-07-06
behaviour_v1,119,1,total_events,165,2026-07-06
behaviour_v1,120,1,total_events,191,2026-07-06
behaviour_v1,121,1,total_events,230,2026-07-06
behaviour_v1,122,1,total_events,171,2026-07-06
behaviour_v1,123,1,total_events,134,2026-07-06
behaviour_v1,124,1,total_events,599,2026-07-06
behaviour_v1,125,1,total_events,669,2026-07-06
behaviour_v1,126,1,total_events,205,2026-07-06
behaviour_v1,127,1,total_events,169,2026-07-06
behaviour_v1,128,1,total_events,230,2026-07-06
behaviour_v1,129,1,total_events,662,2026-07-06
behaviour_v1,130,1,total_events,183,2026-07-06
behaviour_v1,131,1,total_events,261,2026-07-06
behaviour_v1,132,1,total_events,341,2026-07-06
behaviour_v1,133,1,total_events,157,2026-07-06
behaviour_v1,134,1,total_events,418,2026-07-06
behaviour_v1,135,1,total_events,237,2026-07-06
behaviour_v1,136,1,total_events,359,2026-07-06
behaviour_v1,137,1,total_events,307,2026-07-06
behaviour_v1,138,1,total_events,214,2026-07-06
behaviour_v1,139,1,total_events,135,2026-07-06
behaviour_v1,140,1,total_events,7,2026-07-06
behaviour_v1,141,1,total_events,374,2026-07-06
behaviour_v1,142,1,total_events,277,2026-07-06
behaviour_v1,143,1,total_events,501,2026-07-06
behaviour_v1,144,1,total_events,105,2026-07-06
behaviour_v1,145,1,total_events,112,2026-07-06
behaviour_v1,146,1,total_events,176,2026-07-06
behaviour_v1,147,1,total_events,265,2026-07-06
behaviour_v1,148,1,total_events,101,2026-07-06
behaviour_v1,149,1,total_events,166,2026-07-06
behaviour_v1,150,1,total_events,94,2026-07-06
behaviour_v1,151,1,total_events,54,2026-07-06
behaviour_v1,152,1,total_events,203,2026-07-06
behaviour_v1,153,1,total_events,92,2026-07-06
behaviour_v1,154,1,total_events,220,2026-07-06
behaviour_v1,155,1,total_events,8,2026-07-06
behaviour_v1,156,1,total_events,75,2026-07-06
behaviour_v1,157,1,total_events,96,2026-07-06
behaviour_v1,158,1,total_events,48,2026-07-06
behaviour_v1,159,1,total_events,47,2026-07-06
behaviour_v1,160,1,total_events,101,2026-07-06
behaviour_v1,161,1,total_events,134,2026-07-06
behaviour_v1,162,1,total_events,71,2026-07-06
behaviour_v1,163,1,total_events,170,2026-07-06
behaviour_v1,164,1,total_events,16,2026-07-06
behaviour_v1,165,1,total_events,38,2026-07-06
behaviour_v1,166,1,total_events,12,2026-07-06
behaviour_v1,167,1,total_events,14,2026-07-06
behaviour_v1,168,1,total_events,103,2026-07-06
behaviour_v1,169,1,total_events,2,2026-07-06
behaviour_v1,170,1,total_events,0,2026-07-06
behaviour_v1,171,1,total_events,0,2026-07-06
behaviour_v1,2,1,active_days,53,2026-07-06
behaviour_v1,4,1,active_days,33,2026-07-06
behaviour_v1,5,1,active_days,55,2026-07-06
behaviour_v1,7,1,active_days,123,2026-07-06
behaviour_v1,8,1,active_days,48,2026-07-06
behaviour_v1,9,1,active_days,47,2026-07-06
behaviour_v1,10,1,active_days,23,2026-07-06
behaviour_v1,11,1,active_days,35,2026-07-06
behaviour_v1,12,1,active_days,84,2026-07-06
behaviour_v1,13,1,active_days,38,2026-07-06
behaviour_v1,14,1,active_days,28,2026-07-06
behaviour_v1,15,1,active_days,97,2026-07-06
behaviour_v1,16,1,active_days,68,2026-07-06
behaviour_v1,17,1,active_days,8,2026-07-06
behaviour_v1,18,1,active_days,5,2026-07-06
behaviour_v1,19,1,active_days,71,2026-07-06
behaviour_v1,20,1,active_days,22,2026-07-06
behaviour_v1,21,1,active_days,41,2026-07-06
behaviour_v1,22,1,active_days,111,2026-07-06
behaviour_v1,23,1,active_days,58,2026-07-06
behaviour_v1,24,1,active_days,30,2026-07-06
behaviour_v1,25,1,active_days,49,2026-07-06
behaviour_v1,26,1,active_days,47,2026-07-06
behaviour_v1,27,1,active_days,37,2026-07-06
behaviour_v1,28,1,active_days,3,2026-07-06
behaviour_v1,29,1,active_days,49,2026-07-06
behaviour_v1,30,1,active_days,26,2026-07-06
behaviour_v1,31,1,active_days,46,2026-07-06
behaviour_v1,32,1,active_days,59,2026-07-06
behaviour_v1,33,1,active_days,43,2026-07-06
behaviour_v1,34,1,active_days,58,2026-07-06
behaviour_v1,35,1,active_days,51,2026-07-06
behaviour_v1,36,1,active_days,48,2026-07-06
behaviour_v1,37,1,active_days,36,2026-07-06
behaviour_v1,38,1,active_days,84,2026-07-06
behaviour_v1,39,1,active_days,50,2026-07-06
behaviour_v1,40,1,active_days,40,2026-07-06
behaviour_v1,41,1,active_days,43,2026-07-06
behaviour_v1,42,1,active_days,42,2026-07-06
behaviour_v1,43,1,active_days,63,2026-07-06
behaviour_v1,44,1,active_days,38,2026-07-06
behaviour_v1,45,1,active_days,62,2026-07-06
behaviour_v1,46,1,active_days,40,2026-07-06
behaviour_v1,47,1,active_days,53,2026-07-06
behaviour_v1,48,1,active_days,48,2026-07-06
behaviour_v1,49,1,active_days,34,2026-07-06
behaviour_v1,50,1,active_days,35,2026-07-06
behaviour_v1,51,1,active_days,57,2026-07-06
behaviour_v1,52,1,active_days,32,2026-07-06
behaviour_v1,53,1,active_days,42,2026-07-06
behaviour_v1,54,1,active_days,69,2026-07-06
behaviour_v1,55,1,active_days,68,2026-07-06
behaviour_v1,56,1,active_days,40,2026-07-06
behaviour_v1,57,1,active_days,38,2026-07-06
behaviour_v1,58,1,active_days,46,2026-07-06
behaviour_v1,59,1,active_days,28,2026-07-06
behaviour_v1,60,1,active_days,69,2026-07-06
behaviour_v1,61,1,active_days,49,2026-07-06
behaviour_v1,62,1,active_days,37,2026-07-06
behaviour_v1,63,1,active_days,53,2026-07-06
behaviour_v1,64,1,active_days,30,2026-07-06
behaviour_v1,65,1,active_days,50,2026-07-06
behaviour_v1,66,1,active_days,44,2026-07-06
behaviour_v1,67,1,active_days,18,2026-07-06
behaviour_v1,68,1,active_days,74,2026-07-06
behaviour_v1,69,1,active_days,33,2026-07-06
behaviour_v1,70,1,active_days,46,2026-07-06
behaviour_v1,71,1,active_days,20,2026-07-06
behaviour_v1,72,1,active_days,50,2026-07-06
behaviour_v1,73,1,active_days,39,2026-07-06
behaviour_v1,74,1,active_days,60,2026-07-06
behaviour_v1,75,1,active_days,65,2026-07-06
behaviour_v1,76,1,active_days,29,2026-07-06
behaviour_v1,77,1,active_days,35,2026-07-06
behaviour_v1,78,1,active_days,66,2026-07-06
behaviour_v1,79,1,active_days,47,2026-07-06
behaviour_v1,80,1,active_days,56,2026-07-06
behaviour_v1,81,1,active_days,76,2026-07-06
behaviour_v1,82,1,active_days,66,2026-07-06
behaviour_v1,83,1,active_days,50,2026-07-06
behaviour_v1,84,1,active_days,46,2026-07-06
behaviour_v1,85,1,active_days,35,2026-07-06
behaviour_v1,86,1,active_days,47,2026-07-06
behaviour_v1,87,1,active_days,14,2026-07-06
behaviour_v1,88,1,active_days,19,2026-07-06
behaviour_v1,89,1,active_days,62,2026-07-06
behaviour_v1,90,1,active_days,51,2026-07-06
behaviour_v1,91,1,active_days,51,2026-07-06
behaviour_v1,92,1,active_days,51,2026-07-06
behaviour_v1,93,1,active_days,31,2026-07-06
behaviour_v1,94,1,active_days,35,2026-07-06
behaviour_v1,96,1,active_days,74,2026-07-06
behaviour_v1,97,1,active_days,35,2026-07-06
behaviour_v1,98,1,active_days,23,2026-07-06
behaviour_v1,99,1,active_days,49,2026-07-06
behaviour_v1,100,1,active_days,20,2026-07-06
behaviour_v1,101,1,active_days,50,2026-07-06
behaviour_v1,102,1,active_days,15,2026-07-06
behaviour_v1,103,1,active_days,81,2026-07-06
behaviour_v1,104,1,active_days,72,2026-07-06
behaviour_v1,105,1,active_days,40,2026-07-06
behaviour_v1,106,1,active_days,68,2026-07-06
behaviour_v1,107,1,active_days,69,2026-07-06
behaviour_v1,108,1,active_days,32,2026-07-06
behaviour_v1,109,1,active_days,30,2026-07-06
behaviour_v1,110,1,active_days,30,2026-07-06
behaviour_v1,111,1,active_days,25,2026-07-06
behaviour_v1,112,1,active_days,26,2026-07-06
behaviour_v1,113,1,active_days,67,2026-07-06
behaviour_v1,114,1,active_days,22,2026-07-06
behaviour_v1,115,1,active_days,47,2026-07-06
behaviour_v1,116,1,active_days,18,2026-07-06
behaviour_v1,117,1,active_days,20,2026-07-06
behaviour_v1,118,1,active_days,74,2026-07-06
behaviour_v1,119,1,active_days,29,2026-07-06
behaviour_v1,120,1,active_days,37,2026-07-06
behaviour_v1,121,1,active_days,27,2026-07-06
behaviour_v1,122,1,active_days,22,2026-07-06
behaviour_v1,123,1,active_days,21,2026-07-06
behaviour_v1,124,1,active_days,89,2026-07-06
behaviour_v1,125,1,active_days,89,2026-07-06
behaviour_v1,126,1,active_days,29,2026-07-06
behaviour_v1,127,1,active_days,28,2026-07-06
behaviour_v1,128,1,active_days,44,2026-07-06
behaviour_v1,129,1,active_days,60,2026-07-06
behaviour_v1,130,1,active_days,31,2026-07-06
behaviour_v1,131,1,active_days,35,2026-07-06
behaviour_v1,132,1,active_days,42,2026-07-06
behaviour_v1,133,1,active_days,18,2026-07-06
behaviour_v1,134,1,active_days,37,2026-07-06
behaviour_v1,135,1,active_days,30,2026-07-06
behaviour_v1,136,1,active_days,51,2026-07-06
behaviour_v1,137,1,active_days,28,2026-07-06
behaviour_v1,138,1,active_days,24,2026-07-06
behaviour_v1,139,1,active_days,22,2026-07-06
behaviour_v1,140,1,active_days,5,2026-07-06
behaviour_v1,141,1,active_days,51,2026-07-06
behaviour_v1,142,1,active_days,47,2026-07-06
behaviour_v1,143,1,active_days,38,2026-07-06
behaviour_v1,144,1,active_days,12,2026-07-06
behaviour_v1,145,1,active_days,10,2026-07-06
behaviour_v1,146,1,active_days,34,2026-07-06
behaviour_v1,147,1,active_days,37,2026-07-06
behaviour_v1,148,1,active_days,21,2026-07-06
behaviour_v1,149,1,active_days,22,2026-07-06
behaviour_v1,150,1,active_days,25,2026-07-06
behaviour_v1,151,1,active_days,13,2026-07-06
behaviour_v1,152,1,active_days,24,2026-07-06
behaviour_v1,153,1,active_days,22,2026-07-06
behaviour_v1,154,1,active_days,28,2026-07-06
behaviour_v1,155,1,active_days,3,2026-07-06
behaviour_v1,156,1,active_days,18,2026-07-06
behaviour_v1,157,1,active_days,15,2026-07-06
behaviour_v1,158,1,active_days,9,2026-07-06
behaviour_v1,159,1,active_days,6,2026-07-06
behaviour_v1,160,1,active_days,14,2026-07-06
behaviour_v1,161,1,active_days,17,2026-07-06
behaviour_v1,162,1,active_days,12,2026-07-06
behaviour_v1,163,1,active_days,21,2026-07-06
behaviour_v1,164,1,active_days,7,2026-07-06
behaviour_v1,165,1,active_days,9,2026-07-06
behaviour_v1,166,1,active_days,7,2026-07-06
behaviour_v1,167,1,active_days,5,2026-07-06
behaviour_v1,168,1,active_days,6,2026-07-06
behaviour_v1,169,1,active_days,1,2026-07-06
behaviour_v1,170,1,active_days,0,2026-07-06
behaviour_v1,171,1,active_days,0,2026-07-06
behaviour_v1,2,1,unique_materials,38,2026-07-06
behaviour_v1,4,1,unique_materials,21,2026-07-06
behaviour_v1,5,1,unique_materials,25,2026-07-06
behaviour_v1,7,1,unique_materials,34,2026-07-06
behaviour_v1,8,1,unique_materials,19,2026-07-06
behaviour_v1,9,1,unique_materials,22,2026-07-06
behaviour_v1,10,1,unique_materials,14,2026-07-06
behaviour_v1,11,1,unique_materials,17,2026-07-06
behaviour_v1,12,1,unique_materials,41,2026-07-06
behaviour_v1,13,1,unique_materials,21,2026-07-06
behaviour_v1,14,1,unique_materials,18,2026-07-06
behaviour_v1,15,1,unique_materials,48,2026-07-06
behaviour_v1,16,1,unique_materials,26,2026-07-06
behaviour_v1,17,1,unique_materials,9,2026-07-06
behaviour_v1,18,1,unique_materials,9,2026-07-06
behaviour_v1,19,1,unique_materials,32,2026-07-06
behaviour_v1,20,1,unique_materials,32,2026-07-06
behaviour_v1,21,1,unique_materials,39,2026-07-06
behaviour_v1,22,1,unique_materials,35,2026-07-06
behaviour_v1,23,1,unique_materials,25,2026-07-06
behaviour_v1,24,1,unique_materials,18,2026-07-06
behaviour_v1,25,1,unique_materials,30,2026-07-06
behaviour_v1,26,1,unique_materials,36,2026-07-06
behaviour_v1,27,1,unique_materials,16,2026-07-06
behaviour_v1,28,1,unique_materials,4,2026-07-06
behaviour_v1,29,1,unique_materials,36,2026-07-06
behaviour_v1,30,1,unique_materials,17,2026-07-06
behaviour_v1,31,1,unique_materials,36,2026-07-06
behaviour_v1,32,1,unique_materials,49,2026-07-06
behaviour_v1,33,1,unique_materials,30,2026-07-06
behaviour_v1,34,1,unique_materials,27,2026-07-06
behaviour_v1,35,1,unique_materials,34,2026-07-06
behaviour_v1,36,1,unique_materials,30,2026-07-06
behaviour_v1,37,1,unique_materials,15,2026-07-06
behaviour_v1,38,1,unique_materials,38,2026-07-06
behaviour_v1,39,1,unique_materials,37,2026-07-06
behaviour_v1,40,1,unique_materials,22,2026-07-06
behaviour_v1,41,1,unique_materials,26,2026-07-06
behaviour_v1,42,1,unique_materials,19,2026-07-06
behaviour_v1,43,1,unique_materials,35,2026-07-06
behaviour_v1,44,1,unique_materials,25,2026-07-06
behaviour_v1,45,1,unique_materials,55,2026-07-06
behaviour_v1,46,1,unique_materials,21,2026-07-06
behaviour_v1,47,1,unique_materials,25,2026-07-06
behaviour_v1,48,1,unique_materials,32,2026-07-06
behaviour_v1,49,1,unique_materials,29,2026-07-06
behaviour_v1,50,1,unique_materials,40,2026-07-06
behaviour_v1,51,1,unique_materials,26,2026-07-06
behaviour_v1,52,1,unique_materials,22,2026-07-06
behaviour_v1,53,1,unique_materials,21,2026-07-06
behaviour_v1,54,1,unique_materials,40,2026-07-06
behaviour_v1,55,1,unique_materials,24,2026-07-06
behaviour_v1,56,1,unique_materials,24,2026-07-06
behaviour_v1,57,1,unique_materials,15,2026-07-06
behaviour_v1,58,1,unique_materials,27,2026-07-06
behaviour_v1,59,1,unique_materials,16,2026-07-06
behaviour_v1,60,1,unique_materials,26,2026-07-06
behaviour_v1,61,1,unique_materials,33,2026-07-06
behaviour_v1,62,1,unique_materials,27,2026-07-06
behaviour_v1,63,1,unique_materials,30,2026-07-06
behaviour_v1,64,1,unique_materials,27,2026-07-06
behaviour_v1,65,1,unique_materials,33,2026-07-06
behaviour_v1,66,1,unique_materials,23,2026-07-06
behaviour_v1,67,1,unique_materials,42,2026-07-06
behaviour_v1,68,1,unique_materials,30,2026-07-06
behaviour_v1,69,1,unique_materials,21,2026-07-06
behaviour_v1,70,1,unique_materials,23,2026-07-06
behaviour_v1,71,1,unique_materials,14,2026-07-06
behaviour_v1,72,1,unique_materials,30,2026-07-06
behaviour_v1,73,1,unique_materials,35,2026-07-06
behaviour_v1,74,1,unique_materials,17,2026-07-06
behaviour_v1,75,1,unique_materials,23,2026-07-06
behaviour_v1,76,1,unique_materials,28,2026-07-06
behaviour_v1,77,1,unique_materials,24,2026-07-06
behaviour_v1,78,1,unique_materials,26,2026-07-06
behaviour_v1,79,1,unique_materials,28,2026-07-06
behaviour_v1,80,1,unique_materials,21,2026-07-06
behaviour_v1,81,1,unique_materials,37,2026-07-06
behaviour_v1,82,1,unique_materials,28,2026-07-06
behaviour_v1,83,1,unique_materials,22,2026-07-06
behaviour_v1,84,1,unique_materials,23,2026-07-06
behaviour_v1,85,1,unique_materials,18,2026-07-06
behaviour_v1,86,1,unique_materials,31,2026-07-06
behaviour_v1,87,1,unique_materials,15,2026-07-06
behaviour_v1,88,1,unique_materials,11,2026-07-06
behaviour_v1,89,1,unique_materials,20,2026-07-06
behaviour_v1,90,1,unique_materials,31,2026-07-06
behaviour_v1,91,1,unique_materials,27,2026-07-06
behaviour_v1,92,1,unique_materials,40,2026-07-06
behaviour_v1,93,1,unique_materials,23,2026-07-06
behaviour_v1,94,1,unique_materials,25,2026-07-06
behaviour_v1,96,1,unique_materials,45,2026-07-06
behaviour_v1,97,1,unique_materials,15,2026-07-06
behaviour_v1,98,1,unique_materials,15,2026-07-06
behaviour_v1,99,1,unique_materials,35,2026-07-06
behaviour_v1,100,1,unique_materials,5,2026-07-06
behaviour_v1,101,1,unique_materials,29,2026-07-06
behaviour_v1,102,1,unique_materials,11,2026-07-06
behaviour_v1,103,1,unique_materials,44,2026-07-06
behaviour_v1,104,1,unique_materials,27,2026-07-06
behaviour_v1,105,1,unique_materials,21,2026-07-06
behaviour_v1,106,1,unique_materials,42,2026-07-06
behaviour_v1,107,1,unique_materials,45,2026-07-06
behaviour_v1,108,1,unique_materials,24,2026-07-06
behaviour_v1,109,1,unique_materials,18,2026-07-06
behaviour_v1,110,1,unique_materials,29,2026-07-06
behaviour_v1,111,1,unique_materials,33,2026-07-06
behaviour_v1,112,1,unique_materials,23,2026-07-06
behaviour_v1,113,1,unique_materials,29,2026-07-06
behaviour_v1,114,1,unique_materials,22,2026-07-06
behaviour_v1,115,1,unique_materials,27,2026-07-06
behaviour_v1,116,1,unique_materials,13,2026-07-06
behaviour_v1,117,1,unique_materials,21,2026-07-06
behaviour_v1,118,1,unique_materials,31,2026-07-06
behaviour_v1,119,1,unique_materials,21,2026-07-06
behaviour_v1,120,1,unique_materials,15,2026-07-06
behaviour_v1,121,1,unique_materials,32,2026-07-06
behaviour_v1,122,1,unique_materials,23,2026-07-06
behaviour_v1,123,1,unique_materials,26,2026-07-06
behaviour_v1,124,1,unique_materials,29,2026-07-06
behaviour_v1,125,1,unique_materials,33,2026-07-06
behaviour_v1,126,1,unique_materials,19,2026-07-06
behaviour_v1,127,1,unique_materials,19,2026-07-06
behaviour_v1,128,1,unique_materials,23,2026-07-06
behaviour_v1,129,1,unique_materials,33,2026-07-06
behaviour_v1,130,1,unique_materials,15,2026-07-06
behaviour_v1,131,1,unique_materials,29,2026-07-06
behaviour_v1,132,1,unique_materials,27,2026-07-06
behaviour_v1,133,1,unique_materials,18,2026-07-06
behaviour_v1,134,1,unique_materials,30,2026-07-06
behaviour_v1,135,1,unique_materials,36,2026-07-06
behaviour_v1,136,1,unique_materials,22,2026-07-06
behaviour_v1,137,1,unique_materials,42,2026-07-06
behaviour_v1,138,1,unique_materials,20,2026-07-06
behaviour_v1,139,1,unique_materials,14,2026-07-06
behaviour_v1,140,1,unique_materials,3,2026-07-06
behaviour_v1,141,1,unique_materials,27,2026-07-06
behaviour_v1,142,1,unique_materials,23,2026-07-06
behaviour_v1,143,1,unique_materials,25,2026-07-06
behaviour_v1,144,1,unique_materials,16,2026-07-06
behaviour_v1,145,1,unique_materials,16,2026-07-06
behaviour_v1,146,1,unique_materials,17,2026-07-06
behaviour_v1,147,1,unique_materials,26,2026-07-06
behaviour_v1,148,1,unique_materials,18,2026-07-06
behaviour_v1,149,1,unique_materials,35,2026-07-06
behaviour_v1,150,1,unique_materials,13,2026-07-06
behaviour_v1,151,1,unique_materials,13,2026-07-06
behaviour_v1,152,1,unique_materials,18,2026-07-06
behaviour_v1,153,1,unique_materials,13,2026-07-06
behaviour_v1,154,1,unique_materials,33,2026-07-06
behaviour_v1,155,1,unique_materials,4,2026-07-06
behaviour_v1,156,1,unique_materials,14,2026-07-06
behaviour_v1,157,1,unique_materials,19,2026-07-06
behaviour_v1,158,1,unique_materials,8,2026-07-06
behaviour_v1,159,1,unique_materials,9,2026-07-06
behaviour_v1,160,1,unique_materials,10,2026-07-06
behaviour_v1,161,1,unique_materials,14,2026-07-06
behaviour_v1,162,1,unique_materials,16,2026-07-06
behaviour_v1,163,1,unique_materials,27,2026-07-06
behaviour_v1,164,1,unique_materials,4,2026-07-06
behaviour_v1,165,1,unique_materials,10,2026-07-06
behaviour_v1,166,1,unique_materials,2,2026-07-06
behaviour_v1,167,1,unique_materials,6,2026-07-06
behaviour_v1,168,1,unique_materials,13,2026-07-06
behaviour_v1,169,1,unique_materials,2,2026-07-06
behaviour_v1,170,1,unique_materials,0,2026-07-06
behaviour_v1,171,1,unique_materials,0,2026-07-06
behaviour_v1,2,1,after_hours_events,256,2026-07-06
behaviour_v1,4,1,after_hours_events,72,2026-07-06
behaviour_v1,5,1,after_hours_events,169,2026-07-06
behaviour_v1,7,1,after_hours_events,121,2026-07-06
behaviour_v1,8,1,after_hours_events,244,2026-07-06
behaviour_v1,9,1,after_hours_events,125,2026-07-06
behaviour_v1,10,1,after_hours_events,87,2026-07-06
behaviour_v1,11,1,after_hours_events,92,2026-07-06
behaviour_v1,12,1,after_hours_events,307,2026-07-06
behaviour_v1,13,1,after_hours_events,80,2026-07-06
behaviour_v1,14,1,after_hours_events,20,2026-07-06
behaviour_v1,15,1,after_hours_events,851,2026-07-06
behaviour_v1,16,1,after_hours_events,439,2026-07-06
behaviour_v1,17,1,after_hours_events,15,2026-07-06
behaviour_v1,18,1,after_hours_events,2,2026-07-06
behaviour_v1,19,1,after_hours_events,216,2026-07-06
behaviour_v1,20,1,after_hours_events,67,2026-07-06
behaviour_v1,21,1,after_hours_events,101,2026-07-06
behaviour_v1,22,1,after_hours_events,221,2026-07-06
behaviour_v1,23,1,after_hours_events,119,2026-07-06
behaviour_v1,24,1,after_hours_events,85,2026-07-06
behaviour_v1,25,1,after_hours_events,148,2026-07-06
behaviour_v1,26,1,after_hours_events,205,2026-07-06
behaviour_v1,27,1,after_hours_events,58,2026-07-06
behaviour_v1,28,1,after_hours_events,3,2026-07-06
behaviour_v1,29,1,after_hours_events,83,2026-07-06
behaviour_v1,30,1,after_hours_events,40,2026-07-06
behaviour_v1,31,1,after_hours_events,114,2026-07-06
behaviour_v1,32,1,after_hours_events,32,2026-07-06
behaviour_v1,33,1,after_hours_events,69,2026-07-06
behaviour_v1,34,1,after_hours_events,365,2026-07-06
behaviour_v1,35,1,after_hours_events,46,2026-07-06
behaviour_v1,36,1,after_hours_events,141,2026-07-06
behaviour_v1,37,1,after_hours_events,16,2026-07-06
behaviour_v1,38,1,after_hours_events,256,2026-07-06
behaviour_v1,39,1,after_hours_events,41,2026-07-06
behaviour_v1,40,1,after_hours_events,154,2026-07-06
behaviour_v1,41,1,after_hours_events,225,2026-07-06
behaviour_v1,42,1,after_hours_events,128,2026-07-06
behaviour_v1,43,1,after_hours_events,334,2026-07-06
behaviour_v1,44,1,after_hours_events,107,2026-07-06
behaviour_v1,45,1,after_hours_events,257,2026-07-06
behaviour_v1,46,1,after_hours_events,79,2026-07-06
behaviour_v1,47,1,after_hours_events,156,2026-07-06
behaviour_v1,48,1,after_hours_events,109,2026-07-06
behaviour_v1,49,1,after_hours_events,366,2026-07-06
behaviour_v1,50,1,after_hours_events,64,2026-07-06
behaviour_v1,51,1,after_hours_events,125,2026-07-06
behaviour_v1,52,1,after_hours_events,120,2026-07-06
behaviour_v1,53,1,after_hours_events,60,2026-07-06
behaviour_v1,54,1,after_hours_events,322,2026-07-06
behaviour_v1,55,1,after_hours_events,147,2026-07-06
behaviour_v1,56,1,after_hours_events,71,2026-07-06
behaviour_v1,57,1,after_hours_events,78,2026-07-06
behaviour_v1,58,1,after_hours_events,135,2026-07-06
behaviour_v1,59,1,after_hours_events,77,2026-07-06
behaviour_v1,60,1,after_hours_events,180,2026-07-06
behaviour_v1,61,1,after_hours_events,118,2026-07-06
behaviour_v1,62,1,after_hours_events,98,2026-07-06
behaviour_v1,63,1,after_hours_events,118,2026-07-06
behaviour_v1,64,1,after_hours_events,345,2026-07-06
behaviour_v1,65,1,after_hours_events,165,2026-07-06
behaviour_v1,66,1,after_hours_events,39,2026-07-06
behaviour_v1,67,1,after_hours_events,172,2026-07-06
behaviour_v1,68,1,after_hours_events,73,2026-07-06
behaviour_v1,69,1,after_hours_events,57,2026-07-06
behaviour_v1,70,1,after_hours_events,105,2026-07-06
behaviour_v1,71,1,after_hours_events,38,2026-07-06
behaviour_v1,72,1,after_hours_events,192,2026-07-06
behaviour_v1,73,1,after_hours_events,169,2026-07-06
behaviour_v1,74,1,after_hours_events,149,2026-07-06
behaviour_v1,75,1,after_hours_events,261,2026-07-06
behaviour_v1,76,1,after_hours_events,42,2026-07-06
behaviour_v1,77,1,after_hours_events,90,2026-07-06
behaviour_v1,78,1,after_hours_events,247,2026-07-06
behaviour_v1,79,1,after_hours_events,104,2026-07-06
behaviour_v1,80,1,after_hours_events,151,2026-07-06
behaviour_v1,81,1,after_hours_events,129,2026-07-06
behaviour_v1,82,1,after_hours_events,253,2026-07-06
behaviour_v1,83,1,after_hours_events,92,2026-07-06
behaviour_v1,84,1,after_hours_events,160,2026-07-06
behaviour_v1,85,1,after_hours_events,87,2026-07-06
behaviour_v1,86,1,after_hours_events,174,2026-07-06
behaviour_v1,87,1,after_hours_events,27,2026-07-06
behaviour_v1,88,1,after_hours_events,27,2026-07-06
behaviour_v1,89,1,after_hours_events,165,2026-07-06
behaviour_v1,90,1,after_hours_events,95,2026-07-06
behaviour_v1,91,1,after_hours_events,149,2026-07-06
behaviour_v1,92,1,after_hours_events,75,2026-07-06
behaviour_v1,93,1,after_hours_events,45,2026-07-06
behaviour_v1,94,1,after_hours_events,164,2026-07-06
behaviour_v1,96,1,after_hours_events,653,2026-07-06
behaviour_v1,97,1,after_hours_events,39,2026-07-06
behaviour_v1,98,1,after_hours_events,67,2026-07-06
behaviour_v1,99,1,after_hours_events,77,2026-07-06
behaviour_v1,100,1,after_hours_events,8,2026-07-06
behaviour_v1,101,1,after_hours_events,296,2026-07-06
behaviour_v1,102,1,after_hours_events,53,2026-07-06
behaviour_v1,103,1,after_hours_events,215,2026-07-06
behaviour_v1,104,1,after_hours_events,140,2026-07-06
behaviour_v1,105,1,after_hours_events,90,2026-07-06
behaviour_v1,106,1,after_hours_events,395,2026-07-06
behaviour_v1,107,1,after_hours_events,174,2026-07-06
behaviour_v1,108,1,after_hours_events,260,2026-07-06
behaviour_v1,109,1,after_hours_events,103,2026-07-06
behaviour_v1,110,1,after_hours_events,194,2026-07-06
behaviour_v1,111,1,after_hours_events,153,2026-07-06
behaviour_v1,112,1,after_hours_events,79,2026-07-06
behaviour_v1,113,1,after_hours_events,198,2026-07-06
behaviour_v1,114,1,after_hours_events,85,2026-07-06
behaviour_v1,115,1,after_hours_events,73,2026-07-06
behaviour_v1,116,1,after_hours_events,91,2026-07-06
behaviour_v1,117,1,after_hours_events,8,2026-07-06
behaviour_v1,118,1,after_hours_events,219,2026-07-06
behaviour_v1,119,1,after_hours_events,66,2026-07-06
behaviour_v1,120,1,after_hours_events,42,2026-07-06
behaviour_v1,121,1,after_hours_events,108,2026-07-06
behaviour_v1,122,1,after_hours_events,12,2026-07-06
behaviour_v1,123,1,after_hours_events,64,2026-07-06
behaviour_v1,124,1,after_hours_events,211,2026-07-06
behaviour_v1,125,1,after_hours_events,185,2026-07-06
behaviour_v1,126,1,after_hours_events,22,2026-07-06
behaviour_v1,127,1,after_hours_events,91,2026-07-06
behaviour_v1,128,1,after_hours_events,71,2026-07-06
behaviour_v1,129,1,after_hours_events,264,2026-07-06
behaviour_v1,130,1,after_hours_events,70,2026-07-06
behaviour_v1,131,1,after_hours_events,76,2026-07-06
behaviour_v1,132,1,after_hours_events,97,2026-07-06
behaviour_v1,133,1,after_hours_events,49,2026-07-06
behaviour_v1,134,1,after_hours_events,214,2026-07-06
behaviour_v1,135,1,after_hours_events,175,2026-07-06
behaviour_v1,136,1,after_hours_events,145,2026-07-06
behaviour_v1,137,1,after_hours_events,114,2026-07-06
behaviour_v1,138,1,after_hours_events,92,2026-07-06
behaviour_v1,139,1,after_hours_events,72,2026-07-06
behaviour_v1,140,1,after_hours_events,1,2026-07-06
behaviour_v1,141,1,after_hours_events,119,2026-07-06
behaviour_v1,142,1,after_hours_events,39,2026-07-06
behaviour_v1,143,1,after_hours_events,232,2026-07-06
behaviour_v1,144,1,after_hours_events,90,2026-07-06
behaviour_v1,145,1,after_hours_events,82,2026-07-06
behaviour_v1,146,1,after_hours_events,87,2026-07-06
behaviour_v1,147,1,after_hours_events,83,2026-07-06
behaviour_v1,148,1,after_hours_events,44,2026-07-06
behaviour_v1,149,1,after_hours_events,63,2026-07-06
behaviour_v1,150,1,after_hours_events,25,2026-07-06
behaviour_v1,151,1,after_hours_events,27,2026-07-06
behaviour_v1,152,1,after_hours_events,118,2026-07-06
behaviour_v1,153,1,after_hours_events,66,2026-07-06
behaviour_v1,154,1,after_hours_events,152,2026-07-06
behaviour_v1,155,1,after_hours_events,6,2026-07-06
behaviour_v1,156,1,after_hours_events,9,2026-07-06
behaviour_v1,157,1,after_hours_events,45,2026-07-06
behaviour_v1,158,1,after_hours_events,11,2026-07-06
behaviour_v1,159,1,after_hours_events,5,2026-07-06
behaviour_v1,160,1,after_hours_events,6,2026-07-06
behaviour_v1,161,1,after_hours_events,58,2026-07-06
behaviour_v1,162,1,after_hours_events,35,2026-07-06
behaviour_v1,163,1,after_hours_events,118,2026-07-06
behaviour_v1,164,1,after_hours_events,15,2026-07-06
behaviour_v1,165,1,after_hours_events,5,2026-07-06
behaviour_v1,166,1,after_hours_events,7,2026-07-06
behaviour_v1,167,1,after_hours_events,12,2026-07-06
behaviour_v1,168,1,after_hours_events,6,2026-07-06
behaviour_v1,169,1,after_hours_events,0,2026-07-06
behaviour_v1,170,1,after_hours_events,0,2026-07-06
behaviour_v1,171,1,after_hours_events,0,2026-07-06
behaviour_v1,2,1,weekend_events,114,2026-07-06
behaviour_v1,4,1,weekend_events,20,2026-07-06
behaviour_v1,5,1,weekend_events,50,2026-07-06
behaviour_v1,7,1,weekend_events,405,2026-07-06
behaviour_v1,8,1,weekend_events,87,2026-07-06
behaviour_v1,9,1,weekend_events,25,2026-07-06
behaviour_v1,10,1,weekend_events,24,2026-07-06
behaviour_v1,11,1,weekend_events,55,2026-07-06
behaviour_v1,12,1,weekend_events,252,2026-07-06
behaviour_v1,13,1,weekend_events,27,2026-07-06
behaviour_v1,14,1,weekend_events,16,2026-07-06
behaviour_v1,15,1,weekend_events,231,2026-07-06
behaviour_v1,16,1,weekend_events,250,2026-07-06
behaviour_v1,17,1,weekend_events,13,2026-07-06
behaviour_v1,18,1,weekend_events,48,2026-07-06
behaviour_v1,19,1,weekend_events,111,2026-07-06
behaviour_v1,20,1,weekend_events,57,2026-07-06
behaviour_v1,21,1,weekend_events,55,2026-07-06
behaviour_v1,22,1,weekend_events,239,2026-07-06
behaviour_v1,23,1,weekend_events,59,2026-07-06
behaviour_v1,24,1,weekend_events,9,2026-07-06
behaviour_v1,25,1,weekend_events,43,2026-07-06
behaviour_v1,26,1,weekend_events,80,2026-07-06
behaviour_v1,27,1,weekend_events,37,2026-07-06
behaviour_v1,28,1,weekend_events,0,2026-07-06
behaviour_v1,29,1,weekend_events,71,2026-07-06
behaviour_v1,30,1,weekend_events,35,2026-07-06
behaviour_v1,31,1,weekend_events,38,2026-07-06
behaviour_v1,32,1,weekend_events,54,2026-07-06
behaviour_v1,33,1,weekend_events,101,2026-07-06
behaviour_v1,34,1,weekend_events,130,2026-07-06
behaviour_v1,35,1,weekend_events,17,2026-07-06
behaviour_v1,36,1,weekend_events,60,2026-07-06
behaviour_v1,37,1,weekend_events,4,2026-07-06
behaviour_v1,38,1,weekend_events,166,2026-07-06
behaviour_v1,39,1,weekend_events,40,2026-07-06
behaviour_v1,40,1,weekend_events,30,2026-07-06
behaviour_v1,41,1,weekend_events,101,2026-07-06
behaviour_v1,42,1,weekend_events,22,2026-07-06
behaviour_v1,43,1,weekend_events,99,2026-07-06
behaviour_v1,44,1,weekend_events,75,2026-07-06
behaviour_v1,45,1,weekend_events,73,2026-07-06
behaviour_v1,46,1,weekend_events,64,2026-07-06
behaviour_v1,47,1,weekend_events,115,2026-07-06
behaviour_v1,48,1,weekend_events,98,2026-07-06
behaviour_v1,49,1,weekend_events,158,2026-07-06
behaviour_v1,50,1,weekend_events,8,2026-07-06
behaviour_v1,51,1,weekend_events,41,2026-07-06
behaviour_v1,52,1,weekend_events,39,2026-07-06
behaviour_v1,53,1,weekend_events,79,2026-07-06
behaviour_v1,54,1,weekend_events,144,2026-07-06
behaviour_v1,55,1,weekend_events,179,2026-07-06
behaviour_v1,56,1,weekend_events,64,2026-07-06
behaviour_v1,57,1,weekend_events,22,2026-07-06
behaviour_v1,58,1,weekend_events,68,2026-07-06
behaviour_v1,59,1,weekend_events,28,2026-07-06
behaviour_v1,60,1,weekend_events,125,2026-07-06
behaviour_v1,61,1,weekend_events,59,2026-07-06
behaviour_v1,62,1,weekend_events,71,2026-07-06
behaviour_v1,63,1,weekend_events,41,2026-07-06
behaviour_v1,64,1,weekend_events,60,2026-07-06
behaviour_v1,65,1,weekend_events,38,2026-07-06
behaviour_v1,66,1,weekend_events,47,2026-07-06
behaviour_v1,67,1,weekend_events,40,2026-07-06
behaviour_v1,68,1,weekend_events,85,2026-07-06
behaviour_v1,69,1,weekend_events,12,2026-07-06
behaviour_v1,70,1,weekend_events,76,2026-07-06
behaviour_v1,71,1,weekend_events,25,2026-07-06
behaviour_v1,72,1,weekend_events,33,2026-07-06
behaviour_v1,73,1,weekend_events,48,2026-07-06
behaviour_v1,74,1,weekend_events,59,2026-07-06
behaviour_v1,75,1,weekend_events,106,2026-07-06
behaviour_v1,76,1,weekend_events,24,2026-07-06
behaviour_v1,77,1,weekend_events,28,2026-07-06
behaviour_v1,78,1,weekend_events,87,2026-07-06
behaviour_v1,79,1,weekend_events,82,2026-07-06
behaviour_v1,80,1,weekend_events,116,2026-07-06
behaviour_v1,81,1,weekend_events,125,2026-07-06
behaviour_v1,82,1,weekend_events,82,2026-07-06
behaviour_v1,83,1,weekend_events,61,2026-07-06
behaviour_v1,84,1,weekend_events,45,2026-07-06
behaviour_v1,85,1,weekend_events,43,2026-07-06
behaviour_v1,86,1,weekend_events,43,2026-07-06
behaviour_v1,87,1,weekend_events,13,2026-07-06
behaviour_v1,88,1,weekend_events,28,2026-07-06
behaviour_v1,89,1,weekend_events,64,2026-07-06
behaviour_v1,90,1,weekend_events,64,2026-07-06
behaviour_v1,91,1,weekend_events,41,2026-07-06
behaviour_v1,92,1,weekend_events,94,2026-07-06
behaviour_v1,93,1,weekend_events,7,2026-07-06
behaviour_v1,94,1,weekend_events,46,2026-07-06
behaviour_v1,96,1,weekend_events,188,2026-07-06
behaviour_v1,97,1,weekend_events,54,2026-07-06
behaviour_v1,98,1,weekend_events,31,2026-07-06
behaviour_v1,99,1,weekend_events,31,2026-07-06
behaviour_v1,100,1,weekend_events,6,2026-07-06
behaviour_v1,101,1,weekend_events,161,2026-07-06
behaviour_v1,102,1,weekend_events,24,2026-07-06
behaviour_v1,103,1,weekend_events,128,2026-07-06
behaviour_v1,104,1,weekend_events,80,2026-07-06
behaviour_v1,105,1,weekend_events,30,2026-07-06
behaviour_v1,106,1,weekend_events,140,2026-07-06
behaviour_v1,107,1,weekend_events,108,2026-07-06
behaviour_v1,108,1,weekend_events,79,2026-07-06
behaviour_v1,109,1,weekend_events,6,2026-07-06
behaviour_v1,110,1,weekend_events,56,2026-07-06
behaviour_v1,111,1,weekend_events,18,2026-07-06
behaviour_v1,112,1,weekend_events,31,2026-07-06
behaviour_v1,113,1,weekend_events,77,2026-07-06
behaviour_v1,114,1,weekend_events,4,2026-07-06
behaviour_v1,115,1,weekend_events,70,2026-07-06
behaviour_v1,116,1,weekend_events,43,2026-07-06
behaviour_v1,117,1,weekend_events,9,2026-07-06
behaviour_v1,118,1,weekend_events,117,2026-07-06
behaviour_v1,119,1,weekend_events,9,2026-07-06
behaviour_v1,120,1,weekend_events,34,2026-07-06
behaviour_v1,121,1,weekend_events,45,2026-07-06
behaviour_v1,122,1,weekend_events,4,2026-07-06
behaviour_v1,123,1,weekend_events,13,2026-07-06
behaviour_v1,124,1,weekend_events,134,2026-07-06
behaviour_v1,125,1,weekend_events,153,2026-07-06
behaviour_v1,126,1,weekend_events,83,2026-07-06
behaviour_v1,127,1,weekend_events,35,2026-07-06
behaviour_v1,128,1,weekend_events,45,2026-07-06
behaviour_v1,129,1,weekend_events,156,2026-07-06
behaviour_v1,130,1,weekend_events,30,2026-07-06
behaviour_v1,131,1,weekend_events,37,2026-07-06
behaviour_v1,132,1,weekend_events,27,2026-07-06
behaviour_v1,133,1,weekend_events,16,2026-07-06
behaviour_v1,134,1,weekend_events,88,2026-07-06
behaviour_v1,135,1,weekend_events,32,2026-07-06
behaviour_v1,136,1,weekend_events,87,2026-07-06
behaviour_v1,137,1,weekend_events,29,2026-07-06
behaviour_v1,138,1,weekend_events,61,2026-07-06
behaviour_v1,139,1,weekend_events,40,2026-07-06
behaviour_v1,140,1,weekend_events,2,2026-07-06
behaviour_v1,141,1,weekend_events,53,2026-07-06
behaviour_v1,142,1,weekend_events,44,2026-07-06
behaviour_v1,143,1,weekend_events,64,2026-07-06
behaviour_v1,144,1,weekend_events,27,2026-07-06
behaviour_v1,145,1,weekend_events,2,2026-07-06
behaviour_v1,146,1,weekend_events,41,2026-07-06
behaviour_v1,147,1,weekend_events,78,2026-07-06
behaviour_v1,148,1,weekend_events,17,2026-07-06
behaviour_v1,149,1,weekend_events,9,2026-07-06
behaviour_v1,150,1,weekend_events,20,2026-07-06
behaviour_v1,151,1,weekend_events,10,2026-07-06
behaviour_v1,152,1,weekend_events,43,2026-07-06
behaviour_v1,153,1,weekend_events,15,2026-07-06
behaviour_v1,154,1,weekend_events,39,2026-07-06
behaviour_v1,155,1,weekend_events,0,2026-07-06
behaviour_v1,156,1,weekend_events,6,2026-07-06
behaviour_v1,157,1,weekend_events,10,2026-07-06
behaviour_v1,158,1,weekend_events,2,2026-07-06
behaviour_v1,159,1,weekend_events,0,2026-07-06
behaviour_v1,160,1,weekend_events,21,2026-07-06
behaviour_v1,161,1,weekend_events,40,2026-07-06
behaviour_v1,162,1,weekend_events,14,2026-07-06
behaviour_v1,163,1,weekend_events,58,2026-07-06
behaviour_v1,164,1,weekend_events,8,2026-07-06
behaviour_v1,165,1,weekend_events,12,2026-07-06
behaviour_v1,166,1,weekend_events,7,2026-07-06
behaviour_v1,167,1,weekend_events,3,2026-07-06
behaviour_v1,168,1,weekend_events,32,2026-07-06
behaviour_v1,169,1,weekend_events,0,2026-07-06
behaviour_v1,170,1,weekend_events,0,2026-07-06
behaviour_v1,171,1,weekend_events,0,2026-07-06
behaviour_v1,2,1,avg_events_per_active_day,10.358490566037736,2026-07-06
behaviour_v1,4,1,avg_events_per_active_day,5.545454545454546,2026-07-06
behaviour_v1,5,1,avg_events_per_active_day,6.472727272727273,2026-07-06
behaviour_v1,7,1,avg_events_per_active_day,10.504065040650406,2026-07-06
behaviour_v1,8,1,avg_events_per_active_day,6.270833333333333,2026-07-06
behaviour_v1,9,1,avg_events_per_active_day,7.76595744680851,2026-07-06
behaviour_v1,10,1,avg_events_per_active_day,6.869565217391305,2026-07-06
behaviour_v1,11,1,avg_events_per_active_day,6.542857142857143,2026-07-06
behaviour_v1,12,1,avg_events_per_active_day,14.535714285714286,2026-07-06
behaviour_v1,13,1,avg_events_per_active_day,4.921052631578948,2026-07-06
behaviour_v1,14,1,avg_events_per_active_day,5.035714285714286,2026-07-06
behaviour_v1,15,1,avg_events_per_active_day,12.309278350515465,2026-07-06
behaviour_v1,16,1,avg_events_per_active_day,10.779411764705882,2026-07-06
behaviour_v1,17,1,avg_events_per_active_day,5.375,2026-07-06
behaviour_v1,18,1,avg_events_per_active_day,9.8,2026-07-06
behaviour_v1,19,1,avg_events_per_active_day,7.535211267605634,2026-07-06
behaviour_v1,20,1,avg_events_per_active_day,7.318181818181818,2026-07-06
behaviour_v1,21,1,avg_events_per_active_day,6.536585365853658,2026-07-06
behaviour_v1,22,1,avg_events_per_active_day,10.837837837837839,2026-07-06
behaviour_v1,23,1,avg_events_per_active_day,6.931034482758621,2026-07-06
behaviour_v1,24,1,avg_events_per_active_day,8.266666666666667,2026-07-06
behaviour_v1,25,1,avg_events_per_active_day,7.795918367346939,2026-07-06
behaviour_v1,26,1,avg_events_per_active_day,8.829787234042554,2026-07-06
behaviour_v1,27,1,avg_events_per_active_day,7.1891891891891895,2026-07-06
behaviour_v1,28,1,avg_events_per_active_day,2.3333333333333335,2026-07-06
behaviour_v1,29,1,avg_events_per_active_day,7.73469387755102,2026-07-06
behaviour_v1,30,1,avg_events_per_active_day,4.269230769230769,2026-07-06
behaviour_v1,31,1,avg_events_per_active_day,7.869565217391305,2026-07-06
behaviour_v1,32,1,avg_events_per_active_day,7.627118644067797,2026-07-06
behaviour_v1,33,1,avg_events_per_active_day,7.372093023255814,2026-07-06
behaviour_v1,34,1,avg_events_per_active_day,8.637931034482758,2026-07-06
behaviour_v1,35,1,avg_events_per_active_day,6.627450980392157,2026-07-06
behaviour_v1,36,1,avg_events_per_active_day,8.375,2026-07-06
behaviour_v1,37,1,avg_events_per_active_day,5.888888888888889,2026-07-06
behaviour_v1,38,1,avg_events_per_active_day,10.071428571428571,2026-07-06
behaviour_v1,39,1,avg_events_per_active_day,4.22,2026-07-06
behaviour_v1,40,1,avg_events_per_active_day,8.025,2026-07-06
behaviour_v1,41,1,avg_events_per_active_day,9.511627906976743,2026-07-06
behaviour_v1,42,1,avg_events_per_active_day,6.333333333333333,2026-07-06
behaviour_v1,43,1,avg_events_per_active_day,9.698412698412698,2026-07-06
behaviour_v1,44,1,avg_events_per_active_day,9.657894736842104,2026-07-06
behaviour_v1,45,1,avg_events_per_active_day,7.709677419354839,2026-07-06
behaviour_v1,46,1,avg_events_per_active_day,6.625,2026-07-06
behaviour_v1,47,1,avg_events_per_active_day,6.226415094339623,2026-07-06
behaviour_v1,48,1,avg_events_per_active_day,8.0,2026-07-06
behaviour_v1,49,1,avg_events_per_active_day,12.911764705882353,2026-07-06
behaviour_v1,50,1,avg_events_per_active_day,7.257142857142857,2026-07-06
behaviour_v1,51,1,avg_events_per_active_day,4.7368421052631575,2026-07-06
behaviour_v1,52,1,avg_events_per_active_day,7.625,2026-07-06
behaviour_v1,53,1,avg_events_per_active_day,6.357142857142857,2026-07-06
behaviour_v1,54,1,avg_events_per_active_day,10.840579710144928,2026-07-06
behaviour_v1,55,1,avg_events_per_active_day,10.455882352941176,2026-07-06
behaviour_v1,56,1,avg_events_per_active_day,6.525,2026-07-06
behaviour_v1,57,1,avg_events_per_active_day,4.631578947368421,2026-07-06
behaviour_v1,58,1,avg_events_per_active_day,8.41304347826087,2026-07-06
behaviour_v1,59,1,avg_events_per_active_day,7.892857142857143,2026-07-06
behaviour_v1,60,1,avg_events_per_active_day,6.594202898550725,2026-07-06
behaviour_v1,61,1,avg_events_per_active_day,5.714285714285714,2026-07-06
behaviour_v1,62,1,avg_events_per_active_day,5.945945945945946,2026-07-06
behaviour_v1,63,1,avg_events_per_active_day,6.547169811320755,2026-07-06
behaviour_v1,64,1,avg_events_per_active_day,18.366666666666667,2026-07-06
behaviour_v1,65,1,avg_events_per_active_day,8.16,2026-07-06
behaviour_v1,66,1,avg_events_per_active_day,4.840909090909091,2026-07-06
behaviour_v1,67,1,avg_events_per_active_day,10.722222222222221,2026-07-06
behaviour_v1,68,1,avg_events_per_active_day,6.797297297297297,2026-07-06
behaviour_v1,69,1,avg_events_per_active_day,4.575757575757576,2026-07-06
behaviour_v1,70,1,avg_events_per_active_day,10.065217391304348,2026-07-06
behaviour_v1,71,1,avg_events_per_active_day,4.55,2026-07-06
behaviour_v1,72,1,avg_events_per_active_day,9.04,2026-07-06
behaviour_v1,73,1,avg_events_per_active_day,6.461538461538462,2026-07-06
behaviour_v1,74,1,avg_events_per_active_day,5.45,2026-07-06
behaviour_v1,75,1,avg_events_per_active_day,7.6,2026-07-06
behaviour_v1,76,1,avg_events_per_active_day,6.448275862068965,2026-07-06
behaviour_v1,77,1,avg_events_per_active_day,6.285714285714286,2026-07-06
behaviour_v1,78,1,avg_events_per_active_day,6.742424242424242,2026-07-06
behaviour_v1,79,1,avg_events_per_active_day,7.9787234042553195,2026-07-06
behaviour_v1,80,1,avg_events_per_active_day,5.946428571428571,2026-07-06
behaviour_v1,81,1,avg_events_per_active_day,6.723684210526316,2026-07-06
behaviour_v1,82,1,avg_events_per_active_day,9.954545454545455,2026-07-06
behaviour_v1,83,1,avg_events_per_active_day,6.5,2026-07-06
behaviour_v1,84,1,avg_events_per_active_day,7.673913043478261,2026-07-06
behaviour_v1,85,1,avg_events_per_active_day,5.457142857142857,2026-07-06
behaviour_v1,86,1,avg_events_per_active_day,7.297872340425532,2026-07-06
behaviour_v1,87,1,avg_events_per_active_day,8.571428571428571,2026-07-06
behaviour_v1,88,1,avg_events_per_active_day,5.7368421052631575,2026-07-06
behaviour_v1,89,1,avg_events_per_active_day,4.580645161290323,2026-07-06
behaviour_v1,90,1,avg_events_per_active_day,9.843137254901961,2026-07-06
behaviour_v1,91,1,avg_events_per_active_day,6.098039215686274,2026-07-06
behaviour_v1,92,1,avg_events_per_active_day,9.568627450980392,2026-07-06
behaviour_v1,93,1,avg_events_per_active_day,6.064516129032258,2026-07-06
behaviour_v1,94,1,avg_events_per_active_day,11.914285714285715,2026-07-06
behaviour_v1,96,1,avg_events_per_active_day,10.54054054054054,2026-07-06
behaviour_v1,97,1,avg_events_per_active_day,4.485714285714286,2026-07-06
behaviour_v1,98,1,avg_events_per_active_day,6.304347826086956,2026-07-06
behaviour_v1,99,1,avg_events_per_active_day,8.510204081632653,2026-07-06
behaviour_v1,100,1,avg_events_per_active_day,2.85,2026-07-06
behaviour_v1,101,1,avg_events_per_active_day,14.66,2026-07-06
behaviour_v1,102,1,avg_events_per_active_day,8.066666666666666,2026-07-06
behaviour_v1,103,1,avg_events_per_active_day,5.481481481481482,2026-07-06
behaviour_v1,104,1,avg_events_per_active_day,5.847222222222222,2026-07-06
behaviour_v1,105,1,avg_events_per_active_day,5.275,2026-07-06
behaviour_v1,106,1,avg_events_per_active_day,9.382352941176471,2026-07-06
behaviour_v1,107,1,avg_events_per_active_day,9.826086956521738,2026-07-06
behaviour_v1,108,1,avg_events_per_active_day,10.40625,2026-07-06
behaviour_v1,109,1,avg_events_per_active_day,6.833333333333333,2026-07-06
behaviour_v1,110,1,avg_events_per_active_day,8.366666666666667,2026-07-06
behaviour_v1,111,1,avg_events_per_active_day,10.28,2026-07-06
behaviour_v1,112,1,avg_events_per_active_day,7.269230769230769,2026-07-06
behaviour_v1,113,1,avg_events_per_active_day,7.492537313432836,2026-07-06
behaviour_v1,114,1,avg_events_per_active_day,7.136363636363637,2026-07-06
behaviour_v1,115,1,avg_events_per_active_day,9.680851063829786,2026-07-06
behaviour_v1,116,1,avg_events_per_active_day,7.055555555555555,2026-07-06
behaviour_v1,117,1,avg_events_per_active_day,5.25,2026-07-06
behaviour_v1,118,1,avg_events_per_active_day,10.85135135135135,2026-07-06
behaviour_v1,119,1,avg_events_per_active_day,5.689655172413793,2026-07-06
behaviour_v1,120,1,avg_events_per_active_day,5.162162162162162,2026-07-06
behaviour_v1,121,1,avg_events_per_active_day,8.518518518518519,2026-07-06
behaviour_v1,122,1,avg_events_per_active_day,7.7727272727272725,2026-07-06
behaviour_v1,123,1,avg_events_per_active_day,6.380952380952381,2026-07-06
behaviour_v1,124,1,avg_events_per_active_day,6.730337078651686,2026-07-06
behaviour_v1,125,1,avg_events_per_active_day,7.51685393258427,2026-07-06
behaviour_v1,126,1,avg_events_per_active_day,7.068965517241379,2026-07-06
behaviour_v1,127,1,avg_events_per_active_day,6.035714285714286,2026-07-06
behaviour_v1,128,1,avg_events_per_active_day,5.2272727272727275,2026-07-06
behaviour_v1,129,1,avg_events_per_active_day,11.033333333333333,2026-07-06
behaviour_v1,130,1,avg_events_per_active_day,5.903225806451613,2026-07-06
behaviour_v1,131,1,avg_events_per_active_day,7.457142857142857,2026-07-06
behaviour_v1,132,1,avg_events_per_active_day,8.119047619047619,2026-07-06
behaviour_v1,133,1,avg_events_per_active_day,8.722222222222221,2026-07-06
behaviour_v1,134,1,avg_events_per_active_day,11.297297297297296,2026-07-06
behaviour_v1,135,1,avg_events_per_active_day,7.9,2026-07-06
behaviour_v1,136,1,avg_events_per_active_day,7.03921568627451,2026-07-06
behaviour_v1,137,1,avg_events_per_active_day,10.964285714285714,2026-07-06
behaviour_v1,138,1,avg_events_per_active_day,8.916666666666666,2026-07-06
behaviour_v1,139,1,avg_events_per_active_day,6.136363636363637,2026-07-06
behaviour_v1,140,1,avg_events_per_active_day,1.4,2026-07-06
behaviour_v1,141,1,avg_events_per_active_day,7.333333333333333,2026-07-06
behaviour_v1,142,1,avg_events_per_active_day,5.8936170212765955,2026-07-06
behaviour_v1,143,1,avg_events_per_active_day,13.18421052631579,2026-07-06
behaviour_v1,144,1,avg_events_per_active_day,8.75,2026-07-06
behaviour_v1,145,1,avg_events_per_active_day,11.2,2026-07-06
behaviour_v1,146,1,avg_events_per_active_day,5.176470588235294,2026-07-06
behaviour_v1,147,1,avg_events_per_active_day,7.162162162162162,2026-07-06
behaviour_v1,148,1,avg_events_per_active_day,4.809523809523809,2026-07-06
behaviour_v1,149,1,avg_events_per_active_day,7.545454545454546,2026-07-06
behaviour_v1,150,1,avg_events_per_active_day,3.76,2026-07-06
behaviour_v1,151,1,avg_events_per_active_day,4.153846153846154,2026-07-06
behaviour_v1,152,1,avg_events_per_active_day,8.458333333333334,2026-07-06
behaviour_v1,153,1,avg_events_per_active_day,4.181818181818182,2026-07-06
behaviour_v1,154,1,avg_events_per_active_day,7.857142857142857,2026-07-06
behaviour_v1,155,1,avg_events_per_active_day,2.6666666666666665,2026-07-06
behaviour_v1,156,1,avg_events_per_active_day,4.166666666666667,2026-07-06
behaviour_v1,157,1,avg_events_per_active_day,6.4,2026-07-06
behaviour_v1,158,1,avg_events_per_active_day,5.333333333333333,2026-07-06
behaviour_v1,159,1,avg_events_per_active_day,7.833333333333333,2026-07-06
behaviour_v1,160,1,avg_events_per_active_day,7.214285714285714,2026-07-06
behaviour_v1,161,1,avg_events_per_active_day,7.882352941176471,2026-07-06
behaviour_v1,162,1,avg_events_per_active_day,5.916666666666667,2026-07-06
behaviour_v1,163,1,avg_events_per_active_day,8.095238095238095,2026-07-06
behaviour_v1,164,1,avg_events_per_active_day,2.2857142857142856,2026-07-06
behaviour_v1,165,1,avg_events_per_active_day,4.222222222222222,2026-07-06
behaviour_v1,166,1,avg_events_per_active_day,1.7142857142857142,2026-07-06
behaviour_v1,167,1,avg_events_per_active_day,2.8,2026-07-06
behaviour_v1,168,1,avg_events_per_active_day,17.166666666666668,2026-07-06
behaviour_v1,169,1,avg_events_per_active_day,2.0,2026-07-06
behaviour_v1,170,1,avg_events_per_active_day,0.0,2026-07-06
behaviour_v1,171,1,avg_events_per_active_day,0.0,2026-07-06
behaviour_v1,2,1,events_per_week,72.50943396226415,2026-07-06
behaviour_v1,4,1,events_per_week,38.81818181818182,2026-07-06
behaviour_v1,5,1,events_per_week,45.30909090909091,2026-07-06
behaviour_v1,7,1,events_per_week,73.52845528455283,2026-07-06
behaviour_v1,8,1,events_per_week,43.895833333333336,2026-07-06
behaviour_v1,9,1,events_per_week,54.361702127659576,2026-07-06
behaviour_v1,10,1,events_per_week,48.08695652173913,2026-07-06
behaviour_v1,11,1,events_per_week,45.8,2026-07-06
behaviour_v1,12,1,events_per_week,101.75,2026-07-06
behaviour_v1,13,1,events_per_week,34.44736842105263,2026-07-06
behaviour_v1,14,1,events_per_week,35.25,2026-07-06
behaviour_v1,15,1,events_per_week,86.16494845360825,2026-07-06
behaviour_v1,16,1,events_per_week,75.45588235294119,2026-07-06
behaviour_v1,17,1,events_per_week,37.625,2026-07-06
behaviour_v1,18,1,events_per_week,68.6,2026-07-06
behaviour_v1,19,1,events_per_week,52.74647887323944,2026-07-06
behaviour_v1,20,1,events_per_week,51.22727272727273,2026-07-06
behaviour_v1,21,1,events_per_week,45.75609756097561,2026-07-06
behaviour_v1,22,1,events_per_week,75.86486486486486,2026-07-06
behaviour_v1,23,1,events_per_week,48.51724137931034,2026-07-06
behaviour_v1,24,1,events_per_week,57.86666666666667,2026-07-06
behaviour_v1,25,1,events_per_week,54.57142857142857,2026-07-06
behaviour_v1,26,1,events_per_week,61.80851063829787,2026-07-06
behaviour_v1,27,1,events_per_week,50.32432432432432,2026-07-06
behaviour_v1,28,1,events_per_week,16.333333333333336,2026-07-06
behaviour_v1,29,1,events_per_week,54.142857142857146,2026-07-06
behaviour_v1,30,1,events_per_week,29.884615384615383,2026-07-06
behaviour_v1,31,1,events_per_week,55.08695652173913,2026-07-06
behaviour_v1,32,1,events_per_week,53.389830508474574,2026-07-06
behaviour_v1,33,1,events_per_week,51.604651162790695,2026-07-06
behaviour_v1,34,1,events_per_week,60.4655172413793,2026-07-06
behaviour_v1,35,1,events_per_week,46.3921568627451,2026-07-06
behaviour_v1,36,1,events_per_week,58.625,2026-07-06
behaviour_v1,37,1,events_per_week,41.22222222222222,2026-07-06
behaviour_v1,38,1,events_per_week,70.5,2026-07-06
behaviour_v1,39,1,events_per_week,29.54,2026-07-06
behaviour_v1,40,1,events_per_week,56.175,2026-07-06
behaviour_v1,41,1,events_per_week,66.5813953488372,2026-07-06
behaviour_v1,42,1,events_per_week,44.333333333333336,2026-07-06
behaviour_v1,43,1,events_per_week,67.88888888888889,2026-07-06
behaviour_v1,44,1,events_per_week,67.60526315789474,2026-07-06
behaviour_v1,45,1,events_per_week,53.967741935483865,2026-07-06
behaviour_v1,46,1,events_per_week,46.375,2026-07-06
behaviour_v1,47,1,events_per_week,43.58490566037736,2026-07-06
behaviour_v1,48,1,events_per_week,56.0,2026-07-06
behaviour_v1,49,1,events_per_week,90.38235294117648,2026-07-06
behaviour_v1,50,1,events_per_week,50.8,2026-07-06
behaviour_v1,51,1,events_per_week,33.15789473684211,2026-07-06
behaviour_v1,52,1,events_per_week,53.375,2026-07-06
behaviour_v1,53,1,events_per_week,44.5,2026-07-06
behaviour_v1,54,1,events_per_week,75.88405797101449,2026-07-06
behaviour_v1,55,1,events_per_week,73.19117647058825,2026-07-06
behaviour_v1,56,1,events_per_week,45.675,2026-07-06
behaviour_v1,57,1,events_per_week,32.421052631578945,2026-07-06
behaviour_v1,58,1,events_per_week,58.891304347826086,2026-07-06
behaviour_v1,59,1,events_per_week,55.25,2026-07-06
behaviour_v1,60,1,events_per_week,46.15942028985507,2026-07-06
behaviour_v1,61,1,events_per_week,40.0,2026-07-06
behaviour_v1,62,1,events_per_week,41.62162162162162,2026-07-06
behaviour_v1,63,1,events_per_week,45.83018867924528,2026-07-06
behaviour_v1,64,1,events_per_week,128.56666666666666,2026-07-06
behaviour_v1,65,1,events_per_week,57.12,2026-07-06
behaviour_v1,66,1,events_per_week,33.88636363636364,2026-07-06
behaviour_v1,67,1,events_per_week,75.05555555555554,2026-07-06
behaviour_v1,68,1,events_per_week,47.58108108108108,2026-07-06
behaviour_v1,69,1,events_per_week,32.03030303030303,2026-07-06
behaviour_v1,70,1,events_per_week,70.45652173913044,2026-07-06
behaviour_v1,71,1,events_per_week,31.849999999999998,2026-07-06
behaviour_v1,72,1,events_per_week,63.279999999999994,2026-07-06
behaviour_v1,73,1,events_per_week,45.23076923076923,2026-07-06
behaviour_v1,74,1,events_per_week,38.15,2026-07-06
behaviour_v1,75,1,events_per_week,53.199999999999996,2026-07-06
behaviour_v1,76,1,events_per_week,45.137931034482754,2026-07-06
behaviour_v1,77,1,events_per_week,44.0,2026-07-06
behaviour_v1,78,1,events_per_week,47.196969696969695,2026-07-06
behaviour_v1,79,1,events_per_week,55.851063829787236,2026-07-06
behaviour_v1,80,1,events_per_week,41.625,2026-07-06
behaviour_v1,81,1,events_per_week,47.065789473684205,2026-07-06
behaviour_v1,82,1,events_per_week,69.68181818181819,2026-07-06
behaviour_v1,83,1,events_per_week,45.5,2026-07-06
behaviour_v1,84,1,events_per_week,53.71739130434783,2026-07-06
behaviour_v1,85,1,events_per_week,38.2,2026-07-06
behaviour_v1,86,1,events_per_week,51.08510638297872,2026-07-06
behaviour_v1,87,1,events_per_week,60.0,2026-07-06
behaviour_v1,88,1,events_per_week,40.1578947368421,2026-07-06
behaviour_v1,89,1,events_per_week,32.064516129032256,2026-07-06
behaviour_v1,90,1,events_per_week,68.90196078431373,2026-07-06
behaviour_v1,91,1,events_per_week,42.68627450980392,2026-07-06
behaviour_v1,92,1,events_per_week,66.98039215686275,2026-07-06
behaviour_v1,93,1,events_per_week,42.4516129032258,2026-07-06
behaviour_v1,94,1,events_per_week,83.4,2026-07-06
behaviour_v1,96,1,events_per_week,73.78378378378379,2026-07-06
behaviour_v1,97,1,events_per_week,31.4,2026-07-06
behaviour_v1,98,1,events_per_week,44.130434782608695,2026-07-06
behaviour_v1,99,1,events_per_week,59.57142857142857,2026-07-06
behaviour_v1,100,1,events_per_week,19.95,2026-07-06
behaviour_v1,101,1,events_per_week,102.61999999999999,2026-07-06
behaviour_v1,102,1,events_per_week,56.46666666666667,2026-07-06
behaviour_v1,103,1,events_per_week,38.370370370370374,2026-07-06
behaviour_v1,104,1,events_per_week,40.93055555555555,2026-07-06
behaviour_v1,105,1,events_per_week,36.925,2026-07-06
behaviour_v1,106,1,events_per_week,65.6764705882353,2026-07-06
behaviour_v1,107,1,events_per_week,68.78260869565217,2026-07-06
behaviour_v1,108,1,events_per_week,72.84375,2026-07-06
behaviour_v1,109,1,events_per_week,47.833333333333336,2026-07-06
behaviour_v1,110,1,events_per_week,58.56666666666667,2026-07-06
behaviour_v1,111,1,events_per_week,71.96,2026-07-06
behaviour_v1,112,1,events_per_week,50.88461538461538,2026-07-06
behaviour_v1,113,1,events_per_week,52.44776119402985,2026-07-06
behaviour_v1,114,1,events_per_week,49.95454545454545,2026-07-06
behaviour_v1,115,1,events_per_week,67.76595744680851,2026-07-06
behaviour_v1,116,1,events_per_week,49.388888888888886,2026-07-06
behaviour_v1,117,1,events_per_week,36.75,2026-07-06
behaviour_v1,118,1,events_per_week,75.95945945945947,2026-07-06
behaviour_v1,119,1,events_per_week,39.82758620689655,2026-07-06
behaviour_v1,120,1,events_per_week,36.13513513513514,2026-07-06
behaviour_v1,121,1,events_per_week,59.629629629629626,2026-07-06
behaviour_v1,122,1,events_per_week,54.409090909090914,2026-07-06
behaviour_v1,123,1,events_per_week,44.666666666666664,2026-07-06
behaviour_v1,124,1,events_per_week,47.1123595505618,2026-07-06
behaviour_v1,125,1,events_per_week,52.61797752808989,2026-07-06
behaviour_v1,126,1,events_per_week,49.48275862068965,2026-07-06
behaviour_v1,127,1,events_per_week,42.25,2026-07-06
behaviour_v1,128,1,events_per_week,36.59090909090909,2026-07-06
behaviour_v1,129,1,events_per_week,77.23333333333333,2026-07-06
behaviour_v1,130,1,events_per_week,41.32258064516129,2026-07-06
behaviour_v1,131,1,events_per_week,52.2,2026-07-06
behaviour_v1,132,1,events_per_week,56.833333333333336,2026-07-06
behaviour_v1,133,1,events_per_week,61.05555555555555,2026-07-06
behaviour_v1,134,1,events_per_week,79.08108108108108,2026-07-06
behaviour_v1,135,1,events_per_week,55.300000000000004,2026-07-06
behaviour_v1,136,1,events_per_week,49.27450980392157,2026-07-06
behaviour_v1,137,1,events_per_week,76.75,2026-07-06
behaviour_v1,138,1,events_per_week,62.41666666666667,2026-07-06
behaviour_v1,139,1,events_per_week,42.95454545454545,2026-07-06
behaviour_v1,140,1,events_per_week,9.799999999999999,2026-07-06
behaviour_v1,141,1,events_per_week,51.333333333333336,2026-07-06
behaviour_v1,142,1,events_per_week,41.25531914893617,2026-07-06
behaviour_v1,143,1,events_per_week,92.28947368421052,2026-07-06
behaviour_v1,144,1,events_per_week,61.25,2026-07-06
behaviour_v1,145,1,events_per_week,78.39999999999999,2026-07-06
behaviour_v1,146,1,events_per_week,36.235294117647065,2026-07-06
behaviour_v1,147,1,events_per_week,50.13513513513514,2026-07-06
behaviour_v1,148,1,events_per_week,33.666666666666664,2026-07-06
behaviour_v1,149,1,events_per_week,52.81818181818182,2026-07-06
behaviour_v1,150,1,events_per_week,26.32,2026-07-06
behaviour_v1,151,1,events_per_week,29.076923076923077,2026-07-06
behaviour_v1,152,1,events_per_week,59.208333333333336,2026-07-06
behaviour_v1,153,1,events_per_week,29.272727272727273,2026-07-06
behaviour_v1,154,1,events_per_week,55.0,2026-07-06
behaviour_v1,155,1,events_per_week,18.666666666666668,2026-07-06
behaviour_v1,156,1,events_per_week,29.166666666666664,2026-07-06
behaviour_v1,157,1,events_per_week,44.800000000000004,2026-07-06
behaviour_v1,158,1,events_per_week,37.33333333333333,2026-07-06
behaviour_v1,159,1,events_per_week,54.833333333333336,2026-07-06
behaviour_v1,160,1,events_per_week,50.5,2026-07-06
behaviour_v1,161,1,events_per_week,55.1764705882353,2026-07-06
behaviour_v1,162,1,events_per_week,41.41666666666667,2026-07-06
behaviour_v1,163,1,events_per_week,56.666666666666664,2026-07-06
behaviour_v1,164,1,events_per_week,16.0,2026-07-06
behaviour_v1,165,1,events_per_week,29.555555555555554,2026-07-06
behaviour_v1,166,1,events_per_week,12.0,2026-07-06
behaviour_v1,167,1,events_per_week,19.599999999999998,2026-07-06
behaviour_v1,168,1,events_per_week,120.16666666666667,2026-07-06
behaviour_v1,169,1,events_per_week,14.0,2026-07-06
behaviour_v1,170,1,events_per_week,0.0,2026-07-06
behaviour_v1,171,1,events_per_week,0.0,2026-07-06
behaviour_v1,2,1,weekend_ratio,0.20765027322404372,2026-07-06
behaviour_v1,4,1,weekend_ratio,0.1092896174863388,2026-07-06
behaviour_v1,5,1,weekend_ratio,0.1404494382022472,2026-07-06
behaviour_v1,7,1,weekend_ratio,0.31346749226006193,2026-07-06
behaviour_v1,8,1,weekend_ratio,0.28903654485049834,2026-07-06
behaviour_v1,9,1,weekend_ratio,0.0684931506849315,2026-07-06
behaviour_v1,10,1,weekend_ratio,0.1518987341772152,2026-07-06
behaviour_v1,11,1,weekend_ratio,0.24017467248908297,2026-07-06
behaviour_v1,12,1,weekend_ratio,0.20638820638820637,2026-07-06
behaviour_v1,13,1,weekend_ratio,0.1443850267379679,2026-07-06
behaviour_v1,14,1,weekend_ratio,0.11347517730496454,2026-07-06
behaviour_v1,15,1,weekend_ratio,0.1934673366834171,2026-07-06
behaviour_v1,16,1,weekend_ratio,0.34106412005457026,2026-07-06
behaviour_v1,17,1,weekend_ratio,0.3023255813953488,2026-07-06
behaviour_v1,18,1,weekend_ratio,0.9795918367346939,2026-07-06
behaviour_v1,19,1,weekend_ratio,0.20747663551401868,2026-07-06
behaviour_v1,20,1,weekend_ratio,0.35403726708074534,2026-07-06
behaviour_v1,21,1,weekend_ratio,0.20522388059701493,2026-07-06
behaviour_v1,22,1,weekend_ratio,0.19866999168744803,2026-07-06
behaviour_v1,23,1,weekend_ratio,0.14676616915422885,2026-07-06
behaviour_v1,24,1,weekend_ratio,0.036290322580645164,2026-07-06
behaviour_v1,25,1,weekend_ratio,0.112565445026178,2026-07-06
behaviour_v1,26,1,weekend_ratio,0.1927710843373494,2026-07-06
behaviour_v1,27,1,weekend_ratio,0.13909774436090225,2026-07-06
behaviour_v1,28,1,weekend_ratio,0.0,2026-07-06
behaviour_v1,29,1,weekend_ratio,0.18733509234828497,2026-07-06
behaviour_v1,30,1,weekend_ratio,0.3153153153153153,2026-07-06
behaviour_v1,31,1,weekend_ratio,0.10497237569060773,2026-07-06
behaviour_v1,32,1,weekend_ratio,0.12,2026-07-06
behaviour_v1,33,1,weekend_ratio,0.3186119873817035,2026-07-06
behaviour_v1,34,1,weekend_ratio,0.25948103792415167,2026-07-06
behaviour_v1,35,1,weekend_ratio,0.05029585798816568,2026-07-06
behaviour_v1,36,1,weekend_ratio,0.14925373134328357,2026-07-06
behaviour_v1,37,1,weekend_ratio,0.018867924528301886,2026-07-06
behaviour_v1,38,1,weekend_ratio,0.19621749408983452,2026-07-06
behaviour_v1,39,1,weekend_ratio,0.1895734597156398,2026-07-06
behaviour_v1,40,1,weekend_ratio,0.09345794392523364,2026-07-06
behaviour_v1,41,1,weekend_ratio,0.2469437652811736,2026-07-06
behaviour_v1,42,1,weekend_ratio,0.08270676691729323,2026-07-06
behaviour_v1,43,1,weekend_ratio,0.16202945990180032,2026-07-06
behaviour_v1,44,1,weekend_ratio,0.20435967302452315,2026-07-06
behaviour_v1,45,1,weekend_ratio,0.15271966527196654,2026-07-06
behaviour_v1,46,1,weekend_ratio,0.24150943396226415,2026-07-06
behaviour_v1,47,1,weekend_ratio,0.3484848484848485,2026-07-06
behaviour_v1,48,1,weekend_ratio,0.2552083333333333,2026-07-06
behaviour_v1,49,1,weekend_ratio,0.35990888382687924,2026-07-06
behaviour_v1,50,1,weekend_ratio,0.031496062992125984,2026-07-06
behaviour_v1,51,1,weekend_ratio,0.15185185185185185,2026-07-06
behaviour_v1,52,1,weekend_ratio,0.1598360655737705,2026-07-06
behaviour_v1,53,1,weekend_ratio,0.2958801498127341,2026-07-06
behaviour_v1,54,1,weekend_ratio,0.1925133689839572,2026-07-06
behaviour_v1,55,1,weekend_ratio,0.2517580872011252,2026-07-06
behaviour_v1,56,1,weekend_ratio,0.24521072796934865,2026-07-06
behaviour_v1,57,1,weekend_ratio,0.125,2026-07-06
behaviour_v1,58,1,weekend_ratio,0.17571059431524547,2026-07-06
behaviour_v1,59,1,weekend_ratio,0.12669683257918551,2026-07-06
behaviour_v1,60,1,weekend_ratio,0.27472527472527475,2026-07-06
behaviour_v1,61,1,weekend_ratio,0.21071428571428572,2026-07-06
behaviour_v1,62,1,weekend_ratio,0.32272727272727275,2026-07-06
behaviour_v1,63,1,weekend_ratio,0.11815561959654179,2026-07-06
behaviour_v1,64,1,weekend_ratio,0.1088929219600726,2026-07-06
behaviour_v1,65,1,weekend_ratio,0.09313725490196079,2026-07-06
behaviour_v1,66,1,weekend_ratio,0.22065727699530516,2026-07-06
behaviour_v1,67,1,weekend_ratio,0.20725388601036268,2026-07-06
behaviour_v1,68,1,weekend_ratio,0.16898608349900596,2026-07-06
behaviour_v1,69,1,weekend_ratio,0.07947019867549669,2026-07-06
behaviour_v1,70,1,weekend_ratio,0.16414686825053995,2026-07-06
behaviour_v1,71,1,weekend_ratio,0.27472527472527475,2026-07-06
behaviour_v1,72,1,weekend_ratio,0.07300884955752213,2026-07-06
behaviour_v1,73,1,weekend_ratio,0.19047619047619047,2026-07-06
behaviour_v1,74,1,weekend_ratio,0.18042813455657492,2026-07-06
behaviour_v1,75,1,weekend_ratio,0.2145748987854251,2026-07-06
behaviour_v1,76,1,weekend_ratio,0.12834224598930483,2026-07-06
behaviour_v1,77,1,weekend_ratio,0.12727272727272726,2026-07-06
behaviour_v1,78,1,weekend_ratio,0.19550561797752808,2026-07-06
behaviour_v1,79,1,weekend_ratio,0.21866666666666668,2026-07-06
behaviour_v1,80,1,weekend_ratio,0.3483483483483483,2026-07-06
behaviour_v1,81,1,weekend_ratio,0.2446183953033268,2026-07-06
behaviour_v1,82,1,weekend_ratio,0.1248097412480974,2026-07-06
behaviour_v1,83,1,weekend_ratio,0.18769230769230769,2026-07-06
behaviour_v1,84,1,weekend_ratio,0.1274787535410765,2026-07-06
behaviour_v1,85,1,weekend_ratio,0.225130890052356,2026-07-06
behaviour_v1,86,1,weekend_ratio,0.12536443148688048,2026-07-06
behaviour_v1,87,1,weekend_ratio,0.10833333333333334,2026-07-06
behaviour_v1,88,1,weekend_ratio,0.25688073394495414,2026-07-06
behaviour_v1,89,1,weekend_ratio,0.22535211267605634,2026-07-06
behaviour_v1,90,1,weekend_ratio,0.12749003984063745,2026-07-06
behaviour_v1,91,1,weekend_ratio,0.13183279742765272,2026-07-06
behaviour_v1,92,1,weekend_ratio,0.19262295081967212,2026-07-06
behaviour_v1,93,1,weekend_ratio,0.03723404255319149,2026-07-06
behaviour_v1,94,1,weekend_ratio,0.11031175059952038,2026-07-06
behaviour_v1,96,1,weekend_ratio,0.24102564102564103,2026-07-06
behaviour_v1,97,1,weekend_ratio,0.34394904458598724,2026-07-06
behaviour_v1,98,1,weekend_ratio,0.21379310344827587,2026-07-06
behaviour_v1,99,1,weekend_ratio,0.07434052757793765,2026-07-06
behaviour_v1,100,1,weekend_ratio,0.10526315789473684,2026-07-06
behaviour_v1,101,1,weekend_ratio,0.21964529331514324,2026-07-06
behaviour_v1,102,1,weekend_ratio,0.19834710743801653,2026-07-06
behaviour_v1,103,1,weekend_ratio,0.2882882882882883,2026-07-06
behaviour_v1,104,1,weekend_ratio,0.19002375296912113,2026-07-06
behaviour_v1,105,1,weekend_ratio,0.14218009478672985,2026-07-06
behaviour_v1,106,1,weekend_ratio,0.219435736677116,2026-07-06
behaviour_v1,107,1,weekend_ratio,0.1592920353982301,2026-07-06
behaviour_v1,108,1,weekend_ratio,0.23723723723723725,2026-07-06
behaviour_v1,109,1,weekend_ratio,0.02926829268292683,2026-07-06
behaviour_v1,110,1,weekend_ratio,0.22310756972111553,2026-07-06
behaviour_v1,111,1,weekend_ratio,0.07003891050583658,2026-07-06
behaviour_v1,112,1,weekend_ratio,0.164021164021164,2026-07-06
behaviour_v1,113,1,weekend_ratio,0.15338645418326693,2026-07-06
behaviour_v1,114,1,weekend_ratio,0.025477707006369428,2026-07-06
behaviour_v1,115,1,weekend_ratio,0.15384615384615385,2026-07-06
behaviour_v1,116,1,weekend_ratio,0.33858267716535434,2026-07-06
behaviour_v1,117,1,weekend_ratio,0.08571428571428572,2026-07-06
behaviour_v1,118,1,weekend_ratio,0.14570361145703611,2026-07-06
behaviour_v1,119,1,weekend_ratio,0.05454545454545454,2026-07-06
behaviour_v1,120,1,weekend_ratio,0.17801047120418848,2026-07-06
behaviour_v1,121,1,weekend_ratio,0.1956521739130435,2026-07-06
behaviour_v1,122,1,weekend_ratio,0.023391812865497075,2026-07-06
behaviour_v1,123,1,weekend_ratio,0.09701492537313433,2026-07-06
behaviour_v1,124,1,weekend_ratio,0.22370617696160267,2026-07-06
behaviour_v1,125,1,weekend_ratio,0.22869955156950672,2026-07-06
behaviour_v1,126,1,weekend_ratio,0.40487804878048783,2026-07-06
behaviour_v1,127,1,weekend_ratio,0.20710059171597633,2026-07-06
behaviour_v1,128,1,weekend_ratio,0.1956521739130435,2026-07-06
behaviour_v1,129,1,weekend_ratio,0.23564954682779457,2026-07-06
behaviour_v1,130,1,weekend_ratio,0.16393442622950818,2026-07-06
behaviour_v1,131,1,weekend_ratio,0.1417624521072797,2026-07-06
behaviour_v1,132,1,weekend_ratio,0.07917888563049853,2026-07-06
behaviour_v1,133,1,weekend_ratio,0.10191082802547771,2026-07-06
behaviour_v1,134,1,weekend_ratio,0.21052631578947367,2026-07-06
behaviour_v1,135,1,weekend_ratio,0.1350210970464135,2026-07-06
behaviour_v1,136,1,weekend_ratio,0.24233983286908078,2026-07-06
behaviour_v1,137,1,weekend_ratio,0.09446254071661238,2026-07-06
behaviour_v1,138,1,weekend_ratio,0.2850467289719626,2026-07-06
behaviour_v1,139,1,weekend_ratio,0.2962962962962963,2026-07-06
behaviour_v1,140,1,weekend_ratio,0.2857142857142857,2026-07-06
behaviour_v1,141,1,weekend_ratio,0.14171122994652408,2026-07-06
behaviour_v1,142,1,weekend_ratio,0.1588447653429603,2026-07-06
behaviour_v1,143,1,weekend_ratio,0.1277445109780439,2026-07-06
behaviour_v1,144,1,weekend_ratio,0.2571428571428571,2026-07-06
behaviour_v1,145,1,weekend_ratio,0.017857142857142856,2026-07-06
behaviour_v1,146,1,weekend_ratio,0.23295454545454544,2026-07-06
behaviour_v1,147,1,weekend_ratio,0.2943396226415094,2026-07-06
behaviour_v1,148,1,weekend_ratio,0.16831683168316833,2026-07-06
behaviour_v1,149,1,weekend_ratio,0.05421686746987952,2026-07-06
behaviour_v1,150,1,weekend_ratio,0.2127659574468085,2026-07-06
behaviour_v1,151,1,weekend_ratio,0.18518518518518517,2026-07-06
behaviour_v1,152,1,weekend_ratio,0.21182266009852216,2026-07-06
behaviour_v1,153,1,weekend_ratio,0.16304347826086957,2026-07-06
behaviour_v1,154,1,weekend_ratio,0.17727272727272728,2026-07-06
behaviour_v1,155,1,weekend_ratio,0.0,2026-07-06
behaviour_v1,156,1,weekend_ratio,0.08,2026-07-06
behaviour_v1,157,1,weekend_ratio,0.10416666666666667,2026-07-06
behaviour_v1,158,1,weekend_ratio,0.041666666666666664,2026-07-06
behaviour_v1,159,1,weekend_ratio,0.0,2026-07-06
behaviour_v1,160,1,weekend_ratio,0.2079207920792079,2026-07-06
behaviour_v1,161,1,weekend_ratio,0.29850746268656714,2026-07-06
behaviour_v1,162,1,weekend_ratio,0.19718309859154928,2026-07-06
behaviour_v1,163,1,weekend_ratio,0.3411764705882353,2026-07-06
behaviour_v1,164,1,weekend_ratio,0.5,2026-07-06
behaviour_v1,165,1,weekend_ratio,0.3157894736842105,2026-07-06
behaviour_v1,166,1,weekend_ratio,0.5833333333333334,2026-07-06
behaviour_v1,167,1,weekend_ratio,0.21428571428571427,2026-07-06
behaviour_v1,168,1,weekend_ratio,0.3106796116504854,2026-07-06
behaviour_v1,169,1,weekend_ratio,0.0,2026-07-06
behaviour_v1,170,1,weekend_ratio,0.0,2026-07-06
behaviour_v1,171,1,weekend_ratio,0.0,2026-07-06
behaviour_v1,2,1,after_hours_ratio,0.4663023679417122,2026-07-06
behaviour_v1,4,1,after_hours_ratio,0.39344262295081966,2026-07-06
behaviour_v1,5,1,after_hours_ratio,0.4747191011235955,2026-07-06
behaviour_v1,7,1,after_hours_ratio,0.0936532507739938,2026-07-06
behaviour_v1,8,1,after_hours_ratio,0.8106312292358804,2026-07-06
behaviour_v1,9,1,after_hours_ratio,0.3424657534246575,2026-07-06
behaviour_v1,10,1,after_hours_ratio,0.5506329113924051,2026-07-06
behaviour_v1,11,1,after_hours_ratio,0.4017467248908297,2026-07-06
behaviour_v1,12,1,after_hours_ratio,0.25143325143325146,2026-07-06
behaviour_v1,13,1,after_hours_ratio,0.42780748663101603,2026-07-06
behaviour_v1,14,1,after_hours_ratio,0.14184397163120568,2026-07-06
behaviour_v1,15,1,after_hours_ratio,0.7127303182579564,2026-07-06
behaviour_v1,16,1,after_hours_ratio,0.5989085948158254,2026-07-06
behaviour_v1,17,1,after_hours_ratio,0.3488372093023256,2026-07-06
behaviour_v1,18,1,after_hours_ratio,0.04081632653061224,2026-07-06
behaviour_v1,19,1,after_hours_ratio,0.40373831775700936,2026-07-06
behaviour_v1,20,1,after_hours_ratio,0.4161490683229814,2026-07-06
behaviour_v1,21,1,after_hours_ratio,0.376865671641791,2026-07-06
behaviour_v1,22,1,after_hours_ratio,0.18370739817123857,2026-07-06
behaviour_v1,23,1,after_hours_ratio,0.2960199004975124,2026-07-06
behaviour_v1,24,1,after_hours_ratio,0.34274193548387094,2026-07-06
behaviour_v1,25,1,after_hours_ratio,0.387434554973822,2026-07-06
behaviour_v1,26,1,after_hours_ratio,0.4939759036144578,2026-07-06
behaviour_v1,27,1,after_hours_ratio,0.21804511278195488,2026-07-06
behaviour_v1,28,1,after_hours_ratio,0.42857142857142855,2026-07-06
behaviour_v1,29,1,after_hours_ratio,0.21899736147757257,2026-07-06
behaviour_v1,30,1,after_hours_ratio,0.36036036036036034,2026-07-06
behaviour_v1,31,1,after_hours_ratio,0.3149171270718232,2026-07-06
behaviour_v1,32,1,after_hours_ratio,0.07111111111111111,2026-07-06
behaviour_v1,33,1,after_hours_ratio,0.21766561514195584,2026-07-06
behaviour_v1,34,1,after_hours_ratio,0.7285429141716567,2026-07-06
behaviour_v1,35,1,after_hours_ratio,0.13609467455621302,2026-07-06
behaviour_v1,36,1,after_hours_ratio,0.35074626865671643,2026-07-06
behaviour_v1,37,1,after_hours_ratio,0.07547169811320754,2026-07-06
behaviour_v1,38,1,after_hours_ratio,0.30260047281323876,2026-07-06
behaviour_v1,39,1,after_hours_ratio,0.1943127962085308,2026-07-06
behaviour_v1,40,1,after_hours_ratio,0.4797507788161994,2026-07-06
behaviour_v1,41,1,after_hours_ratio,0.5501222493887531,2026-07-06
behaviour_v1,42,1,after_hours_ratio,0.48120300751879697,2026-07-06
behaviour_v1,43,1,after_hours_ratio,0.546644844517185,2026-07-06
behaviour_v1,44,1,after_hours_ratio,0.29155313351498635,2026-07-06
behaviour_v1,45,1,after_hours_ratio,0.5376569037656904,2026-07-06
behaviour_v1,46,1,after_hours_ratio,0.2981132075471698,2026-07-06
behaviour_v1,47,1,after_hours_ratio,0.4727272727272727,2026-07-06
behaviour_v1,48,1,after_hours_ratio,0.2838541666666667,2026-07-06
behaviour_v1,49,1,after_hours_ratio,0.8337129840546698,2026-07-06
behaviour_v1,50,1,after_hours_ratio,0.25196850393700787,2026-07-06
behaviour_v1,51,1,after_hours_ratio,0.46296296296296297,2026-07-06
behaviour_v1,52,1,after_hours_ratio,0.4918032786885246,2026-07-06
behaviour_v1,53,1,after_hours_ratio,0.2247191011235955,2026-07-06
behaviour_v1,54,1,after_hours_ratio,0.4304812834224599,2026-07-06
behaviour_v1,55,1,after_hours_ratio,0.20675105485232068,2026-07-06
behaviour_v1,56,1,after_hours_ratio,0.2720306513409962,2026-07-06
behaviour_v1,57,1,after_hours_ratio,0.4431818181818182,2026-07-06
behaviour_v1,58,1,after_hours_ratio,0.3488372093023256,2026-07-06
behaviour_v1,59,1,after_hours_ratio,0.34841628959276016,2026-07-06
behaviour_v1,60,1,after_hours_ratio,0.3956043956043956,2026-07-06
behaviour_v1,61,1,after_hours_ratio,0.42142857142857143,2026-07-06
behaviour_v1,62,1,after_hours_ratio,0.44545454545454544,2026-07-06
behaviour_v1,63,1,after_hours_ratio,0.3400576368876081,2026-07-06
behaviour_v1,64,1,after_hours_ratio,0.6261343012704175,2026-07-06
behaviour_v1,65,1,after_hours_ratio,0.40441176470588236,2026-07-06
behaviour_v1,66,1,after_hours_ratio,0.18309859154929578,2026-07-06
behaviour_v1,67,1,after_hours_ratio,0.8911917098445595,2026-07-06
behaviour_v1,68,1,after_hours_ratio,0.14512922465208747,2026-07-06
behaviour_v1,69,1,after_hours_ratio,0.37748344370860926,2026-07-06
behaviour_v1,70,1,after_hours_ratio,0.2267818574514039,2026-07-06
behaviour_v1,71,1,after_hours_ratio,0.4175824175824176,2026-07-06
behaviour_v1,72,1,after_hours_ratio,0.4247787610619469,2026-07-06
behaviour_v1,73,1,after_hours_ratio,0.6706349206349206,2026-07-06
behaviour_v1,74,1,after_hours_ratio,0.45565749235474007,2026-07-06
behaviour_v1,75,1,after_hours_ratio,0.52834008097166,2026-07-06
behaviour_v1,76,1,after_hours_ratio,0.22459893048128343,2026-07-06
behaviour_v1,77,1,after_hours_ratio,0.4090909090909091,2026-07-06
behaviour_v1,78,1,after_hours_ratio,0.5550561797752809,2026-07-06
behaviour_v1,79,1,after_hours_ratio,0.2773333333333333,2026-07-06
behaviour_v1,80,1,after_hours_ratio,0.45345345345345345,2026-07-06
behaviour_v1,81,1,after_hours_ratio,0.25244618395303325,2026-07-06
behaviour_v1,82,1,after_hours_ratio,0.3850837138508371,2026-07-06
behaviour_v1,83,1,after_hours_ratio,0.28307692307692306,2026-07-06
behaviour_v1,84,1,after_hours_ratio,0.45325779036827196,2026-07-06
behaviour_v1,85,1,after_hours_ratio,0.45549738219895286,2026-07-06
behaviour_v1,86,1,after_hours_ratio,0.5072886297376094,2026-07-06
behaviour_v1,87,1,after_hours_ratio,0.225,2026-07-06
behaviour_v1,88,1,after_hours_ratio,0.24770642201834864,2026-07-06
behaviour_v1,89,1,after_hours_ratio,0.5809859154929577,2026-07-06
behaviour_v1,90,1,after_hours_ratio,0.1892430278884462,2026-07-06
behaviour_v1,91,1,after_hours_ratio,0.4790996784565916,2026-07-06
behaviour_v1,92,1,after_hours_ratio,0.15368852459016394,2026-07-06
behaviour_v1,93,1,after_hours_ratio,0.2393617021276596,2026-07-06
behaviour_v1,94,1,after_hours_ratio,0.3932853717026379,2026-07-06
behaviour_v1,96,1,after_hours_ratio,0.8371794871794872,2026-07-06
behaviour_v1,97,1,after_hours_ratio,0.2484076433121019,2026-07-06
behaviour_v1,98,1,after_hours_ratio,0.46206896551724136,2026-07-06
behaviour_v1,99,1,after_hours_ratio,0.18465227817745802,2026-07-06
behaviour_v1,100,1,after_hours_ratio,0.14035087719298245,2026-07-06
behaviour_v1,101,1,after_hours_ratio,0.4038199181446112,2026-07-06
behaviour_v1,102,1,after_hours_ratio,0.4380165289256198,2026-07-06
behaviour_v1,103,1,after_hours_ratio,0.48423423423423423,2026-07-06
behaviour_v1,104,1,after_hours_ratio,0.332541567695962,2026-07-06
behaviour_v1,105,1,after_hours_ratio,0.4265402843601896,2026-07-06
behaviour_v1,106,1,after_hours_ratio,0.6191222570532915,2026-07-06
behaviour_v1,107,1,after_hours_ratio,0.25663716814159293,2026-07-06
behaviour_v1,108,1,after_hours_ratio,0.7807807807807807,2026-07-06
behaviour_v1,109,1,after_hours_ratio,0.5024390243902439,2026-07-06
behaviour_v1,110,1,after_hours_ratio,0.7729083665338645,2026-07-06
behaviour_v1,111,1,after_hours_ratio,0.5953307392996109,2026-07-06
behaviour_v1,112,1,after_hours_ratio,0.41798941798941797,2026-07-06
behaviour_v1,113,1,after_hours_ratio,0.3944223107569721,2026-07-06
behaviour_v1,114,1,after_hours_ratio,0.5414012738853503,2026-07-06
behaviour_v1,115,1,after_hours_ratio,0.16043956043956045,2026-07-06
behaviour_v1,116,1,after_hours_ratio,0.7165354330708661,2026-07-06
behaviour_v1,117,1,after_hours_ratio,0.0761904761904762,2026-07-06
behaviour_v1,118,1,after_hours_ratio,0.2727272727272727,2026-07-06
behaviour_v1,119,1,after_hours_ratio,0.4,2026-07-06
behaviour_v1,120,1,after_hours_ratio,0.2198952879581152,2026-07-06
behaviour_v1,121,1,after_hours_ratio,0.46956521739130436,2026-07-06
behaviour_v1,122,1,after_hours_ratio,0.07017543859649122,2026-07-06
behaviour_v1,123,1,after_hours_ratio,0.47761194029850745,2026-07-06
behaviour_v1,124,1,after_hours_ratio,0.35225375626043404,2026-07-06
behaviour_v1,125,1,after_hours_ratio,0.2765321375186846,2026-07-06
behaviour_v1,126,1,after_hours_ratio,0.1073170731707317,2026-07-06
behaviour_v1,127,1,after_hours_ratio,0.5384615384615384,2026-07-06
behaviour_v1,128,1,after_hours_ratio,0.30869565217391304,2026-07-06
behaviour_v1,129,1,after_hours_ratio,0.3987915407854985,2026-07-06
behaviour_v1,130,1,after_hours_ratio,0.3825136612021858,2026-07-06
behaviour_v1,131,1,after_hours_ratio,0.29118773946360155,2026-07-06
behaviour_v1,132,1,after_hours_ratio,0.2844574780058651,2026-07-06
behaviour_v1,133,1,after_hours_ratio,0.31210191082802546,2026-07-06
behaviour_v1,134,1,after_hours_ratio,0.5119617224880383,2026-07-06
behaviour_v1,135,1,after_hours_ratio,0.7383966244725738,2026-07-06
behaviour_v1,136,1,after_hours_ratio,0.403899721448468,2026-07-06
behaviour_v1,137,1,after_hours_ratio,0.3713355048859935,2026-07-06
behaviour_v1,138,1,after_hours_ratio,0.42990654205607476,2026-07-06
behaviour_v1,139,1,after_hours_ratio,0.5333333333333333,2026-07-06
behaviour_v1,140,1,after_hours_ratio,0.14285714285714285,2026-07-06
behaviour_v1,141,1,after_hours_ratio,0.3181818181818182,2026-07-06
behaviour_v1,142,1,after_hours_ratio,0.1407942238267148,2026-07-06
behaviour_v1,143,1,after_hours_ratio,0.4630738522954092,2026-07-06
behaviour_v1,144,1,after_hours_ratio,0.8571428571428571,2026-07-06
behaviour_v1,145,1,after_hours_ratio,0.7321428571428571,2026-07-06
behaviour_v1,146,1,after_hours_ratio,0.4943181818181818,2026-07-06
behaviour_v1,147,1,after_hours_ratio,0.3132075471698113,2026-07-06
behaviour_v1,148,1,after_hours_ratio,0.43564356435643564,2026-07-06
behaviour_v1,149,1,after_hours_ratio,0.3795180722891566,2026-07-06
behaviour_v1,150,1,after_hours_ratio,0.26595744680851063,2026-07-06
behaviour_v1,151,1,after_hours_ratio,0.5,2026-07-06
behaviour_v1,152,1,after_hours_ratio,0.5812807881773399,2026-07-06
behaviour_v1,153,1,after_hours_ratio,0.717391304347826,2026-07-06
behaviour_v1,154,1,after_hours_ratio,0.6909090909090909,2026-07-06
behaviour_v1,155,1,after_hours_ratio,0.75,2026-07-06
behaviour_v1,156,1,after_hours_ratio,0.12,2026-07-06
behaviour_v1,157,1,after_hours_ratio,0.46875,2026-07-06
behaviour_v1,158,1,after_hours_ratio,0.22916666666666666,2026-07-06
behaviour_v1,159,1,after_hours_ratio,0.10638297872340426,2026-07-06
behaviour_v1,160,1,after_hours_ratio,0.0594059405940594,2026-07-06
behaviour_v1,161,1,after_hours_ratio,0.43283582089552236,2026-07-06
behaviour_v1,162,1,after_hours_ratio,0.49295774647887325,2026-07-06
behaviour_v1,163,1,after_hours_ratio,0.6941176470588235,2026-07-06
behaviour_v1,164,1,after_hours_ratio,0.9375,2026-07-06
behaviour_v1,165,1,after_hours_ratio,0.13157894736842105,2026-07-06
behaviour_v1,166,1,after_hours_ratio,0.5833333333333334,2026-07-06
behaviour_v1,167,1,after_hours_ratio,0.8571428571428571,2026-07-06
behaviour_v1,168,1,after_hours_ratio,0.05825242718446602,2026-07-06
behaviour_v1,169,1,after_hours_ratio,0.0,2026-07-06
behaviour_v1,170,1,after_hours_ratio,0.0,2026-07-06
behaviour_v1,171,1,after_hours_ratio,0.0,2026-07-06
behaviour_v1,2,1,lecture_material_views,145,2026-07-06
behaviour_v1,4,1,lecture_material_views,54,2026-07-06
behaviour_v1,5,1,lecture_material_views,61,2026-07-06
behaviour_v1,7,1,lecture_material_views,379,2026-07-06
behaviour_v1,8,1,lecture_material_views,63,2026-07-06
behaviour_v1,9,1,lecture_material_views,58,2026-07-06
behaviour_v1,10,1,lecture_material_views,14,2026-07-06
behaviour_v1,11,1,lecture_material_views,9,2026-07-06
behaviour_v1,12,1,lecture_material_views,260,2026-07-06
behaviour_v1,13,1,lecture_material_views,37,2026-07-06
behaviour_v1,14,1,lecture_material_views,34,2026-07-06
behaviour_v1,15,1,lecture_material_views,41,2026-07-06
behaviour_v1,16,1,lecture_material_views,200,2026-07-06
behaviour_v1,17,1,lecture_material_views,7,2026-07-06
behaviour_v1,18,1,lecture_material_views,0,2026-07-06
behaviour_v1,19,1,lecture_material_views,169,2026-07-06
behaviour_v1,20,1,lecture_material_views,50,2026-07-06
behaviour_v1,21,1,lecture_material_views,72,2026-07-06
behaviour_v1,22,1,lecture_material_views,115,2026-07-06
behaviour_v1,23,1,lecture_material_views,167,2026-07-06
behaviour_v1,24,1,lecture_material_views,57,2026-07-06
behaviour_v1,25,1,lecture_material_views,92,2026-07-06
behaviour_v1,26,1,lecture_material_views,140,2026-07-06
behaviour_v1,27,1,lecture_material_views,75,2026-07-06
behaviour_v1,28,1,lecture_material_views,0,2026-07-06
behaviour_v1,29,1,lecture_material_views,70,2026-07-06
behaviour_v1,30,1,lecture_material_views,14,2026-07-06
behaviour_v1,31,1,lecture_material_views,89,2026-07-06
behaviour_v1,32,1,lecture_material_views,42,2026-07-06
behaviour_v1,33,1,lecture_material_views,52,2026-07-06
behaviour_v1,34,1,lecture_material_views,83,2026-07-06
behaviour_v1,35,1,lecture_material_views,83,2026-07-06
behaviour_v1,36,1,lecture_material_views,98,2026-07-06
behaviour_v1,37,1,lecture_material_views,34,2026-07-06
behaviour_v1,38,1,lecture_material_views,146,2026-07-06
behaviour_v1,39,1,lecture_material_views,70,2026-07-06
behaviour_v1,40,1,lecture_material_views,31,2026-07-06
behaviour_v1,41,1,lecture_material_views,79,2026-07-06
behaviour_v1,42,1,lecture_material_views,29,2026-07-06
behaviour_v1,43,1,lecture_material_views,109,2026-07-06
behaviour_v1,44,1,lecture_material_views,86,2026-07-06
behaviour_v1,45,1,lecture_material_views,67,2026-07-06
behaviour_v1,46,1,lecture_material_views,66,2026-07-06
behaviour_v1,47,1,lecture_material_views,19,2026-07-06
behaviour_v1,48,1,lecture_material_views,121,2026-07-06
behaviour_v1,49,1,lecture_material_views,143,2026-07-06
behaviour_v1,50,1,lecture_material_views,83,2026-07-06
behaviour_v1,51,1,lecture_material_views,48,2026-07-06
behaviour_v1,52,1,lecture_material_views,82,2026-07-06
behaviour_v1,53,1,lecture_material_views,76,2026-07-06
behaviour_v1,54,1,lecture_material_views,90,2026-07-06
behaviour_v1,55,1,lecture_material_views,49,2026-07-06
behaviour_v1,56,1,lecture_material_views,37,2026-07-06
behaviour_v1,57,1,lecture_material_views,11,2026-07-06
behaviour_v1,58,1,lecture_material_views,98,2026-07-06
behaviour_v1,59,1,lecture_material_views,50,2026-07-06
behaviour_v1,60,1,lecture_material_views,41,2026-07-06
behaviour_v1,61,1,lecture_material_views,92,2026-07-06
behaviour_v1,62,1,lecture_material_views,43,2026-07-06
behaviour_v1,63,1,lecture_material_views,45,2026-07-06
behaviour_v1,64,1,lecture_material_views,72,2026-07-06
behaviour_v1,65,1,lecture_material_views,54,2026-07-06
behaviour_v1,66,1,lecture_material_views,72,2026-07-06
behaviour_v1,67,1,lecture_material_views,39,2026-07-06
behaviour_v1,68,1,lecture_material_views,80,2026-07-06
behaviour_v1,69,1,lecture_material_views,25,2026-07-06
behaviour_v1,70,1,lecture_material_views,95,2026-07-06
behaviour_v1,71,1,lecture_material_views,4,2026-07-06
behaviour_v1,72,1,lecture_material_views,79,2026-07-06
behaviour_v1,73,1,lecture_material_views,26,2026-07-06
behaviour_v1,74,1,lecture_material_views,52,2026-07-06
behaviour_v1,75,1,lecture_material_views,20,2026-07-06
behaviour_v1,76,1,lecture_material_views,27,2026-07-06
behaviour_v1,77,1,lecture_material_views,69,2026-07-06
behaviour_v1,78,1,lecture_material_views,53,2026-07-06
behaviour_v1,79,1,lecture_material_views,111,2026-07-06
behaviour_v1,80,1,lecture_material_views,52,2026-07-06
behaviour_v1,81,1,lecture_material_views,172,2026-07-06
behaviour_v1,82,1,lecture_material_views,102,2026-07-06
behaviour_v1,83,1,lecture_material_views,35,2026-07-06
behaviour_v1,84,1,lecture_material_views,60,2026-07-06
behaviour_v1,85,1,lecture_material_views,14,2026-07-06
behaviour_v1,86,1,lecture_material_views,82,2026-07-06
behaviour_v1,87,1,lecture_material_views,12,2026-07-06
behaviour_v1,88,1,lecture_material_views,13,2026-07-06
behaviour_v1,89,1,lecture_material_views,25,2026-07-06
behaviour_v1,90,1,lecture_material_views,77,2026-07-06
behaviour_v1,91,1,lecture_material_views,55,2026-07-06
behaviour_v1,92,1,lecture_material_views,116,2026-07-06
behaviour_v1,93,1,lecture_material_views,54,2026-07-06
behaviour_v1,94,1,lecture_material_views,134,2026-07-06
behaviour_v1,96,1,lecture_material_views,78,2026-07-06
behaviour_v1,97,1,lecture_material_views,51,2026-07-06
behaviour_v1,98,1,lecture_material_views,48,2026-07-06
behaviour_v1,99,1,lecture_material_views,124,2026-07-06
behaviour_v1,100,1,lecture_material_views,1,2026-07-06
behaviour_v1,101,1,lecture_material_views,171,2026-07-06
behaviour_v1,102,1,lecture_material_views,21,2026-07-06
behaviour_v1,103,1,lecture_material_views,40,2026-07-06
behaviour_v1,104,1,lecture_material_views,119,2026-07-06
behaviour_v1,105,1,lecture_material_views,35,2026-07-06
behaviour_v1,106,1,lecture_material_views,66,2026-07-06
behaviour_v1,107,1,lecture_material_views,150,2026-07-06
behaviour_v1,108,1,lecture_material_views,104,2026-07-06
behaviour_v1,109,1,lecture_material_views,39,2026-07-06
behaviour_v1,110,1,lecture_material_views,36,2026-07-06
behaviour_v1,111,1,lecture_material_views,15,2026-07-06
behaviour_v1,112,1,lecture_material_views,20,2026-07-06
behaviour_v1,113,1,lecture_material_views,54,2026-07-06
behaviour_v1,114,1,lecture_material_views,15,2026-07-06
behaviour_v1,115,1,lecture_material_views,106,2026-07-06
behaviour_v1,116,1,lecture_material_views,11,2026-07-06
behaviour_v1,117,1,lecture_material_views,26,2026-07-06
behaviour_v1,118,1,lecture_material_views,143,2026-07-06
behaviour_v1,119,1,lecture_material_views,37,2026-07-06
behaviour_v1,120,1,lecture_material_views,63,2026-07-06
behaviour_v1,121,1,lecture_material_views,76,2026-07-06
behaviour_v1,122,1,lecture_material_views,38,2026-07-06
behaviour_v1,123,1,lecture_material_views,46,2026-07-06
behaviour_v1,124,1,lecture_material_views,191,2026-07-06
behaviour_v1,125,1,lecture_material_views,200,2026-07-06
behaviour_v1,126,1,lecture_material_views,34,2026-07-06
behaviour_v1,127,1,lecture_material_views,36,2026-07-06
behaviour_v1,128,1,lecture_material_views,19,2026-07-06
behaviour_v1,129,1,lecture_material_views,164,2026-07-06
behaviour_v1,130,1,lecture_material_views,35,2026-07-06
behaviour_v1,131,1,lecture_material_views,72,2026-07-06
behaviour_v1,132,1,lecture_material_views,28,2026-07-06
behaviour_v1,133,1,lecture_material_views,25,2026-07-06
behaviour_v1,134,1,lecture_material_views,116,2026-07-06
behaviour_v1,135,1,lecture_material_views,23,2026-07-06
behaviour_v1,136,1,lecture_material_views,35,2026-07-06
behaviour_v1,137,1,lecture_material_views,29,2026-07-06
behaviour_v1,138,1,lecture_material_views,17,2026-07-06
behaviour_v1,139,1,lecture_material_views,14,2026-07-06
behaviour_v1,140,1,lecture_material_views,0,2026-07-06
behaviour_v1,141,1,lecture_material_views,58,2026-07-06
behaviour_v1,142,1,lecture_material_views,82,2026-07-06
behaviour_v1,143,1,lecture_material_views,182,2026-07-06
behaviour_v1,144,1,lecture_material_views,2,2026-07-06
behaviour_v1,145,1,lecture_material_views,48,2026-07-06
behaviour_v1,146,1,lecture_material_views,67,2026-07-06
behaviour_v1,147,1,lecture_material_views,60,2026-07-06
behaviour_v1,148,1,lecture_material_views,26,2026-07-06
behaviour_v1,149,1,lecture_material_views,14,2026-07-06
behaviour_v1,150,1,lecture_material_views,23,2026-07-06
behaviour_v1,151,1,lecture_material_views,15,2026-07-06
behaviour_v1,152,1,lecture_material_views,33,2026-07-06
behaviour_v1,153,1,lecture_material_views,23,2026-07-06
behaviour_v1,154,1,lecture_material_views,44,2026-07-06
behaviour_v1,155,1,lecture_material_views,2,2026-07-06
behaviour_v1,156,1,lecture_material_views,17,2026-07-06
behaviour_v1,157,1,lecture_material_views,27,2026-07-06
behaviour_v1,158,1,lecture_material_views,4,2026-07-06
behaviour_v1,159,1,lecture_material_views,7,2026-07-06
behaviour_v1,160,1,lecture_material_views,17,2026-07-06
behaviour_v1,161,1,lecture_material_views,20,2026-07-06
behaviour_v1,162,1,lecture_material_views,11,2026-07-06
behaviour_v1,163,1,lecture_material_views,21,2026-07-06
behaviour_v1,164,1,lecture_material_views,0,2026-07-06
behaviour_v1,165,1,lecture_material_views,13,2026-07-06
behaviour_v1,166,1,lecture_material_views,0,2026-07-06
behaviour_v1,167,1,lecture_material_views,3,2026-07-06
behaviour_v1,168,1,lecture_material_views,37,2026-07-06
behaviour_v1,169,1,lecture_material_views,0,2026-07-06
behaviour_v1,170,1,lecture_material_views,0,2026-07-06
behaviour_v1,171,1,lecture_material_views,0,2026-07-06
behaviour_v1,2,1,assignment_views,184,2026-07-06
behaviour_v1,4,1,assignment_views,45,2026-07-06
behaviour_v1,5,1,assignment_views,130,2026-07-06
behaviour_v1,7,1,assignment_views,194,2026-07-06
behaviour_v1,8,1,assignment_views,72,2026-07-06
behaviour_v1,9,1,assignment_views,160,2026-07-06
behaviour_v1,10,1,assignment_views,48,2026-07-06
behaviour_v1,11,1,assignment_views,68,2026-07-06
behaviour_v1,12,1,assignment_views,268,2026-07-06
behaviour_v1,13,1,assignment_views,41,2026-07-06
behaviour_v1,14,1,assignment_views,39,2026-07-06
behaviour_v1,15,1,assignment_views,658,2026-07-06
behaviour_v1,16,1,assignment_views,137,2026-07-06
behaviour_v1,17,1,assignment_views,17,2026-07-06
behaviour_v1,18,1,assignment_views,8,2026-07-06
behaviour_v1,19,1,assignment_views,76,2026-07-06
behaviour_v1,20,1,assignment_views,40,2026-07-06
behaviour_v1,21,1,assignment_views,87,2026-07-06
behaviour_v1,22,1,assignment_views,292,2026-07-06
behaviour_v1,23,1,assignment_views,50,2026-07-06
behaviour_v1,24,1,assignment_views,41,2026-07-06
behaviour_v1,25,1,assignment_views,101,2026-07-06
behaviour_v1,26,1,assignment_views,81,2026-07-06
behaviour_v1,27,1,assignment_views,62,2026-07-06
behaviour_v1,28,1,assignment_views,3,2026-07-06
behaviour_v1,29,1,assignment_views,131,2026-07-06
behaviour_v1,30,1,assignment_views,41,2026-07-06
behaviour_v1,31,1,assignment_views,117,2026-07-06
behaviour_v1,32,1,assignment_views,226,2026-07-06
behaviour_v1,33,1,assignment_views,72,2026-07-06
behaviour_v1,34,1,assignment_views,166,2026-07-06
behaviour_v1,35,1,assignment_views,113,2026-07-06
behaviour_v1,36,1,assignment_views,87,2026-07-06
behaviour_v1,37,1,assignment_views,60,2026-07-06
behaviour_v1,38,1,assignment_views,242,2026-07-06
behaviour_v1,39,1,assignment_views,58,2026-07-06
behaviour_v1,40,1,assignment_views,178,2026-07-06
behaviour_v1,41,1,assignment_views,122,2026-07-06
behaviour_v1,42,1,assignment_views,130,2026-07-06
behaviour_v1,43,1,assignment_views,77,2026-07-06
behaviour_v1,44,1,assignment_views,96,2026-07-06
behaviour_v1,45,1,assignment_views,193,2026-07-06
behaviour_v1,46,1,assignment_views,59,2026-07-06
behaviour_v1,47,1,assignment_views,138,2026-07-06
behaviour_v1,48,1,assignment_views,96,2026-07-06
behaviour_v1,49,1,assignment_views,56,2026-07-06
behaviour_v1,50,1,assignment_views,37,2026-07-06
behaviour_v1,51,1,assignment_views,94,2026-07-06
behaviour_v1,52,1,assignment_views,36,2026-07-06
behaviour_v1,53,1,assignment_views,66,2026-07-06
behaviour_v1,54,1,assignment_views,227,2026-07-06
behaviour_v1,55,1,assignment_views,94,2026-07-06
behaviour_v1,56,1,assignment_views,99,2026-07-06
behaviour_v1,57,1,assignment_views,45,2026-07-06
behaviour_v1,58,1,assignment_views,46,2026-07-06
behaviour_v1,59,1,assignment_views,48,2026-07-06
behaviour_v1,60,1,assignment_views,177,2026-07-06
behaviour_v1,61,1,assignment_views,64,2026-07-06
behaviour_v1,62,1,assignment_views,58,2026-07-06
behaviour_v1,63,1,assignment_views,77,2026-07-06
behaviour_v1,64,1,assignment_views,49,2026-07-06
behaviour_v1,65,1,assignment_views,137,2026-07-06
behaviour_v1,66,1,assignment_views,59,2026-07-06
behaviour_v1,67,1,assignment_views,110,2026-07-06
behaviour_v1,68,1,assignment_views,69,2026-07-06
behaviour_v1,69,1,assignment_views,46,2026-07-06
behaviour_v1,70,1,assignment_views,89,2026-07-06
behaviour_v1,71,1,assignment_views,58,2026-07-06
behaviour_v1,72,1,assignment_views,149,2026-07-06
behaviour_v1,73,1,assignment_views,106,2026-07-06
behaviour_v1,74,1,assignment_views,60,2026-07-06
behaviour_v1,75,1,assignment_views,232,2026-07-06
behaviour_v1,76,1,assignment_views,78,2026-07-06
behaviour_v1,77,1,assignment_views,45,2026-07-06
behaviour_v1,78,1,assignment_views,56,2026-07-06
behaviour_v1,79,1,assignment_views,103,2026-07-06
behaviour_v1,80,1,assignment_views,86,2026-07-06
behaviour_v1,81,1,assignment_views,149,2026-07-06
behaviour_v1,82,1,assignment_views,236,2026-07-06
behaviour_v1,83,1,assignment_views,69,2026-07-06
behaviour_v1,84,1,assignment_views,58,2026-07-06
behaviour_v1,85,1,assignment_views,72,2026-07-06
behaviour_v1,86,1,assignment_views,66,2026-07-06
behaviour_v1,87,1,assignment_views,60,2026-07-06
behaviour_v1,88,1,assignment_views,37,2026-07-06
behaviour_v1,89,1,assignment_views,144,2026-07-06
behaviour_v1,90,1,assignment_views,171,2026-07-06
behaviour_v1,91,1,assignment_views,78,2026-07-06
behaviour_v1,92,1,assignment_views,146,2026-07-06
behaviour_v1,93,1,assignment_views,53,2026-07-06
behaviour_v1,94,1,assignment_views,107,2026-07-06
behaviour_v1,96,1,assignment_views,351,2026-07-06
behaviour_v1,97,1,assignment_views,45,2026-07-06
behaviour_v1,98,1,assignment_views,29,2026-07-06
behaviour_v1,99,1,assignment_views,78,2026-07-06
behaviour_v1,100,1,assignment_views,2,2026-07-06
behaviour_v1,101,1,assignment_views,118,2026-07-06
behaviour_v1,102,1,assignment_views,43,2026-07-06
behaviour_v1,103,1,assignment_views,160,2026-07-06
behaviour_v1,104,1,assignment_views,143,2026-07-06
behaviour_v1,105,1,assignment_views,74,2026-07-06
behaviour_v1,106,1,assignment_views,188,2026-07-06
behaviour_v1,107,1,assignment_views,180,2026-07-06
behaviour_v1,108,1,assignment_views,66,2026-07-06
behaviour_v1,109,1,assignment_views,46,2026-07-06
behaviour_v1,110,1,assignment_views,104,2026-07-06
behaviour_v1,111,1,assignment_views,147,2026-07-06
behaviour_v1,112,1,assignment_views,80,2026-07-06
behaviour_v1,113,1,assignment_views,120,2026-07-06
behaviour_v1,114,1,assignment_views,92,2026-07-06
behaviour_v1,115,1,assignment_views,151,2026-07-06
behaviour_v1,116,1,assignment_views,45,2026-07-06
behaviour_v1,117,1,assignment_views,53,2026-07-06
behaviour_v1,118,1,assignment_views,351,2026-07-06
behaviour_v1,119,1,assignment_views,59,2026-07-06
behaviour_v1,120,1,assignment_views,35,2026-07-06
behaviour_v1,121,1,assignment_views,40,2026-07-06
behaviour_v1,122,1,assignment_views,66,2026-07-06
behaviour_v1,123,1,assignment_views,38,2026-07-06
behaviour_v1,124,1,assignment_views,65,2026-07-06
behaviour_v1,125,1,assignment_views,107,2026-07-06
behaviour_v1,126,1,assignment_views,88,2026-07-06
behaviour_v1,127,1,assignment_views,50,2026-07-06
behaviour_v1,128,1,assignment_views,97,2026-07-06
behaviour_v1,129,1,assignment_views,162,2026-07-06
behaviour_v1,130,1,assignment_views,76,2026-07-06
behaviour_v1,131,1,assignment_views,72,2026-07-06
behaviour_v1,132,1,assignment_views,127,2026-07-06
behaviour_v1,133,1,assignment_views,54,2026-07-06
behaviour_v1,134,1,assignment_views,75,2026-07-06
behaviour_v1,135,1,assignment_views,140,2026-07-06
behaviour_v1,136,1,assignment_views,159,2026-07-06
behaviour_v1,137,1,assignment_views,188,2026-07-06
behaviour_v1,138,1,assignment_views,99,2026-07-06
behaviour_v1,139,1,assignment_views,54,2026-07-06
behaviour_v1,140,1,assignment_views,2,2026-07-06
behaviour_v1,141,1,assignment_views,100,2026-07-06
behaviour_v1,142,1,assignment_views,57,2026-07-06
behaviour_v1,143,1,assignment_views,65,2026-07-06
behaviour_v1,144,1,assignment_views,33,2026-07-06
behaviour_v1,145,1,assignment_views,26,2026-07-06
behaviour_v1,146,1,assignment_views,39,2026-07-06
behaviour_v1,147,1,assignment_views,81,2026-07-06
behaviour_v1,148,1,assignment_views,38,2026-07-06
behaviour_v1,149,1,assignment_views,126,2026-07-06
behaviour_v1,150,1,assignment_views,27,2026-07-06
behaviour_v1,151,1,assignment_views,10,2026-07-06
behaviour_v1,152,1,assignment_views,76,2026-07-06
behaviour_v1,153,1,assignment_views,60,2026-07-06
behaviour_v1,154,1,assignment_views,42,2026-07-06
behaviour_v1,155,1,assignment_views,2,2026-07-06
behaviour_v1,156,1,assignment_views,26,2026-07-06
behaviour_v1,157,1,assignment_views,15,2026-07-06
behaviour_v1,158,1,assignment_views,14,2026-07-06
behaviour_v1,159,1,assignment_views,23,2026-07-06
behaviour_v1,160,1,assignment_views,36,2026-07-06
behaviour_v1,161,1,assignment_views,40,2026-07-06
behaviour_v1,162,1,assignment_views,25,2026-07-06
behaviour_v1,163,1,assignment_views,120,2026-07-06
behaviour_v1,164,1,assignment_views,2,2026-07-06
behaviour_v1,165,1,assignment_views,9,2026-07-06
behaviour_v1,166,1,assignment_views,7,2026-07-06
behaviour_v1,167,1,assignment_views,2,2026-07-06
behaviour_v1,168,1,assignment_views,21,2026-07-06
behaviour_v1,169,1,assignment_views,0,2026-07-06
behaviour_v1,170,1,assignment_views,0,2026-07-06
behaviour_v1,171,1,assignment_views,0,2026-07-06
behaviour_v1,2,1,course_page_views,192,2026-07-06
behaviour_v1,4,1,course_page_views,68,2026-07-06
behaviour_v1,5,1,course_page_views,165,2026-07-06
behaviour_v1,7,1,course_page_views,695,2026-07-06
behaviour_v1,8,1,course_page_views,151,2026-07-06
behaviour_v1,9,1,course_page_views,144,2026-07-06
behaviour_v1,10,1,course_page_views,90,2026-07-06
behaviour_v1,11,1,course_page_views,146,2026-07-06
behaviour_v1,12,1,course_page_views,630,2026-07-06
behaviour_v1,13,1,course_page_views,67,2026-07-06
behaviour_v1,14,1,course_page_views,39,2026-07-06
behaviour_v1,15,1,course_page_views,477,2026-07-06
behaviour_v1,16,1,course_page_views,384,2026-07-06
behaviour_v1,17,1,course_page_views,19,2026-07-06
behaviour_v1,18,1,course_page_views,41,2026-07-06
behaviour_v1,19,1,course_page_views,247,2026-07-06
behaviour_v1,20,1,course_page_views,55,2026-07-06
behaviour_v1,21,1,course_page_views,85,2026-07-06
behaviour_v1,22,1,course_page_views,765,2026-07-06
behaviour_v1,23,1,course_page_views,165,2026-07-06
behaviour_v1,24,1,course_page_views,129,2026-07-06
behaviour_v1,25,1,course_page_views,182,2026-07-06
behaviour_v1,26,1,course_page_views,131,2026-07-06
behaviour_v1,27,1,course_page_views,128,2026-07-06
behaviour_v1,28,1,course_page_views,4,2026-07-06
behaviour_v1,29,1,course_page_views,147,2026-07-06
behaviour_v1,30,1,course_page_views,49,2026-07-06
behaviour_v1,31,1,course_page_views,130,2026-07-06
behaviour_v1,32,1,course_page_views,161,2026-07-06
behaviour_v1,33,1,course_page_views,166,2026-07-06
behaviour_v1,34,1,course_page_views,230,2026-07-06
behaviour_v1,35,1,course_page_views,123,2026-07-06
behaviour_v1,36,1,course_page_views,188,2026-07-06
behaviour_v1,37,1,course_page_views,115,2026-07-06
behaviour_v1,38,1,course_page_views,403,2026-07-06
behaviour_v1,39,1,course_page_views,59,2026-07-06
behaviour_v1,40,1,course_page_views,111,2026-07-06
behaviour_v1,41,1,course_page_views,196,2026-07-06
behaviour_v1,42,1,course_page_views,101,2026-07-06
behaviour_v1,43,1,course_page_views,402,2026-07-06
behaviour_v1,44,1,course_page_views,174,2026-07-06
behaviour_v1,45,1,course_page_views,193,2026-07-06
behaviour_v1,46,1,course_page_views,118,2026-07-06
behaviour_v1,47,1,course_page_views,163,2026-07-06
behaviour_v1,48,1,course_page_views,160,2026-07-06
behaviour_v1,49,1,course_page_views,192,2026-07-06
behaviour_v1,50,1,course_page_views,75,2026-07-06
behaviour_v1,51,1,course_page_views,106,2026-07-06
behaviour_v1,52,1,course_page_views,94,2026-07-06
behaviour_v1,53,1,course_page_views,121,2026-07-06
behaviour_v1,54,1,course_page_views,378,2026-07-06
behaviour_v1,55,1,course_page_views,552,2026-07-06
behaviour_v1,56,1,course_page_views,113,2026-07-06
behaviour_v1,57,1,course_page_views,119,2026-07-06
behaviour_v1,58,1,course_page_views,223,2026-07-06
behaviour_v1,59,1,course_page_views,123,2026-07-06
behaviour_v1,60,1,course_page_views,214,2026-07-06
behaviour_v1,61,1,course_page_views,88,2026-07-06
behaviour_v1,62,1,course_page_views,105,2026-07-06
behaviour_v1,63,1,course_page_views,204,2026-07-06
behaviour_v1,64,1,course_page_views,410,2026-07-06
behaviour_v1,65,1,course_page_views,180,2026-07-06
behaviour_v1,66,1,course_page_views,74,2026-07-06
behaviour_v1,67,1,course_page_views,34,2026-07-06
behaviour_v1,68,1,course_page_views,342,2026-07-06
behaviour_v1,69,1,course_page_views,78,2026-07-06
behaviour_v1,70,1,course_page_views,268,2026-07-06
behaviour_v1,71,1,course_page_views,24,2026-07-06
behaviour_v1,72,1,course_page_views,207,2026-07-06
behaviour_v1,73,1,course_page_views,99,2026-07-06
behaviour_v1,74,1,course_page_views,209,2026-07-06
behaviour_v1,75,1,course_page_views,240,2026-07-06
behaviour_v1,76,1,course_page_views,78,2026-07-06
behaviour_v1,77,1,course_page_views,85,2026-07-06
behaviour_v1,78,1,course_page_views,321,2026-07-06
behaviour_v1,79,1,course_page_views,145,2026-07-06
behaviour_v1,80,1,course_page_views,193,2026-07-06
behaviour_v1,81,1,course_page_views,152,2026-07-06
behaviour_v1,82,1,course_page_views,299,2026-07-06
behaviour_v1,83,1,course_page_views,212,2026-07-06
behaviour_v1,84,1,course_page_views,227,2026-07-06
behaviour_v1,85,1,course_page_views,103,2026-07-06
behaviour_v1,86,1,course_page_views,165,2026-07-06
behaviour_v1,87,1,course_page_views,45,2026-07-06
behaviour_v1,88,1,course_page_views,55,2026-07-06
behaviour_v1,89,1,course_page_views,100,2026-07-06
behaviour_v1,90,1,course_page_views,227,2026-07-06
behaviour_v1,91,1,course_page_views,152,2026-07-06
behaviour_v1,92,1,course_page_views,180,2026-07-06
behaviour_v1,93,1,course_page_views,63,2026-07-06
behaviour_v1,94,1,course_page_views,160,2026-07-06
behaviour_v1,96,1,course_page_views,337,2026-07-06
behaviour_v1,97,1,course_page_views,56,2026-07-06
behaviour_v1,98,1,course_page_views,66,2026-07-06
behaviour_v1,99,1,course_page_views,183,2026-07-06
behaviour_v1,100,1,course_page_views,53,2026-07-06
behaviour_v1,101,1,course_page_views,423,2026-07-06
behaviour_v1,102,1,course_page_views,57,2026-07-06
behaviour_v1,103,1,course_page_views,234,2026-07-06
behaviour_v1,104,1,course_page_views,101,2026-07-06
behaviour_v1,105,1,course_page_views,95,2026-07-06
behaviour_v1,106,1,course_page_views,345,2026-07-06
behaviour_v1,107,1,course_page_views,300,2026-07-06
behaviour_v1,108,1,course_page_views,151,2026-07-06
behaviour_v1,109,1,course_page_views,110,2026-07-06
behaviour_v1,110,1,course_page_views,104,2026-07-06
behaviour_v1,111,1,course_page_views,92,2026-07-06
behaviour_v1,112,1,course_page_views,77,2026-07-06
behaviour_v1,113,1,course_page_views,293,2026-07-06
behaviour_v1,114,1,course_page_views,46,2026-07-06
behaviour_v1,115,1,course_page_views,195,2026-07-06
behaviour_v1,116,1,course_page_views,62,2026-07-06
behaviour_v1,117,1,course_page_views,23,2026-07-06
behaviour_v1,118,1,course_page_views,295,2026-07-06
behaviour_v1,119,1,course_page_views,66,2026-07-06
behaviour_v1,120,1,course_page_views,90,2026-07-06
behaviour_v1,121,1,course_page_views,100,2026-07-06
behaviour_v1,122,1,course_page_views,59,2026-07-06
behaviour_v1,123,1,course_page_views,44,2026-07-06
behaviour_v1,124,1,course_page_views,320,2026-07-06
behaviour_v1,125,1,course_page_views,351,2026-07-06
behaviour_v1,126,1,course_page_views,78,2026-07-06
behaviour_v1,127,1,course_page_views,83,2026-07-06
behaviour_v1,128,1,course_page_views,104,2026-07-06
behaviour_v1,129,1,course_page_views,309,2026-07-06
behaviour_v1,130,1,course_page_views,72,2026-07-06
behaviour_v1,131,1,course_page_views,102,2026-07-06
behaviour_v1,132,1,course_page_views,169,2026-07-06
behaviour_v1,133,1,course_page_views,70,2026-07-06
behaviour_v1,134,1,course_page_views,201,2026-07-06
behaviour_v1,135,1,course_page_views,70,2026-07-06
behaviour_v1,136,1,course_page_views,161,2026-07-06
behaviour_v1,137,1,course_page_views,90,2026-07-06
behaviour_v1,138,1,course_page_views,93,2026-07-06
behaviour_v1,139,1,course_page_views,64,2026-07-06
behaviour_v1,140,1,course_page_views,4,2026-07-06
behaviour_v1,141,1,course_page_views,201,2026-07-06
behaviour_v1,142,1,course_page_views,125,2026-07-06
behaviour_v1,143,1,course_page_views,235,2026-07-06
behaviour_v1,144,1,course_page_views,66,2026-07-06
behaviour_v1,145,1,course_page_views,35,2026-07-06
behaviour_v1,146,1,course_page_views,63,2026-07-06
behaviour_v1,147,1,course_page_views,115,2026-07-06
behaviour_v1,148,1,course_page_views,34,2026-07-06
behaviour_v1,149,1,course_page_views,26,2026-07-06
behaviour_v1,150,1,course_page_views,40,2026-07-06
behaviour_v1,151,1,course_page_views,28,2026-07-06
behaviour_v1,152,1,course_page_views,87,2026-07-06
behaviour_v1,153,1,course_page_views,8,2026-07-06
behaviour_v1,154,1,course_page_views,115,2026-07-06
behaviour_v1,155,1,course_page_views,4,2026-07-06
behaviour_v1,156,1,course_page_views,30,2026-07-06
behaviour_v1,157,1,course_page_views,50,2026-07-06
behaviour_v1,158,1,course_page_views,29,2026-07-06
behaviour_v1,159,1,course_page_views,17,2026-07-06
behaviour_v1,160,1,course_page_views,46,2026-07-06
behaviour_v1,161,1,course_page_views,70,2026-07-06
behaviour_v1,162,1,course_page_views,30,2026-07-06
behaviour_v1,163,1,course_page_views,27,2026-07-06
behaviour_v1,164,1,course_page_views,13,2026-07-06
behaviour_v1,165,1,course_page_views,16,2026-07-06
behaviour_v1,166,1,course_page_views,5,2026-07-06
behaviour_v1,167,1,course_page_views,8,2026-07-06
behaviour_v1,168,1,course_page_views,45,2026-07-06
behaviour_v1,169,1,course_page_views,1,2026-07-06
behaviour_v1,170,1,course_page_views,0,2026-07-06
behaviour_v1,171,1,course_page_views,0,2026-07-06
behaviour_v1,2,1,forum_views,15,2026-07-06
behaviour_v1,4,1,forum_views,6,2026-07-06
behaviour_v1,5,1,forum_views,0,2026-07-06
behaviour_v1,7,1,forum_views,16,2026-07-06
behaviour_v1,8,1,forum_views,0,2026-07-06
behaviour_v1,9,1,forum_views,1,2026-07-06
behaviour_v1,10,1,forum_views,3,2026-07-06
behaviour_v1,11,1,forum_views,2,2026-07-06
behaviour_v1,12,1,forum_views,30,2026-07-06
behaviour_v1,13,1,forum_views,36,2026-07-06
behaviour_v1,14,1,forum_views,27,2026-07-06
behaviour_v1,15,1,forum_views,12,2026-07-06
behaviour_v1,16,1,forum_views,1,2026-07-06
behaviour_v1,17,1,forum_views,0,2026-07-06
behaviour_v1,18,1,forum_views,0,2026-07-06
behaviour_v1,19,1,forum_views,20,2026-07-06
behaviour_v1,20,1,forum_views,1,2026-07-06
behaviour_v1,21,1,forum_views,9,2026-07-06
behaviour_v1,22,1,forum_views,7,2026-07-06
behaviour_v1,23,1,forum_views,11,2026-07-06
behaviour_v1,24,1,forum_views,21,2026-07-06
behaviour_v1,25,1,forum_views,2,2026-07-06
behaviour_v1,26,1,forum_views,38,2026-07-06
behaviour_v1,27,1,forum_views,0,2026-07-06
behaviour_v1,28,1,forum_views,0,2026-07-06
behaviour_v1,29,1,forum_views,19,2026-07-06
behaviour_v1,30,1,forum_views,3,2026-07-06
behaviour_v1,31,1,forum_views,11,2026-07-06
behaviour_v1,32,1,forum_views,15,2026-07-06
behaviour_v1,33,1,forum_views,17,2026-07-06
behaviour_v1,34,1,forum_views,13,2026-07-06
behaviour_v1,35,1,forum_views,6,2026-07-06
behaviour_v1,36,1,forum_views,0,2026-07-06
behaviour_v1,37,1,forum_views,3,2026-07-06
behaviour_v1,38,1,forum_views,20,2026-07-06
behaviour_v1,39,1,forum_views,6,2026-07-06
behaviour_v1,40,1,forum_views,1,2026-07-06
behaviour_v1,41,1,forum_views,10,2026-07-06
behaviour_v1,42,1,forum_views,1,2026-07-06
behaviour_v1,43,1,forum_views,1,2026-07-06
behaviour_v1,44,1,forum_views,7,2026-07-06
behaviour_v1,45,1,forum_views,8,2026-07-06
behaviour_v1,46,1,forum_views,13,2026-07-06
behaviour_v1,47,1,forum_views,6,2026-07-06
behaviour_v1,48,1,forum_views,1,2026-07-06
behaviour_v1,49,1,forum_views,32,2026-07-06
behaviour_v1,50,1,forum_views,36,2026-07-06
behaviour_v1,51,1,forum_views,12,2026-07-06
behaviour_v1,52,1,forum_views,10,2026-07-06
behaviour_v1,53,1,forum_views,4,2026-07-06
behaviour_v1,54,1,forum_views,1,2026-07-06
behaviour_v1,55,1,forum_views,6,2026-07-06
behaviour_v1,56,1,forum_views,8,2026-07-06
behaviour_v1,57,1,forum_views,0,2026-07-06
behaviour_v1,58,1,forum_views,11,2026-07-06
behaviour_v1,59,1,forum_views,0,2026-07-06
behaviour_v1,60,1,forum_views,15,2026-07-06
behaviour_v1,61,1,forum_views,14,2026-07-06
behaviour_v1,62,1,forum_views,4,2026-07-06
behaviour_v1,63,1,forum_views,5,2026-07-06
behaviour_v1,64,1,forum_views,9,2026-07-06
behaviour_v1,65,1,forum_views,15,2026-07-06
behaviour_v1,66,1,forum_views,3,2026-07-06
behaviour_v1,67,1,forum_views,7,2026-07-06
behaviour_v1,68,1,forum_views,2,2026-07-06
behaviour_v1,69,1,forum_views,0,2026-07-06
behaviour_v1,70,1,forum_views,8,2026-07-06
behaviour_v1,71,1,forum_views,5,2026-07-06
behaviour_v1,72,1,forum_views,8,2026-07-06
behaviour_v1,73,1,forum_views,16,2026-07-06
behaviour_v1,74,1,forum_views,0,2026-07-06
behaviour_v1,75,1,forum_views,0,2026-07-06
behaviour_v1,76,1,forum_views,1,2026-07-06
behaviour_v1,77,1,forum_views,15,2026-07-06
behaviour_v1,78,1,forum_views,5,2026-07-06
behaviour_v1,79,1,forum_views,3,2026-07-06
behaviour_v1,80,1,forum_views,2,2026-07-06
behaviour_v1,81,1,forum_views,22,2026-07-06
behaviour_v1,82,1,forum_views,7,2026-07-06
behaviour_v1,83,1,forum_views,7,2026-07-06
behaviour_v1,84,1,forum_views,3,2026-07-06
behaviour_v1,85,1,forum_views,1,2026-07-06
behaviour_v1,86,1,forum_views,16,2026-07-06
behaviour_v1,87,1,forum_views,1,2026-07-06
behaviour_v1,88,1,forum_views,0,2026-07-06
behaviour_v1,89,1,forum_views,4,2026-07-06
behaviour_v1,90,1,forum_views,15,2026-07-06
behaviour_v1,91,1,forum_views,13,2026-07-06
behaviour_v1,92,1,forum_views,28,2026-07-06
behaviour_v1,93,1,forum_views,7,2026-07-06
behaviour_v1,94,1,forum_views,0,2026-07-06
behaviour_v1,96,1,forum_views,12,2026-07-06
behaviour_v1,97,1,forum_views,5,2026-07-06
behaviour_v1,98,1,forum_views,0,2026-07-06
behaviour_v1,99,1,forum_views,12,2026-07-06
behaviour_v1,100,1,forum_views,1,2026-07-06
behaviour_v1,101,1,forum_views,0,2026-07-06
behaviour_v1,102,1,forum_views,0,2026-07-06
behaviour_v1,103,1,forum_views,5,2026-07-06
behaviour_v1,104,1,forum_views,36,2026-07-06
behaviour_v1,105,1,forum_views,5,2026-07-06
behaviour_v1,106,1,forum_views,7,2026-07-06
behaviour_v1,107,1,forum_views,2,2026-07-06
behaviour_v1,108,1,forum_views,9,2026-07-06
behaviour_v1,109,1,forum_views,0,2026-07-06
behaviour_v1,110,1,forum_views,2,2026-07-06
behaviour_v1,111,1,forum_views,1,2026-07-06
behaviour_v1,112,1,forum_views,2,2026-07-06
behaviour_v1,113,1,forum_views,1,2026-07-06
behaviour_v1,114,1,forum_views,0,2026-07-06
behaviour_v1,115,1,forum_views,2,2026-07-06
behaviour_v1,116,1,forum_views,8,2026-07-06
behaviour_v1,117,1,forum_views,2,2026-07-06
behaviour_v1,118,1,forum_views,7,2026-07-06
behaviour_v1,119,1,forum_views,0,2026-07-06
behaviour_v1,120,1,forum_views,3,2026-07-06
behaviour_v1,121,1,forum_views,2,2026-07-06
behaviour_v1,122,1,forum_views,0,2026-07-06
behaviour_v1,123,1,forum_views,4,2026-07-06
behaviour_v1,124,1,forum_views,22,2026-07-06
behaviour_v1,125,1,forum_views,8,2026-07-06
behaviour_v1,126,1,forum_views,2,2026-07-06
behaviour_v1,127,1,forum_views,0,2026-07-06
behaviour_v1,128,1,forum_views,5,2026-07-06
behaviour_v1,129,1,forum_views,1,2026-07-06
behaviour_v1,130,1,forum_views,0,2026-07-06
behaviour_v1,131,1,forum_views,8,2026-07-06
behaviour_v1,132,1,forum_views,10,2026-07-06
behaviour_v1,133,1,forum_views,0,2026-07-06
behaviour_v1,134,1,forum_views,15,2026-07-06
behaviour_v1,135,1,forum_views,1,2026-07-06
behaviour_v1,136,1,forum_views,2,2026-07-06
behaviour_v1,137,1,forum_views,0,2026-07-06
behaviour_v1,138,1,forum_views,1,2026-07-06
behaviour_v1,139,1,forum_views,0,2026-07-06
behaviour_v1,140,1,forum_views,1,2026-07-06
behaviour_v1,141,1,forum_views,9,2026-07-06
behaviour_v1,142,1,forum_views,6,2026-07-06
behaviour_v1,143,1,forum_views,9,2026-07-06
behaviour_v1,144,1,forum_views,0,2026-07-06
behaviour_v1,145,1,forum_views,3,2026-07-06
behaviour_v1,146,1,forum_views,2,2026-07-06
behaviour_v1,147,1,forum_views,8,2026-07-06
behaviour_v1,148,1,forum_views,3,2026-07-06
behaviour_v1,149,1,forum_views,0,2026-07-06
behaviour_v1,150,1,forum_views,0,2026-07-06
behaviour_v1,151,1,forum_views,0,2026-07-06
behaviour_v1,152,1,forum_views,1,2026-07-06
behaviour_v1,153,1,forum_views,0,2026-07-06
behaviour_v1,154,1,forum_views,2,2026-07-06
behaviour_v1,155,1,forum_views,0,2026-07-06
behaviour_v1,156,1,forum_views,2,2026-07-06
behaviour_v1,157,1,forum_views,0,2026-07-06
behaviour_v1,158,1,forum_views,0,2026-07-06
behaviour_v1,159,1,forum_views,0,2026-07-06
behaviour_v1,160,1,forum_views,0,2026-07-06
behaviour_v1,161,1,forum_views,4,2026-07-06
behaviour_v1,162,1,forum_views,1,2026-07-06
behaviour_v1,163,1,forum_views,0,2026-07-06
behaviour_v1,164,1,forum_views,0,2026-07-06
behaviour_v1,165,1,forum_views,0,2026-07-06
behaviour_v1,166,1,forum_views,0,2026-07-06
behaviour_v1,167,1,forum_views,1,2026-07-06
behaviour_v1,168,1,forum_views,0,2026-07-06
behaviour_v1,169,1,forum_views,1,2026-07-06
behaviour_v1,170,1,forum_views,0,2026-07-06
behaviour_v1,171,1,forum_views,0,2026-07-06
behaviour_v1,2,1,quiz_views,0,2026-07-06
behaviour_v1,4,1,quiz_views,0,2026-07-06
behaviour_v1,5,1,quiz_views,0,2026-07-06
behaviour_v1,7,1,quiz_views,0,2026-07-06
behaviour_v1,8,1,quiz_views,0,2026-07-06
behaviour_v1,9,1,quiz_views,0,2026-07-06
behaviour_v1,10,1,quiz_views,0,2026-07-06
behaviour_v1,11,1,quiz_views,0,2026-07-06
behaviour_v1,12,1,quiz_views,0,2026-07-06
behaviour_v1,13,1,quiz_views,0,2026-07-06
behaviour_v1,14,1,quiz_views,0,2026-07-06
behaviour_v1,15,1,quiz_views,0,2026-07-06
behaviour_v1,16,1,quiz_views,0,2026-07-06
behaviour_v1,17,1,quiz_views,0,2026-07-06
behaviour_v1,18,1,quiz_views,0,2026-07-06
behaviour_v1,19,1,quiz_views,0,2026-07-06
behaviour_v1,20,1,quiz_views,0,2026-07-06
behaviour_v1,21,1,quiz_views,0,2026-07-06
behaviour_v1,22,1,quiz_views,0,2026-07-06
behaviour_v1,23,1,quiz_views,0,2026-07-06
behaviour_v1,24,1,quiz_views,0,2026-07-06
behaviour_v1,25,1,quiz_views,0,2026-07-06
behaviour_v1,26,1,quiz_views,0,2026-07-06
behaviour_v1,27,1,quiz_views,0,2026-07-06
behaviour_v1,28,1,quiz_views,0,2026-07-06
behaviour_v1,29,1,quiz_views,0,2026-07-06
behaviour_v1,30,1,quiz_views,0,2026-07-06
behaviour_v1,31,1,quiz_views,0,2026-07-06
behaviour_v1,32,1,quiz_views,0,2026-07-06
behaviour_v1,33,1,quiz_views,0,2026-07-06
behaviour_v1,34,1,quiz_views,0,2026-07-06
behaviour_v1,35,1,quiz_views,0,2026-07-06
behaviour_v1,36,1,quiz_views,0,2026-07-06
behaviour_v1,37,1,quiz_views,0,2026-07-06
behaviour_v1,38,1,quiz_views,0,2026-07-06
behaviour_v1,39,1,quiz_views,0,2026-07-06
behaviour_v1,40,1,quiz_views,0,2026-07-06
behaviour_v1,41,1,quiz_views,0,2026-07-06
behaviour_v1,42,1,quiz_views,0,2026-07-06
behaviour_v1,43,1,quiz_views,0,2026-07-06
behaviour_v1,44,1,quiz_views,0,2026-07-06
behaviour_v1,45,1,quiz_views,0,2026-07-06
behaviour_v1,46,1,quiz_views,0,2026-07-06
behaviour_v1,47,1,quiz_views,0,2026-07-06
behaviour_v1,48,1,quiz_views,0,2026-07-06
behaviour_v1,49,1,quiz_views,0,2026-07-06
behaviour_v1,50,1,quiz_views,0,2026-07-06
behaviour_v1,51,1,quiz_views,0,2026-07-06
behaviour_v1,52,1,quiz_views,0,2026-07-06
behaviour_v1,53,1,quiz_views,0,2026-07-06
behaviour_v1,54,1,quiz_views,0,2026-07-06
behaviour_v1,55,1,quiz_views,0,2026-07-06
behaviour_v1,56,1,quiz_views,0,2026-07-06
behaviour_v1,57,1,quiz_views,0,2026-07-06
behaviour_v1,58,1,quiz_views,0,2026-07-06
behaviour_v1,59,1,quiz_views,0,2026-07-06
behaviour_v1,60,1,quiz_views,0,2026-07-06
behaviour_v1,61,1,quiz_views,0,2026-07-06
behaviour_v1,62,1,quiz_views,0,2026-07-06
behaviour_v1,63,1,quiz_views,0,2026-07-06
behaviour_v1,64,1,quiz_views,0,2026-07-06
behaviour_v1,65,1,quiz_views,0,2026-07-06
behaviour_v1,66,1,quiz_views,0,2026-07-06
behaviour_v1,67,1,quiz_views,0,2026-07-06
behaviour_v1,68,1,quiz_views,0,2026-07-06
behaviour_v1,69,1,quiz_views,0,2026-07-06
behaviour_v1,70,1,quiz_views,0,2026-07-06
behaviour_v1,71,1,quiz_views,0,2026-07-06
behaviour_v1,72,1,quiz_views,0,2026-07-06
behaviour_v1,73,1,quiz_views,0,2026-07-06
behaviour_v1,74,1,quiz_views,0,2026-07-06
behaviour_v1,75,1,quiz_views,0,2026-07-06
behaviour_v1,76,1,quiz_views,0,2026-07-06
behaviour_v1,77,1,quiz_views,0,2026-07-06
behaviour_v1,78,1,quiz_views,0,2026-07-06
behaviour_v1,79,1,quiz_views,0,2026-07-06
behaviour_v1,80,1,quiz_views,0,2026-07-06
behaviour_v1,81,1,quiz_views,0,2026-07-06
behaviour_v1,82,1,quiz_views,0,2026-07-06
behaviour_v1,83,1,quiz_views,0,2026-07-06
behaviour_v1,84,1,quiz_views,0,2026-07-06
behaviour_v1,85,1,quiz_views,0,2026-07-06
behaviour_v1,86,1,quiz_views,0,2026-07-06
behaviour_v1,87,1,quiz_views,0,2026-07-06
behaviour_v1,88,1,quiz_views,0,2026-07-06
behaviour_v1,89,1,quiz_views,0,2026-07-06
behaviour_v1,90,1,quiz_views,0,2026-07-06
behaviour_v1,91,1,quiz_views,0,2026-07-06
behaviour_v1,92,1,quiz_views,0,2026-07-06
behaviour_v1,93,1,quiz_views,0,2026-07-06
behaviour_v1,94,1,quiz_views,0,2026-07-06
behaviour_v1,96,1,quiz_views,0,2026-07-06
behaviour_v1,97,1,quiz_views,0,2026-07-06
behaviour_v1,98,1,quiz_views,0,2026-07-06
behaviour_v1,99,1,quiz_views,0,2026-07-06
behaviour_v1,100,1,quiz_views,0,2026-07-06
behaviour_v1,101,1,quiz_views,0,2026-07-06
behaviour_v1,102,1,quiz_views,0,2026-07-06
behaviour_v1,103,1,quiz_views,0,2026-07-06
behaviour_v1,104,1,quiz_views,0,2026-07-06
behaviour_v1,105,1,quiz_views,0,2026-07-06
behaviour_v1,106,1,quiz_views,0,2026-07-06
behaviour_v1,107,1,quiz_views,0,2026-07-06
behaviour_v1,108,1,quiz_views,0,2026-07-06
behaviour_v1,109,1,quiz_views,0,2026-07-06
behaviour_v1,110,1,quiz_views,0,2026-07-06
behaviour_v1,111,1,quiz_views,0,2026-07-06
behaviour_v1,112,1,quiz_views,0,2026-07-06
behaviour_v1,113,1,quiz_views,0,2026-07-06
behaviour_v1,114,1,quiz_views,0,2026-07-06
behaviour_v1,115,1,quiz_views,0,2026-07-06
behaviour_v1,116,1,quiz_views,0,2026-07-06
behaviour_v1,117,1,quiz_views,0,2026-07-06
behaviour_v1,118,1,quiz_views,0,2026-07-06
behaviour_v1,119,1,quiz_views,0,2026-07-06
behaviour_v1,120,1,quiz_views,0,2026-07-06
behaviour_v1,121,1,quiz_views,0,2026-07-06
behaviour_v1,122,1,quiz_views,0,2026-07-06
behaviour_v1,123,1,quiz_views,0,2026-07-06
behaviour_v1,124,1,quiz_views,0,2026-07-06
behaviour_v1,125,1,quiz_views,0,2026-07-06
behaviour_v1,126,1,quiz_views,0,2026-07-06
behaviour_v1,127,1,quiz_views,0,2026-07-06
behaviour_v1,128,1,quiz_views,0,2026-07-06
behaviour_v1,129,1,quiz_views,0,2026-07-06
behaviour_v1,130,1,quiz_views,0,2026-07-06
behaviour_v1,131,1,quiz_views,0,2026-07-06
behaviour_v1,132,1,quiz_views,0,2026-07-06
behaviour_v1,133,1,quiz_views,0,2026-07-06
behaviour_v1,134,1,quiz_views,0,2026-07-06
behaviour_v1,135,1,quiz_views,0,2026-07-06
behaviour_v1,136,1,quiz_views,0,2026-07-06
behaviour_v1,137,1,quiz_views,0,2026-07-06
behaviour_v1,138,1,quiz_views,0,2026-07-06
behaviour_v1,139,1,quiz_views,0,2026-07-06
behaviour_v1,140,1,quiz_views,0,2026-07-06
behaviour_v1,141,1,quiz_views,0,2026-07-06
behaviour_v1,142,1,quiz_views,0,2026-07-06
behaviour_v1,143,1,quiz_views,0,2026-07-06
behaviour_v1,144,1,quiz_views,0,2026-07-06
behaviour_v1,145,1,quiz_views,0,2026-07-06
behaviour_v1,146,1,quiz_views,0,2026-07-06
behaviour_v1,147,1,quiz_views,0,2026-07-06
behaviour_v1,148,1,quiz_views,0,2026-07-06
behaviour_v1,149,1,quiz_views,0,2026-07-06
behaviour_v1,150,1,quiz_views,0,2026-07-06
behaviour_v1,151,1,quiz_views,0,2026-07-06
behaviour_v1,152,1,quiz_views,0,2026-07-06
behaviour_v1,153,1,quiz_views,0,2026-07-06
behaviour_v1,154,1,quiz_views,0,2026-07-06
behaviour_v1,155,1,quiz_views,0,2026-07-06
behaviour_v1,156,1,quiz_views,0,2026-07-06
behaviour_v1,157,1,quiz_views,0,2026-07-06
behaviour_v1,158,1,quiz_views,0,2026-07-06
behaviour_v1,159,1,quiz_views,0,2026-07-06
behaviour_v1,160,1,quiz_views,0,2026-07-06
behaviour_v1,161,1,quiz_views,0,2026-07-06
behaviour_v1,162,1,quiz_views,0,2026-07-06
behaviour_v1,163,1,quiz_views,0,2026-07-06
behaviour_v1,164,1,quiz_views,0,2026-07-06
behaviour_v1,165,1,quiz_views,0,2026-07-06
behaviour_v1,166,1,quiz_views,0,2026-07-06
behaviour_v1,167,1,quiz_views,0,2026-07-06
behaviour_v1,168,1,quiz_views,0,2026-07-06
behaviour_v1,169,1,quiz_views,0,2026-07-06
behaviour_v1,170,1,quiz_views,0,2026-07-06
behaviour_v1,171,1,quiz_views,0,2026-07-06
behaviour_v1,2,1,top_material_type,Course Page,2026-07-06
behaviour_v1,4,1,top_material_type,Course Page,2026-07-06
behaviour_v1,5,1,top_material_type,Course Page,2026-07-06
behaviour_v1,7,1,top_material_type,Course Page,2026-07-06
behaviour_v1,8,1,top_material_type,Course Page,2026-07-06
behaviour_v1,9,1,top_material_type,Assignment,2026-07-06
behaviour_v1,10,1,top_material_type,Course Page,2026-07-06
behaviour_v1,11,1,top_material_type,Course Page,2026-07-06
behaviour_v1,12,1,top_material_type,Course Page,2026-07-06
behaviour_v1,13,1,top_material_type,Course Page,2026-07-06
behaviour_v1,14,1,top_material_type,Assignment,2026-07-06
behaviour_v1,15,1,top_material_type,Assignment,2026-07-06
behaviour_v1,16,1,top_material_type,Course Page,2026-07-06
behaviour_v1,17,1,top_material_type,Course Page,2026-07-06
behaviour_v1,18,1,top_material_type,Course Page,2026-07-06
behaviour_v1,19,1,top_material_type,Course Page,2026-07-06
behaviour_v1,20,1,top_material_type,Course Page,2026-07-06
behaviour_v1,21,1,top_material_type,Assignment,2026-07-06
behaviour_v1,22,1,top_material_type,Course Page,2026-07-06
behaviour_v1,23,1,top_material_type,Lecture Material,2026-07-06
behaviour_v1,24,1,top_material_type,Course Page,2026-07-06
behaviour_v1,25,1,top_material_type,Course Page,2026-07-06
behaviour_v1,26,1,top_material_type,Lecture Material,2026-07-06
behaviour_v1,27,1,top_material_type,Course Page,2026-07-06
behaviour_v1,28,1,top_material_type,Course Page,2026-07-06
behaviour_v1,29,1,top_material_type,Course Page,2026-07-06
behaviour_v1,30,1,top_material_type,Course Page,2026-07-06
behaviour_v1,31,1,top_material_type,Course Page,2026-07-06
behaviour_v1,32,1,top_material_type,Assignment,2026-07-06
behaviour_v1,33,1,top_material_type,Course Page,2026-07-06
behaviour_v1,34,1,top_material_type,Course Page,2026-07-06
behaviour_v1,35,1,top_material_type,Course Page,2026-07-06
behaviour_v1,36,1,top_material_type,Course Page,2026-07-06
behaviour_v1,37,1,top_material_type,Course Page,2026-07-06
behaviour_v1,38,1,top_material_type,Course Page,2026-07-06
behaviour_v1,39,1,top_material_type,Lecture Material,2026-07-06
behaviour_v1,40,1,top_material_type,Assignment,2026-07-06
behaviour_v1,41,1,top_material_type,Course Page,2026-07-06
behaviour_v1,42,1,top_material_type,Assignment,2026-07-06
behaviour_v1,43,1,top_material_type,Course Page,2026-07-06
behaviour_v1,44,1,top_material_type,Course Page,2026-07-06
behaviour_v1,45,1,top_material_type,Assignment,2026-07-06
behaviour_v1,46,1,top_material_type,Course Page,2026-07-06
behaviour_v1,47,1,top_material_type,Course Page,2026-07-06
behaviour_v1,48,1,top_material_type,Course Page,2026-07-06
behaviour_v1,49,1,top_material_type,Course Page,2026-07-06
behaviour_v1,50,1,top_material_type,Lecture Material,2026-07-06
behaviour_v1,51,1,top_material_type,Course Page,2026-07-06
behaviour_v1,52,1,top_material_type,Course Page,2026-07-06
behaviour_v1,53,1,top_material_type,Course Page,2026-07-06
behaviour_v1,54,1,top_material_type,Course Page,2026-07-06
behaviour_v1,55,1,top_material_type,Course Page,2026-07-06
behaviour_v1,56,1,top_material_type,Course Page,2026-07-06
behaviour_v1,57,1,top_material_type,Course Page,2026-07-06
behaviour_v1,58,1,top_material_type,Course Page,2026-07-06
behaviour_v1,59,1,top_material_type,Course Page,2026-07-06
behaviour_v1,60,1,top_material_type,Course Page,2026-07-06
behaviour_v1,61,1,top_material_type,Lecture Material,2026-07-06
behaviour_v1,62,1,top_material_type,Course Page,2026-07-06
behaviour_v1,63,1,top_material_type,Course Page,2026-07-06
behaviour_v1,64,1,top_material_type,Course Page,2026-07-06
behaviour_v1,65,1,top_material_type,Course Page,2026-07-06
behaviour_v1,66,1,top_material_type,Course Page,2026-07-06
behaviour_v1,67,1,top_material_type,Assignment,2026-07-06
behaviour_v1,68,1,top_material_type,Course Page,2026-07-06
behaviour_v1,69,1,top_material_type,Course Page,2026-07-06
behaviour_v1,70,1,top_material_type,Course Page,2026-07-06
behaviour_v1,71,1,top_material_type,Assignment,2026-07-06
behaviour_v1,72,1,top_material_type,Course Page,2026-07-06
behaviour_v1,73,1,top_material_type,Assignment,2026-07-06
behaviour_v1,74,1,top_material_type,Course Page,2026-07-06
behaviour_v1,75,1,top_material_type,Course Page,2026-07-06
behaviour_v1,76,1,top_material_type,Assignment,2026-07-06
behaviour_v1,77,1,top_material_type,Course Page,2026-07-06
behaviour_v1,78,1,top_material_type,Course Page,2026-07-06
behaviour_v1,79,1,top_material_type,Course Page,2026-07-06
behaviour_v1,80,1,top_material_type,Course Page,2026-07-06
behaviour_v1,81,1,top_material_type,Lecture Material,2026-07-06
behaviour_v1,82,1,top_material_type,Course Page,2026-07-06
behaviour_v1,83,1,top_material_type,Course Page,2026-07-06
behaviour_v1,84,1,top_material_type,Course Page,2026-07-06
behaviour_v1,85,1,top_material_type,Course Page,2026-07-06
behaviour_v1,86,1,top_material_type,Course Page,2026-07-06
behaviour_v1,87,1,top_material_type,Assignment,2026-07-06
behaviour_v1,88,1,top_material_type,Course Page,2026-07-06
behaviour_v1,89,1,top_material_type,Assignment,2026-07-06
behaviour_v1,90,1,top_material_type,Course Page,2026-07-06
behaviour_v1,91,1,top_material_type,Course Page,2026-07-06
behaviour_v1,92,1,top_material_type,Course Page,2026-07-06
behaviour_v1,93,1,top_material_type,Course Page,2026-07-06
behaviour_v1,94,1,top_material_type,Course Page,2026-07-06
behaviour_v1,96,1,top_material_type,Assignment,2026-07-06
behaviour_v1,97,1,top_material_type,Course Page,2026-07-06
behaviour_v1,98,1,top_material_type,Course Page,2026-07-06
behaviour_v1,99,1,top_material_type,Course Page,2026-07-06
behaviour_v1,100,1,top_material_type,Course Page,2026-07-06
behaviour_v1,101,1,top_material_type,Course Page,2026-07-06
behaviour_v1,102,1,top_material_type,Course Page,2026-07-06
behaviour_v1,103,1,top_material_type,Course Page,2026-07-06
behaviour_v1,104,1,top_material_type,Assignment,2026-07-06
behaviour_v1,105,1,top_material_type,Course Page,2026-07-06
behaviour_v1,106,1,top_material_type,Course Page,2026-07-06
behaviour_v1,107,1,top_material_type,Course Page,2026-07-06
behaviour_v1,108,1,top_material_type,Course Page,2026-07-06
behaviour_v1,109,1,top_material_type,Course Page,2026-07-06
behaviour_v1,110,1,top_material_type,Assignment,2026-07-06
behaviour_v1,111,1,top_material_type,Assignment,2026-07-06
behaviour_v1,112,1,top_material_type,Assignment,2026-07-06
behaviour_v1,113,1,top_material_type,Course Page,2026-07-06
behaviour_v1,114,1,top_material_type,Assignment,2026-07-06
behaviour_v1,115,1,top_material_type,Course Page,2026-07-06
behaviour_v1,116,1,top_material_type,Course Page,2026-07-06
behaviour_v1,117,1,top_material_type,Assignment,2026-07-06
behaviour_v1,118,1,top_material_type,Assignment,2026-07-06
behaviour_v1,119,1,top_material_type,Course Page,2026-07-06
behaviour_v1,120,1,top_material_type,Course Page,2026-07-06
behaviour_v1,121,1,top_material_type,Course Page,2026-07-06
behaviour_v1,122,1,top_material_type,Assignment,2026-07-06
behaviour_v1,123,1,top_material_type,Lecture Material,2026-07-06
behaviour_v1,124,1,top_material_type,Course Page,2026-07-06
behaviour_v1,125,1,top_material_type,Course Page,2026-07-06
behaviour_v1,126,1,top_material_type,Assignment,2026-07-06
behaviour_v1,127,1,top_material_type,Course Page,2026-07-06
behaviour_v1,128,1,top_material_type,Course Page,2026-07-06
behaviour_v1,129,1,top_material_type,Course Page,2026-07-06
behaviour_v1,130,1,top_material_type,Assignment,2026-07-06
behaviour_v1,131,1,top_material_type,Course Page,2026-07-06
behaviour_v1,132,1,top_material_type,Course Page,2026-07-06
behaviour_v1,133,1,top_material_type,Course Page,2026-07-06
behaviour_v1,134,1,top_material_type,Course Page,2026-07-06
behaviour_v1,135,1,top_material_type,Assignment,2026-07-06
behaviour_v1,136,1,top_material_type,Course Page,2026-07-06
behaviour_v1,137,1,top_material_type,Assignment,2026-07-06
behaviour_v1,138,1,top_material_type,Assignment,2026-07-06
behaviour_v1,139,1,top_material_type,Course Page,2026-07-06
behaviour_v1,140,1,top_material_type,Course Page,2026-07-06
behaviour_v1,141,1,top_material_type,Course Page,2026-07-06
behaviour_v1,142,1,top_material_type,Course Page,2026-07-06
behaviour_v1,143,1,top_material_type,Course Page,2026-07-06
behaviour_v1,144,1,top_material_type,Course Page,2026-07-06
behaviour_v1,145,1,top_material_type,Lecture Material,2026-07-06
behaviour_v1,146,1,top_material_type,Lecture Material,2026-07-06
behaviour_v1,147,1,top_material_type,Course Page,2026-07-06
behaviour_v1,148,1,top_material_type,Assignment,2026-07-06
behaviour_v1,149,1,top_material_type,Assignment,2026-07-06
behaviour_v1,150,1,top_material_type,Course Page,2026-07-06
behaviour_v1,151,1,top_material_type,Course Page,2026-07-06
behaviour_v1,152,1,top_material_type,Course Page,2026-07-06
behaviour_v1,153,1,top_material_type,Assignment,2026-07-06
behaviour_v1,154,1,top_material_type,Course Page,2026-07-06
behaviour_v1,155,1,top_material_type,Course Page,2026-07-06
behaviour_v1,156,1,top_material_type,Course Page,2026-07-06
behaviour_v1,157,1,top_material_type,Course Page,2026-07-06
behaviour_v1,158,1,top_material_type,Course Page,2026-07-06
behaviour_v1,159,1,top_material_type,Assignment,2026-07-06
behaviour_v1,160,1,top_material_type,Course Page,2026-07-06
behaviour_v1,161,1,top_material_type,Course Page,2026-07-06
behaviour_v1,162,1,top_material_type,Course Page,2026-07-06
behaviour_v1,163,1,top_material_type,Assignment,2026-07-06
behaviour_v1,164,1,top_material_type,Course Page,2026-07-06
behaviour_v1,165,1,top_material_type,Course Page,2026-07-06
behaviour_v1,166,1,top_material_type,Assignment,2026-07-06
behaviour_v1,167,1,top_material_type,Course Page,2026-07-06
behaviour_v1,168,1,top_material_type,Course Page,2026-07-06
behaviour_v1,169,1,top_material_type,Course Page,2026-07-06
behaviour_v1,170,1,top_material_type,No Activity,2026-07-06
behaviour_v1,171,1,top_material_type,No Activity,2026-07-06
behaviour_v1,2,1,no_activity_flag,0,2026-07-06
behaviour_v1,4,1,no_activity_flag,0,2026-07-06
behaviour_v1,5,1,no_activity_flag,0,2026-07-06
behaviour_v1,7,1,no_activity_flag,0,2026-07-06
behaviour_v1,8,1,no_activity_flag,0,2026-07-06
behaviour_v1,9,1,no_activity_flag,0,2026-07-06
behaviour_v1,10,1,no_activity_flag,0,2026-07-06
behaviour_v1,11,1,no_activity_flag,0,2026-07-06
behaviour_v1,12,1,no_activity_flag,0,2026-07-06
behaviour_v1,13,1,no_activity_flag,0,2026-07-06
behaviour_v1,14,1,no_activity_flag,0,2026-07-06
behaviour_v1,15,1,no_activity_flag,0,2026-07-06
behaviour_v1,16,1,no_activity_flag,0,2026-07-06
behaviour_v1,17,1,no_activity_flag,0,2026-07-06
behaviour_v1,18,1,no_activity_flag,0,2026-07-06
behaviour_v1,19,1,no_activity_flag,0,2026-07-06
behaviour_v1,20,1,no_activity_flag,0,2026-07-06
behaviour_v1,21,1,no_activity_flag,0,2026-07-06
behaviour_v1,22,1,no_activity_flag,0,2026-07-06
behaviour_v1,23,1,no_activity_flag,0,2026-07-06
behaviour_v1,24,1,no_activity_flag,0,2026-07-06
behaviour_v1,25,1,no_activity_flag,0,2026-07-06
behaviour_v1,26,1,no_activity_flag,0,2026-07-06
behaviour_v1,27,1,no_activity_flag,0,2026-07-06
behaviour_v1,28,1,no_activity_flag,0,2026-07-06
behaviour_v1,29,1,no_activity_flag,0,2026-07-06
behaviour_v1,30,1,no_activity_flag,0,2026-07-06
behaviour_v1,31,1,no_activity_flag,0,2026-07-06
behaviour_v1,32,1,no_activity_flag,0,2026-07-06
behaviour_v1,33,1,no_activity_flag,0,2026-07-06
behaviour_v1,34,1,no_activity_flag,0,2026-07-06
behaviour_v1,35,1,no_activity_flag,0,2026-07-06
behaviour_v1,36,1,no_activity_flag,0,2026-07-06
behaviour_v1,37,1,no_activity_flag,0,2026-07-06
behaviour_v1,38,1,no_activity_flag,0,2026-07-06
behaviour_v1,39,1,no_activity_flag,0,2026-07-06
behaviour_v1,40,1,no_activity_flag,0,2026-07-06
behaviour_v1,41,1,no_activity_flag,0,2026-07-06
behaviour_v1,42,1,no_activity_flag,0,2026-07-06
behaviour_v1,43,1,no_activity_flag,0,2026-07-06
behaviour_v1,44,1,no_activity_flag,0,2026-07-06
behaviour_v1,45,1,no_activity_flag,0,2026-07-06
behaviour_v1,46,1,no_activity_flag,0,2026-07-06
behaviour_v1,47,1,no_activity_flag,0,2026-07-06
behaviour_v1,48,1,no_activity_flag,0,2026-07-06
behaviour_v1,49,1,no_activity_flag,0,2026-07-06
behaviour_v1,50,1,no_activity_flag,0,2026-07-06
behaviour_v1,51,1,no_activity_flag,0,2026-07-06
behaviour_v1,52,1,no_activity_flag,0,2026-07-06
behaviour_v1,53,1,no_activity_flag,0,2026-07-06
behaviour_v1,54,1,no_activity_flag,0,2026-07-06
behaviour_v1,55,1,no_activity_flag,0,2026-07-06
behaviour_v1,56,1,no_activity_flag,0,2026-07-06
behaviour_v1,57,1,no_activity_flag,0,2026-07-06
behaviour_v1,58,1,no_activity_flag,0,2026-07-06
behaviour_v1,59,1,no_activity_flag,0,2026-07-06
behaviour_v1,60,1,no_activity_flag,0,2026-07-06
behaviour_v1,61,1,no_activity_flag,0,2026-07-06
behaviour_v1,62,1,no_activity_flag,0,2026-07-06
behaviour_v1,63,1,no_activity_flag,0,2026-07-06
behaviour_v1,64,1,no_activity_flag,0,2026-07-06
behaviour_v1,65,1,no_activity_flag,0,2026-07-06
behaviour_v1,66,1,no_activity_flag,0,2026-07-06
behaviour_v1,67,1,no_activity_flag,0,2026-07-06
behaviour_v1,68,1,no_activity_flag,0,2026-07-06
behaviour_v1,69,1,no_activity_flag,0,2026-07-06
behaviour_v1,70,1,no_activity_flag,0,2026-07-06
behaviour_v1,71,1,no_activity_flag,0,2026-07-06
behaviour_v1,72,1,no_activity_flag,0,2026-07-06
behaviour_v1,73,1,no_activity_flag,0,2026-07-06
behaviour_v1,74,1,no_activity_flag,0,2026-07-06
behaviour_v1,75,1,no_activity_flag,0,2026-07-06
behaviour_v1,76,1,no_activity_flag,0,2026-07-06
behaviour_v1,77,1,no_activity_flag,0,2026-07-06
behaviour_v1,78,1,no_activity_flag,0,2026-07-06
behaviour_v1,79,1,no_activity_flag,0,2026-07-06
behaviour_v1,80,1,no_activity_flag,0,2026-07-06
behaviour_v1,81,1,no_activity_flag,0,2026-07-06
behaviour_v1,82,1,no_activity_flag,0,2026-07-06
behaviour_v1,83,1,no_activity_flag,0,2026-07-06
behaviour_v1,84,1,no_activity_flag,0,2026-07-06
behaviour_v1,85,1,no_activity_flag,0,2026-07-06
behaviour_v1,86,1,no_activity_flag,0,2026-07-06
behaviour_v1,87,1,no_activity_flag,0,2026-07-06
behaviour_v1,88,1,no_activity_flag,0,2026-07-06
behaviour_v1,89,1,no_activity_flag,0,2026-07-06
behaviour_v1,90,1,no_activity_flag,0,2026-07-06
behaviour_v1,91,1,no_activity_flag,0,2026-07-06
behaviour_v1,92,1,no_activity_flag,0,2026-07-06
behaviour_v1,93,1,no_activity_flag,0,2026-07-06
behaviour_v1,94,1,no_activity_flag,0,2026-07-06
behaviour_v1,96,1,no_activity_flag,0,2026-07-06
behaviour_v1,97,1,no_activity_flag,0,2026-07-06
behaviour_v1,98,1,no_activity_flag,0,2026-07-06
behaviour_v1,99,1,no_activity_flag,0,2026-07-06
behaviour_v1,100,1,no_activity_flag,0,2026-07-06
behaviour_v1,101,1,no_activity_flag,0,2026-07-06
behaviour_v1,102,1,no_activity_flag,0,2026-07-06
behaviour_v1,103,1,no_activity_flag,0,2026-07-06
behaviour_v1,104,1,no_activity_flag,0,2026-07-06
behaviour_v1,105,1,no_activity_flag,0,2026-07-06
behaviour_v1,106,1,no_activity_flag,0,2026-07-06
behaviour_v1,107,1,no_activity_flag,0,2026-07-06
behaviour_v1,108,1,no_activity_flag,0,2026-07-06
behaviour_v1,109,1,no_activity_flag,0,2026-07-06
behaviour_v1,110,1,no_activity_flag,0,2026-07-06
behaviour_v1,111,1,no_activity_flag,0,2026-07-06
behaviour_v1,112,1,no_activity_flag,0,2026-07-06
behaviour_v1,113,1,no_activity_flag,0,2026-07-06
behaviour_v1,114,1,no_activity_flag,0,2026-07-06
behaviour_v1,115,1,no_activity_flag,0,2026-07-06
behaviour_v1,116,1,no_activity_flag,0,2026-07-06
behaviour_v1,117,1,no_activity_flag,0,2026-07-06
behaviour_v1,118,1,no_activity_flag,0,2026-07-06
behaviour_v1,119,1,no_activity_flag,0,2026-07-06
behaviour_v1,120,1,no_activity_flag,0,2026-07-06
behaviour_v1,121,1,no_activity_flag,0,2026-07-06
behaviour_v1,122,1,no_activity_flag,0,2026-07-06
behaviour_v1,123,1,no_activity_flag,0,2026-07-06
behaviour_v1,124,1,no_activity_flag,0,2026-07-06
behaviour_v1,125,1,no_activity_flag,0,2026-07-06
behaviour_v1,126,1,no_activity_flag,0,2026-07-06
behaviour_v1,127,1,no_activity_flag,0,2026-07-06
behaviour_v1,128,1,no_activity_flag,0,2026-07-06
behaviour_v1,129,1,no_activity_flag,0,2026-07-06
behaviour_v1,130,1,no_activity_flag,0,2026-07-06
behaviour_v1,131,1,no_activity_flag,0,2026-07-06
behaviour_v1,132,1,no_activity_flag,0,2026-07-06
behaviour_v1,133,1,no_activity_flag,0,2026-07-06
behaviour_v1,134,1,no_activity_flag,0,2026-07-06
behaviour_v1,135,1,no_activity_flag,0,2026-07-06
behaviour_v1,136,1,no_activity_flag,0,2026-07-06
behaviour_v1,137,1,no_activity_flag,0,2026-07-06
behaviour_v1,138,1,no_activity_flag,0,2026-07-06
behaviour_v1,139,1,no_activity_flag,0,2026-07-06
behaviour_v1,140,1,no_activity_flag,0,2026-07-06
behaviour_v1,141,1,no_activity_flag,0,2026-07-06
behaviour_v1,142,1,no_activity_flag,0,2026-07-06
behaviour_v1,143,1,no_activity_flag,0,2026-07-06
behaviour_v1,144,1,no_activity_flag,0,2026-07-06
behaviour_v1,145,1,no_activity_flag,0,2026-07-06
behaviour_v1,146,1,no_activity_flag,0,2026-07-06
behaviour_v1,147,1,no_activity_flag,0,2026-07-06
behaviour_v1,148,1,no_activity_flag,0,2026-07-06
behaviour_v1,149,1,no_activity_flag,0,2026-07-06
behaviour_v1,150,1,no_activity_flag,0,2026-07-06
behaviour_v1,151,1,no_activity_flag,0,2026-07-06
behaviour_v1,152,1,no_activity_flag,0,2026-07-06
behaviour_v1,153,1,no_activity_flag,0,2026-07-06
behaviour_v1,154,1,no_activity_flag,0,2026-07-06
behaviour_v1,155,1,no_activity_flag,0,2026-07-06
behaviour_v1,156,1,no_activity_flag,0,2026-07-06
behaviour_v1,157,1,no_activity_flag,0,2026-07-06
behaviour_v1,158,1,no_activity_flag,0,2026-07-06
behaviour_v1,159,1,no_activity_flag,0,2026-07-06
behaviour_v1,160,1,no_activity_flag,0,2026-07-06
behaviour_v1,161,1,no_activity_flag,0,2026-07-06
behaviour_v1,162,1,no_activity_flag,0,2026-07-06
behaviour_v1,163,1,no_activity_flag,0,2026-07-06
behaviour_v1,164,1,no_activity_flag,0,2026-07-06
behaviour_v1,165,1,no_activity_flag,0,2026-07-06
behaviour_v1,166,1,no_activity_flag,0,2026-07-06
behaviour_v1,167,1,no_activity_flag,0,2026-07-06
behaviour_v1,168,1,no_activity_flag,0,2026-07-06
behaviour_v1,169,1,no_activity_flag,0,2026-07-06
behaviour_v1,170,1,no_activity_flag,1,2026-07-06
behaviour_v1,171,1,no_activity_flag,1,2026-07-06
academic_v1,2,1,avg_score_so_far,70.53999999999999,2026-07-06
academic_v1,4,1,avg_score_so_far,83.28666666666666,2026-07-06
academic_v1,5,1,avg_score_so_far,86.00666666666666,2026-07-06
academic_v1,7,1,avg_score_so_far,53.53333333333333,2026-07-06
academic_v1,8,1,avg_score_so_far,57.940000000000005,2026-07-06
academic_v1,9,1,avg_score_so_far,67.83733333333333,2026-07-06
academic_v1,10,1,avg_score_so_far,60.08181818181818,2026-07-06
academic_v1,11,1,avg_score_so_far,77.07142857142857,2026-07-06
academic_v1,12,1,avg_score_so_far,79.43333333333334,2026-07-06
academic_v1,13,1,avg_score_so_far,98.49333333333334,2026-07-06
academic_v1,14,1,avg_score_so_far,82.82142857142857,2026-07-06
academic_v1,15,1,avg_score_so_far,88.74666666666667,2026-07-06
academic_v1,16,1,avg_score_so_far,68.83333333333333,2026-07-06
academic_v1,17,1,avg_score_so_far,35.857142857142854,2026-07-06
academic_v1,18,1,avg_score_so_far,0.0,2026-07-06
academic_v1,19,1,avg_score_so_far,93.65333333333334,2026-07-06
academic_v1,20,1,avg_score_so_far,53.875,2026-07-06
academic_v1,21,1,avg_score_so_far,67.8875,2026-07-06
academic_v1,22,1,avg_score_so_far,96.584,2026-07-06
academic_v1,23,1,avg_score_so_far,85.1,2026-07-06
academic_v1,24,1,avg_score_so_far,83.38888888888889,2026-07-06
academic_v1,25,1,avg_score_so_far,77.36,2026-07-06
academic_v1,26,1,avg_score_so_far,38.083333333333336,2026-07-06
academic_v1,27,1,avg_score_so_far,51.684615384615384,2026-07-06
academic_v1,28,1,avg_score_so_far,26.125,2026-07-06
academic_v1,29,1,avg_score_so_far,75.61428571428571,2026-07-06
academic_v1,30,1,avg_score_so_far,41.666666666666664,2026-07-06
academic_v1,31,1,avg_score_so_far,90.15333333333334,2026-07-06
academic_v1,32,1,avg_score_so_far,84.09285714285714,2026-07-06
academic_v1,33,1,avg_score_so_far,88.39666666666668,2026-07-06
academic_v1,34,1,avg_score_so_far,76.96153846153847,2026-07-06
academic_v1,35,1,avg_score_so_far,84.97333333333333,2026-07-06
academic_v1,36,1,avg_score_so_far,67.6,2026-07-06
academic_v1,37,1,avg_score_so_far,77.27142857142857,2026-07-06
academic_v1,38,1,avg_score_so_far,67.25333333333333,2026-07-06
academic_v1,39,1,avg_score_so_far,81.94266666666667,2026-07-06
academic_v1,40,1,avg_score_so_far,62.392857142857146,2026-07-06
academic_v1,41,1,avg_score_so_far,38.9,2026-07-06
academic_v1,42,1,avg_score_so_far,84.34615384615384,2026-07-06
academic_v1,43,1,avg_score_so_far,82.27857142857144,2026-07-06
academic_v1,44,1,avg_score_so_far,83.9076923076923,2026-07-06
academic_v1,45,1,avg_score_so_far,89.08666666666666,2026-07-06
academic_v1,46,1,avg_score_so_far,72.78666666666666,2026-07-06
academic_v1,47,1,avg_score_so_far,83.44666666666667,2026-07-06
academic_v1,48,1,avg_score_so_far,72.25733333333332,2026-07-06
academic_v1,49,1,avg_score_so_far,63.333333333333336,2026-07-06
academic_v1,50,1,avg_score_so_far,46.2,2026-07-06
academic_v1,51,1,avg_score_so_far,87.73571428571428,2026-07-06
academic_v1,52,1,avg_score_so_far,71.03333333333333,2026-07-06
academic_v1,53,1,avg_score_so_far,57.03333333333333,2026-07-06
academic_v1,54,1,avg_score_so_far,74.99230769230769,2026-07-06
academic_v1,55,1,avg_score_so_far,45.13636363636363,2026-07-06
academic_v1,56,1,avg_score_so_far,78.56666666666666,2026-07-06
academic_v1,57,1,avg_score_so_far,57.333333333333336,2026-07-06
academic_v1,58,1,avg_score_so_far,26.375,2026-07-06
academic_v1,59,1,avg_score_so_far,55.67777777777778,2026-07-06
academic_v1,60,1,avg_score_so_far,90.91333333333334,2026-07-06
academic_v1,61,1,avg_score_so_far,91.0,2026-07-06
academic_v1,62,1,avg_score_so_far,74.58,2026-07-06
academic_v1,63,1,avg_score_so_far,79.5,2026-07-06
academic_v1,64,1,avg_score_so_far,48.730000000000004,2026-07-06
academic_v1,65,1,avg_score_so_far,83.24666666666667,2026-07-06
academic_v1,66,1,avg_score_so_far,74.21333333333334,2026-07-06
academic_v1,67,1,avg_score_so_far,87.22666666666667,2026-07-06
academic_v1,68,1,avg_score_so_far,75.48666666666666,2026-07-06
academic_v1,69,1,avg_score_so_far,71.59466666666667,2026-07-06
academic_v1,70,1,avg_score_so_far,95.83733333333333,2026-07-06
academic_v1,71,1,avg_score_so_far,54.642857142857146,2026-07-06
academic_v1,72,1,avg_score_so_far,75.97333333333333,2026-07-06
academic_v1,73,1,avg_score_so_far,53.4,2026-07-06
academic_v1,74,1,avg_score_so_far,76.5,2026-07-06
academic_v1,75,1,avg_score_so_far,73.39285714285714,2026-07-06
academic_v1,76,1,avg_score_so_far,64.23333333333333,2026-07-06
academic_v1,77,1,avg_score_so_far,70.47,2026-07-06
academic_v1,78,1,avg_score_so_far,76.72142857142856,2026-07-06
academic_v1,79,1,avg_score_so_far,70.85714285714286,2026-07-06
academic_v1,80,1,avg_score_so_far,81.77333333333333,2026-07-06
academic_v1,81,1,avg_score_so_far,35.906666666666666,2026-07-06
academic_v1,82,1,avg_score_so_far,92.12666666666668,2026-07-06
academic_v1,83,1,avg_score_so_far,68.04,2026-07-06
academic_v1,84,1,avg_score_so_far,83.09333333333333,2026-07-06
academic_v1,85,1,avg_score_so_far,69.76666666666667,2026-07-06
academic_v1,86,1,avg_score_so_far,57.76666666666667,2026-07-06
academic_v1,87,1,avg_score_so_far,59.17857142857143,2026-07-06
academic_v1,88,1,avg_score_so_far,74.33333333333333,2026-07-06
academic_v1,89,1,avg_score_so_far,14.0,2026-07-06
academic_v1,90,1,avg_score_so_far,87.90666666666667,2026-07-06
academic_v1,91,1,avg_score_so_far,84.86,2026-07-06
academic_v1,92,1,avg_score_so_far,78.85,2026-07-06
academic_v1,93,1,avg_score_so_far,32.19230769230769,2026-07-06
academic_v1,94,1,avg_score_so_far,53.785714285714285,2026-07-06
academic_v1,96,1,avg_score_so_far,68.36,2026-07-06
academic_v1,97,1,avg_score_so_far,76.825,2026-07-06
academic_v1,98,1,avg_score_so_far,51.275,2026-07-06
academic_v1,99,1,avg_score_so_far,74.25,2026-07-06
academic_v1,100,1,avg_score_so_far,41.15,2026-07-06
academic_v1,101,1,avg_score_so_far,71.86666666666666,2026-07-06
academic_v1,102,1,avg_score_so_far,10.375,2026-07-06
academic_v1,103,1,avg_score_so_far,89.96666666666667,2026-07-06
academic_v1,104,1,avg_score_so_far,91.53333333333333,2026-07-06
academic_v1,105,1,avg_score_so_far,65.48333333333333,2026-07-06
academic_v1,106,1,avg_score_so_far,48.75714285714286,2026-07-06
academic_v1,107,1,avg_score_so_far,68.35714285714286,2026-07-06
academic_v1,108,1,avg_score_so_far,58.464285714285715,2026-07-06
academic_v1,109,1,avg_score_so_far,68.95454545454545,2026-07-06
academic_v1,110,1,avg_score_so_far,51.2,2026-07-06
academic_v1,111,1,avg_score_so_far,81.69999999999999,2026-07-06
academic_v1,112,1,avg_score_so_far,67.51428571428572,2026-07-06
academic_v1,113,1,avg_score_so_far,31.466666666666665,2026-07-06
academic_v1,114,1,avg_score_so_far,80.2,2026-07-06
academic_v1,115,1,avg_score_so_far,73.57142857142857,2026-07-06
academic_v1,116,1,avg_score_so_far,50.48333333333333,2026-07-06
academic_v1,117,1,avg_score_so_far,92.2,2026-07-06
academic_v1,118,1,avg_score_so_far,79.42,2026-07-06
academic_v1,119,1,avg_score_so_far,69.7,2026-07-06
academic_v1,120,1,avg_score_so_far,88.57857142857142,2026-07-06
academic_v1,121,1,avg_score_so_far,48.625,2026-07-06
academic_v1,122,1,avg_score_so_far,92.64,2026-07-06
academic_v1,123,1,avg_score_so_far,34.05,2026-07-06
academic_v1,124,1,avg_score_so_far,80.41333333333334,2026-07-06
academic_v1,125,1,avg_score_so_far,85.4,2026-07-06
academic_v1,126,1,avg_score_so_far,65.63333333333334,2026-07-06
academic_v1,127,1,avg_score_so_far,38.95454545454545,2026-07-06
academic_v1,128,1,avg_score_so_far,67.86666666666666,2026-07-06
academic_v1,129,1,avg_score_so_far,55.0,2026-07-06
academic_v1,130,1,avg_score_so_far,64.725,2026-07-06
academic_v1,131,1,avg_score_so_far,87.54666666666667,2026-07-06
academic_v1,132,1,avg_score_so_far,79.64999999999999,2026-07-06
academic_v1,133,1,avg_score_so_far,24.685714285714287,2026-07-06
academic_v1,134,1,avg_score_so_far,54.333333333333336,2026-07-06
academic_v1,135,1,avg_score_so_far,78.47857142857143,2026-07-06
academic_v1,136,1,avg_score_so_far,73.15714285714286,2026-07-06
academic_v1,137,1,avg_score_so_far,78.88000000000001,2026-07-06
academic_v1,138,1,avg_score_so_far,74.6923076923077,2026-07-06
academic_v1,139,1,avg_score_so_far,45.61538461538461,2026-07-06
academic_v1,140,1,avg_score_so_far,5.5,2026-07-06
academic_v1,141,1,avg_score_so_far,55.29,2026-07-06
academic_v1,142,1,avg_score_so_far,89.41428571428571,2026-07-06
academic_v1,143,1,avg_score_so_far,45.142857142857146,2026-07-06
academic_v1,144,1,avg_score_so_far,62.5,2026-07-06
academic_v1,145,1,avg_score_so_far,58.875,2026-07-06
academic_v1,146,1,avg_score_so_far,60.07142857142857,2026-07-06
academic_v1,147,1,avg_score_so_far,65.25,2026-07-06
academic_v1,148,1,avg_score_so_far,58.28888888888889,2026-07-06
academic_v1,149,1,avg_score_so_far,87.92857142857143,2026-07-06
academic_v1,150,1,avg_score_so_far,90.14999999999999,2026-07-06
academic_v1,151,1,avg_score_so_far,53.9,2026-07-06
academic_v1,152,1,avg_score_so_far,19.5,2026-07-06
academic_v1,153,1,avg_score_so_far,52.29230769230769,2026-07-06
academic_v1,154,1,avg_score_so_far,11.4,2026-07-06
academic_v1,155,1,avg_score_so_far,0.0,2026-07-06
academic_v1,156,1,avg_score_so_far,84.06,2026-07-06
academic_v1,157,1,avg_score_so_far,19.15,2026-07-06
academic_v1,158,1,avg_score_so_far,8.25,2026-07-06
academic_v1,159,1,avg_score_so_far,34.5,2026-07-06
academic_v1,160,1,avg_score_so_far,12.5,2026-07-06
academic_v1,161,1,avg_score_so_far,20.166666666666668,2026-07-06
academic_v1,162,1,avg_score_so_far,29.791666666666668,2026-07-06
academic_v1,163,1,avg_score_so_far,67.22222222222223,2026-07-06
academic_v1,164,1,avg_score_so_far,0.0,2026-07-06
academic_v1,165,1,avg_score_so_far,33.0,2026-07-06
academic_v1,166,1,avg_score_so_far,5.5,2026-07-06
academic_v1,167,1,avg_score_so_far,0.0,2026-07-06
academic_v1,168,1,avg_score_so_far,23.375,2026-07-06
academic_v1,169,1,avg_score_so_far,0.0,2026-07-06
academic_v1,170,1,avg_score_so_far,0.0,2026-07-06
academic_v1,171,1,avg_score_so_far,0.0,2026-07-06
academic_v1,2,1,max_score_so_far,100.0,2026-07-06
academic_v1,4,1,max_score_so_far,100.0,2026-07-06
academic_v1,5,1,max_score_so_far,100.0,2026-07-06
academic_v1,7,1,max_score_so_far,80.0,2026-07-06
academic_v1,8,1,max_score_so_far,94.0,2026-07-06
academic_v1,9,1,max_score_so_far,100.0,2026-07-06
academic_v1,10,1,max_score_so_far,95.0,2026-07-06
academic_v1,11,1,max_score_so_far,100.0,2026-07-06
academic_v1,12,1,max_score_so_far,100.0,2026-07-06
academic_v1,13,1,max_score_so_far,100.0,2026-07-06
academic_v1,14,1,max_score_so_far,100.0,2026-07-06
academic_v1,15,1,max_score_so_far,100.0,2026-07-06
academic_v1,16,1,max_score_so_far,100.0,2026-07-06
academic_v1,17,1,max_score_so_far,100.0,2026-07-06
academic_v1,18,1,max_score_so_far,0.0,2026-07-06
academic_v1,19,1,max_score_so_far,100.0,2026-07-06
academic_v1,20,1,max_score_so_far,100.0,2026-07-06
academic_v1,21,1,max_score_so_far,100.0,2026-07-06
academic_v1,22,1,max_score_so_far,100.0,2026-07-06
academic_v1,23,1,max_score_so_far,100.0,2026-07-06
academic_v1,24,1,max_score_so_far,100.0,2026-07-06
academic_v1,25,1,max_score_so_far,100.0,2026-07-06
academic_v1,26,1,max_score_so_far,70.0,2026-07-06
academic_v1,27,1,max_score_so_far,80.0,2026-07-06
academic_v1,28,1,max_score_so_far,95.0,2026-07-06
academic_v1,29,1,max_score_so_far,100.0,2026-07-06
academic_v1,30,1,max_score_so_far,95.0,2026-07-06
academic_v1,31,1,max_score_so_far,100.0,2026-07-06
academic_v1,32,1,max_score_so_far,100.0,2026-07-06
academic_v1,33,1,max_score_so_far,100.0,2026-07-06
academic_v1,34,1,max_score_so_far,100.0,2026-07-06
academic_v1,35,1,max_score_so_far,100.0,2026-07-06
academic_v1,36,1,max_score_so_far,90.0,2026-07-06
academic_v1,37,1,max_score_so_far,95.0,2026-07-06
academic_v1,38,1,max_score_so_far,92.0,2026-07-06
academic_v1,39,1,max_score_so_far,100.0,2026-07-06
academic_v1,40,1,max_score_so_far,100.0,2026-07-06
academic_v1,41,1,max_score_so_far,60.0,2026-07-06
academic_v1,42,1,max_score_so_far,100.0,2026-07-06
academic_v1,43,1,max_score_so_far,100.0,2026-07-06
academic_v1,44,1,max_score_so_far,100.0,2026-07-06
academic_v1,45,1,max_score_so_far,100.0,2026-07-06
academic_v1,46,1,max_score_so_far,90.0,2026-07-06
academic_v1,47,1,max_score_so_far,100.0,2026-07-06
academic_v1,48,1,max_score_so_far,100.0,2026-07-06
academic_v1,49,1,max_score_so_far,100.0,2026-07-06
academic_v1,50,1,max_score_so_far,84.0,2026-07-06
academic_v1,51,1,max_score_so_far,100.0,2026-07-06
academic_v1,52,1,max_score_so_far,100.0,2026-07-06
academic_v1,53,1,max_score_so_far,100.0,2026-07-06
academic_v1,54,1,max_score_so_far,100.0,2026-07-06
academic_v1,55,1,max_score_so_far,75.0,2026-07-06
academic_v1,56,1,max_score_so_far,100.0,2026-07-06
academic_v1,57,1,max_score_so_far,100.0,2026-07-06
academic_v1,58,1,max_score_so_far,55.0,2026-07-06
academic_v1,59,1,max_score_so_far,85.0,2026-07-06
academic_v1,60,1,max_score_so_far,100.0,2026-07-06
academic_v1,61,1,max_score_so_far,100.0,2026-07-06
academic_v1,62,1,max_score_so_far,95.0,2026-07-06
academic_v1,63,1,max_score_so_far,100.0,2026-07-06
academic_v1,64,1,max_score_so_far,80.0,2026-07-06
academic_v1,65,1,max_score_so_far,95.0,2026-07-06
academic_v1,66,1,max_score_so_far,100.0,2026-07-06
academic_v1,67,1,max_score_so_far,100.0,2026-07-06
academic_v1,68,1,max_score_so_far,100.0,2026-07-06
academic_v1,69,1,max_score_so_far,100.0,2026-07-06
academic_v1,70,1,max_score_so_far,100.0,2026-07-06
academic_v1,71,1,max_score_so_far,80.0,2026-07-06
academic_v1,72,1,max_score_so_far,100.0,2026-07-06
academic_v1,73,1,max_score_so_far,100.0,2026-07-06
academic_v1,74,1,max_score_so_far,95.0,2026-07-06
academic_v1,75,1,max_score_so_far,100.0,2026-07-06
academic_v1,76,1,max_score_so_far,100.0,2026-07-06
academic_v1,77,1,max_score_so_far,100.0,2026-07-06
academic_v1,78,1,max_score_so_far,100.0,2026-07-06
academic_v1,79,1,max_score_so_far,100.0,2026-07-06
academic_v1,80,1,max_score_so_far,100.0,2026-07-06
academic_v1,81,1,max_score_so_far,75.0,2026-07-06
academic_v1,82,1,max_score_so_far,100.0,2026-07-06
academic_v1,83,1,max_score_so_far,100.0,2026-07-06
academic_v1,84,1,max_score_so_far,100.0,2026-07-06
academic_v1,85,1,max_score_so_far,100.0,2026-07-06
academic_v1,86,1,max_score_so_far,100.0,2026-07-06
academic_v1,87,1,max_score_so_far,100.0,2026-07-06
academic_v1,88,1,max_score_so_far,100.0,2026-07-06
academic_v1,89,1,max_score_so_far,38.0,2026-07-06
academic_v1,90,1,max_score_so_far,100.0,2026-07-06
academic_v1,91,1,max_score_so_far,100.0,2026-07-06
academic_v1,92,1,max_score_so_far,100.0,2026-07-06
academic_v1,93,1,max_score_so_far,60.0,2026-07-06
academic_v1,94,1,max_score_so_far,90.0,2026-07-06
academic_v1,96,1,max_score_so_far,100.0,2026-07-06
academic_v1,97,1,max_score_so_far,100.0,2026-07-06
academic_v1,98,1,max_score_so_far,100.0,2026-07-06
academic_v1,99,1,max_score_so_far,100.0,2026-07-06
academic_v1,100,1,max_score_so_far,75.0,2026-07-06
academic_v1,101,1,max_score_so_far,90.0,2026-07-06
academic_v1,102,1,max_score_so_far,25.0,2026-07-06
academic_v1,103,1,max_score_so_far,100.0,2026-07-06
academic_v1,104,1,max_score_so_far,100.0,2026-07-06
academic_v1,105,1,max_score_so_far,90.0,2026-07-06
academic_v1,106,1,max_score_so_far,100.0,2026-07-06
academic_v1,107,1,max_score_so_far,100.0,2026-07-06
academic_v1,108,1,max_score_so_far,85.0,2026-07-06
academic_v1,109,1,max_score_so_far,90.0,2026-07-06
academic_v1,110,1,max_score_so_far,70.0,2026-07-06
academic_v1,111,1,max_score_so_far,100.0,2026-07-06
academic_v1,112,1,max_score_so_far,100.0,2026-07-06
academic_v1,113,1,max_score_so_far,75.0,2026-07-06
academic_v1,114,1,max_score_so_far,100.0,2026-07-06
academic_v1,115,1,max_score_so_far,100.0,2026-07-06
academic_v1,116,1,max_score_so_far,78.0,2026-07-06
academic_v1,117,1,max_score_so_far,100.0,2026-07-06
academic_v1,118,1,max_score_so_far,100.0,2026-07-06
academic_v1,119,1,max_score_so_far,100.0,2026-07-06
academic_v1,120,1,max_score_so_far,100.0,2026-07-06
academic_v1,121,1,max_score_so_far,80.0,2026-07-06
academic_v1,122,1,max_score_so_far,100.0,2026-07-06
academic_v1,123,1,max_score_so_far,63.0,2026-07-06
academic_v1,124,1,max_score_so_far,95.0,2026-07-06
academic_v1,125,1,max_score_so_far,100.0,2026-07-06
academic_v1,126,1,max_score_so_far,100.0,2026-07-06
academic_v1,127,1,max_score_so_far,85.0,2026-07-06
academic_v1,128,1,max_score_so_far,85.0,2026-07-06
academic_v1,129,1,max_score_so_far,100.0,2026-07-06
academic_v1,130,1,max_score_so_far,100.0,2026-07-06
academic_v1,131,1,max_score_so_far,100.0,2026-07-06
academic_v1,132,1,max_score_so_far,100.0,2026-07-06
academic_v1,133,1,max_score_so_far,50.0,2026-07-06
academic_v1,134,1,max_score_so_far,95.0,2026-07-06
academic_v1,135,1,max_score_so_far,100.0,2026-07-06
academic_v1,136,1,max_score_so_far,83.85,2026-07-06
academic_v1,137,1,max_score_so_far,100.0,2026-07-06
academic_v1,138,1,max_score_so_far,100.0,2026-07-06
academic_v1,139,1,max_score_so_far,80.0,2026-07-06
academic_v1,140,1,max_score_so_far,20.0,2026-07-06
academic_v1,141,1,max_score_so_far,100.0,2026-07-06
academic_v1,142,1,max_score_so_far,100.0,2026-07-06
academic_v1,143,1,max_score_so_far,90.0,2026-07-06
academic_v1,144,1,max_score_so_far,95.0,2026-07-06
academic_v1,145,1,max_score_so_far,100.0,2026-07-06
academic_v1,146,1,max_score_so_far,75.0,2026-07-06
academic_v1,147,1,max_score_so_far,100.0,2026-07-06
academic_v1,148,1,max_score_so_far,100.0,2026-07-06
academic_v1,149,1,max_score_so_far,100.0,2026-07-06
academic_v1,150,1,max_score_so_far,100.0,2026-07-06
academic_v1,151,1,max_score_so_far,100.0,2026-07-06
academic_v1,152,1,max_score_so_far,38.0,2026-07-06
academic_v1,153,1,max_score_so_far,65.0,2026-07-06
academic_v1,154,1,max_score_so_far,50.0,2026-07-06
academic_v1,155,1,max_score_so_far,0.0,2026-07-06
academic_v1,156,1,max_score_so_far,100.0,2026-07-06
academic_v1,157,1,max_score_so_far,80.0,2026-07-06
academic_v1,158,1,max_score_so_far,33.0,2026-07-06
academic_v1,159,1,max_score_so_far,90.0,2026-07-06
academic_v1,160,1,max_score_so_far,50.0,2026-07-06
academic_v1,161,1,max_score_so_far,50.0,2026-07-06
academic_v1,162,1,max_score_so_far,80.0,2026-07-06
academic_v1,163,1,max_score_so_far,100.0,2026-07-06
academic_v1,164,1,max_score_so_far,0.0,2026-07-06
academic_v1,165,1,max_score_so_far,80.0,2026-07-06
academic_v1,166,1,max_score_so_far,20.0,2026-07-06
academic_v1,167,1,max_score_so_far,0.0,2026-07-06
academic_v1,168,1,max_score_so_far,85.0,2026-07-06
academic_v1,169,1,max_score_so_far,0.0,2026-07-06
academic_v1,170,1,max_score_so_far,0.0,2026-07-06
academic_v1,171,1,max_score_so_far,0.0,2026-07-06
academic_v1,2,1,min_score_so_far,0.0,2026-07-06
academic_v1,4,1,min_score_so_far,60.0,2026-07-06
academic_v1,5,1,min_score_so_far,10.0,2026-07-06
academic_v1,7,1,min_score_so_far,31.0,2026-07-06
academic_v1,8,1,min_score_so_far,0.0,2026-07-06
academic_v1,9,1,min_score_so_far,0.0,2026-07-06
academic_v1,10,1,min_score_so_far,10.0,2026-07-06
academic_v1,11,1,min_score_so_far,0.0,2026-07-06
academic_v1,12,1,min_score_so_far,40.0,2026-07-06
academic_v1,13,1,min_score_so_far,88.7,2026-07-06
academic_v1,14,1,min_score_so_far,0.0,2026-07-06
academic_v1,15,1,min_score_so_far,70.0,2026-07-06
academic_v1,16,1,min_score_so_far,0.0,2026-07-06
academic_v1,17,1,min_score_so_far,0.0,2026-07-06
academic_v1,18,1,min_score_so_far,0.0,2026-07-06
academic_v1,19,1,min_score_so_far,70.0,2026-07-06
academic_v1,20,1,min_score_so_far,20.0,2026-07-06
academic_v1,21,1,min_score_so_far,26.5,2026-07-06
academic_v1,22,1,min_score_so_far,88.13,2026-07-06
academic_v1,23,1,min_score_so_far,55.5,2026-07-06
academic_v1,24,1,min_score_so_far,38.5,2026-07-06
academic_v1,25,1,min_score_so_far,46.2,2026-07-06
academic_v1,26,1,min_score_so_far,0.0,2026-07-06
academic_v1,27,1,min_score_so_far,30.0,2026-07-06
academic_v1,28,1,min_score_so_far,0.0,2026-07-06
academic_v1,29,1,min_score_so_far,56.05,2026-07-06
academic_v1,30,1,min_score_so_far,5.5,2026-07-06
academic_v1,31,1,min_score_so_far,65.8,2026-07-06
academic_v1,32,1,min_score_so_far,59.0,2026-07-06
academic_v1,33,1,min_score_so_far,60.0,2026-07-06
academic_v1,34,1,min_score_so_far,20.0,2026-07-06
academic_v1,35,1,min_score_so_far,70.35,2026-07-06
academic_v1,36,1,min_score_so_far,35.0,2026-07-06
academic_v1,37,1,min_score_so_far,55.0,2026-07-06
academic_v1,38,1,min_score_so_far,35.0,2026-07-06
academic_v1,39,1,min_score_so_far,61.57,2026-07-06
academic_v1,40,1,min_score_so_far,19.0,2026-07-06
academic_v1,41,1,min_score_so_far,0.0,2026-07-06
academic_v1,42,1,min_score_so_far,60.0,2026-07-06
academic_v1,43,1,min_score_so_far,45.0,2026-07-06
academic_v1,44,1,min_score_so_far,67.9,2026-07-06
academic_v1,45,1,min_score_so_far,65.0,2026-07-06
academic_v1,46,1,min_score_so_far,40.0,2026-07-06
academic_v1,47,1,min_score_so_far,60.0,2026-07-06
academic_v1,48,1,min_score_so_far,25.0,2026-07-06
academic_v1,49,1,min_score_so_far,29.0,2026-07-06
academic_v1,50,1,min_score_so_far,20.0,2026-07-06
academic_v1,51,1,min_score_so_far,50.0,2026-07-06
academic_v1,52,1,min_score_so_far,50.0,2026-07-06
academic_v1,53,1,min_score_so_far,19.7,2026-07-06
academic_v1,54,1,min_score_so_far,30.0,2026-07-06
academic_v1,55,1,min_score_so_far,0.0,2026-07-06
academic_v1,56,1,min_score_so_far,0.0,2026-07-06
academic_v1,57,1,min_score_so_far,10.0,2026-07-06
academic_v1,58,1,min_score_so_far,0.0,2026-07-06
academic_v1,59,1,min_score_so_far,29.0,2026-07-06
academic_v1,60,1,min_score_so_far,80.0,2026-07-06
academic_v1,61,1,min_score_so_far,60.0,2026-07-06
academic_v1,62,1,min_score_so_far,50.0,2026-07-06
academic_v1,63,1,min_score_so_far,40.0,2026-07-06
academic_v1,64,1,min_score_so_far,10.0,2026-07-06
academic_v1,65,1,min_score_so_far,58.0,2026-07-06
academic_v1,66,1,min_score_so_far,30.0,2026-07-06
academic_v1,67,1,min_score_so_far,67.7,2026-07-06
academic_v1,68,1,min_score_so_far,30.0,2026-07-06
academic_v1,69,1,min_score_so_far,47.21,2026-07-06
academic_v1,70,1,min_score_so_far,88.28,2026-07-06
academic_v1,71,1,min_score_so_far,0.0,2026-07-06
academic_v1,72,1,min_score_so_far,40.0,2026-07-06
academic_v1,73,1,min_score_so_far,0.0,2026-07-06
academic_v1,74,1,min_score_so_far,30.0,2026-07-06
academic_v1,75,1,min_score_so_far,40.0,2026-07-06
academic_v1,76,1,min_score_so_far,20.0,2026-07-06
academic_v1,77,1,min_score_so_far,38.0,2026-07-06
academic_v1,78,1,min_score_so_far,50.0,2026-07-06
academic_v1,79,1,min_score_so_far,40.0,2026-07-06
academic_v1,80,1,min_score_so_far,65.0,2026-07-06
academic_v1,81,1,min_score_so_far,10.0,2026-07-06
academic_v1,82,1,min_score_so_far,70.0,2026-07-06
academic_v1,83,1,min_score_so_far,40.0,2026-07-06
academic_v1,84,1,min_score_so_far,69.0,2026-07-06
academic_v1,85,1,min_score_so_far,0.0,2026-07-06
academic_v1,86,1,min_score_so_far,20.0,2026-07-06
academic_v1,87,1,min_score_so_far,0.0,2026-07-06
academic_v1,88,1,min_score_so_far,0.0,2026-07-06
academic_v1,89,1,min_score_so_far,0.0,2026-07-06
academic_v1,90,1,min_score_so_far,79.0,2026-07-06
academic_v1,91,1,min_score_so_far,50.0,2026-07-06
academic_v1,92,1,min_score_so_far,43.5,2026-07-06
academic_v1,93,1,min_score_so_far,0.0,2026-07-06
academic_v1,94,1,min_score_so_far,17.0,2026-07-06
academic_v1,96,1,min_score_so_far,1.2,2026-07-06
academic_v1,97,1,min_score_so_far,55.5,2026-07-06
academic_v1,98,1,min_score_so_far,0.0,2026-07-06
academic_v1,99,1,min_score_so_far,0.0,2026-07-06
academic_v1,100,1,min_score_so_far,0.0,2026-07-06
academic_v1,101,1,min_score_so_far,43.0,2026-07-06
academic_v1,102,1,min_score_so_far,0.0,2026-07-06
academic_v1,103,1,min_score_so_far,40.0,2026-07-06
academic_v1,104,1,min_score_so_far,75.0,2026-07-06
academic_v1,105,1,min_score_so_far,25.0,2026-07-06
academic_v1,106,1,min_score_so_far,0.0,2026-07-06
academic_v1,107,1,min_score_so_far,30.0,2026-07-06
academic_v1,108,1,min_score_so_far,0.0,2026-07-06
academic_v1,109,1,min_score_so_far,43.5,2026-07-06
academic_v1,110,1,min_score_so_far,27.0,2026-07-06
academic_v1,111,1,min_score_so_far,63.3,2026-07-06
academic_v1,112,1,min_score_so_far,30.0,2026-07-06
academic_v1,113,1,min_score_so_far,0.0,2026-07-06
academic_v1,114,1,min_score_so_far,60.0,2026-07-06
academic_v1,115,1,min_score_so_far,50.0,2026-07-06
academic_v1,116,1,min_score_so_far,0.0,2026-07-06
academic_v1,117,1,min_score_so_far,50.0,2026-07-06
academic_v1,118,1,min_score_so_far,30.0,2026-07-06
academic_v1,119,1,min_score_so_far,10.0,2026-07-06
academic_v1,120,1,min_score_so_far,64.0,2026-07-06
academic_v1,121,1,min_score_so_far,18.5,2026-07-06
academic_v1,122,1,min_score_so_far,78.73,2026-07-06
academic_v1,123,1,min_score_so_far,0.0,2026-07-06
academic_v1,124,1,min_score_so_far,69.0,2026-07-06
academic_v1,125,1,min_score_so_far,70.0,2026-07-06
academic_v1,126,1,min_score_so_far,0.0,2026-07-06
academic_v1,127,1,min_score_so_far,0.0,2026-07-06
academic_v1,128,1,min_score_so_far,51.0,2026-07-06
academic_v1,129,1,min_score_so_far,20.0,2026-07-06
academic_v1,130,1,min_score_so_far,23.0,2026-07-06
academic_v1,131,1,min_score_so_far,76.35,2026-07-06
academic_v1,132,1,min_score_so_far,50.0,2026-07-06
academic_v1,133,1,min_score_so_far,0.0,2026-07-06
academic_v1,134,1,min_score_so_far,20.0,2026-07-06
academic_v1,135,1,min_score_so_far,37.0,2026-07-06
academic_v1,136,1,min_score_so_far,65.0,2026-07-06
academic_v1,137,1,min_score_so_far,50.35,2026-07-06
academic_v1,138,1,min_score_so_far,30.0,2026-07-06
academic_v1,139,1,min_score_so_far,0.0,2026-07-06
academic_v1,140,1,min_score_so_far,0.0,2026-07-06
academic_v1,141,1,min_score_so_far,30.0,2026-07-06
academic_v1,142,1,min_score_so_far,75.0,2026-07-06
academic_v1,143,1,min_score_so_far,0.0,2026-07-06
academic_v1,144,1,min_score_so_far,0.0,2026-07-06
academic_v1,145,1,min_score_so_far,0.0,2026-07-06
academic_v1,146,1,min_score_so_far,14.5,2026-07-06
academic_v1,147,1,min_score_so_far,12.75,2026-07-06
academic_v1,148,1,min_score_so_far,30.0,2026-07-06
academic_v1,149,1,min_score_so_far,62.75,2026-07-06
academic_v1,150,1,min_score_so_far,49.0,2026-07-06
academic_v1,151,1,min_score_so_far,0.0,2026-07-06
academic_v1,152,1,min_score_so_far,0.0,2026-07-06
academic_v1,153,1,min_score_so_far,10.0,2026-07-06
academic_v1,154,1,min_score_so_far,0.0,2026-07-06
academic_v1,155,1,min_score_so_far,0.0,2026-07-06
academic_v1,156,1,min_score_so_far,50.0,2026-07-06
academic_v1,157,1,min_score_so_far,0.0,2026-07-06
academic_v1,158,1,min_score_so_far,0.0,2026-07-06
academic_v1,159,1,min_score_so_far,0.0,2026-07-06
academic_v1,160,1,min_score_so_far,0.0,2026-07-06
academic_v1,161,1,min_score_so_far,0.0,2026-07-06
academic_v1,162,1,min_score_so_far,0.0,2026-07-06
academic_v1,163,1,min_score_so_far,0.0,2026-07-06
academic_v1,164,1,min_score_so_far,0.0,2026-07-06
academic_v1,165,1,min_score_so_far,0.0,2026-07-06
academic_v1,166,1,min_score_so_far,0.0,2026-07-06
academic_v1,167,1,min_score_so_far,0.0,2026-07-06
academic_v1,168,1,min_score_so_far,0.0,2026-07-06
academic_v1,169,1,min_score_so_far,0.0,2026-07-06
academic_v1,170,1,min_score_so_far,0.0,2026-07-06
academic_v1,171,1,min_score_so_far,0.0,2026-07-06
academic_v1,2,1,pass_assessment_count,20.0,2026-07-06
academic_v1,4,1,pass_assessment_count,30.0,2026-07-06
academic_v1,5,1,pass_assessment_count,28.0,2026-07-06
academic_v1,7,1,pass_assessment_count,18.0,2026-07-06
academic_v1,8,1,pass_assessment_count,22.0,2026-07-06
academic_v1,9,1,pass_assessment_count,24.0,2026-07-06
academic_v1,10,1,pass_assessment_count,12.0,2026-07-06
academic_v1,11,1,pass_assessment_count,24.0,2026-07-06
academic_v1,12,1,pass_assessment_count,28.0,2026-07-06
academic_v1,13,1,pass_assessment_count,30.0,2026-07-06
academic_v1,14,1,pass_assessment_count,26.0,2026-07-06
academic_v1,15,1,pass_assessment_count,30.0,2026-07-06
academic_v1,16,1,pass_assessment_count,24.0,2026-07-06
academic_v1,17,1,pass_assessment_count,6.0,2026-07-06
academic_v1,18,1,pass_assessment_count,0.0,2026-07-06
academic_v1,19,1,pass_assessment_count,30.0,2026-07-06
academic_v1,20,1,pass_assessment_count,8.0,2026-07-06
academic_v1,21,1,pass_assessment_count,14.0,2026-07-06
academic_v1,22,1,pass_assessment_count,30.0,2026-07-06
academic_v1,23,1,pass_assessment_count,30.0,2026-07-06
academic_v1,24,1,pass_assessment_count,16.0,2026-07-06
academic_v1,25,1,pass_assessment_count,26.0,2026-07-06
academic_v1,26,1,pass_assessment_count,8.0,2026-07-06
academic_v1,27,1,pass_assessment_count,12.0,2026-07-06
academic_v1,28,1,pass_assessment_count,2.0,2026-07-06
academic_v1,29,1,pass_assessment_count,28.0,2026-07-06
academic_v1,30,1,pass_assessment_count,8.0,2026-07-06
academic_v1,31,1,pass_assessment_count,30.0,2026-07-06
academic_v1,32,1,pass_assessment_count,28.0,2026-07-06
academic_v1,33,1,pass_assessment_count,30.0,2026-07-06
academic_v1,34,1,pass_assessment_count,22.0,2026-07-06
academic_v1,35,1,pass_assessment_count,30.0,2026-07-06
academic_v1,36,1,pass_assessment_count,26.0,2026-07-06
academic_v1,37,1,pass_assessment_count,28.0,2026-07-06
academic_v1,38,1,pass_assessment_count,24.0,2026-07-06
academic_v1,39,1,pass_assessment_count,30.0,2026-07-06
academic_v1,40,1,pass_assessment_count,24.0,2026-07-06
academic_v1,41,1,pass_assessment_count,10.0,2026-07-06
academic_v1,42,1,pass_assessment_count,26.0,2026-07-06
academic_v1,43,1,pass_assessment_count,26.0,2026-07-06
academic_v1,44,1,pass_assessment_count,26.0,2026-07-06
academic_v1,45,1,pass_assessment_count,30.0,2026-07-06
academic_v1,46,1,pass_assessment_count,28.0,2026-07-06
academic_v1,47,1,pass_assessment_count,30.0,2026-07-06
academic_v1,48,1,pass_assessment_count,24.0,2026-07-06
academic_v1,49,1,pass_assessment_count,16.0,2026-07-06
academic_v1,50,1,pass_assessment_count,12.0,2026-07-06
academic_v1,51,1,pass_assessment_count,28.0,2026-07-06
academic_v1,52,1,pass_assessment_count,30.0,2026-07-06
academic_v1,53,1,pass_assessment_count,14.0,2026-07-06
academic_v1,54,1,pass_assessment_count,20.0,2026-07-06
academic_v1,55,1,pass_assessment_count,8.0,2026-07-06
academic_v1,56,1,pass_assessment_count,28.0,2026-07-06
academic_v1,57,1,pass_assessment_count,10.0,2026-07-06
academic_v1,58,1,pass_assessment_count,8.0,2026-07-06
academic_v1,59,1,pass_assessment_count,12.0,2026-07-06
academic_v1,60,1,pass_assessment_count,30.0,2026-07-06
academic_v1,61,1,pass_assessment_count,30.0,2026-07-06
academic_v1,62,1,pass_assessment_count,30.0,2026-07-06
academic_v1,63,1,pass_assessment_count,26.0,2026-07-06
academic_v1,64,1,pass_assessment_count,14.0,2026-07-06
academic_v1,65,1,pass_assessment_count,30.0,2026-07-06
academic_v1,66,1,pass_assessment_count,28.0,2026-07-06
academic_v1,67,1,pass_assessment_count,30.0,2026-07-06
academic_v1,68,1,pass_assessment_count,24.0,2026-07-06
academic_v1,69,1,pass_assessment_count,26.0,2026-07-06
academic_v1,70,1,pass_assessment_count,30.0,2026-07-06
academic_v1,71,1,pass_assessment_count,20.0,2026-07-06
academic_v1,72,1,pass_assessment_count,28.0,2026-07-06
academic_v1,73,1,pass_assessment_count,10.0,2026-07-06
academic_v1,74,1,pass_assessment_count,28.0,2026-07-06
academic_v1,75,1,pass_assessment_count,22.0,2026-07-06
academic_v1,76,1,pass_assessment_count,22.0,2026-07-06
academic_v1,77,1,pass_assessment_count,18.0,2026-07-06
academic_v1,78,1,pass_assessment_count,28.0,2026-07-06
academic_v1,79,1,pass_assessment_count,26.0,2026-07-06
academic_v1,80,1,pass_assessment_count,30.0,2026-07-06
academic_v1,81,1,pass_assessment_count,8.0,2026-07-06
academic_v1,82,1,pass_assessment_count,30.0,2026-07-06
academic_v1,83,1,pass_assessment_count,24.0,2026-07-06
academic_v1,84,1,pass_assessment_count,30.0,2026-07-06
academic_v1,85,1,pass_assessment_count,20.0,2026-07-06
academic_v1,86,1,pass_assessment_count,16.0,2026-07-06
academic_v1,87,1,pass_assessment_count,18.0,2026-07-06
academic_v1,88,1,pass_assessment_count,14.0,2026-07-06
academic_v1,89,1,pass_assessment_count,0.0,2026-07-06
academic_v1,90,1,pass_assessment_count,30.0,2026-07-06
academic_v1,91,1,pass_assessment_count,30.0,2026-07-06
academic_v1,92,1,pass_assessment_count,18.0,2026-07-06
academic_v1,93,1,pass_assessment_count,6.0,2026-07-06
academic_v1,94,1,pass_assessment_count,16.0,2026-07-06
academic_v1,96,1,pass_assessment_count,22.0,2026-07-06
academic_v1,97,1,pass_assessment_count,24.0,2026-07-06
academic_v1,98,1,pass_assessment_count,10.0,2026-07-06
academic_v1,99,1,pass_assessment_count,26.0,2026-07-06
academic_v1,100,1,pass_assessment_count,10.0,2026-07-06
academic_v1,101,1,pass_assessment_count,26.0,2026-07-06
academic_v1,102,1,pass_assessment_count,0.0,2026-07-06
academic_v1,103,1,pass_assessment_count,26.0,2026-07-06
academic_v1,104,1,pass_assessment_count,30.0,2026-07-06
academic_v1,105,1,pass_assessment_count,20.0,2026-07-06
academic_v1,106,1,pass_assessment_count,16.0,2026-07-06
academic_v1,107,1,pass_assessment_count,26.0,2026-07-06
academic_v1,108,1,pass_assessment_count,24.0,2026-07-06
academic_v1,109,1,pass_assessment_count,20.0,2026-07-06
academic_v1,110,1,pass_assessment_count,12.0,2026-07-06
academic_v1,111,1,pass_assessment_count,26.0,2026-07-06
academic_v1,112,1,pass_assessment_count,24.0,2026-07-06
academic_v1,113,1,pass_assessment_count,10.0,2026-07-06
academic_v1,114,1,pass_assessment_count,30.0,2026-07-06
academic_v1,115,1,pass_assessment_count,28.0,2026-07-06
academic_v1,116,1,pass_assessment_count,8.0,2026-07-06
academic_v1,117,1,pass_assessment_count,30.0,2026-07-06
academic_v1,118,1,pass_assessment_count,28.0,2026-07-06
academic_v1,119,1,pass_assessment_count,22.0,2026-07-06
academic_v1,120,1,pass_assessment_count,28.0,2026-07-06
academic_v1,121,1,pass_assessment_count,10.0,2026-07-06
academic_v1,122,1,pass_assessment_count,28.0,2026-07-06
academic_v1,123,1,pass_assessment_count,8.0,2026-07-06
academic_v1,124,1,pass_assessment_count,30.0,2026-07-06
academic_v1,125,1,pass_assessment_count,30.0,2026-07-06
academic_v1,126,1,pass_assessment_count,24.0,2026-07-06
academic_v1,127,1,pass_assessment_count,12.0,2026-07-06
academic_v1,128,1,pass_assessment_count,24.0,2026-07-06
academic_v1,129,1,pass_assessment_count,16.0,2026-07-06
academic_v1,130,1,pass_assessment_count,12.0,2026-07-06
academic_v1,131,1,pass_assessment_count,30.0,2026-07-06
academic_v1,132,1,pass_assessment_count,28.0,2026-07-06
academic_v1,133,1,pass_assessment_count,2.0,2026-07-06
academic_v1,134,1,pass_assessment_count,14.0,2026-07-06
academic_v1,135,1,pass_assessment_count,24.0,2026-07-06
academic_v1,136,1,pass_assessment_count,28.0,2026-07-06
academic_v1,137,1,pass_assessment_count,30.0,2026-07-06
academic_v1,138,1,pass_assessment_count,22.0,2026-07-06
academic_v1,139,1,pass_assessment_count,16.0,2026-07-06
academic_v1,140,1,pass_assessment_count,0.0,2026-07-06
academic_v1,141,1,pass_assessment_count,16.0,2026-07-06
academic_v1,142,1,pass_assessment_count,28.0,2026-07-06
academic_v1,143,1,pass_assessment_count,6.0,2026-07-06
academic_v1,144,1,pass_assessment_count,14.0,2026-07-06
academic_v1,145,1,pass_assessment_count,10.0,2026-07-06
academic_v1,146,1,pass_assessment_count,12.0,2026-07-06
academic_v1,147,1,pass_assessment_count,12.0,2026-07-06
academic_v1,148,1,pass_assessment_count,10.0,2026-07-06
academic_v1,149,1,pass_assessment_count,28.0,2026-07-06
academic_v1,150,1,pass_assessment_count,24.0,2026-07-06
academic_v1,151,1,pass_assessment_count,12.0,2026-07-06
academic_v1,152,1,pass_assessment_count,0.0,2026-07-06
academic_v1,153,1,pass_assessment_count,20.0,2026-07-06
academic_v1,154,1,pass_assessment_count,2.0,2026-07-06
academic_v1,155,1,pass_assessment_count,0.0,2026-07-06
academic_v1,156,1,pass_assessment_count,30.0,2026-07-06
academic_v1,157,1,pass_assessment_count,4.0,2026-07-06
academic_v1,158,1,pass_assessment_count,0.0,2026-07-06
academic_v1,159,1,pass_assessment_count,4.0,2026-07-06
academic_v1,160,1,pass_assessment_count,4.0,2026-07-06
academic_v1,161,1,pass_assessment_count,2.0,2026-07-06
academic_v1,162,1,pass_assessment_count,10.0,2026-07-06
academic_v1,163,1,pass_assessment_count,14.0,2026-07-06
academic_v1,164,1,pass_assessment_count,0.0,2026-07-06
academic_v1,165,1,pass_assessment_count,4.0,2026-07-06
academic_v1,166,1,pass_assessment_count,0.0,2026-07-06
academic_v1,167,1,pass_assessment_count,0.0,2026-07-06
academic_v1,168,1,pass_assessment_count,2.0,2026-07-06
academic_v1,169,1,pass_assessment_count,0.0,2026-07-06
academic_v1,170,1,pass_assessment_count,0.0,2026-07-06
academic_v1,171,1,pass_assessment_count,0.0,2026-07-06
academic_v1,2,1,latest_assessment_score,44.8,2026-07-06
academic_v1,4,1,latest_assessment_score,61.9,2026-07-06
academic_v1,5,1,latest_assessment_score,93.05,2026-07-06
academic_v1,7,1,latest_assessment_score,68.0,2026-07-06
academic_v1,8,1,latest_assessment_score,71.05,2026-07-06
academic_v1,9,1,latest_assessment_score,52.28,2026-07-06
academic_v1,10,1,latest_assessment_score,84.7,2026-07-06
academic_v1,11,1,latest_assessment_score,0.0,2026-07-06
academic_v1,12,1,latest_assessment_score,87.0,2026-07-06
academic_v1,13,1,latest_assessment_score,88.7,2026-07-06
academic_v1,14,1,latest_assessment_score,0.0,2026-07-06
academic_v1,15,1,latest_assessment_score,81.1,2026-07-06
academic_v1,16,1,latest_assessment_score,20.25,2026-07-06
academic_v1,17,1,latest_assessment_score,0.0,2026-07-06
academic_v1,18,1,latest_assessment_score,0.0,2026-07-06
academic_v1,19,1,latest_assessment_score,93.15,2026-07-06
academic_v1,20,1,latest_assessment_score,65.0,2026-07-06
academic_v1,21,1,latest_assessment_score,62.3,2026-07-06
academic_v1,22,1,latest_assessment_score,88.13,2026-07-06
academic_v1,23,1,latest_assessment_score,74.0,2026-07-06
academic_v1,24,1,latest_assessment_score,75.5,2026-07-06
academic_v1,25,1,latest_assessment_score,46.2,2026-07-06
academic_v1,26,1,latest_assessment_score,0.0,2026-07-06
academic_v1,27,1,latest_assessment_score,46.45,2026-07-06
academic_v1,28,1,latest_assessment_score,0.0,2026-07-06
academic_v1,29,1,latest_assessment_score,56.05,2026-07-06
academic_v1,30,1,latest_assessment_score,5.5,2026-07-06
academic_v1,31,1,latest_assessment_score,65.8,2026-07-06
academic_v1,32,1,latest_assessment_score,59.4,2026-07-06
academic_v1,33,1,latest_assessment_score,91.3,2026-07-06
academic_v1,34,1,latest_assessment_score,83.0,2026-07-06
academic_v1,35,1,latest_assessment_score,70.35,2026-07-06
academic_v1,36,1,latest_assessment_score,64.5,2026-07-06
academic_v1,37,1,latest_assessment_score,81.4,2026-07-06
academic_v1,38,1,latest_assessment_score,79.65,2026-07-06
academic_v1,39,1,latest_assessment_score,61.57,2026-07-06
academic_v1,40,1,latest_assessment_score,19.0,2026-07-06
academic_v1,41,1,latest_assessment_score,46.0,2026-07-06
academic_v1,42,1,latest_assessment_score,60.0,2026-07-06
academic_v1,43,1,latest_assessment_score,85.95,2026-07-06
academic_v1,44,1,latest_assessment_score,67.9,2026-07-06
academic_v1,45,1,latest_assessment_score,79.15,2026-07-06
academic_v1,46,1,latest_assessment_score,69.65,2026-07-06
academic_v1,47,1,latest_assessment_score,75.85,2026-07-06
academic_v1,48,1,latest_assessment_score,51.43,2026-07-06
academic_v1,49,1,latest_assessment_score,64.5,2026-07-06
academic_v1,50,1,latest_assessment_score,51.3,2026-07-06
academic_v1,51,1,latest_assessment_score,97.9,2026-07-06
academic_v1,52,1,latest_assessment_score,68.0,2026-07-06
academic_v1,53,1,latest_assessment_score,19.7,2026-07-06
academic_v1,54,1,latest_assessment_score,76.45,2026-07-06
academic_v1,55,1,latest_assessment_score,44.0,2026-07-06
academic_v1,56,1,latest_assessment_score,84.0,2026-07-06
academic_v1,57,1,latest_assessment_score,62.0,2026-07-06
academic_v1,58,1,latest_assessment_score,53.75,2026-07-06
academic_v1,59,1,latest_assessment_score,36.05,2026-07-06
academic_v1,60,1,latest_assessment_score,84.15,2026-07-06
academic_v1,61,1,latest_assessment_score,80.0,2026-07-06
academic_v1,62,1,latest_assessment_score,88.35,2026-07-06
academic_v1,63,1,latest_assessment_score,65.5,2026-07-06
academic_v1,64,1,latest_assessment_score,65.65,2026-07-06
academic_v1,65,1,latest_assessment_score,88.4,2026-07-06
academic_v1,66,1,latest_assessment_score,72.35,2026-07-06
academic_v1,67,1,latest_assessment_score,67.7,2026-07-06
academic_v1,68,1,latest_assessment_score,41.65,2026-07-06
academic_v1,69,1,latest_assessment_score,47.21,2026-07-06
academic_v1,70,1,latest_assessment_score,88.28,2026-07-06
academic_v1,71,1,latest_assessment_score,66.0,2026-07-06
academic_v1,72,1,latest_assessment_score,96.3,2026-07-06
academic_v1,73,1,latest_assessment_score,0.0,2026-07-06
academic_v1,74,1,latest_assessment_score,50.0,2026-07-06
academic_v1,75,1,latest_assessment_score,41.0,2026-07-06
academic_v1,76,1,latest_assessment_score,45.0,2026-07-06
academic_v1,77,1,latest_assessment_score,89.35,2026-07-06
academic_v1,78,1,latest_assessment_score,73.3,2026-07-06
academic_v1,79,1,latest_assessment_score,63.0,2026-07-06
academic_v1,80,1,latest_assessment_score,79.3,2026-07-06
academic_v1,81,1,latest_assessment_score,48.8,2026-07-06
academic_v1,82,1,latest_assessment_score,88.7,2026-07-06
academic_v1,83,1,latest_assessment_score,45.3,2026-07-06
academic_v1,84,1,latest_assessment_score,70.2,2026-07-06
academic_v1,85,1,latest_assessment_score,0.0,2026-07-06
academic_v1,86,1,latest_assessment_score,68.1,2026-07-06
academic_v1,87,1,latest_assessment_score,56.0,2026-07-06
academic_v1,88,1,latest_assessment_score,86.5,2026-07-06
academic_v1,89,1,latest_assessment_score,38.0,2026-07-06
academic_v1,90,1,latest_assessment_score,82.55,2026-07-06
academic_v1,91,1,latest_assessment_score,84.95,2026-07-06
academic_v1,92,1,latest_assessment_score,72.5,2026-07-06
academic_v1,93,1,latest_assessment_score,23.0,2026-07-06
academic_v1,94,1,latest_assessment_score,17.0,2026-07-06
academic_v1,96,1,latest_assessment_score,1.2,2026-07-06
academic_v1,97,1,latest_assessment_score,55.7,2026-07-06
academic_v1,98,1,latest_assessment_score,73.1,2026-07-06
academic_v1,99,1,latest_assessment_score,79.0,2026-07-06
academic_v1,100,1,latest_assessment_score,0.0,2026-07-06
academic_v1,101,1,latest_assessment_score,67.0,2026-07-06
academic_v1,102,1,latest_assessment_score,0.0,2026-07-06
academic_v1,103,1,latest_assessment_score,93.0,2026-07-06
academic_v1,104,1,latest_assessment_score,94.0,2026-07-06
academic_v1,105,1,latest_assessment_score,65.65,2026-07-06
academic_v1,106,1,latest_assessment_score,32.8,2026-07-06
academic_v1,107,1,latest_assessment_score,77.0,2026-07-06
academic_v1,108,1,latest_assessment_score,76.0,2026-07-06
academic_v1,109,1,latest_assessment_score,85.0,2026-07-06
academic_v1,110,1,latest_assessment_score,58.5,2026-07-06
academic_v1,111,1,latest_assessment_score,63.3,2026-07-06
academic_v1,112,1,latest_assessment_score,52.85,2026-07-06
academic_v1,113,1,latest_assessment_score,62.0,2026-07-06
academic_v1,114,1,latest_assessment_score,86.0,2026-07-06
academic_v1,115,1,latest_assessment_score,65.0,2026-07-06
academic_v1,116,1,latest_assessment_score,73.45,2026-07-06
academic_v1,117,1,latest_assessment_score,91.5,2026-07-06
academic_v1,118,1,latest_assessment_score,94.65,2026-07-06
academic_v1,119,1,latest_assessment_score,77.5,2026-07-06
academic_v1,120,1,latest_assessment_score,83.05,2026-07-06
academic_v1,121,1,latest_assessment_score,31.75,2026-07-06
academic_v1,122,1,latest_assessment_score,78.73,2026-07-06
academic_v1,123,1,latest_assessment_score,63.0,2026-07-06
academic_v1,124,1,latest_assessment_score,72.1,2026-07-06
academic_v1,125,1,latest_assessment_score,73.5,2026-07-06
academic_v1,126,1,latest_assessment_score,54.0,2026-07-06
academic_v1,127,1,latest_assessment_score,0.0,2026-07-06
academic_v1,128,1,latest_assessment_score,68.7,2026-07-06
academic_v1,129,1,latest_assessment_score,30.0,2026-07-06
academic_v1,130,1,latest_assessment_score,57.4,2026-07-06
academic_v1,131,1,latest_assessment_score,76.35,2026-07-06
academic_v1,132,1,latest_assessment_score,95.55,2026-07-06
academic_v1,133,1,latest_assessment_score,28.9,2026-07-06
academic_v1,134,1,latest_assessment_score,62.0,2026-07-06
academic_v1,135,1,latest_assessment_score,50.35,2026-07-06
academic_v1,136,1,latest_assessment_score,83.85,2026-07-06
academic_v1,137,1,latest_assessment_score,50.35,2026-07-06
academic_v1,138,1,latest_assessment_score,88.5,2026-07-06
academic_v1,139,1,latest_assessment_score,65.0,2026-07-06
academic_v1,140,1,latest_assessment_score,0.0,2026-07-06
academic_v1,141,1,latest_assessment_score,43.78,2026-07-06
academic_v1,142,1,latest_assessment_score,95.9,2026-07-06
academic_v1,143,1,latest_assessment_score,0.0,2026-07-06
academic_v1,144,1,latest_assessment_score,87.0,2026-07-06
academic_v1,145,1,latest_assessment_score,0.0,2026-07-06
academic_v1,146,1,latest_assessment_score,55.5,2026-07-06
academic_v1,147,1,latest_assessment_score,12.75,2026-07-06
academic_v1,148,1,latest_assessment_score,55.8,2026-07-06
academic_v1,149,1,latest_assessment_score,62.75,2026-07-06
academic_v1,150,1,latest_assessment_score,95.3,2026-07-06
academic_v1,151,1,latest_assessment_score,0.0,2026-07-06
academic_v1,152,1,latest_assessment_score,38.0,2026-07-06
academic_v1,153,1,latest_assessment_score,60.4,2026-07-06
academic_v1,154,1,latest_assessment_score,0.0,2026-07-06
academic_v1,155,1,latest_assessment_score,0.0,2026-07-06
academic_v1,156,1,latest_assessment_score,82.7,2026-07-06
academic_v1,157,1,latest_assessment_score,0.0,2026-07-06
academic_v1,158,1,latest_assessment_score,0.0,2026-07-06
academic_v1,159,1,latest_assessment_score,0.0,2026-07-06
academic_v1,160,1,latest_assessment_score,0.0,2026-07-06
academic_v1,161,1,latest_assessment_score,0.0,2026-07-06
academic_v1,162,1,latest_assessment_score,0.0,2026-07-06
academic_v1,163,1,latest_assessment_score,0.0,2026-07-06
academic_v1,164,1,latest_assessment_score,0.0,2026-07-06
academic_v1,165,1,latest_assessment_score,0.0,2026-07-06
academic_v1,166,1,latest_assessment_score,0.0,2026-07-06
academic_v1,167,1,latest_assessment_score,0.0,2026-07-06
academic_v1,168,1,latest_assessment_score,0.0,2026-07-06
academic_v1,169,1,latest_assessment_score,0.0,2026-07-06
academic_v1,170,1,latest_assessment_score,0.0,2026-07-06
academic_v1,171,1,latest_assessment_score,0.0,2026-07-06
academic_v1,2,1,fail_assessment_count,10.0,2026-07-06
academic_v1,4,1,fail_assessment_count,0.0,2026-07-06
academic_v1,5,1,fail_assessment_count,2.0,2026-07-06
academic_v1,7,1,fail_assessment_count,12.0,2026-07-06
academic_v1,8,1,fail_assessment_count,8.0,2026-07-06
academic_v1,9,1,fail_assessment_count,6.0,2026-07-06
academic_v1,10,1,fail_assessment_count,10.0,2026-07-06
academic_v1,11,1,fail_assessment_count,4.0,2026-07-06
academic_v1,12,1,fail_assessment_count,2.0,2026-07-06
academic_v1,13,1,fail_assessment_count,0.0,2026-07-06
academic_v1,14,1,fail_assessment_count,2.0,2026-07-06
academic_v1,15,1,fail_assessment_count,0.0,2026-07-06
academic_v1,16,1,fail_assessment_count,6.0,2026-07-06
academic_v1,17,1,fail_assessment_count,8.0,2026-07-06
academic_v1,18,1,fail_assessment_count,12.0,2026-07-06
academic_v1,19,1,fail_assessment_count,0.0,2026-07-06
academic_v1,20,1,fail_assessment_count,8.0,2026-07-06
academic_v1,21,1,fail_assessment_count,2.0,2026-07-06
academic_v1,22,1,fail_assessment_count,0.0,2026-07-06
academic_v1,23,1,fail_assessment_count,0.0,2026-07-06
academic_v1,24,1,fail_assessment_count,2.0,2026-07-06
academic_v1,25,1,fail_assessment_count,4.0,2026-07-06
academic_v1,26,1,fail_assessment_count,16.0,2026-07-06
academic_v1,27,1,fail_assessment_count,14.0,2026-07-06
academic_v1,28,1,fail_assessment_count,6.0,2026-07-06
academic_v1,29,1,fail_assessment_count,0.0,2026-07-06
academic_v1,30,1,fail_assessment_count,10.0,2026-07-06
academic_v1,31,1,fail_assessment_count,0.0,2026-07-06
academic_v1,32,1,fail_assessment_count,0.0,2026-07-06
academic_v1,33,1,fail_assessment_count,0.0,2026-07-06
academic_v1,34,1,fail_assessment_count,4.0,2026-07-06
academic_v1,35,1,fail_assessment_count,0.0,2026-07-06
academic_v1,36,1,fail_assessment_count,4.0,2026-07-06
academic_v1,37,1,fail_assessment_count,0.0,2026-07-06
academic_v1,38,1,fail_assessment_count,6.0,2026-07-06
academic_v1,39,1,fail_assessment_count,0.0,2026-07-06
academic_v1,40,1,fail_assessment_count,4.0,2026-07-06
academic_v1,41,1,fail_assessment_count,10.0,2026-07-06
academic_v1,42,1,fail_assessment_count,0.0,2026-07-06
academic_v1,43,1,fail_assessment_count,2.0,2026-07-06
academic_v1,44,1,fail_assessment_count,0.0,2026-07-06
academic_v1,45,1,fail_assessment_count,0.0,2026-07-06
academic_v1,46,1,fail_assessment_count,2.0,2026-07-06
academic_v1,47,1,fail_assessment_count,0.0,2026-07-06
academic_v1,48,1,fail_assessment_count,6.0,2026-07-06
academic_v1,49,1,fail_assessment_count,2.0,2026-07-06
academic_v1,50,1,fail_assessment_count,14.0,2026-07-06
academic_v1,51,1,fail_assessment_count,0.0,2026-07-06
academic_v1,52,1,fail_assessment_count,0.0,2026-07-06
academic_v1,53,1,fail_assessment_count,10.0,2026-07-06
academic_v1,54,1,fail_assessment_count,6.0,2026-07-06
academic_v1,55,1,fail_assessment_count,14.0,2026-07-06
academic_v1,56,1,fail_assessment_count,2.0,2026-07-06
academic_v1,57,1,fail_assessment_count,2.0,2026-07-06
academic_v1,58,1,fail_assessment_count,16.0,2026-07-06
academic_v1,59,1,fail_assessment_count,6.0,2026-07-06
academic_v1,60,1,fail_assessment_count,0.0,2026-07-06
academic_v1,61,1,fail_assessment_count,0.0,2026-07-06
academic_v1,62,1,fail_assessment_count,0.0,2026-07-06
academic_v1,63,1,fail_assessment_count,2.0,2026-07-06
academic_v1,64,1,fail_assessment_count,6.0,2026-07-06
academic_v1,65,1,fail_assessment_count,0.0,2026-07-06
academic_v1,66,1,fail_assessment_count,2.0,2026-07-06
academic_v1,67,1,fail_assessment_count,0.0,2026-07-06
academic_v1,68,1,fail_assessment_count,6.0,2026-07-06
academic_v1,69,1,fail_assessment_count,4.0,2026-07-06
academic_v1,70,1,fail_assessment_count,0.0,2026-07-06
academic_v1,71,1,fail_assessment_count,8.0,2026-07-06
academic_v1,72,1,fail_assessment_count,2.0,2026-07-06
academic_v1,73,1,fail_assessment_count,10.0,2026-07-06
academic_v1,74,1,fail_assessment_count,2.0,2026-07-06
academic_v1,75,1,fail_assessment_count,6.0,2026-07-06
academic_v1,76,1,fail_assessment_count,8.0,2026-07-06
academic_v1,77,1,fail_assessment_count,2.0,2026-07-06
academic_v1,78,1,fail_assessment_count,0.0,2026-07-06
academic_v1,79,1,fail_assessment_count,2.0,2026-07-06
academic_v1,80,1,fail_assessment_count,0.0,2026-07-06
academic_v1,81,1,fail_assessment_count,22.0,2026-07-06
academic_v1,82,1,fail_assessment_count,0.0,2026-07-06
academic_v1,83,1,fail_assessment_count,6.0,2026-07-06
academic_v1,84,1,fail_assessment_count,0.0,2026-07-06
academic_v1,85,1,fail_assessment_count,10.0,2026-07-06
academic_v1,86,1,fail_assessment_count,8.0,2026-07-06
academic_v1,87,1,fail_assessment_count,10.0,2026-07-06
academic_v1,88,1,fail_assessment_count,4.0,2026-07-06
academic_v1,89,1,fail_assessment_count,16.0,2026-07-06
academic_v1,90,1,fail_assessment_count,0.0,2026-07-06
academic_v1,91,1,fail_assessment_count,0.0,2026-07-06
academic_v1,92,1,fail_assessment_count,2.0,2026-07-06
academic_v1,93,1,fail_assessment_count,20.0,2026-07-06
academic_v1,94,1,fail_assessment_count,12.0,2026-07-06
academic_v1,96,1,fail_assessment_count,8.0,2026-07-06
academic_v1,97,1,fail_assessment_count,0.0,2026-07-06
academic_v1,98,1,fail_assessment_count,6.0,2026-07-06
academic_v1,99,1,fail_assessment_count,2.0,2026-07-06
academic_v1,100,1,fail_assessment_count,10.0,2026-07-06
academic_v1,101,1,fail_assessment_count,4.0,2026-07-06
academic_v1,102,1,fail_assessment_count,16.0,2026-07-06
academic_v1,103,1,fail_assessment_count,4.0,2026-07-06
academic_v1,104,1,fail_assessment_count,0.0,2026-07-06
academic_v1,105,1,fail_assessment_count,4.0,2026-07-06
academic_v1,106,1,fail_assessment_count,12.0,2026-07-06
academic_v1,107,1,fail_assessment_count,2.0,2026-07-06
academic_v1,108,1,fail_assessment_count,4.0,2026-07-06
academic_v1,109,1,fail_assessment_count,2.0,2026-07-06
academic_v1,110,1,fail_assessment_count,8.0,2026-07-06
academic_v1,111,1,fail_assessment_count,0.0,2026-07-06
academic_v1,112,1,fail_assessment_count,4.0,2026-07-06
academic_v1,113,1,fail_assessment_count,20.0,2026-07-06
academic_v1,114,1,fail_assessment_count,0.0,2026-07-06
academic_v1,115,1,fail_assessment_count,0.0,2026-07-06
academic_v1,116,1,fail_assessment_count,4.0,2026-07-06
academic_v1,117,1,fail_assessment_count,0.0,2026-07-06
academic_v1,118,1,fail_assessment_count,2.0,2026-07-06
academic_v1,119,1,fail_assessment_count,8.0,2026-07-06
academic_v1,120,1,fail_assessment_count,0.0,2026-07-06
academic_v1,121,1,fail_assessment_count,6.0,2026-07-06
academic_v1,122,1,fail_assessment_count,0.0,2026-07-06
academic_v1,123,1,fail_assessment_count,12.0,2026-07-06
academic_v1,124,1,fail_assessment_count,0.0,2026-07-06
academic_v1,125,1,fail_assessment_count,0.0,2026-07-06
academic_v1,126,1,fail_assessment_count,6.0,2026-07-06
academic_v1,127,1,fail_assessment_count,10.0,2026-07-06
academic_v1,128,1,fail_assessment_count,0.0,2026-07-06
academic_v1,129,1,fail_assessment_count,8.0,2026-07-06
academic_v1,130,1,fail_assessment_count,4.0,2026-07-06
academic_v1,131,1,fail_assessment_count,0.0,2026-07-06
academic_v1,132,1,fail_assessment_count,0.0,2026-07-06
academic_v1,133,1,fail_assessment_count,12.0,2026-07-06
academic_v1,134,1,fail_assessment_count,10.0,2026-07-06
academic_v1,135,1,fail_assessment_count,4.0,2026-07-06
academic_v1,136,1,fail_assessment_count,0.0,2026-07-06
academic_v1,137,1,fail_assessment_count,0.0,2026-07-06
academic_v1,138,1,fail_assessment_count,4.0,2026-07-06
academic_v1,139,1,fail_assessment_count,10.0,2026-07-06
academic_v1,140,1,fail_assessment_count,8.0,2026-07-06
academic_v1,141,1,fail_assessment_count,12.0,2026-07-06
academic_v1,142,1,fail_assessment_count,0.0,2026-07-06
academic_v1,143,1,fail_assessment_count,8.0,2026-07-06
academic_v1,144,1,fail_assessment_count,6.0,2026-07-06
academic_v1,145,1,fail_assessment_count,6.0,2026-07-06
academic_v1,146,1,fail_assessment_count,2.0,2026-07-06
academic_v1,147,1,fail_assessment_count,8.0,2026-07-06
academic_v1,148,1,fail_assessment_count,8.0,2026-07-06
academic_v1,149,1,fail_assessment_count,0.0,2026-07-06
academic_v1,150,1,fail_assessment_count,4.0,2026-07-06
academic_v1,151,1,fail_assessment_count,8.0,2026-07-06
academic_v1,152,1,fail_assessment_count,16.0,2026-07-06
academic_v1,153,1,fail_assessment_count,6.0,2026-07-06
academic_v1,154,1,fail_assessment_count,8.0,2026-07-06
academic_v1,155,1,fail_assessment_count,12.0,2026-07-06
academic_v1,156,1,fail_assessment_count,0.0,2026-07-06
academic_v1,157,1,fail_assessment_count,16.0,2026-07-06
academic_v1,158,1,fail_assessment_count,16.0,2026-07-06
academic_v1,159,1,fail_assessment_count,8.0,2026-07-06
academic_v1,160,1,fail_assessment_count,12.0,2026-07-06
academic_v1,161,1,fail_assessment_count,10.0,2026-07-06
academic_v1,162,1,fail_assessment_count,14.0,2026-07-06
academic_v1,163,1,fail_assessment_count,4.0,2026-07-06
academic_v1,164,1,fail_assessment_count,6.0,2026-07-06
academic_v1,165,1,fail_assessment_count,6.0,2026-07-06
academic_v1,166,1,fail_assessment_count,8.0,2026-07-06
academic_v1,167,1,fail_assessment_count,10.0,2026-07-06
academic_v1,168,1,fail_assessment_count,6.0,2026-07-06
academic_v1,169,1,fail_assessment_count,12.0,2026-07-06
academic_v1,170,1,fail_assessment_count,8.0,2026-07-06
academic_v1,171,1,fail_assessment_count,14.0,2026-07-06
academic_v1,2,1,early_exercise_avg,95.0,2026-07-06
academic_v1,4,1,early_exercise_avg,79.0,2026-07-06
academic_v1,5,1,early_exercise_avg,71.0,2026-07-06
academic_v1,7,1,early_exercise_avg,51.0,2026-07-06
academic_v1,8,1,early_exercise_avg,46.0,2026-07-06
academic_v1,9,1,early_exercise_avg,94.0,2026-07-06
academic_v1,10,1,early_exercise_avg,56.25,2026-07-06
academic_v1,11,1,early_exercise_avg,88.0,2026-07-06
academic_v1,12,1,early_exercise_avg,86.0,2026-07-06
academic_v1,13,1,early_exercise_avg,100.0,2026-07-06
academic_v1,14,1,early_exercise_avg,90.0,2026-07-06
academic_v1,15,1,early_exercise_avg,92.0,2026-07-06
academic_v1,16,1,early_exercise_avg,86.0,2026-07-06
academic_v1,17,1,early_exercise_avg,73.33333333333333,2026-07-06
academic_v1,18,1,early_exercise_avg,0.0,2026-07-06
academic_v1,19,1,early_exercise_avg,90.0,2026-07-06
academic_v1,20,1,early_exercise_avg,100.0,2026-07-06
academic_v1,21,1,early_exercise_avg,97.5,2026-07-06
academic_v1,22,1,early_exercise_avg,98.0,2026-07-06
academic_v1,23,1,early_exercise_avg,94.0,2026-07-06
academic_v1,24,1,early_exercise_avg,96.25,2026-07-06
academic_v1,25,1,early_exercise_avg,81.0,2026-07-06
academic_v1,26,1,early_exercise_avg,56.666666666666664,2026-07-06
academic_v1,27,1,early_exercise_avg,60.0,2026-07-06
academic_v1,28,1,early_exercise_avg,0.0,2026-07-06
academic_v1,29,1,early_exercise_avg,83.0,2026-07-06
academic_v1,30,1,early_exercise_avg,52.5,2026-07-06
academic_v1,31,1,early_exercise_avg,97.4,2026-07-06
academic_v1,32,1,early_exercise_avg,91.25,2026-07-06
academic_v1,33,1,early_exercise_avg,78.0,2026-07-06
academic_v1,34,1,early_exercise_avg,81.0,2026-07-06
academic_v1,35,1,early_exercise_avg,87.8,2026-07-06
academic_v1,36,1,early_exercise_avg,67.0,2026-07-06
academic_v1,37,1,early_exercise_avg,79.0,2026-07-06
academic_v1,38,1,early_exercise_avg,62.0,2026-07-06
academic_v1,39,1,early_exercise_avg,94.0,2026-07-06
academic_v1,40,1,early_exercise_avg,75.0,2026-07-06
academic_v1,41,1,early_exercise_avg,40.0,2026-07-06
academic_v1,42,1,early_exercise_avg,91.0,2026-07-06
academic_v1,43,1,early_exercise_avg,85.0,2026-07-06
academic_v1,44,1,early_exercise_avg,93.0,2026-07-06
academic_v1,45,1,early_exercise_avg,88.0,2026-07-06
academic_v1,46,1,early_exercise_avg,69.0,2026-07-06
academic_v1,47,1,early_exercise_avg,81.0,2026-07-06
academic_v1,48,1,early_exercise_avg,86.0,2026-07-06
academic_v1,49,1,early_exercise_avg,65.0,2026-07-06
academic_v1,50,1,early_exercise_avg,40.0,2026-07-06
academic_v1,51,1,early_exercise_avg,89.0,2026-07-06
academic_v1,52,1,early_exercise_avg,82.0,2026-07-06
academic_v1,53,1,early_exercise_avg,72.0,2026-07-06
academic_v1,54,1,early_exercise_avg,67.5,2026-07-06
academic_v1,55,1,early_exercise_avg,48.75,2026-07-06
academic_v1,56,1,early_exercise_avg,92.0,2026-07-06
academic_v1,57,1,early_exercise_avg,100.0,2026-07-06
academic_v1,58,1,early_exercise_avg,17.5,2026-07-06
academic_v1,59,1,early_exercise_avg,78.33333333333333,2026-07-06
academic_v1,60,1,early_exercise_avg,91.8,2026-07-06
academic_v1,61,1,early_exercise_avg,98.0,2026-07-06
academic_v1,62,1,early_exercise_avg,79.0,2026-07-06
academic_v1,63,1,early_exercise_avg,88.0,2026-07-06
academic_v1,64,1,early_exercise_avg,40.0,2026-07-06
academic_v1,65,1,early_exercise_avg,83.8,2026-07-06
academic_v1,66,1,early_exercise_avg,66.0,2026-07-06
academic_v1,67,1,early_exercise_avg,96.0,2026-07-06
academic_v1,68,1,early_exercise_avg,72.0,2026-07-06
academic_v1,69,1,early_exercise_avg,74.0,2026-07-06
academic_v1,70,1,early_exercise_avg,98.0,2026-07-06
academic_v1,71,1,early_exercise_avg,55.0,2026-07-06
academic_v1,72,1,early_exercise_avg,80.0,2026-07-06
academic_v1,73,1,early_exercise_avg,80.0,2026-07-06
academic_v1,74,1,early_exercise_avg,76.0,2026-07-06
academic_v1,75,1,early_exercise_avg,70.0,2026-07-06
academic_v1,76,1,early_exercise_avg,76.0,2026-07-06
academic_v1,77,1,early_exercise_avg,70.0,2026-07-06
academic_v1,78,1,early_exercise_avg,71.25,2026-07-06
academic_v1,79,1,early_exercise_avg,86.0,2026-07-06
academic_v1,80,1,early_exercise_avg,86.0,2026-07-06
academic_v1,81,1,early_exercise_avg,15.0,2026-07-06
academic_v1,82,1,early_exercise_avg,90.0,2026-07-06
academic_v1,83,1,early_exercise_avg,69.0,2026-07-06
academic_v1,84,1,early_exercise_avg,84.0,2026-07-06
academic_v1,85,1,early_exercise_avg,79.0,2026-07-06
academic_v1,86,1,early_exercise_avg,65.0,2026-07-06
academic_v1,87,1,early_exercise_avg,55.0,2026-07-06
academic_v1,88,1,early_exercise_avg,75.0,2026-07-06
academic_v1,89,1,early_exercise_avg,0.0,2026-07-06
academic_v1,90,1,early_exercise_avg,92.0,2026-07-06
academic_v1,91,1,early_exercise_avg,74.0,2026-07-06
academic_v1,92,1,early_exercise_avg,78.33333333333333,2026-07-06
academic_v1,93,1,early_exercise_avg,41.0,2026-07-06
academic_v1,94,1,early_exercise_avg,75.0,2026-07-06
academic_v1,96,1,early_exercise_avg,82.0,2026-07-06
academic_v1,97,1,early_exercise_avg,88.33333333333333,2026-07-06
academic_v1,98,1,early_exercise_avg,40.0,2026-07-06
academic_v1,99,1,early_exercise_avg,90.0,2026-07-06
academic_v1,100,1,early_exercise_avg,61.25,2026-07-06
academic_v1,101,1,early_exercise_avg,74.0,2026-07-06
academic_v1,102,1,early_exercise_avg,16.666666666666668,2026-07-06
academic_v1,103,1,early_exercise_avg,97.0,2026-07-06
academic_v1,104,1,early_exercise_avg,96.0,2026-07-06
academic_v1,105,1,early_exercise_avg,76.0,2026-07-06
academic_v1,106,1,early_exercise_avg,46.0,2026-07-06
academic_v1,107,1,early_exercise_avg,70.0,2026-07-06
academic_v1,108,1,early_exercise_avg,70.0,2026-07-06
academic_v1,109,1,early_exercise_avg,67.5,2026-07-06
academic_v1,110,1,early_exercise_avg,56.666666666666664,2026-07-06
academic_v1,111,1,early_exercise_avg,99.0,2026-07-06
academic_v1,112,1,early_exercise_avg,53.75,2026-07-06
academic_v1,113,1,early_exercise_avg,17.0,2026-07-06
academic_v1,114,1,early_exercise_avg,83.0,2026-07-06
academic_v1,115,1,early_exercise_avg,84.0,2026-07-06
academic_v1,116,1,early_exercise_avg,0.0,2026-07-06
academic_v1,117,1,early_exercise_avg,100.0,2026-07-06
academic_v1,118,1,early_exercise_avg,72.0,2026-07-06
academic_v1,119,1,early_exercise_avg,80.0,2026-07-06
academic_v1,120,1,early_exercise_avg,100.0,2026-07-06
academic_v1,121,1,early_exercise_avg,65.0,2026-07-06
academic_v1,122,1,early_exercise_avg,100.0,2026-07-06
academic_v1,123,1,early_exercise_avg,36.25,2026-07-06
academic_v1,124,1,early_exercise_avg,83.0,2026-07-06
academic_v1,125,1,early_exercise_avg,88.0,2026-07-06
academic_v1,126,1,early_exercise_avg,72.0,2026-07-06
academic_v1,127,1,early_exercise_avg,42.0,2026-07-06
academic_v1,128,1,early_exercise_avg,66.25,2026-07-06
academic_v1,129,1,early_exercise_avg,58.0,2026-07-06
academic_v1,130,1,early_exercise_avg,76.66666666666667,2026-07-06
academic_v1,131,1,early_exercise_avg,91.0,2026-07-06
academic_v1,132,1,early_exercise_avg,78.0,2026-07-06
academic_v1,133,1,early_exercise_avg,50.0,2026-07-06
academic_v1,134,1,early_exercise_avg,36.666666666666664,2026-07-06
academic_v1,135,1,early_exercise_avg,96.0,2026-07-06
academic_v1,136,1,early_exercise_avg,75.0,2026-07-06
academic_v1,137,1,early_exercise_avg,89.0,2026-07-06
academic_v1,138,1,early_exercise_avg,71.25,2026-07-06
academic_v1,139,1,early_exercise_avg,46.0,2026-07-06
academic_v1,140,1,early_exercise_avg,20.0,2026-07-06
academic_v1,141,1,early_exercise_avg,61.0,2026-07-06
academic_v1,142,1,early_exercise_avg,92.5,2026-07-06
academic_v1,143,1,early_exercise_avg,55.0,2026-07-06
academic_v1,144,1,early_exercise_avg,60.0,2026-07-06
academic_v1,145,1,early_exercise_avg,77.5,2026-07-06
academic_v1,146,1,early_exercise_avg,72.5,2026-07-06
academic_v1,147,1,early_exercise_avg,92.5,2026-07-06
academic_v1,148,1,early_exercise_avg,93.33333333333333,2026-07-06
academic_v1,149,1,early_exercise_avg,99.0,2026-07-06
academic_v1,150,1,early_exercise_avg,97.0,2026-07-06
academic_v1,151,1,early_exercise_avg,45.0,2026-07-06
academic_v1,152,1,early_exercise_avg,5.0,2026-07-06
academic_v1,153,1,early_exercise_avg,51.0,2026-07-06
academic_v1,154,1,early_exercise_avg,0.0,2026-07-06
academic_v1,155,1,early_exercise_avg,0.0,2026-07-06
academic_v1,156,1,early_exercise_avg,82.0,2026-07-06
academic_v1,157,1,early_exercise_avg,29.0,2026-07-06
academic_v1,158,1,early_exercise_avg,0.0,2026-07-06
academic_v1,159,1,early_exercise_avg,75.0,2026-07-06
academic_v1,160,1,early_exercise_avg,0.0,2026-07-06
academic_v1,161,1,early_exercise_avg,36.666666666666664,2026-07-06
academic_v1,162,1,early_exercise_avg,49.0,2026-07-06
academic_v1,163,1,early_exercise_avg,90.0,2026-07-06
academic_v1,164,1,early_exercise_avg,0.0,2026-07-06
academic_v1,165,1,early_exercise_avg,75.0,2026-07-06
academic_v1,166,1,early_exercise_avg,20.0,2026-07-06
academic_v1,167,1,early_exercise_avg,0.0,2026-07-06
academic_v1,168,1,early_exercise_avg,85.0,2026-07-06
academic_v1,169,1,early_exercise_avg,0.0,2026-07-06
academic_v1,170,1,early_exercise_avg,0.0,2026-07-06
academic_v1,171,1,early_exercise_avg,0.0,2026-07-06
academic_v1,2,1,late_exercise_avg,72.0,2026-07-06
academic_v1,4,1,late_exercise_avg,98.0,2026-07-06
academic_v1,5,1,late_exercise_avg,97.0,2026-07-06
academic_v1,7,1,late_exercise_avg,59.0,2026-07-06
academic_v1,8,1,late_exercise_avg,52.0,2026-07-06
academic_v1,9,1,late_exercise_avg,40.0,2026-07-06
academic_v1,10,1,late_exercise_avg,70.0,2026-07-06
academic_v1,11,1,late_exercise_avg,78.0,2026-07-06
academic_v1,12,1,late_exercise_avg,79.0,2026-07-06
academic_v1,13,1,late_exercise_avg,100.0,2026-07-06
academic_v1,14,1,late_exercise_avg,91.0,2026-07-06
academic_v1,15,1,late_exercise_avg,94.0,2026-07-06
academic_v1,16,1,late_exercise_avg,66.0,2026-07-06
academic_v1,17,1,late_exercise_avg,0.0,2026-07-06
academic_v1,18,1,late_exercise_avg,0.0,2026-07-06
academic_v1,19,1,late_exercise_avg,97.0,2026-07-06
academic_v1,20,1,late_exercise_avg,20.0,2026-07-06
academic_v1,21,1,late_exercise_avg,70.0,2026-07-06
academic_v1,22,1,late_exercise_avg,97.0,2026-07-06
academic_v1,23,1,late_exercise_avg,91.0,2026-07-06
academic_v1,24,1,late_exercise_avg,0.0,2026-07-06
academic_v1,25,1,late_exercise_avg,83.0,2026-07-06
academic_v1,26,1,late_exercise_avg,36.0,2026-07-06
academic_v1,27,1,late_exercise_avg,50.0,2026-07-06
academic_v1,28,1,late_exercise_avg,95.0,2026-07-06
academic_v1,29,1,late_exercise_avg,85.0,2026-07-06
academic_v1,30,1,late_exercise_avg,0.0,2026-07-06
academic_v1,31,1,late_exercise_avg,90.0,2026-07-06
academic_v1,32,1,late_exercise_avg,98.0,2026-07-06
academic_v1,33,1,late_exercise_avg,100.0,2026-07-06
academic_v1,34,1,late_exercise_avg,73.33333333333333,2026-07-06
academic_v1,35,1,late_exercise_avg,90.0,2026-07-06
academic_v1,36,1,late_exercise_avg,63.0,2026-07-06
academic_v1,37,1,late_exercise_avg,73.75,2026-07-06
academic_v1,38,1,late_exercise_avg,59.0,2026-07-06
academic_v1,39,1,late_exercise_avg,82.0,2026-07-06
academic_v1,40,1,late_exercise_avg,72.5,2026-07-06
academic_v1,41,1,late_exercise_avg,55.0,2026-07-06
academic_v1,42,1,late_exercise_avg,93.33333333333333,2026-07-06
academic_v1,43,1,late_exercise_avg,88.0,2026-07-06
academic_v1,44,1,late_exercise_avg,88.33333333333333,2026-07-06
academic_v1,45,1,late_exercise_avg,92.0,2026-07-06
academic_v1,46,1,late_exercise_avg,82.0,2026-07-06
academic_v1,47,1,late_exercise_avg,87.0,2026-07-06
academic_v1,48,1,late_exercise_avg,56.0,2026-07-06
academic_v1,49,1,late_exercise_avg,80.0,2026-07-06
academic_v1,50,1,late_exercise_avg,33.333333333333336,2026-07-06
academic_v1,51,1,late_exercise_avg,82.5,2026-07-06
academic_v1,52,1,late_exercise_avg,67.0,2026-07-06
academic_v1,53,1,late_exercise_avg,50.0,2026-07-06
academic_v1,54,1,late_exercise_avg,97.5,2026-07-06
academic_v1,55,1,late_exercise_avg,20.0,2026-07-06
academic_v1,56,1,late_exercise_avg,59.0,2026-07-06
academic_v1,57,1,late_exercise_avg,0.0,2026-07-06
academic_v1,58,1,late_exercise_avg,6.666666666666667,2026-07-06
academic_v1,59,1,late_exercise_avg,55.0,2026-07-06
academic_v1,60,1,late_exercise_avg,91.0,2026-07-06
academic_v1,61,1,late_exercise_avg,88.0,2026-07-06
academic_v1,62,1,late_exercise_avg,69.0,2026-07-06
academic_v1,63,1,late_exercise_avg,75.0,2026-07-06
academic_v1,64,1,late_exercise_avg,50.0,2026-07-06
academic_v1,65,1,late_exercise_avg,90.0,2026-07-06
academic_v1,66,1,late_exercise_avg,77.0,2026-07-06
academic_v1,67,1,late_exercise_avg,86.0,2026-07-06
academic_v1,68,1,late_exercise_avg,90.0,2026-07-06
academic_v1,69,1,late_exercise_avg,75.0,2026-07-06
academic_v1,70,1,late_exercise_avg,96.0,2026-07-06
academic_v1,71,1,late_exercise_avg,42.0,2026-07-06
academic_v1,72,1,late_exercise_avg,62.0,2026-07-06
academic_v1,73,1,late_exercise_avg,75.0,2026-07-06
academic_v1,74,1,late_exercise_avg,81.0,2026-07-06
academic_v1,75,1,late_exercise_avg,93.75,2026-07-06
academic_v1,76,1,late_exercise_avg,61.0,2026-07-06
academic_v1,77,1,late_exercise_avg,100.0,2026-07-06
academic_v1,78,1,late_exercise_avg,78.0,2026-07-06
academic_v1,79,1,late_exercise_avg,65.0,2026-07-06
academic_v1,80,1,late_exercise_avg,78.0,2026-07-06
academic_v1,81,1,late_exercise_avg,55.0,2026-07-06
academic_v1,82,1,late_exercise_avg,93.0,2026-07-06
academic_v1,83,1,late_exercise_avg,79.0,2026-07-06
academic_v1,84,1,late_exercise_avg,92.0,2026-07-06
academic_v1,85,1,late_exercise_avg,100.0,2026-07-06
academic_v1,86,1,late_exercise_avg,43.333333333333336,2026-07-06
academic_v1,87,1,late_exercise_avg,75.0,2026-07-06
academic_v1,88,1,late_exercise_avg,0.0,2026-07-06
academic_v1,89,1,late_exercise_avg,0.0,2026-07-06
academic_v1,90,1,late_exercise_avg,89.0,2026-07-06
academic_v1,91,1,late_exercise_avg,92.0,2026-07-06
academic_v1,92,1,late_exercise_avg,100.0,2026-07-06
academic_v1,93,1,late_exercise_avg,26.666666666666668,2026-07-06
academic_v1,94,1,late_exercise_avg,56.25,2026-07-06
academic_v1,96,1,late_exercise_avg,88.0,2026-07-06
academic_v1,97,1,late_exercise_avg,72.5,2026-07-06
academic_v1,98,1,late_exercise_avg,0.0,2026-07-06
academic_v1,99,1,late_exercise_avg,53.75,2026-07-06
academic_v1,100,1,late_exercise_avg,50.0,2026-07-06
academic_v1,101,1,late_exercise_avg,82.0,2026-07-06
academic_v1,102,1,late_exercise_avg,20.0,2026-07-06
academic_v1,103,1,late_exercise_avg,100.0,2026-07-06
academic_v1,104,1,late_exercise_avg,86.0,2026-07-06
academic_v1,105,1,late_exercise_avg,57.5,2026-07-06
academic_v1,106,1,late_exercise_avg,60.0,2026-07-06
academic_v1,107,1,late_exercise_avg,65.0,2026-07-06
academic_v1,108,1,late_exercise_avg,38.75,2026-07-06
academic_v1,109,1,late_exercise_avg,82.5,2026-07-06
academic_v1,110,1,late_exercise_avg,50.0,2026-07-06
academic_v1,111,1,late_exercise_avg,76.66666666666667,2026-07-06
academic_v1,112,1,late_exercise_avg,82.0,2026-07-06
academic_v1,113,1,late_exercise_avg,19.0,2026-07-06
academic_v1,114,1,late_exercise_avg,81.0,2026-07-06
academic_v1,115,1,late_exercise_avg,70.0,2026-07-06
academic_v1,116,1,late_exercise_avg,0.0,2026-07-06
academic_v1,117,1,late_exercise_avg,100.0,2026-07-06
academic_v1,118,1,late_exercise_avg,80.0,2026-07-06
academic_v1,119,1,late_exercise_avg,67.0,2026-07-06
academic_v1,120,1,late_exercise_avg,92.0,2026-07-06
academic_v1,121,1,late_exercise_avg,55.0,2026-07-06
academic_v1,122,1,late_exercise_avg,96.25,2026-07-06
academic_v1,123,1,late_exercise_avg,25.0,2026-07-06
academic_v1,124,1,late_exercise_avg,85.0,2026-07-06
academic_v1,125,1,late_exercise_avg,92.0,2026-07-06
academic_v1,126,1,late_exercise_avg,55.0,2026-07-06
academic_v1,127,1,late_exercise_avg,85.0,2026-07-06
academic_v1,128,1,late_exercise_avg,81.66666666666667,2026-07-06
academic_v1,129,1,late_exercise_avg,55.0,2026-07-06
academic_v1,130,1,late_exercise_avg,0.0,2026-07-06
academic_v1,131,1,late_exercise_avg,84.0,2026-07-06
academic_v1,132,1,late_exercise_avg,72.5,2026-07-06
academic_v1,133,1,late_exercise_avg,0.0,2026-07-06
academic_v1,134,1,late_exercise_avg,72.5,2026-07-06
academic_v1,135,1,late_exercise_avg,90.0,2026-07-06
academic_v1,136,1,late_exercise_avg,71.0,2026-07-06
academic_v1,137,1,late_exercise_avg,88.0,2026-07-06
academic_v1,138,1,late_exercise_avg,78.75,2026-07-06
academic_v1,139,1,late_exercise_avg,26.666666666666668,2026-07-06
academic_v1,140,1,late_exercise_avg,0.0,2026-07-06
academic_v1,141,1,late_exercise_avg,40.0,2026-07-06
academic_v1,142,1,late_exercise_avg,90.0,2026-07-06
academic_v1,143,1,late_exercise_avg,30.0,2026-07-06
academic_v1,144,1,late_exercise_avg,72.5,2026-07-06
academic_v1,145,1,late_exercise_avg,0.0,2026-07-06
academic_v1,146,1,late_exercise_avg,0.0,2026-07-06
academic_v1,147,1,late_exercise_avg,40.0,2026-07-06
academic_v1,148,1,late_exercise_avg,30.0,2026-07-06
academic_v1,149,1,late_exercise_avg,97.5,2026-07-06
academic_v1,150,1,late_exercise_avg,100.0,2026-07-06
academic_v1,151,1,late_exercise_avg,80.0,2026-07-06
academic_v1,152,1,late_exercise_avg,10.0,2026-07-06
academic_v1,153,1,late_exercise_avg,45.0,2026-07-06
academic_v1,154,1,late_exercise_avg,50.0,2026-07-06
academic_v1,155,1,late_exercise_avg,0.0,2026-07-06
academic_v1,156,1,late_exercise_avg,83.0,2026-07-06
academic_v1,157,1,late_exercise_avg,0.0,2026-07-06
academic_v1,158,1,late_exercise_avg,0.0,2026-07-06
academic_v1,159,1,late_exercise_avg,0.0,2026-07-06
academic_v1,160,1,late_exercise_avg,0.0,2026-07-06
academic_v1,161,1,late_exercise_avg,0.0,2026-07-06
academic_v1,162,1,late_exercise_avg,40.0,2026-07-06
academic_v1,163,1,late_exercise_avg,100.0,2026-07-06
academic_v1,164,1,late_exercise_avg,0.0,2026-07-06
academic_v1,165,1,late_exercise_avg,0.0,2026-07-06
academic_v1,166,1,late_exercise_avg,0.0,2026-07-06
academic_v1,167,1,late_exercise_avg,0.0,2026-07-06
academic_v1,168,1,late_exercise_avg,0.0,2026-07-06
academic_v1,169,1,late_exercise_avg,0.0,2026-07-06
academic_v1,170,1,late_exercise_avg,0.0,2026-07-06
academic_v1,171,1,late_exercise_avg,0.0,2026-07-06
academic_v1,2,1,assignment_avg_score,34.9,2026-07-06
academic_v1,4,1,assignment_avg_score,68.95,2026-07-06
academic_v1,5,1,assignment_avg_score,91.525,2026-07-06
academic_v1,7,1,assignment_avg_score,49.5,2026-07-06
academic_v1,8,1,assignment_avg_score,82.525,2026-07-06
academic_v1,9,1,assignment_avg_score,70.14,2026-07-06
academic_v1,10,1,assignment_avg_score,64.85,2026-07-06
academic_v1,11,1,assignment_avg_score,55.333333333333336,2026-07-06
academic_v1,12,1,assignment_avg_score,71.0,2026-07-06
academic_v1,13,1,assignment_avg_score,94.35,2026-07-06
academic_v1,14,1,assignment_avg_score,54.666666666666664,2026-07-06
academic_v1,15,1,assignment_avg_score,77.05,2026-07-06
academic_v1,16,1,assignment_avg_score,49.125,2026-07-06
academic_v1,17,1,assignment_avg_score,3.0,2026-07-06
academic_v1,18,1,assignment_avg_score,0.0,2026-07-06
academic_v1,19,1,assignment_avg_score,94.075,2026-07-06
academic_v1,20,1,assignment_avg_score,47.25,2026-07-06
academic_v1,21,1,assignment_avg_score,62.9,2026-07-06
academic_v1,22,1,assignment_avg_score,94.065,2026-07-06
academic_v1,23,1,assignment_avg_score,64.75,2026-07-06
academic_v1,24,1,assignment_avg_score,81.75,2026-07-06
academic_v1,25,1,assignment_avg_score,64.6,2026-07-06
academic_v1,26,1,assignment_avg_score,24.0,2026-07-06
academic_v1,27,1,assignment_avg_score,44.225,2026-07-06
academic_v1,28,1,assignment_avg_score,0.0,2026-07-06
academic_v1,29,1,assignment_avg_score,57.025,2026-07-06
academic_v1,30,1,assignment_avg_score,36.0,2026-07-06
academic_v1,31,1,assignment_avg_score,80.4,2026-07-06
academic_v1,32,1,assignment_avg_score,59.2,2026-07-06
academic_v1,33,1,assignment_avg_score,86.7375,2026-07-06
academic_v1,34,1,assignment_avg_score,78.25,2026-07-06
academic_v1,35,1,assignment_avg_score,74.175,2026-07-06
academic_v1,36,1,assignment_avg_score,74.75,2026-07-06
academic_v1,37,1,assignment_avg_score,80.7,2026-07-06
academic_v1,38,1,assignment_avg_score,85.825,2026-07-06
academic_v1,39,1,assignment_avg_score,65.285,2026-07-06
academic_v1,40,1,assignment_avg_score,35.5,2026-07-06
academic_v1,41,1,assignment_avg_score,30.666666666666668,2026-07-06
academic_v1,42,1,assignment_avg_score,72.0,2026-07-06
academic_v1,43,1,assignment_avg_score,73.475,2026-07-06
academic_v1,44,1,assignment_avg_score,71.95,2026-07-06
academic_v1,45,1,assignment_avg_score,86.575,2026-07-06
academic_v1,46,1,assignment_avg_score,65.325,2026-07-06
academic_v1,47,1,assignment_avg_score,81.925,2026-07-06
academic_v1,48,1,assignment_avg_score,75.715,2026-07-06
academic_v1,49,1,assignment_avg_score,62.75,2026-07-06
academic_v1,50,1,assignment_avg_score,67.65,2026-07-06
academic_v1,51,1,assignment_avg_score,93.95,2026-07-06
academic_v1,52,1,assignment_avg_score,61.5,2026-07-06
academic_v1,53,1,assignment_avg_score,44.6,2026-07-06
academic_v1,54,1,assignment_avg_score,62.225,2026-07-06
academic_v1,55,1,assignment_avg_score,59.5,2026-07-06
academic_v1,56,1,assignment_avg_score,87.0,2026-07-06
academic_v1,57,1,assignment_avg_score,58.5,2026-07-06
academic_v1,58,1,assignment_avg_score,54.375,2026-07-06
academic_v1,59,1,assignment_avg_score,45.525,2026-07-06
academic_v1,60,1,assignment_avg_score,89.575,2026-07-06
academic_v1,61,1,assignment_avg_score,85.5,2026-07-06
academic_v1,62,1,assignment_avg_score,76.175,2026-07-06
academic_v1,63,1,assignment_avg_score,74.75,2026-07-06
academic_v1,64,1,assignment_avg_score,61.325,2026-07-06
academic_v1,65,1,assignment_avg_score,73.2,2026-07-06
academic_v1,66,1,assignment_avg_score,81.675,2026-07-06
academic_v1,67,1,assignment_avg_score,76.85,2026-07-06
academic_v1,68,1,assignment_avg_score,60.325,2026-07-06
academic_v1,69,1,assignment_avg_score,63.605000000000004,2026-07-06
academic_v1,70,1,assignment_avg_score,92.64,2026-07-06
academic_v1,71,1,assignment_avg_score,73.0,2026-07-06
academic_v1,72,1,assignment_avg_score,89.65,2026-07-06
academic_v1,73,1,assignment_avg_score,9.333333333333334,2026-07-06
academic_v1,74,1,assignment_avg_score,71.0,2026-07-06
academic_v1,75,1,assignment_avg_score,57.5,2026-07-06
academic_v1,76,1,assignment_avg_score,52.5,2026-07-06
academic_v1,77,1,assignment_avg_score,71.675,2026-07-06
academic_v1,78,1,assignment_avg_score,82.9,2026-07-06
academic_v1,79,1,assignment_avg_score,58.25,2026-07-06
academic_v1,80,1,assignment_avg_score,81.15,2026-07-06
academic_v1,81,1,assignment_avg_score,38.4,2026-07-06
academic_v1,82,1,assignment_avg_score,93.85,2026-07-06
academic_v1,83,1,assignment_avg_score,51.65,2026-07-06
academic_v1,84,1,assignment_avg_score,69.6,2026-07-06
academic_v1,85,1,assignment_avg_score,15.5,2026-07-06
academic_v1,86,1,assignment_avg_score,66.05,2026-07-06
academic_v1,87,1,assignment_avg_score,49.0,2026-07-06
academic_v1,88,1,assignment_avg_score,84.75,2026-07-06
academic_v1,89,1,assignment_avg_score,28.0,2026-07-06
academic_v1,90,1,assignment_avg_score,80.775,2026-07-06
academic_v1,91,1,assignment_avg_score,89.975,2026-07-06
academic_v1,92,1,assignment_avg_score,77.5,2026-07-06
academic_v1,93,1,assignment_avg_score,26.25,2026-07-06
academic_v1,94,1,assignment_avg_score,23.25,2026-07-06
academic_v1,96,1,assignment_avg_score,22.6,2026-07-06
academic_v1,97,1,assignment_avg_score,77.85,2026-07-06
academic_v1,98,1,assignment_avg_score,69.55,2026-07-06
academic_v1,99,1,assignment_avg_score,77.0,2026-07-06
academic_v1,100,1,assignment_avg_score,21.75,2026-07-06
academic_v1,101,1,assignment_avg_score,55.0,2026-07-06
academic_v1,102,1,assignment_avg_score,2.0,2026-07-06
academic_v1,103,1,assignment_avg_score,66.5,2026-07-06
academic_v1,104,1,assignment_avg_score,93.0,2026-07-06
academic_v1,105,1,assignment_avg_score,60.325,2026-07-06
academic_v1,106,1,assignment_avg_score,41.4,2026-07-06
academic_v1,107,1,assignment_avg_score,71.5,2026-07-06
academic_v1,108,1,assignment_avg_score,65.75,2026-07-06
academic_v1,109,1,assignment_avg_score,70.0,2026-07-06
academic_v1,110,1,assignment_avg_score,53.75,2026-07-06
academic_v1,111,1,assignment_avg_score,66.15,2026-07-06
academic_v1,112,1,assignment_avg_score,64.425,2026-07-06
academic_v1,113,1,assignment_avg_score,68.5,2026-07-06
academic_v1,114,1,assignment_avg_score,75.25,2026-07-06
academic_v1,115,1,assignment_avg_score,65.0,2026-07-06
academic_v1,116,1,assignment_avg_score,75.725,2026-07-06
academic_v1,117,1,assignment_avg_score,70.75,2026-07-06
academic_v1,118,1,assignment_avg_score,88.825,2026-07-06
academic_v1,119,1,assignment_avg_score,59.25,2026-07-06
academic_v1,120,1,assignment_avg_score,73.525,2026-07-06
academic_v1,121,1,assignment_avg_score,46.375,2026-07-06
academic_v1,122,1,assignment_avg_score,80.86500000000001,2026-07-06
academic_v1,123,1,assignment_avg_score,42.0,2026-07-06
academic_v1,124,1,assignment_avg_score,70.55,2026-07-06
academic_v1,125,1,assignment_avg_score,72.75,2026-07-06
academic_v1,126,1,assignment_avg_score,71.5,2026-07-06
academic_v1,127,1,assignment_avg_score,26.0,2026-07-06
academic_v1,128,1,assignment_avg_score,63.35,2026-07-06
academic_v1,129,1,assignment_avg_score,55.0,2026-07-06
academic_v1,130,1,assignment_avg_score,66.2,2026-07-06
academic_v1,131,1,assignment_avg_score,87.675,2026-07-06
academic_v1,132,1,assignment_avg_score,91.775,2026-07-06
academic_v1,133,1,assignment_avg_score,29.45,2026-07-06
academic_v1,134,1,assignment_avg_score,53.0,2026-07-06
academic_v1,135,1,assignment_avg_score,43.675,2026-07-06
academic_v1,136,1,assignment_avg_score,75.925,2026-07-06
academic_v1,137,1,assignment_avg_score,52.425,2026-07-06
academic_v1,138,1,assignment_avg_score,77.75,2026-07-06
academic_v1,139,1,assignment_avg_score,63.0,2026-07-06
academic_v1,140,1,assignment_avg_score,0.0,2026-07-06
academic_v1,141,1,assignment_avg_score,65.64,2026-07-06
academic_v1,142,1,assignment_avg_score,87.45,2026-07-06
academic_v1,143,1,assignment_avg_score,54.0,2026-07-06
academic_v1,144,1,assignment_avg_score,58.0,2026-07-06
academic_v1,145,1,assignment_avg_score,43.333333333333336,2026-07-06
academic_v1,146,1,assignment_avg_score,65.25,2026-07-06
academic_v1,147,1,assignment_avg_score,50.375,2026-07-06
academic_v1,148,1,assignment_avg_score,45.9,2026-07-06
academic_v1,149,1,assignment_avg_score,64.375,2026-07-06
academic_v1,150,1,assignment_avg_score,72.15,2026-07-06
academic_v1,151,1,assignment_avg_score,0.0,2026-07-06
academic_v1,152,1,assignment_avg_score,33.5,2026-07-06
academic_v1,153,1,assignment_avg_score,62.7,2026-07-06
academic_v1,154,1,assignment_avg_score,0.6666666666666666,2026-07-06
academic_v1,155,1,assignment_avg_score,0.0,2026-07-06
academic_v1,156,1,assignment_avg_score,88.35,2026-07-06
academic_v1,157,1,assignment_avg_score,10.666666666666666,2026-07-06
academic_v1,158,1,assignment_avg_score,22.0,2026-07-06
academic_v1,159,1,assignment_avg_score,14.0,2026-07-06
academic_v1,160,1,assignment_avg_score,25.0,2026-07-06
academic_v1,161,1,assignment_avg_score,0.0,2026-07-06
academic_v1,162,1,assignment_avg_score,0.0,2026-07-06
academic_v1,163,1,assignment_avg_score,0.0,2026-07-06
academic_v1,164,1,assignment_avg_score,0.0,2026-07-06
academic_v1,165,1,assignment_avg_score,0.0,2026-07-06
academic_v1,166,1,assignment_avg_score,0.0,2026-07-06
academic_v1,167,1,assignment_avg_score,0.0,2026-07-06
academic_v1,168,1,assignment_avg_score,0.0,2026-07-06
academic_v1,169,1,assignment_avg_score,0.0,2026-07-06
academic_v1,170,1,assignment_avg_score,0.0,2026-07-06
academic_v1,171,1,assignment_avg_score,0.0,2026-07-06
academic_v1,2,1,score_trend,-23.0,2026-07-06
academic_v1,4,1,score_trend,19.0,2026-07-06
academic_v1,5,1,score_trend,26.0,2026-07-06
academic_v1,7,1,score_trend,8.0,2026-07-06
academic_v1,8,1,score_trend,6.0,2026-07-06
academic_v1,9,1,score_trend,-54.0,2026-07-06
academic_v1,10,1,score_trend,13.75,2026-07-06
academic_v1,11,1,score_trend,-10.0,2026-07-06
academic_v1,12,1,score_trend,-7.0,2026-07-06
academic_v1,13,1,score_trend,0.0,2026-07-06
academic_v1,14,1,score_trend,1.0,2026-07-06
academic_v1,15,1,score_trend,2.0,2026-07-06
academic_v1,16,1,score_trend,-20.0,2026-07-06
academic_v1,17,1,score_trend,0.0,2026-07-06
academic_v1,18,1,score_trend,0.0,2026-07-06
academic_v1,19,1,score_trend,7.0,2026-07-06
academic_v1,20,1,score_trend,-80.0,2026-07-06
academic_v1,21,1,score_trend,-27.5,2026-07-06
academic_v1,22,1,score_trend,-1.0,2026-07-06
academic_v1,23,1,score_trend,-3.0,2026-07-06
academic_v1,24,1,score_trend,0.0,2026-07-06
academic_v1,25,1,score_trend,2.0,2026-07-06
academic_v1,26,1,score_trend,-20.666666666666664,2026-07-06
academic_v1,27,1,score_trend,-10.0,2026-07-06
academic_v1,28,1,score_trend,0.0,2026-07-06
academic_v1,29,1,score_trend,2.0,2026-07-06
academic_v1,30,1,score_trend,0.0,2026-07-06
academic_v1,31,1,score_trend,-7.400000000000006,2026-07-06
academic_v1,32,1,score_trend,6.75,2026-07-06
academic_v1,33,1,score_trend,22.0,2026-07-06
academic_v1,34,1,score_trend,-7.666666666666671,2026-07-06
academic_v1,35,1,score_trend,2.200000000000003,2026-07-06
academic_v1,36,1,score_trend,-4.0,2026-07-06
academic_v1,37,1,score_trend,-5.25,2026-07-06
academic_v1,38,1,score_trend,-3.0,2026-07-06
academic_v1,39,1,score_trend,-12.0,2026-07-06
academic_v1,40,1,score_trend,-2.5,2026-07-06
academic_v1,41,1,score_trend,15.0,2026-07-06
academic_v1,42,1,score_trend,2.3333333333333286,2026-07-06
academic_v1,43,1,score_trend,3.0,2026-07-06
academic_v1,44,1,score_trend,-4.666666666666671,2026-07-06
academic_v1,45,1,score_trend,4.0,2026-07-06
academic_v1,46,1,score_trend,13.0,2026-07-06
academic_v1,47,1,score_trend,6.0,2026-07-06
academic_v1,48,1,score_trend,-30.0,2026-07-06
academic_v1,49,1,score_trend,15.0,2026-07-06
academic_v1,50,1,score_trend,-6.666666666666664,2026-07-06
academic_v1,51,1,score_trend,-6.5,2026-07-06
academic_v1,52,1,score_trend,-15.0,2026-07-06
academic_v1,53,1,score_trend,-22.0,2026-07-06
academic_v1,54,1,score_trend,30.0,2026-07-06
academic_v1,55,1,score_trend,-28.75,2026-07-06
academic_v1,56,1,score_trend,-33.0,2026-07-06
academic_v1,57,1,score_trend,0.0,2026-07-06
academic_v1,58,1,score_trend,-10.833333333333332,2026-07-06
academic_v1,59,1,score_trend,-23.33333333333333,2026-07-06
academic_v1,60,1,score_trend,-0.7999999999999972,2026-07-06
academic_v1,61,1,score_trend,-10.0,2026-07-06
academic_v1,62,1,score_trend,-10.0,2026-07-06
academic_v1,63,1,score_trend,-13.0,2026-07-06
academic_v1,64,1,score_trend,10.0,2026-07-06
academic_v1,65,1,score_trend,6.200000000000003,2026-07-06
academic_v1,66,1,score_trend,11.0,2026-07-06
academic_v1,67,1,score_trend,-10.0,2026-07-06
academic_v1,68,1,score_trend,18.0,2026-07-06
academic_v1,69,1,score_trend,1.0,2026-07-06
academic_v1,70,1,score_trend,-2.0,2026-07-06
academic_v1,71,1,score_trend,-13.0,2026-07-06
academic_v1,72,1,score_trend,-18.0,2026-07-06
academic_v1,73,1,score_trend,-5.0,2026-07-06
academic_v1,74,1,score_trend,5.0,2026-07-06
academic_v1,75,1,score_trend,23.75,2026-07-06
academic_v1,76,1,score_trend,-15.0,2026-07-06
academic_v1,77,1,score_trend,30.0,2026-07-06
academic_v1,78,1,score_trend,6.75,2026-07-06
academic_v1,79,1,score_trend,-21.0,2026-07-06
academic_v1,80,1,score_trend,-8.0,2026-07-06
academic_v1,81,1,score_trend,40.0,2026-07-06
academic_v1,82,1,score_trend,3.0,2026-07-06
academic_v1,83,1,score_trend,10.0,2026-07-06
academic_v1,84,1,score_trend,8.0,2026-07-06
academic_v1,85,1,score_trend,21.0,2026-07-06
academic_v1,86,1,score_trend,-21.666666666666664,2026-07-06
academic_v1,87,1,score_trend,20.0,2026-07-06
academic_v1,88,1,score_trend,0.0,2026-07-06
academic_v1,89,1,score_trend,0.0,2026-07-06
academic_v1,90,1,score_trend,-3.0,2026-07-06
academic_v1,91,1,score_trend,18.0,2026-07-06
academic_v1,92,1,score_trend,21.66666666666667,2026-07-06
academic_v1,93,1,score_trend,-14.333333333333332,2026-07-06
academic_v1,94,1,score_trend,-18.75,2026-07-06
academic_v1,96,1,score_trend,6.0,2026-07-06
academic_v1,97,1,score_trend,-15.833333333333329,2026-07-06
academic_v1,98,1,score_trend,0.0,2026-07-06
academic_v1,99,1,score_trend,-36.25,2026-07-06
academic_v1,100,1,score_trend,-11.25,2026-07-06
academic_v1,101,1,score_trend,8.0,2026-07-06
academic_v1,102,1,score_trend,3.333333333333332,2026-07-06
academic_v1,103,1,score_trend,3.0,2026-07-06
academic_v1,104,1,score_trend,-10.0,2026-07-06
academic_v1,105,1,score_trend,-18.5,2026-07-06
academic_v1,106,1,score_trend,14.0,2026-07-06
academic_v1,107,1,score_trend,-5.0,2026-07-06
academic_v1,108,1,score_trend,-31.25,2026-07-06
academic_v1,109,1,score_trend,15.0,2026-07-06
academic_v1,110,1,score_trend,-6.666666666666664,2026-07-06
academic_v1,111,1,score_trend,-22.33333333333333,2026-07-06
academic_v1,112,1,score_trend,28.25,2026-07-06
academic_v1,113,1,score_trend,2.0,2026-07-06
academic_v1,114,1,score_trend,-2.0,2026-07-06
academic_v1,115,1,score_trend,-14.0,2026-07-06
academic_v1,116,1,score_trend,0.0,2026-07-06
academic_v1,117,1,score_trend,0.0,2026-07-06
academic_v1,118,1,score_trend,8.0,2026-07-06
academic_v1,119,1,score_trend,-13.0,2026-07-06
academic_v1,120,1,score_trend,-8.0,2026-07-06
academic_v1,121,1,score_trend,-10.0,2026-07-06
academic_v1,122,1,score_trend,-3.75,2026-07-06
academic_v1,123,1,score_trend,-11.25,2026-07-06
academic_v1,124,1,score_trend,2.0,2026-07-06
academic_v1,125,1,score_trend,4.0,2026-07-06
academic_v1,126,1,score_trend,-17.0,2026-07-06
academic_v1,127,1,score_trend,43.0,2026-07-06
academic_v1,128,1,score_trend,15.416666666666671,2026-07-06
academic_v1,129,1,score_trend,-3.0,2026-07-06
academic_v1,130,1,score_trend,0.0,2026-07-06
academic_v1,131,1,score_trend,-7.0,2026-07-06
academic_v1,132,1,score_trend,-5.5,2026-07-06
academic_v1,133,1,score_trend,-50.0,2026-07-06
academic_v1,134,1,score_trend,35.833333333333336,2026-07-06
academic_v1,135,1,score_trend,-6.0,2026-07-06
academic_v1,136,1,score_trend,-4.0,2026-07-06
academic_v1,137,1,score_trend,-1.0,2026-07-06
academic_v1,138,1,score_trend,7.5,2026-07-06
academic_v1,139,1,score_trend,-19.333333333333332,2026-07-06
academic_v1,140,1,score_trend,0.0,2026-07-06
academic_v1,141,1,score_trend,-21.0,2026-07-06
academic_v1,142,1,score_trend,-2.5,2026-07-06
academic_v1,143,1,score_trend,-25.0,2026-07-06
academic_v1,144,1,score_trend,12.5,2026-07-06
academic_v1,145,1,score_trend,0.0,2026-07-06
academic_v1,146,1,score_trend,0.0,2026-07-06
academic_v1,147,1,score_trend,-52.5,2026-07-06
academic_v1,148,1,score_trend,-63.33333333333333,2026-07-06
academic_v1,149,1,score_trend,-1.5,2026-07-06
academic_v1,150,1,score_trend,3.0,2026-07-06
academic_v1,151,1,score_trend,35.0,2026-07-06
academic_v1,152,1,score_trend,5.0,2026-07-06
academic_v1,153,1,score_trend,-6.0,2026-07-06
academic_v1,154,1,score_trend,0.0,2026-07-06
academic_v1,155,1,score_trend,0.0,2026-07-06
academic_v1,156,1,score_trend,1.0,2026-07-06
academic_v1,157,1,score_trend,-29.0,2026-07-06
academic_v1,158,1,score_trend,0.0,2026-07-06
academic_v1,159,1,score_trend,0.0,2026-07-06
academic_v1,160,1,score_trend,0.0,2026-07-06
academic_v1,161,1,score_trend,0.0,2026-07-06
academic_v1,162,1,score_trend,-9.0,2026-07-06
academic_v1,163,1,score_trend,10.0,2026-07-06
academic_v1,164,1,score_trend,0.0,2026-07-06
academic_v1,165,1,score_trend,0.0,2026-07-06
academic_v1,166,1,score_trend,0.0,2026-07-06
academic_v1,167,1,score_trend,0.0,2026-07-06
academic_v1,168,1,score_trend,0.0,2026-07-06
academic_v1,169,1,score_trend,0.0,2026-07-06
academic_v1,170,1,score_trend,0.0,2026-07-06
academic_v1,171,1,score_trend,0.0,2026-07-06
academic_v1,2,1,academic_period_key,2.0,2026-07-06
academic_v1,4,1,academic_period_key,2.0,2026-07-06
academic_v1,5,1,academic_period_key,2.0,2026-07-06
academic_v1,7,1,academic_period_key,2.0,2026-07-06
academic_v1,8,1,academic_period_key,2.0,2026-07-06
academic_v1,9,1,academic_period_key,2.0,2026-07-06
academic_v1,10,1,academic_period_key,2.0,2026-07-06
academic_v1,11,1,academic_period_key,2.0,2026-07-06
academic_v1,12,1,academic_period_key,2.0,2026-07-06
academic_v1,13,1,academic_period_key,2.0,2026-07-06
academic_v1,14,1,academic_period_key,2.0,2026-07-06
academic_v1,15,1,academic_period_key,2.0,2026-07-06
academic_v1,16,1,academic_period_key,2.0,2026-07-06
academic_v1,17,1,academic_period_key,2.0,2026-07-06
academic_v1,18,1,academic_period_key,2.0,2026-07-06
academic_v1,19,1,academic_period_key,2.0,2026-07-06
academic_v1,20,1,academic_period_key,2.0,2026-07-06
academic_v1,21,1,academic_period_key,2.0,2026-07-06
academic_v1,22,1,academic_period_key,2.0,2026-07-06
academic_v1,23,1,academic_period_key,2.0,2026-07-06
academic_v1,24,1,academic_period_key,2.0,2026-07-06
academic_v1,25,1,academic_period_key,2.0,2026-07-06
academic_v1,26,1,academic_period_key,2.0,2026-07-06
academic_v1,27,1,academic_period_key,2.0,2026-07-06
academic_v1,28,1,academic_period_key,2.0,2026-07-06
academic_v1,29,1,academic_period_key,2.0,2026-07-06
academic_v1,30,1,academic_period_key,2.0,2026-07-06
academic_v1,31,1,academic_period_key,2.0,2026-07-06
academic_v1,32,1,academic_period_key,2.0,2026-07-06
academic_v1,33,1,academic_period_key,2.0,2026-07-06
academic_v1,34,1,academic_period_key,2.0,2026-07-06
academic_v1,35,1,academic_period_key,2.0,2026-07-06
academic_v1,36,1,academic_period_key,2.0,2026-07-06
academic_v1,37,1,academic_period_key,2.0,2026-07-06
academic_v1,38,1,academic_period_key,2.0,2026-07-06
academic_v1,39,1,academic_period_key,2.0,2026-07-06
academic_v1,40,1,academic_period_key,2.0,2026-07-06
academic_v1,41,1,academic_period_key,2.0,2026-07-06
academic_v1,42,1,academic_period_key,2.0,2026-07-06
academic_v1,43,1,academic_period_key,2.0,2026-07-06
academic_v1,44,1,academic_period_key,2.0,2026-07-06
academic_v1,45,1,academic_period_key,2.0,2026-07-06
academic_v1,46,1,academic_period_key,2.0,2026-07-06
academic_v1,47,1,academic_period_key,2.0,2026-07-06
academic_v1,48,1,academic_period_key,2.0,2026-07-06
academic_v1,49,1,academic_period_key,2.0,2026-07-06
academic_v1,50,1,academic_period_key,2.0,2026-07-06
academic_v1,51,1,academic_period_key,2.0,2026-07-06
academic_v1,52,1,academic_period_key,2.0,2026-07-06
academic_v1,53,1,academic_period_key,2.0,2026-07-06
academic_v1,54,1,academic_period_key,2.0,2026-07-06
academic_v1,55,1,academic_period_key,2.0,2026-07-06
academic_v1,56,1,academic_period_key,2.0,2026-07-06
academic_v1,57,1,academic_period_key,2.0,2026-07-06
academic_v1,58,1,academic_period_key,2.0,2026-07-06
academic_v1,59,1,academic_period_key,2.0,2026-07-06
academic_v1,60,1,academic_period_key,2.0,2026-07-06
academic_v1,61,1,academic_period_key,2.0,2026-07-06
academic_v1,62,1,academic_period_key,2.0,2026-07-06
academic_v1,63,1,academic_period_key,2.0,2026-07-06
academic_v1,64,1,academic_period_key,2.0,2026-07-06
academic_v1,65,1,academic_period_key,2.0,2026-07-06
academic_v1,66,1,academic_period_key,2.0,2026-07-06
academic_v1,67,1,academic_period_key,2.0,2026-07-06
academic_v1,68,1,academic_period_key,2.0,2026-07-06
academic_v1,69,1,academic_period_key,2.0,2026-07-06
academic_v1,70,1,academic_period_key,2.0,2026-07-06
academic_v1,71,1,academic_period_key,2.0,2026-07-06
academic_v1,72,1,academic_period_key,2.0,2026-07-06
academic_v1,73,1,academic_period_key,2.0,2026-07-06
academic_v1,74,1,academic_period_key,2.0,2026-07-06
academic_v1,75,1,academic_period_key,2.0,2026-07-06
academic_v1,76,1,academic_period_key,2.0,2026-07-06
academic_v1,77,1,academic_period_key,2.0,2026-07-06
academic_v1,78,1,academic_period_key,2.0,2026-07-06
academic_v1,79,1,academic_period_key,2.0,2026-07-06
academic_v1,80,1,academic_period_key,2.0,2026-07-06
academic_v1,81,1,academic_period_key,2.0,2026-07-06
academic_v1,82,1,academic_period_key,2.0,2026-07-06
academic_v1,83,1,academic_period_key,2.0,2026-07-06
academic_v1,84,1,academic_period_key,2.0,2026-07-06
academic_v1,85,1,academic_period_key,2.0,2026-07-06
academic_v1,86,1,academic_period_key,2.0,2026-07-06
academic_v1,87,1,academic_period_key,2.0,2026-07-06
academic_v1,88,1,academic_period_key,2.0,2026-07-06
academic_v1,89,1,academic_period_key,2.0,2026-07-06
academic_v1,90,1,academic_period_key,2.0,2026-07-06
academic_v1,91,1,academic_period_key,2.0,2026-07-06
academic_v1,92,1,academic_period_key,2.0,2026-07-06
academic_v1,93,1,academic_period_key,2.0,2026-07-06
academic_v1,94,1,academic_period_key,2.0,2026-07-06
academic_v1,96,1,academic_period_key,2.0,2026-07-06
academic_v1,97,1,academic_period_key,2.0,2026-07-06
academic_v1,98,1,academic_period_key,2.0,2026-07-06
academic_v1,99,1,academic_period_key,2.0,2026-07-06
academic_v1,100,1,academic_period_key,2.0,2026-07-06
academic_v1,101,1,academic_period_key,2.0,2026-07-06
academic_v1,102,1,academic_period_key,2.0,2026-07-06
academic_v1,103,1,academic_period_key,2.0,2026-07-06
academic_v1,104,1,academic_period_key,2.0,2026-07-06
academic_v1,105,1,academic_period_key,2.0,2026-07-06
academic_v1,106,1,academic_period_key,2.0,2026-07-06
academic_v1,107,1,academic_period_key,2.0,2026-07-06
academic_v1,108,1,academic_period_key,2.0,2026-07-06
academic_v1,109,1,academic_period_key,2.0,2026-07-06
academic_v1,110,1,academic_period_key,2.0,2026-07-06
academic_v1,111,1,academic_period_key,2.0,2026-07-06
academic_v1,112,1,academic_period_key,2.0,2026-07-06
academic_v1,113,1,academic_period_key,2.0,2026-07-06
academic_v1,114,1,academic_period_key,2.0,2026-07-06
academic_v1,115,1,academic_period_key,2.0,2026-07-06
academic_v1,116,1,academic_period_key,2.0,2026-07-06
academic_v1,117,1,academic_period_key,2.0,2026-07-06
academic_v1,118,1,academic_period_key,2.0,2026-07-06
academic_v1,119,1,academic_period_key,2.0,2026-07-06
academic_v1,120,1,academic_period_key,2.0,2026-07-06
academic_v1,121,1,academic_period_key,2.0,2026-07-06
academic_v1,122,1,academic_period_key,2.0,2026-07-06
academic_v1,123,1,academic_period_key,2.0,2026-07-06
academic_v1,124,1,academic_period_key,2.0,2026-07-06
academic_v1,125,1,academic_period_key,2.0,2026-07-06
academic_v1,126,1,academic_period_key,2.0,2026-07-06
academic_v1,127,1,academic_period_key,2.0,2026-07-06
academic_v1,128,1,academic_period_key,2.0,2026-07-06
academic_v1,129,1,academic_period_key,2.0,2026-07-06
academic_v1,130,1,academic_period_key,2.0,2026-07-06
academic_v1,131,1,academic_period_key,2.0,2026-07-06
academic_v1,132,1,academic_period_key,2.0,2026-07-06
academic_v1,133,1,academic_period_key,2.0,2026-07-06
academic_v1,134,1,academic_period_key,2.0,2026-07-06
academic_v1,135,1,academic_period_key,2.0,2026-07-06
academic_v1,136,1,academic_period_key,2.0,2026-07-06
academic_v1,137,1,academic_period_key,2.0,2026-07-06
academic_v1,138,1,academic_period_key,2.0,2026-07-06
academic_v1,139,1,academic_period_key,2.0,2026-07-06
academic_v1,140,1,academic_period_key,2.0,2026-07-06
academic_v1,141,1,academic_period_key,2.0,2026-07-06
academic_v1,142,1,academic_period_key,2.0,2026-07-06
academic_v1,143,1,academic_period_key,2.0,2026-07-06
academic_v1,144,1,academic_period_key,2.0,2026-07-06
academic_v1,145,1,academic_period_key,2.0,2026-07-06
academic_v1,146,1,academic_period_key,2.0,2026-07-06
academic_v1,147,1,academic_period_key,2.0,2026-07-06
academic_v1,148,1,academic_period_key,2.0,2026-07-06
academic_v1,149,1,academic_period_key,2.0,2026-07-06
academic_v1,150,1,academic_period_key,2.0,2026-07-06
academic_v1,151,1,academic_period_key,2.0,2026-07-06
academic_v1,152,1,academic_period_key,2.0,2026-07-06
academic_v1,153,1,academic_period_key,2.0,2026-07-06
academic_v1,154,1,academic_period_key,2.0,2026-07-06
academic_v1,155,1,academic_period_key,2.0,2026-07-06
academic_v1,156,1,academic_period_key,2.0,2026-07-06
academic_v1,157,1,academic_period_key,2.0,2026-07-06
academic_v1,158,1,academic_period_key,2.0,2026-07-06
academic_v1,159,1,academic_period_key,2.0,2026-07-06
academic_v1,160,1,academic_period_key,2.0,2026-07-06
academic_v1,161,1,academic_period_key,2.0,2026-07-06
academic_v1,162,1,academic_period_key,2.0,2026-07-06
academic_v1,163,1,academic_period_key,2.0,2026-07-06
academic_v1,164,1,academic_period_key,2.0,2026-07-06
academic_v1,165,1,academic_period_key,2.0,2026-07-06
academic_v1,166,1,academic_period_key,2.0,2026-07-06
academic_v1,167,1,academic_period_key,2.0,2026-07-06
academic_v1,168,1,academic_period_key,2.0,2026-07-06
academic_v1,169,1,academic_period_key,2.0,2026-07-06
academic_v1,170,1,academic_period_key,2.0,2026-07-06
academic_v1,171,1,academic_period_key,2.0,2026-07-06
